DATAFLOW,REF_AREA,FREQ,UNIT_MEASURE,SOURCE_DETAIL,MEASURE,QUARTER,QGDP_SYS,QGDP_UNIT,TIME_PERIOD,OBS_VALUE,OBS_STATUS,UNIT_MULT,OBS_COMMENT,DECIMALS
FCSA:DF_QGDP_CUR(1.8.0),AE,Q,PERCENT,FCSC,NFC,Q3,CUR,GWTH_RATE,2013,4.698731,,,,1
FCSA:DF_QGDP_CUR(1.8.0),AE,Q,PERCENT,FCSC,NFC,Q3,CUR,GWTH_RATE,2014,4.42922,,,,1
FCSA:DF_QGDP_CUR(1.8.0),AE,Q,PERCENT,FCSC,NFC,Q3,CUR,GWTH_RATE,2015,-15.323568,,,,1
FCSA:DF_QGDP_CUR(1.8.0),AE,Q,PERCENT,FCSC,NFC,Q3,CUR,GWTH_RATE,2016,-0.906326,,,,1
FCSA:DF_QGDP_CUR(1.8.0),AE,Q,PERCENT,FCSC,NFC,Q3,CUR,GWTH_RATE,2017,3.3,,,,1
FCSA:DF_QGDP_CUR(1.8.0),AE,Q,PERCENT,FCSC,NFC,Q3,CUR,GWTH_RATE,2018,13.3,,,,1
FCSA:DF_QGDP_CUR(1.8.0),AE,Q,PERCENT,FCSC,NFC,Q3,CUR,GWTH_RATE,2019,-4.4,,,,1
FCSA:DF_QGDP_CUR(1.8.0),AE,Q,PERCENT,FCSC,NFC,Q3,CUR,GWTH_RATE,2020,-20.7,,,,1
FCSA:DF_QGDP_CUR(1.8.0),AE,Q,PERCENT,FCSC,NFC,Q3,CUR,GWTH_RATE,2021,26.6,,,,1
FCSA:DF_QGDP_CUR(1.8.0),AE,Q,PERCENT,FCSC,NFC,Q3,CUR,GWTH_RATE,2022,29.1,,,,1
FCSA:DF_QGDP_CUR(1.8.0),AE,Q,PERCENT,FCSC,NFC,Q3,CUR,GWTH_RATE,2023,-4.9,,,,1
FCSA:DF_QGDP_CUR(1.8.0),AE,Q,PERCENT,FCSC,NFC,Q3,CUR,GWTH_RATE,2024,6.8,,,,1
FCSA:DF_QGDP_CUR(1.8.0),AE,Q,MILAED,FCSC,FIN,Q3,CUR,VAL,2012,25390,,,,0
FCSA:DF_QGDP_CUR(1.8.0),AE,Q,MILAED,FCSC,FIN,Q3,CUR,VAL,2013,30720,,,,0
FCSA:DF_QGDP_CUR(1.8.0),AE,Q,MILAED,FCSC,FIN,Q3,CUR,VAL,2014,34311,,,,0
FCSA:DF_QGDP_CUR(1.8.0),AE,Q,MILAED,FCSC,FIN,Q3,CUR,VAL,2015,36195,,,,0
FCSA:DF_QGDP_CUR(1.8.0),AE,Q,MILAED,FCSC,FIN,Q3,CUR,VAL,2016,38007,,,,0
FCSA:DF_QGDP_CUR(1.8.0),AE,Q,MILAED,FCSC,FIN,Q3,CUR,VAL,2017,38148,,,,0
FCSA:DF_QGDP_CUR(1.8.0),AE,Q,MILAED,FCSC,FIN,Q3,CUR,VAL,2018,38231,,,,0
FCSA:DF_QGDP_CUR(1.8.0),AE,Q,MILAED,FCSC,FIN,Q3,CUR,VAL,2019,39006,,,,0
FCSA:DF_QGDP_CUR(1.8.0),AE,Q,MILAED,FCSC,FIN,Q3,CUR,VAL,2020,33411,,,,0
FCSA:DF_QGDP_CUR(1.8.0),AE,Q,MILAED,FCSC,FIN,Q3,CUR,VAL,2021,36642,,,,0
FCSA:DF_QGDP_CUR(1.8.0),AE,Q,MILAED,FCSC,FIN,Q3,CUR,VAL,2022,41599,,,,0
FCSA:DF_QGDP_CUR(1.8.0),AE,Q,MILAED,FCSC,FIN,Q3,CUR,VAL,2023,45929,,,,0
FCSA:DF_QGDP_CUR(1.8.0),AE,Q,MILAED,FCSC,FIN,Q3,CUR,VAL,2024,49312,,,,0
FCSA:DF_QGDP_CUR(1.8.0),AE,Q,PERCENT,FCSC,WHO,Q4,CUR,GWTH_RATE,2013,12.903701,,,,1
FCSA:DF_QGDP_CUR(1.8.0),AE,Q,PERCENT,FCSC,WHO,Q4,CUR,GWTH_RATE,2014,4.997865,,,,1
FCSA:DF_QGDP_CUR(1.8.0),AE,Q,PERCENT,FCSC,WHO,Q4,CUR,GWTH_RATE,2015,2.686467,,,,1
FCSA:DF_QGDP_CUR(1.8.0),AE,Q,PERCENT,FCSC,WHO,Q4,CUR,GWTH_RATE,2016,6.467289,,,,1
FCSA:DF_QGDP_CUR(1.8.0),AE,Q,PERCENT,FCSC,WHO,Q4,CUR,GWTH_RATE,2017,-1.9,,,,1
FCSA:DF_QGDP_CUR(1.8.0),AE,Q,PERCENT,FCSC,WHO,Q4,CUR,GWTH_RATE,2018,2.7,,,,1
FCSA:DF_QGDP_CUR(1.8.0),AE,Q,PERCENT,FCSC,WHO,Q4,CUR,GWTH_RATE,2019,4,,,,1
FCSA:DF_QGDP_CUR(1.8.0),AE,Q,PERCENT,FCSC,WHO,Q4,CUR,GWTH_RATE,2020,-11.8,,,,1
FCSA:DF_QGDP_CUR(1.8.0),AE,Q,PERCENT,FCSC,WHO,Q4,CUR,GWTH_RATE,2021,21.5,,,,1
FCSA:DF_QGDP_CUR(1.8.0),AE,Q,PERCENT,FCSC,WHO,Q4,CUR,GWTH_RATE,2022,11.1,,,,1
FCSA:DF_QGDP_CUR(1.8.0),AE,Q,PERCENT,FCSC,WHO,Q4,CUR,GWTH_RATE,2023,7,,,,1
FCSA:DF_QGDP_CUR(1.8.0),AE,Q,PERCENT,FCSC,WHO,Q4,CUR,GWTH_RATE,2024,13,,,,1
FCSA:DF_QGDP_CUR(1.8.0),AE,Q,PERCENT,FCSC,MIN,Q3,CUR,GWTH_RATE,2013,0.945015,,,,1
FCSA:DF_QGDP_CUR(1.8.0),AE,Q,PERCENT,FCSC,MIN,Q3,CUR,GWTH_RATE,2014,0.387422,,,,1
FCSA:DF_QGDP_CUR(1.8.0),AE,Q,PERCENT,FCSC,MIN,Q3,CUR,GWTH_RATE,2015,-46.845102,,,,1
FCSA:DF_QGDP_CUR(1.8.0),AE,Q,PERCENT,FCSC,MIN,Q3,CUR,GWTH_RATE,2016,-5.419776,,,,1
FCSA:DF_QGDP_CUR(1.8.0),AE,Q,PERCENT,FCSC,MIN,Q3,CUR,GWTH_RATE,2017,2.8,,,,1
FCSA:DF_QGDP_CUR(1.8.0),AE,Q,PERCENT,FCSC,MIN,Q3,CUR,GWTH_RATE,2018,50.7,,,,1
FCSA:DF_QGDP_CUR(1.8.0),AE,Q,PERCENT,FCSC,MIN,Q3,CUR,GWTH_RATE,2019,-19.9,,,,1
FCSA:DF_QGDP_CUR(1.8.0),AE,Q,PERCENT,FCSC,MIN,Q3,CUR,GWTH_RATE,2020,-35.7,,,,1
FCSA:DF_QGDP_CUR(1.8.0),AE,Q,PERCENT,FCSC,MIN,Q3,CUR,GWTH_RATE,2021,76.5,,,,1
FCSA:DF_QGDP_CUR(1.8.0),AE,Q,PERCENT,FCSC,MIN,Q3,CUR,GWTH_RATE,2022,64.5,,,,1
FCSA:DF_QGDP_CUR(1.8.0),AE,Q,PERCENT,FCSC,MIN,Q3,CUR,GWTH_RATE,2023,-33.4,,,,1
FCSA:DF_QGDP_CUR(1.8.0),AE,Q,PERCENT,FCSC,MIN,Q3,CUR,GWTH_RATE,2024,9.8,,,,1
FCSA:DF_QGDP_CUR(1.8.0),AE,Q,MILAED,FCSC,REA,Q2,CUR,VAL,2012,16989,,,,0
FCSA:DF_QGDP_CUR(1.8.0),AE,Q,MILAED,FCSC,REA,Q2,CUR,VAL,2013,17369,,,,0
FCSA:DF_QGDP_CUR(1.8.0),AE,Q,MILAED,FCSC,REA,Q2,CUR,VAL,2014,18946,,,,0
FCSA:DF_QGDP_CUR(1.8.0),AE,Q,MILAED,FCSC,REA,Q2,CUR,VAL,2015,21226,,,,0
FCSA:DF_QGDP_CUR(1.8.0),AE,Q,MILAED,FCSC,REA,Q2,CUR,VAL,2016,23422,,,,0
FCSA:DF_QGDP_CUR(1.8.0),AE,Q,MILAED,FCSC,REA,Q2,CUR,VAL,2017,23981,,,,0
FCSA:DF_QGDP_CUR(1.8.0),AE,Q,MILAED,FCSC,REA,Q2,CUR,VAL,2018,22197,,,,0
FCSA:DF_QGDP_CUR(1.8.0),AE,Q,MILAED,FCSC,REA,Q2,CUR,VAL,2019,21596,,,,0
FCSA:DF_QGDP_CUR(1.8.0),AE,Q,MILAED,FCSC,REA,Q2,CUR,VAL,2020,17425,,,,0
FCSA:DF_QGDP_CUR(1.8.0),AE,Q,MILAED,FCSC,REA,Q2,CUR,VAL,2021,20149,,,,0
FCSA:DF_QGDP_CUR(1.8.0),AE,Q,MILAED,FCSC,REA,Q2,CUR,VAL,2022,22713,,,,0
FCSA:DF_QGDP_CUR(1.8.0),AE,Q,MILAED,FCSC,REA,Q2,CUR,VAL,2023,25531,,,,0
FCSA:DF_QGDP_CUR(1.8.0),AE,Q,MILAED,FCSC,REA,Q2,CUR,VAL,2024,27910,,,,0
FCSA:DF_QGDP_CUR(1.8.0),AE,Q,PERCENT,FCSC,CON,Q4,CUR,GWTH_RATE,2013,17.170853,,,,1
FCSA:DF_QGDP_CUR(1.8.0),AE,Q,PERCENT,FCSC,CON,Q4,CUR,GWTH_RATE,2014,1.300051,,,,1
FCSA:DF_QGDP_CUR(1.8.0),AE,Q,PERCENT,FCSC,CON,Q4,CUR,GWTH_RATE,2015,6.934819,,,,1
FCSA:DF_QGDP_CUR(1.8.0),AE,Q,PERCENT,FCSC,CON,Q4,CUR,GWTH_RATE,2016,-16.488257,,,,1
FCSA:DF_QGDP_CUR(1.8.0),AE,Q,PERCENT,FCSC,CON,Q4,CUR,GWTH_RATE,2017,17.8,,,,1
FCSA:DF_QGDP_CUR(1.8.0),AE,Q,PERCENT,FCSC,CON,Q4,CUR,GWTH_RATE,2018,-2.7,,,,1
FCSA:DF_QGDP_CUR(1.8.0),AE,Q,PERCENT,FCSC,CON,Q4,CUR,GWTH_RATE,2019,5.3,,,,1
FCSA:DF_QGDP_CUR(1.8.0),AE,Q,PERCENT,FCSC,CON,Q4,CUR,GWTH_RATE,2020,-8.8,,,,1
FCSA:DF_QGDP_CUR(1.8.0),AE,Q,PERCENT,FCSC,CON,Q4,CUR,GWTH_RATE,2021,5.8,,,,1
FCSA:DF_QGDP_CUR(1.8.0),AE,Q,PERCENT,FCSC,CON,Q4,CUR,GWTH_RATE,2022,7.9,,,,1
FCSA:DF_QGDP_CUR(1.8.0),AE,Q,PERCENT,FCSC,CON,Q4,CUR,GWTH_RATE,2023,12.6,,,,1
FCSA:DF_QGDP_CUR(1.8.0),AE,Q,PERCENT,FCSC,CON,Q4,CUR,GWTH_RATE,2024,11.5,,,,1
FCSA:DF_QGDP_CUR(1.8.0),AE,Q,MILAED,FCSC,PUB,Q1,CUR,VAL,2012,15906,,,,0
FCSA:DF_QGDP_CUR(1.8.0),AE,Q,MILAED,FCSC,PUB,Q1,CUR,VAL,2013,18555,,,,0
FCSA:DF_QGDP_CUR(1.8.0),AE,Q,MILAED,FCSC,PUB,Q1,CUR,VAL,2014,22269,,,,0
FCSA:DF_QGDP_CUR(1.8.0),AE,Q,MILAED,FCSC,PUB,Q1,CUR,VAL,2015,22880,,,,0
FCSA:DF_QGDP_CUR(1.8.0),AE,Q,MILAED,FCSC,PUB,Q1,CUR,VAL,2016,22456,,,,0
FCSA:DF_QGDP_CUR(1.8.0),AE,Q,MILAED,FCSC,PUB,Q1,CUR,VAL,2017,25080,,,,0
FCSA:DF_QGDP_CUR(1.8.0),AE,Q,MILAED,FCSC,PUB,Q1,CUR,VAL,2018,26872,,,,0
FCSA:DF_QGDP_CUR(1.8.0),AE,Q,MILAED,FCSC,PUB,Q1,CUR,VAL,2019,27294,,,,0
FCSA:DF_QGDP_CUR(1.8.0),AE,Q,MILAED,FCSC,PUB,Q1,CUR,VAL,2020,26410,,,,0
FCSA:DF_QGDP_CUR(1.8.0),AE,Q,MILAED,FCSC,PUB,Q1,CUR,VAL,2021,26949,,,,0
FCSA:DF_QGDP_CUR(1.8.0),AE,Q,MILAED,FCSC,PUB,Q1,CUR,VAL,2022,27065,,,,0
FCSA:DF_QGDP_CUR(1.8.0),AE,Q,MILAED,FCSC,PUB,Q1,CUR,VAL,2023,26882,,,,0
FCSA:DF_QGDP_CUR(1.8.0),AE,Q,MILAED,FCSC,PUB,Q1,CUR,VAL,2024,28365,,,,0
FCSA:DF_QGDP_CUR(1.8.0),AE,Q,MILAED,FCSC,PUB,Q1,CUR,VAL,2025,29004.36528,,,,0
FCSA:DF_QGDP_CUR(1.8.0),AE,Q,MILAED,FCSC,HUM,Q1,CUR,VAL,2012,2960,,,,0
FCSA:DF_QGDP_CUR(1.8.0),AE,Q,MILAED,FCSC,HUM,Q1,CUR,VAL,2013,3640,,,,0
FCSA:DF_QGDP_CUR(1.8.0),AE,Q,MILAED,FCSC,HUM,Q1,CUR,VAL,2014,4292,,,,0
FCSA:DF_QGDP_CUR(1.8.0),AE,Q,MILAED,FCSC,HUM,Q1,CUR,VAL,2015,4363,,,,0
FCSA:DF_QGDP_CUR(1.8.0),AE,Q,MILAED,FCSC,HUM,Q1,CUR,VAL,2016,4637,,,,0
FCSA:DF_QGDP_CUR(1.8.0),AE,Q,MILAED,FCSC,HUM,Q1,CUR,VAL,2017,4905,,,,0
FCSA:DF_QGDP_CUR(1.8.0),AE,Q,MILAED,FCSC,HUM,Q1,CUR,VAL,2018,5189,,,,0
FCSA:DF_QGDP_CUR(1.8.0),AE,Q,MILAED,FCSC,HUM,Q1,CUR,VAL,2019,5794,,,,0
FCSA:DF_QGDP_CUR(1.8.0),AE,Q,MILAED,FCSC,HUM,Q1,CUR,VAL,2020,5217,,,,0
FCSA:DF_QGDP_CUR(1.8.0),AE,Q,MILAED,FCSC,HUM,Q1,CUR,VAL,2021,6472,,,,0
FCSA:DF_QGDP_CUR(1.8.0),AE,Q,MILAED,FCSC,HUM,Q1,CUR,VAL,2022,7566,,,,0
FCSA:DF_QGDP_CUR(1.8.0),AE,Q,MILAED,FCSC,HUM,Q1,CUR,VAL,2023,7970,,,,0
FCSA:DF_QGDP_CUR(1.8.0),AE,Q,MILAED,FCSC,HUM,Q1,CUR,VAL,2024,8604,,,,0
FCSA:DF_QGDP_CUR(1.8.0),AE,Q,MILAED,FCSC,HUM,Q1,CUR,VAL,2025,9498.600089,,,,0
FCSA:DF_QGDP_CUR(1.8.0),AE,Q,PERCENT,FCSC,PRO,Q1,CUR,GWTH_RATE,2013,-1.194595,,,,1
FCSA:DF_QGDP_CUR(1.8.0),AE,Q,PERCENT,FCSC,PRO,Q1,CUR,GWTH_RATE,2014,14.025062,,,,1
FCSA:DF_QGDP_CUR(1.8.0),AE,Q,PERCENT,FCSC,PRO,Q1,CUR,GWTH_RATE,2015,3.599689,,,,1
FCSA:DF_QGDP_CUR(1.8.0),AE,Q,PERCENT,FCSC,PRO,Q1,CUR,GWTH_RATE,2016,6.584447,,,,1
FCSA:DF_QGDP_CUR(1.8.0),AE,Q,PERCENT,FCSC,PRO,Q1,CUR,GWTH_RATE,2017,-1.4,,,,1
FCSA:DF_QGDP_CUR(1.8.0),AE,Q,PERCENT,FCSC,PRO,Q1,CUR,GWTH_RATE,2018,5.3,,,,1
FCSA:DF_QGDP_CUR(1.8.0),AE,Q,PERCENT,FCSC,PRO,Q1,CUR,GWTH_RATE,2019,3.4,,,,1
FCSA:DF_QGDP_CUR(1.8.0),AE,Q,PERCENT,FCSC,PRO,Q1,CUR,GWTH_RATE,2020,-4.7,,,,1
FCSA:DF_QGDP_CUR(1.8.0),AE,Q,PERCENT,FCSC,PRO,Q1,CUR,GWTH_RATE,2021,-5.6,,,,1
FCSA:DF_QGDP_CUR(1.8.0),AE,Q,PERCENT,FCSC,PRO,Q1,CUR,GWTH_RATE,2022,15.4,,,,1
FCSA:DF_QGDP_CUR(1.8.0),AE,Q,PERCENT,FCSC,PRO,Q1,CUR,GWTH_RATE,2023,10.6,,,,1
FCSA:DF_QGDP_CUR(1.8.0),AE,Q,PERCENT,FCSC,PRO,Q1,CUR,GWTH_RATE,2024,4.7,,,,1
FCSA:DF_QGDP_CUR(1.8.0),AE,Q,PERCENT,FCSC,PRO,Q1,CUR,GWTH_RATE,2025,5.588339285,,,,1
FCSA:DF_QGDP_CUR(1.8.0),AE,Q,PERCENT,FCSC,PRO,Q2,CUR,GWTH_RATE,2013,6.607641,,,,1
FCSA:DF_QGDP_CUR(1.8.0),AE,Q,PERCENT,FCSC,PRO,Q2,CUR,GWTH_RATE,2014,12.820748,,,,1
FCSA:DF_QGDP_CUR(1.8.0),AE,Q,PERCENT,FCSC,PRO,Q2,CUR,GWTH_RATE,2015,1.956434,,,,1
FCSA:DF_QGDP_CUR(1.8.0),AE,Q,PERCENT,FCSC,PRO,Q2,CUR,GWTH_RATE,2016,2.968753,,,,1
FCSA:DF_QGDP_CUR(1.8.0),AE,Q,PERCENT,FCSC,PRO,Q2,CUR,GWTH_RATE,2017,-0.3,,,,1
FCSA:DF_QGDP_CUR(1.8.0),AE,Q,PERCENT,FCSC,PRO,Q2,CUR,GWTH_RATE,2018,6.2,,,,1
FCSA:DF_QGDP_CUR(1.8.0),AE,Q,PERCENT,FCSC,PRO,Q2,CUR,GWTH_RATE,2019,3.7,,,,1
FCSA:DF_QGDP_CUR(1.8.0),AE,Q,PERCENT,FCSC,PRO,Q2,CUR,GWTH_RATE,2020,-18.9,,,,1
FCSA:DF_QGDP_CUR(1.8.0),AE,Q,PERCENT,FCSC,PRO,Q2,CUR,GWTH_RATE,2021,13.6,,,,1
FCSA:DF_QGDP_CUR(1.8.0),AE,Q,PERCENT,FCSC,PRO,Q2,CUR,GWTH_RATE,2022,11.4,,,,1
FCSA:DF_QGDP_CUR(1.8.0),AE,Q,PERCENT,FCSC,PRO,Q2,CUR,GWTH_RATE,2023,14.2,,,,1
FCSA:DF_QGDP_CUR(1.8.0),AE,Q,PERCENT,FCSC,PRO,Q2,CUR,GWTH_RATE,2024,3.8,,,,1
FCSA:DF_QGDP_CUR(1.8.0),AE,Q,MILAED,FCSC,TOT_GDP,Q3,CUR,VAL,2012,361755,,,,0
FCSA:DF_QGDP_CUR(1.8.0),AE,Q,MILAED,FCSC,TOT_GDP,Q3,CUR,VAL,2013,385629,,,,0
FCSA:DF_QGDP_CUR(1.8.0),AE,Q,MILAED,FCSC,TOT_GDP,Q3,CUR,VAL,2014,403695,,,,0
FCSA:DF_QGDP_CUR(1.8.0),AE,Q,MILAED,FCSC,TOT_GDP,Q3,CUR,VAL,2015,353719,,,,0
FCSA:DF_QGDP_CUR(1.8.0),AE,Q,MILAED,FCSC,TOT_GDP,Q3,CUR,VAL,2016,355916,,,,0
FCSA:DF_QGDP_CUR(1.8.0),AE,Q,MILAED,FCSC,TOT_GDP,Q3,CUR,VAL,2017,368319,,,,0
FCSA:DF_QGDP_CUR(1.8.0),AE,Q,MILAED,FCSC,TOT_GDP,Q3,CUR,VAL,2018,409657,,,,0
FCSA:DF_QGDP_CUR(1.8.0),AE,Q,MILAED,FCSC,TOT_GDP,Q3,CUR,VAL,2019,395328,,,,0
FCSA:DF_QGDP_CUR(1.8.0),AE,Q,MILAED,FCSC,TOT_GDP,Q3,CUR,VAL,2020,321248,,,,0
FCSA:DF_QGDP_CUR(1.8.0),AE,Q,MILAED,FCSC,TOT_GDP,Q3,CUR,VAL,2021,393486,,,,0
FCSA:DF_QGDP_CUR(1.8.0),AE,Q,MILAED,FCSC,TOT_GDP,Q3,CUR,VAL,2022,494394,,,,0
FCSA:DF_QGDP_CUR(1.8.0),AE,Q,MILAED,FCSC,TOT_GDP,Q3,CUR,VAL,2023,479286,,,,0
FCSA:DF_QGDP_CUR(1.8.0),AE,Q,MILAED,FCSC,TOT_GDP,Q3,CUR,VAL,2024,511962,,,,0
FCSA:DF_QGDP_CUR(1.8.0),AE,Q,PERCENT,FCSC,ART,Q2,CUR,GWTH_RATE,2013,0.228551,,,,1
FCSA:DF_QGDP_CUR(1.8.0),AE,Q,PERCENT,FCSC,ART,Q2,CUR,GWTH_RATE,2014,4.48818,,,,1
FCSA:DF_QGDP_CUR(1.8.0),AE,Q,PERCENT,FCSC,ART,Q2,CUR,GWTH_RATE,2015,9.388144,,,,1
FCSA:DF_QGDP_CUR(1.8.0),AE,Q,PERCENT,FCSC,ART,Q2,CUR,GWTH_RATE,2016,12.579998,,,,1
FCSA:DF_QGDP_CUR(1.8.0),AE,Q,PERCENT,FCSC,ART,Q2,CUR,GWTH_RATE,2017,4.5,,,,1
FCSA:DF_QGDP_CUR(1.8.0),AE,Q,PERCENT,FCSC,ART,Q2,CUR,GWTH_RATE,2018,5.7,,,,1
FCSA:DF_QGDP_CUR(1.8.0),AE,Q,PERCENT,FCSC,ART,Q2,CUR,GWTH_RATE,2019,-1.8,,,,1
FCSA:DF_QGDP_CUR(1.8.0),AE,Q,PERCENT,FCSC,ART,Q2,CUR,GWTH_RATE,2020,-34.4,,,,1
FCSA:DF_QGDP_CUR(1.8.0),AE,Q,PERCENT,FCSC,ART,Q2,CUR,GWTH_RATE,2021,22.9,,,,1
FCSA:DF_QGDP_CUR(1.8.0),AE,Q,PERCENT,FCSC,ART,Q2,CUR,GWTH_RATE,2022,2.4,,,,1
FCSA:DF_QGDP_CUR(1.8.0),AE,Q,PERCENT,FCSC,ART,Q2,CUR,GWTH_RATE,2023,14.9,,,,1
FCSA:DF_QGDP_CUR(1.8.0),AE,Q,PERCENT,FCSC,ART,Q2,CUR,GWTH_RATE,2024,2.6,,,,1
FCSA:DF_QGDP_CUR(1.8.0),AE,Q,MILAED,FCSC,MIN,Q4,CUR,VAL,2012,134303,,,,0
FCSA:DF_QGDP_CUR(1.8.0),AE,Q,MILAED,FCSC,MIN,Q4,CUR,VAL,2013,128346,,,,0
FCSA:DF_QGDP_CUR(1.8.0),AE,Q,MILAED,FCSC,MIN,Q4,CUR,VAL,2014,99231,,,,0
FCSA:DF_QGDP_CUR(1.8.0),AE,Q,MILAED,FCSC,MIN,Q4,CUR,VAL,2015,57080,,,,0
FCSA:DF_QGDP_CUR(1.8.0),AE,Q,MILAED,FCSC,MIN,Q4,CUR,VAL,2016,74079,,,,0
FCSA:DF_QGDP_CUR(1.8.0),AE,Q,MILAED,FCSC,MIN,Q4,CUR,VAL,2017,80344,,,,0
FCSA:DF_QGDP_CUR(1.8.0),AE,Q,MILAED,FCSC,MIN,Q4,CUR,VAL,2018,112352,,,,0
FCSA:DF_QGDP_CUR(1.8.0),AE,Q,MILAED,FCSC,MIN,Q4,CUR,VAL,2019,87774,,,,0
FCSA:DF_QGDP_CUR(1.8.0),AE,Q,MILAED,FCSC,MIN,Q4,CUR,VAL,2020,53608,,,,0
FCSA:DF_QGDP_CUR(1.8.0),AE,Q,MILAED,FCSC,MIN,Q4,CUR,VAL,2021,104602,,,,0
FCSA:DF_QGDP_CUR(1.8.0),AE,Q,MILAED,FCSC,MIN,Q4,CUR,VAL,2022,130936,,,,0
FCSA:DF_QGDP_CUR(1.8.0),AE,Q,MILAED,FCSC,MIN,Q4,CUR,VAL,2023,122387,,,,0
FCSA:DF_QGDP_CUR(1.8.0),AE,Q,MILAED,FCSC,MIN,Q4,CUR,VAL,2024,106344,,,,0
FCSA:DF_QGDP_CUR(1.8.0),AE,Q,MILAED,FCSC,WHO,Q2,CUR,VAL,2012,39618,,,,0
FCSA:DF_QGDP_CUR(1.8.0),AE,Q,MILAED,FCSC,WHO,Q2,CUR,VAL,2013,43377,,,,0
FCSA:DF_QGDP_CUR(1.8.0),AE,Q,MILAED,FCSC,WHO,Q2,CUR,VAL,2014,43780,,,,0
FCSA:DF_QGDP_CUR(1.8.0),AE,Q,MILAED,FCSC,WHO,Q2,CUR,VAL,2015,46940,,,,0
FCSA:DF_QGDP_CUR(1.8.0),AE,Q,MILAED,FCSC,WHO,Q2,CUR,VAL,2016,51036,,,,0
FCSA:DF_QGDP_CUR(1.8.0),AE,Q,MILAED,FCSC,WHO,Q2,CUR,VAL,2017,49515,,,,0
FCSA:DF_QGDP_CUR(1.8.0),AE,Q,MILAED,FCSC,WHO,Q2,CUR,VAL,2018,52002,,,,0
FCSA:DF_QGDP_CUR(1.8.0),AE,Q,MILAED,FCSC,WHO,Q2,CUR,VAL,2019,53766,,,,0
FCSA:DF_QGDP_CUR(1.8.0),AE,Q,MILAED,FCSC,WHO,Q2,CUR,VAL,2020,43083,,,,0
FCSA:DF_QGDP_CUR(1.8.0),AE,Q,MILAED,FCSC,WHO,Q2,CUR,VAL,2021,49824,,,,0
FCSA:DF_QGDP_CUR(1.8.0),AE,Q,MILAED,FCSC,WHO,Q2,CUR,VAL,2022,53287,,,,0
FCSA:DF_QGDP_CUR(1.8.0),AE,Q,MILAED,FCSC,WHO,Q2,CUR,VAL,2023,57940,,,,0
FCSA:DF_QGDP_CUR(1.8.0),AE,Q,MILAED,FCSC,WHO,Q2,CUR,VAL,2024,61122,,,,0
FCSA:DF_QGDP_CUR(1.8.0),AE,Q,PERCENT,FCSC,MAN,Q3,CUR,GWTH_RATE,2013,4.274073,,,,1
FCSA:DF_QGDP_CUR(1.8.0),AE,Q,PERCENT,FCSC,MAN,Q3,CUR,GWTH_RATE,2014,3.063489,,,,1
FCSA:DF_QGDP_CUR(1.8.0),AE,Q,PERCENT,FCSC,MAN,Q3,CUR,GWTH_RATE,2015,0.843893,,,,1
FCSA:DF_QGDP_CUR(1.8.0),AE,Q,PERCENT,FCSC,MAN,Q3,CUR,GWTH_RATE,2016,1.187352,,,,1
FCSA:DF_QGDP_CUR(1.8.0),AE,Q,PERCENT,FCSC,MAN,Q3,CUR,GWTH_RATE,2017,7.7,,,,1
FCSA:DF_QGDP_CUR(1.8.0),AE,Q,PERCENT,FCSC,MAN,Q3,CUR,GWTH_RATE,2018,6.4,,,,1
FCSA:DF_QGDP_CUR(1.8.0),AE,Q,PERCENT,FCSC,MAN,Q3,CUR,GWTH_RATE,2019,-4.8,,,,1
FCSA:DF_QGDP_CUR(1.8.0),AE,Q,PERCENT,FCSC,MAN,Q3,CUR,GWTH_RATE,2020,-13.2,,,,1
FCSA:DF_QGDP_CUR(1.8.0),AE,Q,PERCENT,FCSC,MAN,Q3,CUR,GWTH_RATE,2021,18.9,,,,1
FCSA:DF_QGDP_CUR(1.8.0),AE,Q,PERCENT,FCSC,MAN,Q3,CUR,GWTH_RATE,2022,20.5,,,,1
FCSA:DF_QGDP_CUR(1.8.0),AE,Q,PERCENT,FCSC,MAN,Q3,CUR,GWTH_RATE,2023,13.1,,,,1
FCSA:DF_QGDP_CUR(1.8.0),AE,Q,PERCENT,FCSC,MAN,Q3,CUR,GWTH_RATE,2024,4.8,,,,1
FCSA:DF_QGDP_CUR(1.8.0),AE,Q,MILAED,FCSC,HUM,Q4,CUR,VAL,2012,3710,,,,0
FCSA:DF_QGDP_CUR(1.8.0),AE,Q,MILAED,FCSC,HUM,Q4,CUR,VAL,2013,4468,,,,0
FCSA:DF_QGDP_CUR(1.8.0),AE,Q,MILAED,FCSC,HUM,Q4,CUR,VAL,2014,4196,,,,0
FCSA:DF_QGDP_CUR(1.8.0),AE,Q,MILAED,FCSC,HUM,Q4,CUR,VAL,2015,4526,,,,0
FCSA:DF_QGDP_CUR(1.8.0),AE,Q,MILAED,FCSC,HUM,Q4,CUR,VAL,2016,5101,,,,0
FCSA:DF_QGDP_CUR(1.8.0),AE,Q,MILAED,FCSC,HUM,Q4,CUR,VAL,2017,4731,,,,0
FCSA:DF_QGDP_CUR(1.8.0),AE,Q,MILAED,FCSC,HUM,Q4,CUR,VAL,2018,5450,,,,0
FCSA:DF_QGDP_CUR(1.8.0),AE,Q,MILAED,FCSC,HUM,Q4,CUR,VAL,2019,5428,,,,0
FCSA:DF_QGDP_CUR(1.8.0),AE,Q,MILAED,FCSC,HUM,Q4,CUR,VAL,2020,6587,,,,0
FCSA:DF_QGDP_CUR(1.8.0),AE,Q,MILAED,FCSC,HUM,Q4,CUR,VAL,2021,7259,,,,0
FCSA:DF_QGDP_CUR(1.8.0),AE,Q,MILAED,FCSC,HUM,Q4,CUR,VAL,2022,8029,,,,0
FCSA:DF_QGDP_CUR(1.8.0),AE,Q,MILAED,FCSC,HUM,Q4,CUR,VAL,2023,8562,,,,0
FCSA:DF_QGDP_CUR(1.8.0),AE,Q,MILAED,FCSC,HUM,Q4,CUR,VAL,2024,9339,,,,0
FCSA:DF_QGDP_CUR(1.8.0),AE,Q,PERCENT,FCSC,ELE,Q2,CUR,GWTH_RATE,2013,0.504899,,,,1
FCSA:DF_QGDP_CUR(1.8.0),AE,Q,PERCENT,FCSC,ELE,Q2,CUR,GWTH_RATE,2014,8.242272,,,,1
FCSA:DF_QGDP_CUR(1.8.0),AE,Q,PERCENT,FCSC,ELE,Q2,CUR,GWTH_RATE,2015,21.280103,,,,1
FCSA:DF_QGDP_CUR(1.8.0),AE,Q,PERCENT,FCSC,ELE,Q2,CUR,GWTH_RATE,2016,2.306386,,,,1
FCSA:DF_QGDP_CUR(1.8.0),AE,Q,PERCENT,FCSC,ELE,Q2,CUR,GWTH_RATE,2017,17.3,,,,1
FCSA:DF_QGDP_CUR(1.8.0),AE,Q,PERCENT,FCSC,ELE,Q2,CUR,GWTH_RATE,2018,-0.1,,,,1
FCSA:DF_QGDP_CUR(1.8.0),AE,Q,PERCENT,FCSC,ELE,Q2,CUR,GWTH_RATE,2019,6,,,,1
FCSA:DF_QGDP_CUR(1.8.0),AE,Q,PERCENT,FCSC,ELE,Q2,CUR,GWTH_RATE,2020,-2.5,,,,1
FCSA:DF_QGDP_CUR(1.8.0),AE,Q,PERCENT,FCSC,ELE,Q2,CUR,GWTH_RATE,2021,18.7,,,,1
FCSA:DF_QGDP_CUR(1.8.0),AE,Q,PERCENT,FCSC,ELE,Q2,CUR,GWTH_RATE,2022,8.8,,,,1
FCSA:DF_QGDP_CUR(1.8.0),AE,Q,PERCENT,FCSC,ELE,Q2,CUR,GWTH_RATE,2023,9.3,,,,1
FCSA:DF_QGDP_CUR(1.8.0),AE,Q,PERCENT,FCSC,ELE,Q2,CUR,GWTH_RATE,2024,3.8,,,,1
FCSA:DF_QGDP_CUR(1.8.0),AE,Q,MILAED,FCSC,AGR,Q2,CUR,VAL,2012,2461,,,,0
FCSA:DF_QGDP_CUR(1.8.0),AE,Q,MILAED,FCSC,AGR,Q2,CUR,VAL,2013,2291,,,,0
FCSA:DF_QGDP_CUR(1.8.0),AE,Q,MILAED,FCSC,AGR,Q2,CUR,VAL,2014,2364,,,,0
FCSA:DF_QGDP_CUR(1.8.0),AE,Q,MILAED,FCSC,AGR,Q2,CUR,VAL,2015,2461,,,,0
FCSA:DF_QGDP_CUR(1.8.0),AE,Q,MILAED,FCSC,AGR,Q2,CUR,VAL,2016,2659,,,,0
FCSA:DF_QGDP_CUR(1.8.0),AE,Q,MILAED,FCSC,AGR,Q2,CUR,VAL,2017,2749,,,,0
FCSA:DF_QGDP_CUR(1.8.0),AE,Q,MILAED,FCSC,AGR,Q2,CUR,VAL,2018,2852,,,,0
FCSA:DF_QGDP_CUR(1.8.0),AE,Q,MILAED,FCSC,AGR,Q2,CUR,VAL,2019,2801,,,,0
FCSA:DF_QGDP_CUR(1.8.0),AE,Q,MILAED,FCSC,AGR,Q2,CUR,VAL,2020,3812,,,,0
FCSA:DF_QGDP_CUR(1.8.0),AE,Q,MILAED,FCSC,AGR,Q2,CUR,VAL,2021,3778,,,,0
FCSA:DF_QGDP_CUR(1.8.0),AE,Q,MILAED,FCSC,AGR,Q2,CUR,VAL,2022,3734,,,,0
FCSA:DF_QGDP_CUR(1.8.0),AE,Q,MILAED,FCSC,AGR,Q2,CUR,VAL,2023,3903,,,,0
FCSA:DF_QGDP_CUR(1.8.0),AE,Q,MILAED,FCSC,AGR,Q2,CUR,VAL,2024,4145,,,,0
FCSA:DF_QGDP_CUR(1.8.0),AE,Q,MILAED,FCSC,PRO,Q4,CUR,VAL,2012,12479,,,,0
FCSA:DF_QGDP_CUR(1.8.0),AE,Q,MILAED,FCSC,PRO,Q4,CUR,VAL,2013,15397,,,,0
FCSA:DF_QGDP_CUR(1.8.0),AE,Q,MILAED,FCSC,PRO,Q4,CUR,VAL,2014,15028,,,,0
FCSA:DF_QGDP_CUR(1.8.0),AE,Q,MILAED,FCSC,PRO,Q4,CUR,VAL,2015,16323,,,,0
FCSA:DF_QGDP_CUR(1.8.0),AE,Q,MILAED,FCSC,PRO,Q4,CUR,VAL,2016,18164,,,,0
FCSA:DF_QGDP_CUR(1.8.0),AE,Q,MILAED,FCSC,PRO,Q4,CUR,VAL,2017,17701,,,,0
FCSA:DF_QGDP_CUR(1.8.0),AE,Q,MILAED,FCSC,PRO,Q4,CUR,VAL,2018,18221,,,,0
FCSA:DF_QGDP_CUR(1.8.0),AE,Q,MILAED,FCSC,PRO,Q4,CUR,VAL,2019,19561,,,,0
FCSA:DF_QGDP_CUR(1.8.0),AE,Q,MILAED,FCSC,PRO,Q4,CUR,VAL,2020,16881,,,,0
FCSA:DF_QGDP_CUR(1.8.0),AE,Q,MILAED,FCSC,PRO,Q4,CUR,VAL,2021,19093,,,,0
FCSA:DF_QGDP_CUR(1.8.0),AE,Q,MILAED,FCSC,PRO,Q4,CUR,VAL,2022,19559,,,,0
FCSA:DF_QGDP_CUR(1.8.0),AE,Q,MILAED,FCSC,PRO,Q4,CUR,VAL,2023,21995,,,,0
FCSA:DF_QGDP_CUR(1.8.0),AE,Q,MILAED,FCSC,PRO,Q4,CUR,VAL,2024,23829,,,,0
FCSA:DF_QGDP_CUR(1.8.0),AE,Q,MILAED,FCSC,TOT_GDP,Q4,CUR,VAL,2012,353676,,,,0
FCSA:DF_QGDP_CUR(1.8.0),AE,Q,MILAED,FCSC,TOT_GDP,Q4,CUR,VAL,2013,375851,,,,0
FCSA:DF_QGDP_CUR(1.8.0),AE,Q,MILAED,FCSC,TOT_GDP,Q4,CUR,VAL,2014,360908,,,,0
FCSA:DF_QGDP_CUR(1.8.0),AE,Q,MILAED,FCSC,TOT_GDP,Q4,CUR,VAL,2015,331245,,,,0
FCSA:DF_QGDP_CUR(1.8.0),AE,Q,MILAED,FCSC,TOT_GDP,Q4,CUR,VAL,2016,355804,,,,0
FCSA:DF_QGDP_CUR(1.8.0),AE,Q,MILAED,FCSC,TOT_GDP,Q4,CUR,VAL,2017,373573,,,,0
FCSA:DF_QGDP_CUR(1.8.0),AE,Q,MILAED,FCSC,TOT_GDP,Q4,CUR,VAL,2018,409049,,,,0
FCSA:DF_QGDP_CUR(1.8.0),AE,Q,MILAED,FCSC,TOT_GDP,Q4,CUR,VAL,2019,391856,,,,0
FCSA:DF_QGDP_CUR(1.8.0),AE,Q,MILAED,FCSC,TOT_GDP,Q4,CUR,VAL,2020,321026,,,,0
FCSA:DF_QGDP_CUR(1.8.0),AE,Q,MILAED,FCSC,TOT_GDP,Q4,CUR,VAL,2021,409871,,,,0
FCSA:DF_QGDP_CUR(1.8.0),AE,Q,MILAED,FCSC,TOT_GDP,Q4,CUR,VAL,2022,465567,,,,0
FCSA:DF_QGDP_CUR(1.8.0),AE,Q,MILAED,FCSC,TOT_GDP,Q4,CUR,VAL,2023,493237,,,,0
FCSA:DF_QGDP_CUR(1.8.0),AE,Q,MILAED,FCSC,TOT_GDP,Q4,CUR,VAL,2024,515673,,,,0
FCSA:DF_QGDP_CUR(1.8.0),AE,Q,PERCENT,FCSC,EDU,Q3,CUR,GWTH_RATE,2013,7.585966,,,,1
FCSA:DF_QGDP_CUR(1.8.0),AE,Q,PERCENT,FCSC,EDU,Q3,CUR,GWTH_RATE,2014,11.931127,,,,1
FCSA:DF_QGDP_CUR(1.8.0),AE,Q,PERCENT,FCSC,EDU,Q3,CUR,GWTH_RATE,2015,1.824142,,,,1
FCSA:DF_QGDP_CUR(1.8.0),AE,Q,PERCENT,FCSC,EDU,Q3,CUR,GWTH_RATE,2016,13.848043,,,,1
FCSA:DF_QGDP_CUR(1.8.0),AE,Q,PERCENT,FCSC,EDU,Q3,CUR,GWTH_RATE,2017,5.7,,,,1
FCSA:DF_QGDP_CUR(1.8.0),AE,Q,PERCENT,FCSC,EDU,Q3,CUR,GWTH_RATE,2018,1.3,,,,1
FCSA:DF_QGDP_CUR(1.8.0),AE,Q,PERCENT,FCSC,EDU,Q3,CUR,GWTH_RATE,2019,0,,,,1
FCSA:DF_QGDP_CUR(1.8.0),AE,Q,PERCENT,FCSC,EDU,Q3,CUR,GWTH_RATE,2020,-0.7,,,,1
FCSA:DF_QGDP_CUR(1.8.0),AE,Q,PERCENT,FCSC,EDU,Q3,CUR,GWTH_RATE,2021,0.9,,,,1
FCSA:DF_QGDP_CUR(1.8.0),AE,Q,PERCENT,FCSC,EDU,Q3,CUR,GWTH_RATE,2022,13.6,,,,1
FCSA:DF_QGDP_CUR(1.8.0),AE,Q,PERCENT,FCSC,EDU,Q3,CUR,GWTH_RATE,2023,7.1,,,,1
FCSA:DF_QGDP_CUR(1.8.0),AE,Q,PERCENT,FCSC,EDU,Q3,CUR,GWTH_RATE,2024,3.7,,,,1
FCSA:DF_QGDP_CUR(1.8.0),AE,Q,MILAED,FCSC,TOT_NO,Q3,CUR,VAL,2012,228030,,,,0
FCSA:DF_QGDP_CUR(1.8.0),AE,Q,MILAED,FCSC,TOT_NO,Q3,CUR,VAL,2013,250640,,,,0
FCSA:DF_QGDP_CUR(1.8.0),AE,Q,MILAED,FCSC,TOT_NO,Q3,CUR,VAL,2014,268183,,,,0
FCSA:DF_QGDP_CUR(1.8.0),AE,Q,MILAED,FCSC,TOT_NO,Q3,CUR,VAL,2015,281688,,,,0
FCSA:DF_QGDP_CUR(1.8.0),AE,Q,MILAED,FCSC,TOT_NO,Q3,CUR,VAL,2016,287789,,,,0
FCSA:DF_QGDP_CUR(1.8.0),AE,Q,MILAED,FCSC,TOT_NO,Q3,CUR,VAL,2017,298261,,,,0
FCSA:DF_QGDP_CUR(1.8.0),AE,Q,MILAED,FCSC,TOT_NO,Q3,CUR,VAL,2018,304059,,,,0
FCSA:DF_QGDP_CUR(1.8.0),AE,Q,MILAED,FCSC,TOT_NO,Q3,CUR,VAL,2019,310788,,,,0
FCSA:DF_QGDP_CUR(1.8.0),AE,Q,MILAED,FCSC,TOT_NO,Q3,CUR,VAL,2020,266879,,,,0
FCSA:DF_QGDP_CUR(1.8.0),AE,Q,MILAED,FCSC,TOT_NO,Q3,CUR,VAL,2021,297513,,,,0
FCSA:DF_QGDP_CUR(1.8.0),AE,Q,MILAED,FCSC,TOT_NO,Q3,CUR,VAL,2022,336493,,,,0
FCSA:DF_QGDP_CUR(1.8.0),AE,Q,MILAED,FCSC,TOT_NO,Q3,CUR,VAL,2023,374141,,,,0
FCSA:DF_QGDP_CUR(1.8.0),AE,Q,MILAED,FCSC,TOT_NO,Q3,CUR,VAL,2024,396510,,,,0
FCSA:DF_QGDP_CUR(1.8.0),AE,Q,MILAED,FCSC,EDU,Q1,CUR,VAL,2012,4245,,,,0
FCSA:DF_QGDP_CUR(1.8.0),AE,Q,MILAED,FCSC,EDU,Q1,CUR,VAL,2013,4692,,,,0
FCSA:DF_QGDP_CUR(1.8.0),AE,Q,MILAED,FCSC,EDU,Q1,CUR,VAL,2014,4990,,,,0
FCSA:DF_QGDP_CUR(1.8.0),AE,Q,MILAED,FCSC,EDU,Q1,CUR,VAL,2015,5347,,,,0
FCSA:DF_QGDP_CUR(1.8.0),AE,Q,MILAED,FCSC,EDU,Q1,CUR,VAL,2016,5793,,,,0
FCSA:DF_QGDP_CUR(1.8.0),AE,Q,MILAED,FCSC,EDU,Q1,CUR,VAL,2017,6131,,,,0
FCSA:DF_QGDP_CUR(1.8.0),AE,Q,MILAED,FCSC,EDU,Q1,CUR,VAL,2018,6533,,,,0
FCSA:DF_QGDP_CUR(1.8.0),AE,Q,MILAED,FCSC,EDU,Q1,CUR,VAL,2019,6404,,,,0
FCSA:DF_QGDP_CUR(1.8.0),AE,Q,MILAED,FCSC,EDU,Q1,CUR,VAL,2020,6252,,,,0
FCSA:DF_QGDP_CUR(1.8.0),AE,Q,MILAED,FCSC,EDU,Q1,CUR,VAL,2021,6448,,,,0
FCSA:DF_QGDP_CUR(1.8.0),AE,Q,MILAED,FCSC,EDU,Q1,CUR,VAL,2022,6926,,,,0
FCSA:DF_QGDP_CUR(1.8.0),AE,Q,MILAED,FCSC,EDU,Q1,CUR,VAL,2023,7338,,,,0
FCSA:DF_QGDP_CUR(1.8.0),AE,Q,MILAED,FCSC,EDU,Q1,CUR,VAL,2024,7595,,,,0
FCSA:DF_QGDP_CUR(1.8.0),AE,Q,MILAED,FCSC,EDU,Q1,CUR,VAL,2025,7728.690576,,,,0
FCSA:DF_QGDP_CUR(1.8.0),AE,Q,PERCENT,FCSC,NFC,Q1,CUR,GWTH_RATE,2013,-0.776468,,,,1
FCSA:DF_QGDP_CUR(1.8.0),AE,Q,PERCENT,FCSC,NFC,Q1,CUR,GWTH_RATE,2014,3.086802,,,,1
FCSA:DF_QGDP_CUR(1.8.0),AE,Q,PERCENT,FCSC,NFC,Q1,CUR,GWTH_RATE,2015,-14.453124,,,,1
FCSA:DF_QGDP_CUR(1.8.0),AE,Q,PERCENT,FCSC,NFC,Q1,CUR,GWTH_RATE,2016,-5.902963,,,,1
FCSA:DF_QGDP_CUR(1.8.0),AE,Q,PERCENT,FCSC,NFC,Q1,CUR,GWTH_RATE,2017,12.3,,,,1
FCSA:DF_QGDP_CUR(1.8.0),AE,Q,PERCENT,FCSC,NFC,Q1,CUR,GWTH_RATE,2018,6.7,,,,1
FCSA:DF_QGDP_CUR(1.8.0),AE,Q,PERCENT,FCSC,NFC,Q1,CUR,GWTH_RATE,2019,1.7,,,,1
FCSA:DF_QGDP_CUR(1.8.0),AE,Q,PERCENT,FCSC,NFC,Q1,CUR,GWTH_RATE,2020,-8,,,,1
FCSA:DF_QGDP_CUR(1.8.0),AE,Q,PERCENT,FCSC,NFC,Q1,CUR,GWTH_RATE,2021,-1.3,,,,1
FCSA:DF_QGDP_CUR(1.8.0),AE,Q,PERCENT,FCSC,NFC,Q1,CUR,GWTH_RATE,2022,21.3,,,,1
FCSA:DF_QGDP_CUR(1.8.0),AE,Q,PERCENT,FCSC,NFC,Q1,CUR,GWTH_RATE,2023,9,,,,1
FCSA:DF_QGDP_CUR(1.8.0),AE,Q,PERCENT,FCSC,NFC,Q1,CUR,GWTH_RATE,2024,3.4,,,,1
FCSA:DF_QGDP_CUR(1.8.0),AE,Q,PERCENT,FCSC,NFC,Q1,CUR,GWTH_RATE,2025,3.307743374,,,,1
FCSA:DF_QGDP_CUR(1.8.0),AE,Q,MILAED,FCSC,WHO,Q3,CUR,VAL,2012,39895,,,,0
FCSA:DF_QGDP_CUR(1.8.0),AE,Q,MILAED,FCSC,WHO,Q3,CUR,VAL,2013,43254,,,,0
FCSA:DF_QGDP_CUR(1.8.0),AE,Q,MILAED,FCSC,WHO,Q3,CUR,VAL,2014,44895,,,,0
FCSA:DF_QGDP_CUR(1.8.0),AE,Q,MILAED,FCSC,WHO,Q3,CUR,VAL,2015,46714,,,,0
FCSA:DF_QGDP_CUR(1.8.0),AE,Q,MILAED,FCSC,WHO,Q3,CUR,VAL,2016,48090,,,,0
FCSA:DF_QGDP_CUR(1.8.0),AE,Q,MILAED,FCSC,WHO,Q3,CUR,VAL,2017,49606,,,,0
FCSA:DF_QGDP_CUR(1.8.0),AE,Q,MILAED,FCSC,WHO,Q3,CUR,VAL,2018,50307,,,,0
FCSA:DF_QGDP_CUR(1.8.0),AE,Q,MILAED,FCSC,WHO,Q3,CUR,VAL,2019,52153,,,,0
FCSA:DF_QGDP_CUR(1.8.0),AE,Q,MILAED,FCSC,WHO,Q3,CUR,VAL,2020,46089,,,,0
FCSA:DF_QGDP_CUR(1.8.0),AE,Q,MILAED,FCSC,WHO,Q3,CUR,VAL,2021,48290,,,,0
FCSA:DF_QGDP_CUR(1.8.0),AE,Q,MILAED,FCSC,WHO,Q3,CUR,VAL,2022,53317,,,,0
FCSA:DF_QGDP_CUR(1.8.0),AE,Q,MILAED,FCSC,WHO,Q3,CUR,VAL,2023,58030,,,,0
FCSA:DF_QGDP_CUR(1.8.0),AE,Q,MILAED,FCSC,WHO,Q3,CUR,VAL,2024,60953,,,,0
FCSA:DF_QGDP_CUR(1.8.0),AE,Q,MILAED,FCSC,WHO,Q4,CUR,VAL,2012,38364,,,,0
FCSA:DF_QGDP_CUR(1.8.0),AE,Q,MILAED,FCSC,WHO,Q4,CUR,VAL,2013,43315,,,,0
FCSA:DF_QGDP_CUR(1.8.0),AE,Q,MILAED,FCSC,WHO,Q4,CUR,VAL,2014,45480,,,,0
FCSA:DF_QGDP_CUR(1.8.0),AE,Q,MILAED,FCSC,WHO,Q4,CUR,VAL,2015,46701,,,,0
FCSA:DF_QGDP_CUR(1.8.0),AE,Q,MILAED,FCSC,WHO,Q4,CUR,VAL,2016,49722,,,,0
FCSA:DF_QGDP_CUR(1.8.0),AE,Q,MILAED,FCSC,WHO,Q4,CUR,VAL,2017,48798,,,,0
FCSA:DF_QGDP_CUR(1.8.0),AE,Q,MILAED,FCSC,WHO,Q4,CUR,VAL,2018,50095,,,,0
FCSA:DF_QGDP_CUR(1.8.0),AE,Q,MILAED,FCSC,WHO,Q4,CUR,VAL,2019,52096,,,,0
FCSA:DF_QGDP_CUR(1.8.0),AE,Q,MILAED,FCSC,WHO,Q4,CUR,VAL,2020,45923,,,,0
FCSA:DF_QGDP_CUR(1.8.0),AE,Q,MILAED,FCSC,WHO,Q4,CUR,VAL,2021,55806,,,,0
FCSA:DF_QGDP_CUR(1.8.0),AE,Q,MILAED,FCSC,WHO,Q4,CUR,VAL,2022,61993,,,,0
FCSA:DF_QGDP_CUR(1.8.0),AE,Q,MILAED,FCSC,WHO,Q4,CUR,VAL,2023,66304,,,,0
FCSA:DF_QGDP_CUR(1.8.0),AE,Q,MILAED,FCSC,WHO,Q4,CUR,VAL,2024,74901,,,,0
FCSA:DF_QGDP_CUR(1.8.0),AE,Q,PERCENT,FCSC,ELE,Q3,CUR,GWTH_RATE,2013,-8.5682,,,,1
FCSA:DF_QGDP_CUR(1.8.0),AE,Q,PERCENT,FCSC,ELE,Q3,CUR,GWTH_RATE,2014,12.372552,,,,1
FCSA:DF_QGDP_CUR(1.8.0),AE,Q,PERCENT,FCSC,ELE,Q3,CUR,GWTH_RATE,2015,12.882923,,,,1
FCSA:DF_QGDP_CUR(1.8.0),AE,Q,PERCENT,FCSC,ELE,Q3,CUR,GWTH_RATE,2016,4.757458,,,,1
FCSA:DF_QGDP_CUR(1.8.0),AE,Q,PERCENT,FCSC,ELE,Q3,CUR,GWTH_RATE,2017,11.4,,,,1
FCSA:DF_QGDP_CUR(1.8.0),AE,Q,PERCENT,FCSC,ELE,Q3,CUR,GWTH_RATE,2018,5.1,,,,1
FCSA:DF_QGDP_CUR(1.8.0),AE,Q,PERCENT,FCSC,ELE,Q3,CUR,GWTH_RATE,2019,14.2,,,,1
FCSA:DF_QGDP_CUR(1.8.0),AE,Q,PERCENT,FCSC,ELE,Q3,CUR,GWTH_RATE,2020,-7.5,,,,1
FCSA:DF_QGDP_CUR(1.8.0),AE,Q,PERCENT,FCSC,ELE,Q3,CUR,GWTH_RATE,2021,14.9,,,,1
FCSA:DF_QGDP_CUR(1.8.0),AE,Q,PERCENT,FCSC,ELE,Q3,CUR,GWTH_RATE,2022,7.1,,,,1
FCSA:DF_QGDP_CUR(1.8.0),AE,Q,PERCENT,FCSC,ELE,Q3,CUR,GWTH_RATE,2023,8.6,,,,1
FCSA:DF_QGDP_CUR(1.8.0),AE,Q,PERCENT,FCSC,ELE,Q3,CUR,GWTH_RATE,2024,5,,,,1
FCSA:DF_QGDP_CUR(1.8.0),AE,Q,MILAED,FCSC,TOT_NO,Q4,CUR,VAL,2012,219373,,,,0
FCSA:DF_QGDP_CUR(1.8.0),AE,Q,MILAED,FCSC,TOT_NO,Q4,CUR,VAL,2013,247505,,,,0
FCSA:DF_QGDP_CUR(1.8.0),AE,Q,MILAED,FCSC,TOT_NO,Q4,CUR,VAL,2014,261676,,,,0
FCSA:DF_QGDP_CUR(1.8.0),AE,Q,MILAED,FCSC,TOT_NO,Q4,CUR,VAL,2015,274165,,,,0
FCSA:DF_QGDP_CUR(1.8.0),AE,Q,MILAED,FCSC,TOT_NO,Q4,CUR,VAL,2016,281725,,,,0
FCSA:DF_QGDP_CUR(1.8.0),AE,Q,MILAED,FCSC,TOT_NO,Q4,CUR,VAL,2017,293229,,,,0
FCSA:DF_QGDP_CUR(1.8.0),AE,Q,MILAED,FCSC,TOT_NO,Q4,CUR,VAL,2018,296697,,,,0
FCSA:DF_QGDP_CUR(1.8.0),AE,Q,MILAED,FCSC,TOT_NO,Q4,CUR,VAL,2019,304082,,,,0
FCSA:DF_QGDP_CUR(1.8.0),AE,Q,MILAED,FCSC,TOT_NO,Q4,CUR,VAL,2020,267419,,,,0
FCSA:DF_QGDP_CUR(1.8.0),AE,Q,MILAED,FCSC,TOT_NO,Q4,CUR,VAL,2021,305269,,,,0
FCSA:DF_QGDP_CUR(1.8.0),AE,Q,MILAED,FCSC,TOT_NO,Q4,CUR,VAL,2022,334630,,,,0
FCSA:DF_QGDP_CUR(1.8.0),AE,Q,MILAED,FCSC,TOT_NO,Q4,CUR,VAL,2023,370850,,,,0
FCSA:DF_QGDP_CUR(1.8.0),AE,Q,MILAED,FCSC,TOT_NO,Q4,CUR,VAL,2024,409329,,,,0
FCSA:DF_QGDP_CUR(1.8.0),AE,Q,MILAED,FCSC,EDU,Q3,CUR,VAL,2012,4499,,,,0
FCSA:DF_QGDP_CUR(1.8.0),AE,Q,MILAED,FCSC,EDU,Q3,CUR,VAL,2013,4840,,,,0
FCSA:DF_QGDP_CUR(1.8.0),AE,Q,MILAED,FCSC,EDU,Q3,CUR,VAL,2014,5417,,,,0
FCSA:DF_QGDP_CUR(1.8.0),AE,Q,MILAED,FCSC,EDU,Q3,CUR,VAL,2015,5516,,,,0
FCSA:DF_QGDP_CUR(1.8.0),AE,Q,MILAED,FCSC,EDU,Q3,CUR,VAL,2016,6280,,,,0
FCSA:DF_QGDP_CUR(1.8.0),AE,Q,MILAED,FCSC,EDU,Q3,CUR,VAL,2017,6638,,,,0
FCSA:DF_QGDP_CUR(1.8.0),AE,Q,MILAED,FCSC,EDU,Q3,CUR,VAL,2018,6722,,,,0
FCSA:DF_QGDP_CUR(1.8.0),AE,Q,MILAED,FCSC,EDU,Q3,CUR,VAL,2019,6723,,,,0
FCSA:DF_QGDP_CUR(1.8.0),AE,Q,MILAED,FCSC,EDU,Q3,CUR,VAL,2020,6677,,,,0
FCSA:DF_QGDP_CUR(1.8.0),AE,Q,MILAED,FCSC,EDU,Q3,CUR,VAL,2021,6734,,,,0
FCSA:DF_QGDP_CUR(1.8.0),AE,Q,MILAED,FCSC,EDU,Q3,CUR,VAL,2022,7647,,,,0
FCSA:DF_QGDP_CUR(1.8.0),AE,Q,MILAED,FCSC,EDU,Q3,CUR,VAL,2023,8194,,,,0
FCSA:DF_QGDP_CUR(1.8.0),AE,Q,MILAED,FCSC,EDU,Q3,CUR,VAL,2024,8500,,,,0
FCSA:DF_QGDP_CUR(1.8.0),AE,Q,PERCENT,FCSC,PUB,Q3,CUR,GWTH_RATE,2013,18.489942,,,,1
FCSA:DF_QGDP_CUR(1.8.0),AE,Q,PERCENT,FCSC,PUB,Q3,CUR,GWTH_RATE,2014,-2.21365,,,,1
FCSA:DF_QGDP_CUR(1.8.0),AE,Q,PERCENT,FCSC,PUB,Q3,CUR,GWTH_RATE,2015,5.623441,,,,1
FCSA:DF_QGDP_CUR(1.8.0),AE,Q,PERCENT,FCSC,PUB,Q3,CUR,GWTH_RATE,2016,13.299072,,,,1
FCSA:DF_QGDP_CUR(1.8.0),AE,Q,PERCENT,FCSC,PUB,Q3,CUR,GWTH_RATE,2017,10.7,,,,1
FCSA:DF_QGDP_CUR(1.8.0),AE,Q,PERCENT,FCSC,PUB,Q3,CUR,GWTH_RATE,2018,4.4,,,,1
FCSA:DF_QGDP_CUR(1.8.0),AE,Q,PERCENT,FCSC,PUB,Q3,CUR,GWTH_RATE,2019,-1.2,,,,1
FCSA:DF_QGDP_CUR(1.8.0),AE,Q,PERCENT,FCSC,PUB,Q3,CUR,GWTH_RATE,2020,-4.2,,,,1
FCSA:DF_QGDP_CUR(1.8.0),AE,Q,PERCENT,FCSC,PUB,Q3,CUR,GWTH_RATE,2021,1.5,,,,1
FCSA:DF_QGDP_CUR(1.8.0),AE,Q,PERCENT,FCSC,PUB,Q3,CUR,GWTH_RATE,2022,2.2,,,,1
FCSA:DF_QGDP_CUR(1.8.0),AE,Q,PERCENT,FCSC,PUB,Q3,CUR,GWTH_RATE,2023,3.7,,,,1
FCSA:DF_QGDP_CUR(1.8.0),AE,Q,PERCENT,FCSC,PUB,Q3,CUR,GWTH_RATE,2024,6.7,,,,1
FCSA:DF_QGDP_CUR(1.8.0),AE,Q,PERCENT,FCSC,TRA,Q3,CUR,GWTH_RATE,2013,7.170565,,,,1
FCSA:DF_QGDP_CUR(1.8.0),AE,Q,PERCENT,FCSC,TRA,Q3,CUR,GWTH_RATE,2014,8.487202,,,,1
FCSA:DF_QGDP_CUR(1.8.0),AE,Q,PERCENT,FCSC,TRA,Q3,CUR,GWTH_RATE,2015,2.944769,,,,1
FCSA:DF_QGDP_CUR(1.8.0),AE,Q,PERCENT,FCSC,TRA,Q3,CUR,GWTH_RATE,2016,-13.130577,,,,1
FCSA:DF_QGDP_CUR(1.8.0),AE,Q,PERCENT,FCSC,TRA,Q3,CUR,GWTH_RATE,2017,-4.7,,,,1
FCSA:DF_QGDP_CUR(1.8.0),AE,Q,PERCENT,FCSC,TRA,Q3,CUR,GWTH_RATE,2018,6.5,,,,1
FCSA:DF_QGDP_CUR(1.8.0),AE,Q,PERCENT,FCSC,TRA,Q3,CUR,GWTH_RATE,2019,4.3,,,,1
FCSA:DF_QGDP_CUR(1.8.0),AE,Q,PERCENT,FCSC,TRA,Q3,CUR,GWTH_RATE,2020,-42.1,,,,1
FCSA:DF_QGDP_CUR(1.8.0),AE,Q,PERCENT,FCSC,TRA,Q3,CUR,GWTH_RATE,2021,32,,,,1
FCSA:DF_QGDP_CUR(1.8.0),AE,Q,PERCENT,FCSC,TRA,Q3,CUR,GWTH_RATE,2022,45.9,,,,1
FCSA:DF_QGDP_CUR(1.8.0),AE,Q,PERCENT,FCSC,TRA,Q3,CUR,GWTH_RATE,2023,26.2,,,,1
FCSA:DF_QGDP_CUR(1.8.0),AE,Q,PERCENT,FCSC,TRA,Q3,CUR,GWTH_RATE,2024,4.4,,,,1
FCSA:DF_QGDP_CUR(1.8.0),AE,Q,MILAED,FCSC,REA,Q1,CUR,VAL,2012,16449,,,,0
FCSA:DF_QGDP_CUR(1.8.0),AE,Q,MILAED,FCSC,REA,Q1,CUR,VAL,2013,16239,,,,0
FCSA:DF_QGDP_CUR(1.8.0),AE,Q,MILAED,FCSC,REA,Q1,CUR,VAL,2014,17201,,,,0
FCSA:DF_QGDP_CUR(1.8.0),AE,Q,MILAED,FCSC,REA,Q1,CUR,VAL,2015,20500,,,,0
FCSA:DF_QGDP_CUR(1.8.0),AE,Q,MILAED,FCSC,REA,Q1,CUR,VAL,2016,22926,,,,0
FCSA:DF_QGDP_CUR(1.8.0),AE,Q,MILAED,FCSC,REA,Q1,CUR,VAL,2017,23979,,,,0
FCSA:DF_QGDP_CUR(1.8.0),AE,Q,MILAED,FCSC,REA,Q1,CUR,VAL,2018,22495,,,,0
FCSA:DF_QGDP_CUR(1.8.0),AE,Q,MILAED,FCSC,REA,Q1,CUR,VAL,2019,22157,,,,0
FCSA:DF_QGDP_CUR(1.8.0),AE,Q,MILAED,FCSC,REA,Q1,CUR,VAL,2020,18500,,,,0
FCSA:DF_QGDP_CUR(1.8.0),AE,Q,MILAED,FCSC,REA,Q1,CUR,VAL,2021,17676,,,,0
FCSA:DF_QGDP_CUR(1.8.0),AE,Q,MILAED,FCSC,REA,Q1,CUR,VAL,2022,19698,,,,0
FCSA:DF_QGDP_CUR(1.8.0),AE,Q,MILAED,FCSC,REA,Q1,CUR,VAL,2023,21651,,,,0
FCSA:DF_QGDP_CUR(1.8.0),AE,Q,MILAED,FCSC,REA,Q1,CUR,VAL,2024,23118,,,,0
FCSA:DF_QGDP_CUR(1.8.0),AE,Q,MILAED,FCSC,REA,Q1,CUR,VAL,2025,25919.59236,,,,0
FCSA:DF_QGDP_CUR(1.8.0),AE,Q,PERCENT,FCSC,NFC,Q4,CUR,GWTH_RATE,2013,4.94446,,,,1
FCSA:DF_QGDP_CUR(1.8.0),AE,Q,PERCENT,FCSC,NFC,Q4,CUR,GWTH_RATE,2014,-5.42168,,,,1
FCSA:DF_QGDP_CUR(1.8.0),AE,Q,PERCENT,FCSC,NFC,Q4,CUR,GWTH_RATE,2015,-11.192206,,,,1
FCSA:DF_QGDP_CUR(1.8.0),AE,Q,PERCENT,FCSC,NFC,Q4,CUR,GWTH_RATE,2016,6.737304,,,,1
FCSA:DF_QGDP_CUR(1.8.0),AE,Q,PERCENT,FCSC,NFC,Q4,CUR,GWTH_RATE,2017,5.2,,,,1
FCSA:DF_QGDP_CUR(1.8.0),AE,Q,PERCENT,FCSC,NFC,Q4,CUR,GWTH_RATE,2018,11.2,,,,1
FCSA:DF_QGDP_CUR(1.8.0),AE,Q,PERCENT,FCSC,NFC,Q4,CUR,GWTH_RATE,2019,-5.7,,,,1
FCSA:DF_QGDP_CUR(1.8.0),AE,Q,PERCENT,FCSC,NFC,Q4,CUR,GWTH_RATE,2020,-19.9,,,,1
FCSA:DF_QGDP_CUR(1.8.0),AE,Q,PERCENT,FCSC,NFC,Q4,CUR,GWTH_RATE,2021,33.8,,,,1
FCSA:DF_QGDP_CUR(1.8.0),AE,Q,PERCENT,FCSC,NFC,Q4,CUR,GWTH_RATE,2022,14.4,,,,1
FCSA:DF_QGDP_CUR(1.8.0),AE,Q,PERCENT,FCSC,NFC,Q4,CUR,GWTH_RATE,2023,5.3,,,,1
FCSA:DF_QGDP_CUR(1.8.0),AE,Q,PERCENT,FCSC,NFC,Q4,CUR,GWTH_RATE,2024,3.8,,,,1
FCSA:DF_QGDP_CUR(1.8.0),AE,Q,PERCENT,FCSC,HUM,Q1,CUR,GWTH_RATE,2013,22.963705,,,,1
FCSA:DF_QGDP_CUR(1.8.0),AE,Q,PERCENT,FCSC,HUM,Q1,CUR,GWTH_RATE,2014,17.921936,,,,1
FCSA:DF_QGDP_CUR(1.8.0),AE,Q,PERCENT,FCSC,HUM,Q1,CUR,GWTH_RATE,2015,1.656858,,,,1
FCSA:DF_QGDP_CUR(1.8.0),AE,Q,PERCENT,FCSC,HUM,Q1,CUR,GWTH_RATE,2016,6.264181,,,,1
FCSA:DF_QGDP_CUR(1.8.0),AE,Q,PERCENT,FCSC,HUM,Q1,CUR,GWTH_RATE,2017,5.8,,,,1
FCSA:DF_QGDP_CUR(1.8.0),AE,Q,PERCENT,FCSC,HUM,Q1,CUR,GWTH_RATE,2018,5.8,,,,1
FCSA:DF_QGDP_CUR(1.8.0),AE,Q,PERCENT,FCSC,HUM,Q1,CUR,GWTH_RATE,2019,11.7,,,,1
FCSA:DF_QGDP_CUR(1.8.0),AE,Q,PERCENT,FCSC,HUM,Q1,CUR,GWTH_RATE,2020,-10,,,,1
FCSA:DF_QGDP_CUR(1.8.0),AE,Q,PERCENT,FCSC,HUM,Q1,CUR,GWTH_RATE,2021,24,,,,1
FCSA:DF_QGDP_CUR(1.8.0),AE,Q,PERCENT,FCSC,HUM,Q1,CUR,GWTH_RATE,2022,16.9,,,,1
FCSA:DF_QGDP_CUR(1.8.0),AE,Q,PERCENT,FCSC,HUM,Q1,CUR,GWTH_RATE,2023,5.3,,,,1
FCSA:DF_QGDP_CUR(1.8.0),AE,Q,PERCENT,FCSC,HUM,Q1,CUR,GWTH_RATE,2024,7.9,,,,1
FCSA:DF_QGDP_CUR(1.8.0),AE,Q,PERCENT,FCSC,HUM,Q1,CUR,GWTH_RATE,2025,10.40198689,,,,1
FCSA:DF_QGDP_CUR(1.8.0),AE,Q,MILAED,FCSC,TOT_GDP,Q1,CUR,VAL,2012,368893,,,,0
FCSA:DF_QGDP_CUR(1.8.0),AE,Q,MILAED,FCSC,TOT_GDP,Q1,CUR,VAL,2013,371531,,,,0
FCSA:DF_QGDP_CUR(1.8.0),AE,Q,MILAED,FCSC,TOT_GDP,Q1,CUR,VAL,2014,390828,,,,0
FCSA:DF_QGDP_CUR(1.8.0),AE,Q,MILAED,FCSC,TOT_GDP,Q1,CUR,VAL,2015,347412,,,,0
FCSA:DF_QGDP_CUR(1.8.0),AE,Q,MILAED,FCSC,TOT_GDP,Q1,CUR,VAL,2016,331572,,,,0
FCSA:DF_QGDP_CUR(1.8.0),AE,Q,MILAED,FCSC,TOT_GDP,Q1,CUR,VAL,2017,369584,,,,0
FCSA:DF_QGDP_CUR(1.8.0),AE,Q,MILAED,FCSC,TOT_GDP,Q1,CUR,VAL,2018,389622,,,,0
FCSA:DF_QGDP_CUR(1.8.0),AE,Q,MILAED,FCSC,TOT_GDP,Q1,CUR,VAL,2019,397136,,,,0
FCSA:DF_QGDP_CUR(1.8.0),AE,Q,MILAED,FCSC,TOT_GDP,Q1,CUR,VAL,2020,365591,,,,0
FCSA:DF_QGDP_CUR(1.8.0),AE,Q,MILAED,FCSC,TOT_GDP,Q1,CUR,VAL,2021,359956,,,,0
FCSA:DF_QGDP_CUR(1.8.0),AE,Q,MILAED,FCSC,TOT_GDP,Q1,CUR,VAL,2022,429265,,,,0
FCSA:DF_QGDP_CUR(1.8.0),AE,Q,MILAED,FCSC,TOT_GDP,Q1,CUR,VAL,2023,464639,,,,0
FCSA:DF_QGDP_CUR(1.8.0),AE,Q,MILAED,FCSC,TOT_GDP,Q1,CUR,VAL,2024,485165,,,,0
FCSA:DF_QGDP_CUR(1.8.0),AE,Q,MILAED,FCSC,TOT_GDP,Q1,CUR,VAL,2025,502551.1587,,,,0
FCSA:DF_QGDP_CUR(1.8.0),AE,Q,PERCENT,FCSC,TOT_GDP,Q3,CUR,GWTH_RATE,2013,6.599584,,,,1
FCSA:DF_QGDP_CUR(1.8.0),AE,Q,PERCENT,FCSC,TOT_GDP,Q3,CUR,GWTH_RATE,2014,4.684657,,,,1
FCSA:DF_QGDP_CUR(1.8.0),AE,Q,PERCENT,FCSC,TOT_GDP,Q3,CUR,GWTH_RATE,2015,-12.379492,,,,1
FCSA:DF_QGDP_CUR(1.8.0),AE,Q,PERCENT,FCSC,TOT_GDP,Q3,CUR,GWTH_RATE,2016,0.621026,,,,1
FCSA:DF_QGDP_CUR(1.8.0),AE,Q,PERCENT,FCSC,TOT_GDP,Q3,CUR,GWTH_RATE,2017,3.5,,,,1
FCSA:DF_QGDP_CUR(1.8.0),AE,Q,PERCENT,FCSC,TOT_GDP,Q3,CUR,GWTH_RATE,2018,11.2,,,,1
FCSA:DF_QGDP_CUR(1.8.0),AE,Q,PERCENT,FCSC,TOT_GDP,Q3,CUR,GWTH_RATE,2019,-3.5,,,,1
FCSA:DF_QGDP_CUR(1.8.0),AE,Q,PERCENT,FCSC,TOT_GDP,Q3,CUR,GWTH_RATE,2020,-18.7,,,,1
FCSA:DF_QGDP_CUR(1.8.0),AE,Q,PERCENT,FCSC,TOT_GDP,Q3,CUR,GWTH_RATE,2021,22.5,,,,1
FCSA:DF_QGDP_CUR(1.8.0),AE,Q,PERCENT,FCSC,TOT_GDP,Q3,CUR,GWTH_RATE,2022,25.6,,,,1
FCSA:DF_QGDP_CUR(1.8.0),AE,Q,PERCENT,FCSC,TOT_GDP,Q3,CUR,GWTH_RATE,2023,-3.1,,,,1
FCSA:DF_QGDP_CUR(1.8.0),AE,Q,PERCENT,FCSC,TOT_GDP,Q3,CUR,GWTH_RATE,2024,6.8,,,,1
FCSA:DF_QGDP_CUR(1.8.0),AE,Q,MILAED,FCSC,AGR,Q4,CUR,VAL,2012,1887,,,,0
FCSA:DF_QGDP_CUR(1.8.0),AE,Q,MILAED,FCSC,AGR,Q4,CUR,VAL,2013,2757,,,,0
FCSA:DF_QGDP_CUR(1.8.0),AE,Q,MILAED,FCSC,AGR,Q4,CUR,VAL,2014,3058,,,,0
FCSA:DF_QGDP_CUR(1.8.0),AE,Q,MILAED,FCSC,AGR,Q4,CUR,VAL,2015,2757,,,,0
FCSA:DF_QGDP_CUR(1.8.0),AE,Q,MILAED,FCSC,AGR,Q4,CUR,VAL,2016,2541,,,,0
FCSA:DF_QGDP_CUR(1.8.0),AE,Q,MILAED,FCSC,AGR,Q4,CUR,VAL,2017,2865,,,,0
FCSA:DF_QGDP_CUR(1.8.0),AE,Q,MILAED,FCSC,AGR,Q4,CUR,VAL,2018,2788,,,,0
FCSA:DF_QGDP_CUR(1.8.0),AE,Q,MILAED,FCSC,AGR,Q4,CUR,VAL,2019,3074,,,,0
FCSA:DF_QGDP_CUR(1.8.0),AE,Q,MILAED,FCSC,AGR,Q4,CUR,VAL,2020,2939,,,,0
FCSA:DF_QGDP_CUR(1.8.0),AE,Q,MILAED,FCSC,AGR,Q4,CUR,VAL,2021,3142,,,,0
FCSA:DF_QGDP_CUR(1.8.0),AE,Q,MILAED,FCSC,AGR,Q4,CUR,VAL,2022,3106,,,,0
FCSA:DF_QGDP_CUR(1.8.0),AE,Q,MILAED,FCSC,AGR,Q4,CUR,VAL,2023,3341,,,,0
FCSA:DF_QGDP_CUR(1.8.0),AE,Q,MILAED,FCSC,AGR,Q4,CUR,VAL,2024,3597,,,,0
FCSA:DF_QGDP_CUR(1.8.0),AE,Q,PERCENT,FCSC,PUB,Q4,CUR,GWTH_RATE,2013,3.88607,,,,1
FCSA:DF_QGDP_CUR(1.8.0),AE,Q,PERCENT,FCSC,PUB,Q4,CUR,GWTH_RATE,2014,-3.873643,,,,1
FCSA:DF_QGDP_CUR(1.8.0),AE,Q,PERCENT,FCSC,PUB,Q4,CUR,GWTH_RATE,2015,9.217329,,,,1
FCSA:DF_QGDP_CUR(1.8.0),AE,Q,PERCENT,FCSC,PUB,Q4,CUR,GWTH_RATE,2016,17.760755,,,,1
FCSA:DF_QGDP_CUR(1.8.0),AE,Q,PERCENT,FCSC,PUB,Q4,CUR,GWTH_RATE,2017,14.1,,,,1
FCSA:DF_QGDP_CUR(1.8.0),AE,Q,PERCENT,FCSC,PUB,Q4,CUR,GWTH_RATE,2018,-0.1,,,,1
FCSA:DF_QGDP_CUR(1.8.0),AE,Q,PERCENT,FCSC,PUB,Q4,CUR,GWTH_RATE,2019,1.5,,,,1
FCSA:DF_QGDP_CUR(1.8.0),AE,Q,PERCENT,FCSC,PUB,Q4,CUR,GWTH_RATE,2020,-2.2,,,,1
FCSA:DF_QGDP_CUR(1.8.0),AE,Q,PERCENT,FCSC,PUB,Q4,CUR,GWTH_RATE,2021,0.8,,,,1
FCSA:DF_QGDP_CUR(1.8.0),AE,Q,PERCENT,FCSC,PUB,Q4,CUR,GWTH_RATE,2022,1.8,,,,1
FCSA:DF_QGDP_CUR(1.8.0),AE,Q,PERCENT,FCSC,PUB,Q4,CUR,GWTH_RATE,2023,9.5,,,,1
FCSA:DF_QGDP_CUR(1.8.0),AE,Q,PERCENT,FCSC,PUB,Q4,CUR,GWTH_RATE,2024,7.9,,,,1
FCSA:DF_QGDP_CUR(1.8.0),AE,Q,MILAED,FCSC,ELE,Q3,CUR,VAL,2012,11141,,,,0
FCSA:DF_QGDP_CUR(1.8.0),AE,Q,MILAED,FCSC,ELE,Q3,CUR,VAL,2013,10186,,,,0
FCSA:DF_QGDP_CUR(1.8.0),AE,Q,MILAED,FCSC,ELE,Q3,CUR,VAL,2014,11446,,,,0
FCSA:DF_QGDP_CUR(1.8.0),AE,Q,MILAED,FCSC,ELE,Q3,CUR,VAL,2015,12921,,,,0
FCSA:DF_QGDP_CUR(1.8.0),AE,Q,MILAED,FCSC,ELE,Q3,CUR,VAL,2016,13536,,,,0
FCSA:DF_QGDP_CUR(1.8.0),AE,Q,MILAED,FCSC,ELE,Q3,CUR,VAL,2017,15084,,,,0
FCSA:DF_QGDP_CUR(1.8.0),AE,Q,MILAED,FCSC,ELE,Q3,CUR,VAL,2018,15860,,,,0
FCSA:DF_QGDP_CUR(1.8.0),AE,Q,MILAED,FCSC,ELE,Q3,CUR,VAL,2019,18104,,,,0
FCSA:DF_QGDP_CUR(1.8.0),AE,Q,MILAED,FCSC,ELE,Q3,CUR,VAL,2020,16748,,,,0
FCSA:DF_QGDP_CUR(1.8.0),AE,Q,MILAED,FCSC,ELE,Q3,CUR,VAL,2021,19240,,,,0
FCSA:DF_QGDP_CUR(1.8.0),AE,Q,MILAED,FCSC,ELE,Q3,CUR,VAL,2022,20599,,,,0
FCSA:DF_QGDP_CUR(1.8.0),AE,Q,MILAED,FCSC,ELE,Q3,CUR,VAL,2023,22374,,,,0
FCSA:DF_QGDP_CUR(1.8.0),AE,Q,MILAED,FCSC,ELE,Q3,CUR,VAL,2024,23491,,,,0
FCSA:DF_QGDP_CUR(1.8.0),AE,Q,PERCENT,FCSC,TRA,Q1,CUR,GWTH_RATE,2013,-2.92049,,,,1
FCSA:DF_QGDP_CUR(1.8.0),AE,Q,PERCENT,FCSC,TRA,Q1,CUR,GWTH_RATE,2014,11.514314,,,,1
FCSA:DF_QGDP_CUR(1.8.0),AE,Q,PERCENT,FCSC,TRA,Q1,CUR,GWTH_RATE,2015,5.981393,,,,1
FCSA:DF_QGDP_CUR(1.8.0),AE,Q,PERCENT,FCSC,TRA,Q1,CUR,GWTH_RATE,2016,-4.194053,,,,1
FCSA:DF_QGDP_CUR(1.8.0),AE,Q,PERCENT,FCSC,TRA,Q1,CUR,GWTH_RATE,2017,3.6,,,,1
FCSA:DF_QGDP_CUR(1.8.0),AE,Q,PERCENT,FCSC,TRA,Q1,CUR,GWTH_RATE,2018,4.5,,,,1
FCSA:DF_QGDP_CUR(1.8.0),AE,Q,PERCENT,FCSC,TRA,Q1,CUR,GWTH_RATE,2019,-1.3,,,,1
FCSA:DF_QGDP_CUR(1.8.0),AE,Q,PERCENT,FCSC,TRA,Q1,CUR,GWTH_RATE,2020,11.4,,,,1
FCSA:DF_QGDP_CUR(1.8.0),AE,Q,PERCENT,FCSC,TRA,Q1,CUR,GWTH_RATE,2021,-23.6,,,,1
FCSA:DF_QGDP_CUR(1.8.0),AE,Q,PERCENT,FCSC,TRA,Q1,CUR,GWTH_RATE,2022,34.2,,,,1
FCSA:DF_QGDP_CUR(1.8.0),AE,Q,PERCENT,FCSC,TRA,Q1,CUR,GWTH_RATE,2023,29.9,,,,1
FCSA:DF_QGDP_CUR(1.8.0),AE,Q,PERCENT,FCSC,TRA,Q1,CUR,GWTH_RATE,2024,3.5,,,,1
FCSA:DF_QGDP_CUR(1.8.0),AE,Q,PERCENT,FCSC,TRA,Q1,CUR,GWTH_RATE,2025,12.07593407,,,,1
FCSA:DF_QGDP_CUR(1.8.0),AE,Q,MILAED,FCSC,NFC,Q3,CUR,VAL,2012,317173,,,,0
FCSA:DF_QGDP_CUR(1.8.0),AE,Q,MILAED,FCSC,NFC,Q3,CUR,VAL,2013,332076,,,,0
FCSA:DF_QGDP_CUR(1.8.0),AE,Q,MILAED,FCSC,NFC,Q3,CUR,VAL,2014,346785,,,,0
FCSA:DF_QGDP_CUR(1.8.0),AE,Q,MILAED,FCSC,NFC,Q3,CUR,VAL,2015,293645,,,,0
FCSA:DF_QGDP_CUR(1.8.0),AE,Q,MILAED,FCSC,NFC,Q3,CUR,VAL,2016,290983,,,,0
FCSA:DF_QGDP_CUR(1.8.0),AE,Q,MILAED,FCSC,NFC,Q3,CUR,VAL,2017,300451,,,,0
FCSA:DF_QGDP_CUR(1.8.0),AE,Q,MILAED,FCSC,NFC,Q3,CUR,VAL,2018,340346,,,,0
FCSA:DF_QGDP_CUR(1.8.0),AE,Q,MILAED,FCSC,NFC,Q3,CUR,VAL,2019,325418,,,,0
FCSA:DF_QGDP_CUR(1.8.0),AE,Q,MILAED,FCSC,NFC,Q3,CUR,VAL,2020,258165,,,,0
FCSA:DF_QGDP_CUR(1.8.0),AE,Q,MILAED,FCSC,NFC,Q3,CUR,VAL,2021,326760,,,,0
FCSA:DF_QGDP_CUR(1.8.0),AE,Q,MILAED,FCSC,NFC,Q3,CUR,VAL,2022,421889,,,,0
FCSA:DF_QGDP_CUR(1.8.0),AE,Q,MILAED,FCSC,NFC,Q3,CUR,VAL,2023,401327,,,,0
FCSA:DF_QGDP_CUR(1.8.0),AE,Q,MILAED,FCSC,NFC,Q3,CUR,VAL,2024,428536,,,,0
FCSA:DF_QGDP_CUR(1.8.0),AE,Q,PERCENT,FCSC,PRO,Q3,CUR,GWTH_RATE,2013,12.945117,,,,1
FCSA:DF_QGDP_CUR(1.8.0),AE,Q,PERCENT,FCSC,PRO,Q3,CUR,GWTH_RATE,2014,7.51567,,,,1
FCSA:DF_QGDP_CUR(1.8.0),AE,Q,PERCENT,FCSC,PRO,Q3,CUR,GWTH_RATE,2015,6.676135,,,,1
FCSA:DF_QGDP_CUR(1.8.0),AE,Q,PERCENT,FCSC,PRO,Q3,CUR,GWTH_RATE,2016,2.916665,,,,1
FCSA:DF_QGDP_CUR(1.8.0),AE,Q,PERCENT,FCSC,PRO,Q3,CUR,GWTH_RATE,2017,-0.5,,,,1
FCSA:DF_QGDP_CUR(1.8.0),AE,Q,PERCENT,FCSC,PRO,Q3,CUR,GWTH_RATE,2018,5.3,,,,1
FCSA:DF_QGDP_CUR(1.8.0),AE,Q,PERCENT,FCSC,PRO,Q3,CUR,GWTH_RATE,2019,4.4,,,,1
FCSA:DF_QGDP_CUR(1.8.0),AE,Q,PERCENT,FCSC,PRO,Q3,CUR,GWTH_RATE,2020,-16.8,,,,1
FCSA:DF_QGDP_CUR(1.8.0),AE,Q,PERCENT,FCSC,PRO,Q3,CUR,GWTH_RATE,2021,13.3,,,,1
FCSA:DF_QGDP_CUR(1.8.0),AE,Q,PERCENT,FCSC,PRO,Q3,CUR,GWTH_RATE,2022,8.1,,,,1
FCSA:DF_QGDP_CUR(1.8.0),AE,Q,PERCENT,FCSC,PRO,Q3,CUR,GWTH_RATE,2023,17.1,,,,1
FCSA:DF_QGDP_CUR(1.8.0),AE,Q,PERCENT,FCSC,PRO,Q3,CUR,GWTH_RATE,2024,3.2,,,,1
FCSA:DF_QGDP_CUR(1.8.0),AE,Q,MILAED,FCSC,AGR,Q3,CUR,VAL,2012,778,,,,0
FCSA:DF_QGDP_CUR(1.8.0),AE,Q,MILAED,FCSC,AGR,Q3,CUR,VAL,2013,1490,,,,0
FCSA:DF_QGDP_CUR(1.8.0),AE,Q,MILAED,FCSC,AGR,Q3,CUR,VAL,2014,1752,,,,0
FCSA:DF_QGDP_CUR(1.8.0),AE,Q,MILAED,FCSC,AGR,Q3,CUR,VAL,2015,2819,,,,0
FCSA:DF_QGDP_CUR(1.8.0),AE,Q,MILAED,FCSC,AGR,Q3,CUR,VAL,2016,2671,,,,0
FCSA:DF_QGDP_CUR(1.8.0),AE,Q,MILAED,FCSC,AGR,Q3,CUR,VAL,2017,2776,,,,0
FCSA:DF_QGDP_CUR(1.8.0),AE,Q,MILAED,FCSC,AGR,Q3,CUR,VAL,2018,2738,,,,0
FCSA:DF_QGDP_CUR(1.8.0),AE,Q,MILAED,FCSC,AGR,Q3,CUR,VAL,2019,2944,,,,0
FCSA:DF_QGDP_CUR(1.8.0),AE,Q,MILAED,FCSC,AGR,Q3,CUR,VAL,2020,3066,,,,0
FCSA:DF_QGDP_CUR(1.8.0),AE,Q,MILAED,FCSC,AGR,Q3,CUR,VAL,2021,3342,,,,0
FCSA:DF_QGDP_CUR(1.8.0),AE,Q,MILAED,FCSC,AGR,Q3,CUR,VAL,2022,3371,,,,0
FCSA:DF_QGDP_CUR(1.8.0),AE,Q,MILAED,FCSC,AGR,Q3,CUR,VAL,2023,3573,,,,0
FCSA:DF_QGDP_CUR(1.8.0),AE,Q,MILAED,FCSC,AGR,Q3,CUR,VAL,2024,3863,,,,0
FCSA:DF_QGDP_CUR(1.8.0),AE,Q,PERCENT,FCSC,MIN,Q2,CUR,GWTH_RATE,2013,-0.40668,,,,1
FCSA:DF_QGDP_CUR(1.8.0),AE,Q,PERCENT,FCSC,MIN,Q2,CUR,GWTH_RATE,2014,7.299673,,,,1
FCSA:DF_QGDP_CUR(1.8.0),AE,Q,PERCENT,FCSC,MIN,Q2,CUR,GWTH_RATE,2015,-37.300706,,,,1
FCSA:DF_QGDP_CUR(1.8.0),AE,Q,PERCENT,FCSC,MIN,Q2,CUR,GWTH_RATE,2016,-25.11102,,,,1
FCSA:DF_QGDP_CUR(1.8.0),AE,Q,PERCENT,FCSC,MIN,Q2,CUR,GWTH_RATE,2017,6.5,,,,1
FCSA:DF_QGDP_CUR(1.8.0),AE,Q,PERCENT,FCSC,MIN,Q2,CUR,GWTH_RATE,2018,45.6,,,,1
FCSA:DF_QGDP_CUR(1.8.0),AE,Q,PERCENT,FCSC,MIN,Q2,CUR,GWTH_RATE,2019,-8.1,,,,1
FCSA:DF_QGDP_CUR(1.8.0),AE,Q,PERCENT,FCSC,MIN,Q2,CUR,GWTH_RATE,2020,-57.3,,,,1
FCSA:DF_QGDP_CUR(1.8.0),AE,Q,PERCENT,FCSC,MIN,Q2,CUR,GWTH_RATE,2021,126.5,,,,1
FCSA:DF_QGDP_CUR(1.8.0),AE,Q,PERCENT,FCSC,MIN,Q2,CUR,GWTH_RATE,2022,72.3,,,,1
FCSA:DF_QGDP_CUR(1.8.0),AE,Q,PERCENT,FCSC,MIN,Q2,CUR,GWTH_RATE,2023,-25.3,,,,1
FCSA:DF_QGDP_CUR(1.8.0),AE,Q,PERCENT,FCSC,MIN,Q2,CUR,GWTH_RATE,2024,6.4,,,,1
FCSA:DF_QGDP_CUR(1.8.0),AE,Q,PERCENT,FCSC,FIN,Q4,CUR,GWTH_RATE,2013,22.344656,,,,1
FCSA:DF_QGDP_CUR(1.8.0),AE,Q,PERCENT,FCSC,FIN,Q4,CUR,GWTH_RATE,2014,10.19603,,,,1
FCSA:DF_QGDP_CUR(1.8.0),AE,Q,PERCENT,FCSC,FIN,Q4,CUR,GWTH_RATE,2015,7.677269,,,,1
FCSA:DF_QGDP_CUR(1.8.0),AE,Q,PERCENT,FCSC,FIN,Q4,CUR,GWTH_RATE,2016,6.44506,,,,1
FCSA:DF_QGDP_CUR(1.8.0),AE,Q,PERCENT,FCSC,FIN,Q4,CUR,GWTH_RATE,2017,-2.1,,,,1
FCSA:DF_QGDP_CUR(1.8.0),AE,Q,PERCENT,FCSC,FIN,Q4,CUR,GWTH_RATE,2018,3.4,,,,1
FCSA:DF_QGDP_CUR(1.8.0),AE,Q,PERCENT,FCSC,FIN,Q4,CUR,GWTH_RATE,2019,4.1,,,,1
FCSA:DF_QGDP_CUR(1.8.0),AE,Q,PERCENT,FCSC,FIN,Q4,CUR,GWTH_RATE,2020,-16.2,,,,1
FCSA:DF_QGDP_CUR(1.8.0),AE,Q,PERCENT,FCSC,FIN,Q4,CUR,GWTH_RATE,2021,6.3,,,,1
FCSA:DF_QGDP_CUR(1.8.0),AE,Q,PERCENT,FCSC,FIN,Q4,CUR,GWTH_RATE,2022,15.5,,,,1
FCSA:DF_QGDP_CUR(1.8.0),AE,Q,PERCENT,FCSC,FIN,Q4,CUR,GWTH_RATE,2023,9.6,,,,1
FCSA:DF_QGDP_CUR(1.8.0),AE,Q,PERCENT,FCSC,FIN,Q4,CUR,GWTH_RATE,2024,8.5,,,,1
FCSA:DF_QGDP_CUR(1.8.0),AE,Q,PERCENT,FCSC,WHO,Q3,CUR,GWTH_RATE,2013,8.419585,,,,1
FCSA:DF_QGDP_CUR(1.8.0),AE,Q,PERCENT,FCSC,WHO,Q3,CUR,GWTH_RATE,2014,3.793008,,,,1
FCSA:DF_QGDP_CUR(1.8.0),AE,Q,PERCENT,FCSC,WHO,Q3,CUR,GWTH_RATE,2015,4.052083,,,,1
FCSA:DF_QGDP_CUR(1.8.0),AE,Q,PERCENT,FCSC,WHO,Q3,CUR,GWTH_RATE,2016,2.944254,,,,1
FCSA:DF_QGDP_CUR(1.8.0),AE,Q,PERCENT,FCSC,WHO,Q3,CUR,GWTH_RATE,2017,3.2,,,,1
FCSA:DF_QGDP_CUR(1.8.0),AE,Q,PERCENT,FCSC,WHO,Q3,CUR,GWTH_RATE,2018,1.4,,,,1
FCSA:DF_QGDP_CUR(1.8.0),AE,Q,PERCENT,FCSC,WHO,Q3,CUR,GWTH_RATE,2019,3.7,,,,1
FCSA:DF_QGDP_CUR(1.8.0),AE,Q,PERCENT,FCSC,WHO,Q3,CUR,GWTH_RATE,2020,-11.6,,,,1
FCSA:DF_QGDP_CUR(1.8.0),AE,Q,PERCENT,FCSC,WHO,Q3,CUR,GWTH_RATE,2021,4.8,,,,1
FCSA:DF_QGDP_CUR(1.8.0),AE,Q,PERCENT,FCSC,WHO,Q3,CUR,GWTH_RATE,2022,10.4,,,,1
FCSA:DF_QGDP_CUR(1.8.0),AE,Q,PERCENT,FCSC,WHO,Q3,CUR,GWTH_RATE,2023,8.8,,,,1
FCSA:DF_QGDP_CUR(1.8.0),AE,Q,PERCENT,FCSC,WHO,Q3,CUR,GWTH_RATE,2024,5,,,,1
FCSA:DF_QGDP_CUR(1.8.0),AE,Q,MILAED,FCSC,ELE,Q2,CUR,VAL,2012,9419,,,,0
FCSA:DF_QGDP_CUR(1.8.0),AE,Q,MILAED,FCSC,ELE,Q2,CUR,VAL,2013,9467,,,,0
FCSA:DF_QGDP_CUR(1.8.0),AE,Q,MILAED,FCSC,ELE,Q2,CUR,VAL,2014,10247,,,,0
FCSA:DF_QGDP_CUR(1.8.0),AE,Q,MILAED,FCSC,ELE,Q2,CUR,VAL,2015,12428,,,,0
FCSA:DF_QGDP_CUR(1.8.0),AE,Q,MILAED,FCSC,ELE,Q2,CUR,VAL,2016,12714,,,,0
FCSA:DF_QGDP_CUR(1.8.0),AE,Q,MILAED,FCSC,ELE,Q2,CUR,VAL,2017,14917,,,,0
FCSA:DF_QGDP_CUR(1.8.0),AE,Q,MILAED,FCSC,ELE,Q2,CUR,VAL,2018,14901,,,,0
FCSA:DF_QGDP_CUR(1.8.0),AE,Q,MILAED,FCSC,ELE,Q2,CUR,VAL,2019,15794,,,,0
FCSA:DF_QGDP_CUR(1.8.0),AE,Q,MILAED,FCSC,ELE,Q2,CUR,VAL,2020,15407,,,,0
FCSA:DF_QGDP_CUR(1.8.0),AE,Q,MILAED,FCSC,ELE,Q2,CUR,VAL,2021,18290,,,,0
FCSA:DF_QGDP_CUR(1.8.0),AE,Q,MILAED,FCSC,ELE,Q2,CUR,VAL,2022,19903,,,,0
FCSA:DF_QGDP_CUR(1.8.0),AE,Q,MILAED,FCSC,ELE,Q2,CUR,VAL,2023,21750,,,,0
FCSA:DF_QGDP_CUR(1.8.0),AE,Q,MILAED,FCSC,ELE,Q2,CUR,VAL,2024,22582,,,,0
FCSA:DF_QGDP_CUR(1.8.0),AE,Q,PERCENT,FCSC,INF,Q3,CUR,GWTH_RATE,2013,5.46035,,,,1
FCSA:DF_QGDP_CUR(1.8.0),AE,Q,PERCENT,FCSC,INF,Q3,CUR,GWTH_RATE,2014,10.369205,,,,1
FCSA:DF_QGDP_CUR(1.8.0),AE,Q,PERCENT,FCSC,INF,Q3,CUR,GWTH_RATE,2015,4.566078,,,,1
FCSA:DF_QGDP_CUR(1.8.0),AE,Q,PERCENT,FCSC,INF,Q3,CUR,GWTH_RATE,2016,5.961115,,,,1
FCSA:DF_QGDP_CUR(1.8.0),AE,Q,PERCENT,FCSC,INF,Q3,CUR,GWTH_RATE,2017,1.7,,,,1
FCSA:DF_QGDP_CUR(1.8.0),AE,Q,PERCENT,FCSC,INF,Q3,CUR,GWTH_RATE,2018,3.4,,,,1
FCSA:DF_QGDP_CUR(1.8.0),AE,Q,PERCENT,FCSC,INF,Q3,CUR,GWTH_RATE,2019,3,,,,1
FCSA:DF_QGDP_CUR(1.8.0),AE,Q,PERCENT,FCSC,INF,Q3,CUR,GWTH_RATE,2020,1.2,,,,1
FCSA:DF_QGDP_CUR(1.8.0),AE,Q,PERCENT,FCSC,INF,Q3,CUR,GWTH_RATE,2021,3.3,,,,1
FCSA:DF_QGDP_CUR(1.8.0),AE,Q,PERCENT,FCSC,INF,Q3,CUR,GWTH_RATE,2022,5.4,,,,1
FCSA:DF_QGDP_CUR(1.8.0),AE,Q,PERCENT,FCSC,INF,Q3,CUR,GWTH_RATE,2023,2.8,,,,1
FCSA:DF_QGDP_CUR(1.8.0),AE,Q,PERCENT,FCSC,INF,Q3,CUR,GWTH_RATE,2024,6.3,,,,1
FCSA:DF_QGDP_CUR(1.8.0),AE,Q,PERCENT,FCSC,ACT,Q2,CUR,GWTH_RATE,2013,18.99019,,,,1
FCSA:DF_QGDP_CUR(1.8.0),AE,Q,PERCENT,FCSC,ACT,Q2,CUR,GWTH_RATE,2014,18.163394,,,,1
FCSA:DF_QGDP_CUR(1.8.0),AE,Q,PERCENT,FCSC,ACT,Q2,CUR,GWTH_RATE,2015,9.590116,,,,1
FCSA:DF_QGDP_CUR(1.8.0),AE,Q,PERCENT,FCSC,ACT,Q2,CUR,GWTH_RATE,2016,6.752575,,,,1
FCSA:DF_QGDP_CUR(1.8.0),AE,Q,PERCENT,FCSC,ACT,Q2,CUR,GWTH_RATE,2017,7.1,,,,1
FCSA:DF_QGDP_CUR(1.8.0),AE,Q,PERCENT,FCSC,ACT,Q2,CUR,GWTH_RATE,2018,7.2,,,,1
FCSA:DF_QGDP_CUR(1.8.0),AE,Q,PERCENT,FCSC,ACT,Q2,CUR,GWTH_RATE,2019,7,,,,1
FCSA:DF_QGDP_CUR(1.8.0),AE,Q,PERCENT,FCSC,ACT,Q2,CUR,GWTH_RATE,2020,1.5,,,,1
FCSA:DF_QGDP_CUR(1.8.0),AE,Q,PERCENT,FCSC,ACT,Q2,CUR,GWTH_RATE,2021,-2,,,,1
FCSA:DF_QGDP_CUR(1.8.0),AE,Q,PERCENT,FCSC,ACT,Q2,CUR,GWTH_RATE,2022,9.4,,,,1
FCSA:DF_QGDP_CUR(1.8.0),AE,Q,PERCENT,FCSC,ACT,Q2,CUR,GWTH_RATE,2023,3.7,,,,1
FCSA:DF_QGDP_CUR(1.8.0),AE,Q,PERCENT,FCSC,ACT,Q2,CUR,GWTH_RATE,2024,3.8,,,,1
FCSA:DF_QGDP_CUR(1.8.0),AE,Q,MILAED,FCSC,ART,Q4,CUR,VAL,2012,1934,,,,0
FCSA:DF_QGDP_CUR(1.8.0),AE,Q,MILAED,FCSC,ART,Q4,CUR,VAL,2013,1726,,,,0
FCSA:DF_QGDP_CUR(1.8.0),AE,Q,MILAED,FCSC,ART,Q4,CUR,VAL,2014,2106,,,,0
FCSA:DF_QGDP_CUR(1.8.0),AE,Q,MILAED,FCSC,ART,Q4,CUR,VAL,2015,2233,,,,0
FCSA:DF_QGDP_CUR(1.8.0),AE,Q,MILAED,FCSC,ART,Q4,CUR,VAL,2016,2516,,,,0
FCSA:DF_QGDP_CUR(1.8.0),AE,Q,MILAED,FCSC,ART,Q4,CUR,VAL,2017,2626,,,,0
FCSA:DF_QGDP_CUR(1.8.0),AE,Q,MILAED,FCSC,ART,Q4,CUR,VAL,2018,2513,,,,0
FCSA:DF_QGDP_CUR(1.8.0),AE,Q,MILAED,FCSC,ART,Q4,CUR,VAL,2019,2739,,,,0
FCSA:DF_QGDP_CUR(1.8.0),AE,Q,MILAED,FCSC,ART,Q4,CUR,VAL,2020,2433,,,,0
FCSA:DF_QGDP_CUR(1.8.0),AE,Q,MILAED,FCSC,ART,Q4,CUR,VAL,2021,3446,,,,0
FCSA:DF_QGDP_CUR(1.8.0),AE,Q,MILAED,FCSC,ART,Q4,CUR,VAL,2022,3559,,,,0
FCSA:DF_QGDP_CUR(1.8.0),AE,Q,MILAED,FCSC,ART,Q4,CUR,VAL,2023,3861,,,,0
FCSA:DF_QGDP_CUR(1.8.0),AE,Q,MILAED,FCSC,ART,Q4,CUR,VAL,2024,4084,,,,0
FCSA:DF_QGDP_CUR(1.8.0),AE,Q,PERCENT,FCSC,REA,Q3,CUR,GWTH_RATE,2013,3.392332,,,,1
FCSA:DF_QGDP_CUR(1.8.0),AE,Q,PERCENT,FCSC,REA,Q3,CUR,GWTH_RATE,2014,15.114565,,,,1
FCSA:DF_QGDP_CUR(1.8.0),AE,Q,PERCENT,FCSC,REA,Q3,CUR,GWTH_RATE,2015,6.751011,,,,1
FCSA:DF_QGDP_CUR(1.8.0),AE,Q,PERCENT,FCSC,REA,Q3,CUR,GWTH_RATE,2016,10.088393,,,,1
FCSA:DF_QGDP_CUR(1.8.0),AE,Q,PERCENT,FCSC,REA,Q3,CUR,GWTH_RATE,2017,-0.7,,,,1
FCSA:DF_QGDP_CUR(1.8.0),AE,Q,PERCENT,FCSC,REA,Q3,CUR,GWTH_RATE,2018,-9.2,,,,1
FCSA:DF_QGDP_CUR(1.8.0),AE,Q,PERCENT,FCSC,REA,Q3,CUR,GWTH_RATE,2019,-2.1,,,,1
FCSA:DF_QGDP_CUR(1.8.0),AE,Q,PERCENT,FCSC,REA,Q3,CUR,GWTH_RATE,2020,-18.1,,,,1
FCSA:DF_QGDP_CUR(1.8.0),AE,Q,PERCENT,FCSC,REA,Q3,CUR,GWTH_RATE,2021,9.3,,,,1
FCSA:DF_QGDP_CUR(1.8.0),AE,Q,PERCENT,FCSC,REA,Q3,CUR,GWTH_RATE,2022,12.4,,,,1
FCSA:DF_QGDP_CUR(1.8.0),AE,Q,PERCENT,FCSC,REA,Q3,CUR,GWTH_RATE,2023,10.2,,,,1
FCSA:DF_QGDP_CUR(1.8.0),AE,Q,PERCENT,FCSC,REA,Q3,CUR,GWTH_RATE,2024,10.4,,,,1
FCSA:DF_QGDP_CUR(1.8.0),AE,Q,PERCENT,FCSC,HUM,Q2,CUR,GWTH_RATE,2013,13.346896,,,,1
FCSA:DF_QGDP_CUR(1.8.0),AE,Q,PERCENT,FCSC,HUM,Q2,CUR,GWTH_RATE,2014,16.166724,,,,1
FCSA:DF_QGDP_CUR(1.8.0),AE,Q,PERCENT,FCSC,HUM,Q2,CUR,GWTH_RATE,2015,7.488012,,,,1
FCSA:DF_QGDP_CUR(1.8.0),AE,Q,PERCENT,FCSC,HUM,Q2,CUR,GWTH_RATE,2016,4.231888,,,,1
FCSA:DF_QGDP_CUR(1.8.0),AE,Q,PERCENT,FCSC,HUM,Q2,CUR,GWTH_RATE,2017,4,,,,1
FCSA:DF_QGDP_CUR(1.8.0),AE,Q,PERCENT,FCSC,HUM,Q2,CUR,GWTH_RATE,2018,2.9,,,,1
FCSA:DF_QGDP_CUR(1.8.0),AE,Q,PERCENT,FCSC,HUM,Q2,CUR,GWTH_RATE,2019,10.2,,,,1
FCSA:DF_QGDP_CUR(1.8.0),AE,Q,PERCENT,FCSC,HUM,Q2,CUR,GWTH_RATE,2020,-10.5,,,,1
FCSA:DF_QGDP_CUR(1.8.0),AE,Q,PERCENT,FCSC,HUM,Q2,CUR,GWTH_RATE,2021,27,,,,1
FCSA:DF_QGDP_CUR(1.8.0),AE,Q,PERCENT,FCSC,HUM,Q2,CUR,GWTH_RATE,2022,19.3,,,,1
FCSA:DF_QGDP_CUR(1.8.0),AE,Q,PERCENT,FCSC,HUM,Q2,CUR,GWTH_RATE,2023,8.1,,,,1
FCSA:DF_QGDP_CUR(1.8.0),AE,Q,PERCENT,FCSC,HUM,Q2,CUR,GWTH_RATE,2024,7.3,,,,1
FCSA:DF_QGDP_CUR(1.8.0),AE,Q,PERCENT,FCSC,ART,Q1,CUR,GWTH_RATE,2013,4.573234,,,,1
FCSA:DF_QGDP_CUR(1.8.0),AE,Q,PERCENT,FCSC,ART,Q1,CUR,GWTH_RATE,2014,-4.359837,,,,1
FCSA:DF_QGDP_CUR(1.8.0),AE,Q,PERCENT,FCSC,ART,Q1,CUR,GWTH_RATE,2015,10.089501,,,,1
FCSA:DF_QGDP_CUR(1.8.0),AE,Q,PERCENT,FCSC,ART,Q1,CUR,GWTH_RATE,2016,16.577811,,,,1
FCSA:DF_QGDP_CUR(1.8.0),AE,Q,PERCENT,FCSC,ART,Q1,CUR,GWTH_RATE,2017,6,,,,1
FCSA:DF_QGDP_CUR(1.8.0),AE,Q,PERCENT,FCSC,ART,Q1,CUR,GWTH_RATE,2018,8.5,,,,1
FCSA:DF_QGDP_CUR(1.8.0),AE,Q,PERCENT,FCSC,ART,Q1,CUR,GWTH_RATE,2019,-7.2,,,,1
FCSA:DF_QGDP_CUR(1.8.0),AE,Q,PERCENT,FCSC,ART,Q1,CUR,GWTH_RATE,2020,1.6,,,,1
FCSA:DF_QGDP_CUR(1.8.0),AE,Q,PERCENT,FCSC,ART,Q1,CUR,GWTH_RATE,2021,-34.8,,,,1
FCSA:DF_QGDP_CUR(1.8.0),AE,Q,PERCENT,FCSC,ART,Q1,CUR,GWTH_RATE,2022,34.1,,,,1
FCSA:DF_QGDP_CUR(1.8.0),AE,Q,PERCENT,FCSC,ART,Q1,CUR,GWTH_RATE,2023,17.7,,,,1
FCSA:DF_QGDP_CUR(1.8.0),AE,Q,PERCENT,FCSC,ART,Q1,CUR,GWTH_RATE,2024,1,,,,1
FCSA:DF_QGDP_CUR(1.8.0),AE,Q,PERCENT,FCSC,ART,Q1,CUR,GWTH_RATE,2025,8.000168352,,,,1
FCSA:DF_QGDP_CUR(1.8.0),AE,Q,MILAED,FCSC,TRA,Q4,CUR,VAL,2012,15902,,,,0
FCSA:DF_QGDP_CUR(1.8.0),AE,Q,MILAED,FCSC,TRA,Q4,CUR,VAL,2013,19597,,,,0
FCSA:DF_QGDP_CUR(1.8.0),AE,Q,MILAED,FCSC,TRA,Q4,CUR,VAL,2014,19353,,,,0
FCSA:DF_QGDP_CUR(1.8.0),AE,Q,MILAED,FCSC,TRA,Q4,CUR,VAL,2015,21208,,,,0
FCSA:DF_QGDP_CUR(1.8.0),AE,Q,MILAED,FCSC,TRA,Q4,CUR,VAL,2016,17325,,,,0
FCSA:DF_QGDP_CUR(1.8.0),AE,Q,MILAED,FCSC,TRA,Q4,CUR,VAL,2017,17675,,,,0
FCSA:DF_QGDP_CUR(1.8.0),AE,Q,MILAED,FCSC,TRA,Q4,CUR,VAL,2018,18055,,,,0
FCSA:DF_QGDP_CUR(1.8.0),AE,Q,MILAED,FCSC,TRA,Q4,CUR,VAL,2019,18599,,,,0
FCSA:DF_QGDP_CUR(1.8.0),AE,Q,MILAED,FCSC,TRA,Q4,CUR,VAL,2020,13251,,,,0
FCSA:DF_QGDP_CUR(1.8.0),AE,Q,MILAED,FCSC,TRA,Q4,CUR,VAL,2021,16683,,,,0
FCSA:DF_QGDP_CUR(1.8.0),AE,Q,MILAED,FCSC,TRA,Q4,CUR,VAL,2022,20014,,,,0
FCSA:DF_QGDP_CUR(1.8.0),AE,Q,MILAED,FCSC,TRA,Q4,CUR,VAL,2023,21995,,,,0
FCSA:DF_QGDP_CUR(1.8.0),AE,Q,MILAED,FCSC,TRA,Q4,CUR,VAL,2024,26753,,,,0
FCSA:DF_QGDP_CUR(1.8.0),AE,Q,PERCENT,FCSC,ELE,Q4,CUR,GWTH_RATE,2013,-2.685665,,,,1
FCSA:DF_QGDP_CUR(1.8.0),AE,Q,PERCENT,FCSC,ELE,Q4,CUR,GWTH_RATE,2014,24.303978,,,,1
FCSA:DF_QGDP_CUR(1.8.0),AE,Q,PERCENT,FCSC,ELE,Q4,CUR,GWTH_RATE,2015,10.605127,,,,1
FCSA:DF_QGDP_CUR(1.8.0),AE,Q,PERCENT,FCSC,ELE,Q4,CUR,GWTH_RATE,2016,5.080194,,,,1
FCSA:DF_QGDP_CUR(1.8.0),AE,Q,PERCENT,FCSC,ELE,Q4,CUR,GWTH_RATE,2017,9.2,,,,1
FCSA:DF_QGDP_CUR(1.8.0),AE,Q,PERCENT,FCSC,ELE,Q4,CUR,GWTH_RATE,2018,12.9,,,,1
FCSA:DF_QGDP_CUR(1.8.0),AE,Q,PERCENT,FCSC,ELE,Q4,CUR,GWTH_RATE,2019,-5.3,,,,1
FCSA:DF_QGDP_CUR(1.8.0),AE,Q,PERCENT,FCSC,ELE,Q4,CUR,GWTH_RATE,2020,-0.8,,,,1
FCSA:DF_QGDP_CUR(1.8.0),AE,Q,PERCENT,FCSC,ELE,Q4,CUR,GWTH_RATE,2021,25,,,,1
FCSA:DF_QGDP_CUR(1.8.0),AE,Q,PERCENT,FCSC,ELE,Q4,CUR,GWTH_RATE,2022,-2.7,,,,1
FCSA:DF_QGDP_CUR(1.8.0),AE,Q,PERCENT,FCSC,ELE,Q4,CUR,GWTH_RATE,2023,12.6,,,,1
FCSA:DF_QGDP_CUR(1.8.0),AE,Q,PERCENT,FCSC,ELE,Q4,CUR,GWTH_RATE,2024,10.9,,,,1
FCSA:DF_QGDP_CUR(1.8.0),AE,Q,MILAED,FCSC,PRO,Q3,CUR,VAL,2012,13622,,,,0
FCSA:DF_QGDP_CUR(1.8.0),AE,Q,MILAED,FCSC,PRO,Q3,CUR,VAL,2013,15386,,,,0
FCSA:DF_QGDP_CUR(1.8.0),AE,Q,MILAED,FCSC,PRO,Q3,CUR,VAL,2014,16542,,,,0
FCSA:DF_QGDP_CUR(1.8.0),AE,Q,MILAED,FCSC,PRO,Q3,CUR,VAL,2015,17646,,,,0
FCSA:DF_QGDP_CUR(1.8.0),AE,Q,MILAED,FCSC,PRO,Q3,CUR,VAL,2016,18161,,,,0
FCSA:DF_QGDP_CUR(1.8.0),AE,Q,MILAED,FCSC,PRO,Q3,CUR,VAL,2017,18063,,,,0
FCSA:DF_QGDP_CUR(1.8.0),AE,Q,MILAED,FCSC,PRO,Q3,CUR,VAL,2018,19019,,,,0
FCSA:DF_QGDP_CUR(1.8.0),AE,Q,MILAED,FCSC,PRO,Q3,CUR,VAL,2019,19856,,,,0
FCSA:DF_QGDP_CUR(1.8.0),AE,Q,MILAED,FCSC,PRO,Q3,CUR,VAL,2020,16522,,,,0
FCSA:DF_QGDP_CUR(1.8.0),AE,Q,MILAED,FCSC,PRO,Q3,CUR,VAL,2021,18721,,,,0
FCSA:DF_QGDP_CUR(1.8.0),AE,Q,MILAED,FCSC,PRO,Q3,CUR,VAL,2022,20231,,,,0
FCSA:DF_QGDP_CUR(1.8.0),AE,Q,MILAED,FCSC,PRO,Q3,CUR,VAL,2023,23697,,,,0
FCSA:DF_QGDP_CUR(1.8.0),AE,Q,MILAED,FCSC,PRO,Q3,CUR,VAL,2024,24450,,,,0
FCSA:DF_QGDP_CUR(1.8.0),AE,Q,MILAED,FCSC,PUB,Q2,CUR,VAL,2012,17221,,,,0
FCSA:DF_QGDP_CUR(1.8.0),AE,Q,MILAED,FCSC,PUB,Q2,CUR,VAL,2013,19591,,,,0
FCSA:DF_QGDP_CUR(1.8.0),AE,Q,MILAED,FCSC,PUB,Q2,CUR,VAL,2014,23344,,,,0
FCSA:DF_QGDP_CUR(1.8.0),AE,Q,MILAED,FCSC,PUB,Q2,CUR,VAL,2015,23413,,,,0
FCSA:DF_QGDP_CUR(1.8.0),AE,Q,MILAED,FCSC,PUB,Q2,CUR,VAL,2016,22859,,,,0
FCSA:DF_QGDP_CUR(1.8.0),AE,Q,MILAED,FCSC,PUB,Q2,CUR,VAL,2017,25496,,,,0
FCSA:DF_QGDP_CUR(1.8.0),AE,Q,MILAED,FCSC,PUB,Q2,CUR,VAL,2018,28280,,,,0
FCSA:DF_QGDP_CUR(1.8.0),AE,Q,MILAED,FCSC,PUB,Q2,CUR,VAL,2019,27519,,,,0
FCSA:DF_QGDP_CUR(1.8.0),AE,Q,MILAED,FCSC,PUB,Q2,CUR,VAL,2020,26447,,,,0
FCSA:DF_QGDP_CUR(1.8.0),AE,Q,MILAED,FCSC,PUB,Q2,CUR,VAL,2021,27060,,,,0
FCSA:DF_QGDP_CUR(1.8.0),AE,Q,MILAED,FCSC,PUB,Q2,CUR,VAL,2022,28432,,,,0
FCSA:DF_QGDP_CUR(1.8.0),AE,Q,MILAED,FCSC,PUB,Q2,CUR,VAL,2023,28527,,,,0
FCSA:DF_QGDP_CUR(1.8.0),AE,Q,MILAED,FCSC,PUB,Q2,CUR,VAL,2024,30280,,,,0
FCSA:DF_QGDP_CUR(1.8.0),AE,Q,PERCENT,FCSC,TOT_NO,Q4,CUR,GWTH_RATE,2013,12.823625,,,,1
FCSA:DF_QGDP_CUR(1.8.0),AE,Q,PERCENT,FCSC,TOT_NO,Q4,CUR,GWTH_RATE,2014,5.725578,,,,1
FCSA:DF_QGDP_CUR(1.8.0),AE,Q,PERCENT,FCSC,TOT_NO,Q4,CUR,GWTH_RATE,2015,4.772606,,,,1
FCSA:DF_QGDP_CUR(1.8.0),AE,Q,PERCENT,FCSC,TOT_NO,Q4,CUR,GWTH_RATE,2016,2.757553,,,,1
FCSA:DF_QGDP_CUR(1.8.0),AE,Q,PERCENT,FCSC,TOT_NO,Q4,CUR,GWTH_RATE,2017,4.1,,,,1
FCSA:DF_QGDP_CUR(1.8.0),AE,Q,PERCENT,FCSC,TOT_NO,Q4,CUR,GWTH_RATE,2018,1.2,,,,1
FCSA:DF_QGDP_CUR(1.8.0),AE,Q,PERCENT,FCSC,TOT_NO,Q4,CUR,GWTH_RATE,2019,2.5,,,,1
FCSA:DF_QGDP_CUR(1.8.0),AE,Q,PERCENT,FCSC,TOT_NO,Q4,CUR,GWTH_RATE,2020,-12.1,,,,1
FCSA:DF_QGDP_CUR(1.8.0),AE,Q,PERCENT,FCSC,TOT_NO,Q4,CUR,GWTH_RATE,2021,14.2,,,,1
FCSA:DF_QGDP_CUR(1.8.0),AE,Q,PERCENT,FCSC,TOT_NO,Q4,CUR,GWTH_RATE,2022,9.6,,,,1
FCSA:DF_QGDP_CUR(1.8.0),AE,Q,PERCENT,FCSC,TOT_NO,Q4,CUR,GWTH_RATE,2023,10.8,,,,1
FCSA:DF_QGDP_CUR(1.8.0),AE,Q,PERCENT,FCSC,TOT_NO,Q4,CUR,GWTH_RATE,2024,10.4,,,,1
FCSA:DF_QGDP_CUR(1.8.0),AE,Q,PERCENT,FCSC,ACT,Q3,CUR,GWTH_RATE,2013,25.33657,,,,1
FCSA:DF_QGDP_CUR(1.8.0),AE,Q,PERCENT,FCSC,ACT,Q3,CUR,GWTH_RATE,2014,13.724798,,,,1
FCSA:DF_QGDP_CUR(1.8.0),AE,Q,PERCENT,FCSC,ACT,Q3,CUR,GWTH_RATE,2015,6.101955,,,,1
FCSA:DF_QGDP_CUR(1.8.0),AE,Q,PERCENT,FCSC,ACT,Q3,CUR,GWTH_RATE,2016,6.982085,,,,1
FCSA:DF_QGDP_CUR(1.8.0),AE,Q,PERCENT,FCSC,ACT,Q3,CUR,GWTH_RATE,2017,7.1,,,,1
FCSA:DF_QGDP_CUR(1.8.0),AE,Q,PERCENT,FCSC,ACT,Q3,CUR,GWTH_RATE,2018,7.2,,,,1
FCSA:DF_QGDP_CUR(1.8.0),AE,Q,PERCENT,FCSC,ACT,Q3,CUR,GWTH_RATE,2019,6.2,,,,1
FCSA:DF_QGDP_CUR(1.8.0),AE,Q,PERCENT,FCSC,ACT,Q3,CUR,GWTH_RATE,2020,-1.6,,,,1
FCSA:DF_QGDP_CUR(1.8.0),AE,Q,PERCENT,FCSC,ACT,Q3,CUR,GWTH_RATE,2021,-0.1,,,,1
FCSA:DF_QGDP_CUR(1.8.0),AE,Q,PERCENT,FCSC,ACT,Q3,CUR,GWTH_RATE,2022,7.8,,,,1
FCSA:DF_QGDP_CUR(1.8.0),AE,Q,PERCENT,FCSC,ACT,Q3,CUR,GWTH_RATE,2023,3.4,,,,1
FCSA:DF_QGDP_CUR(1.8.0),AE,Q,PERCENT,FCSC,ACT,Q3,CUR,GWTH_RATE,2024,4.5,,,,1
FCSA:DF_QGDP_CUR(1.8.0),AE,Q,MILAED,FCSC,ACC,Q2,CUR,VAL,2012,6182,,,,0
FCSA:DF_QGDP_CUR(1.8.0),AE,Q,MILAED,FCSC,ACC,Q2,CUR,VAL,2013,6734,,,,0
FCSA:DF_QGDP_CUR(1.8.0),AE,Q,MILAED,FCSC,ACC,Q2,CUR,VAL,2014,8109,,,,0
FCSA:DF_QGDP_CUR(1.8.0),AE,Q,MILAED,FCSC,ACC,Q2,CUR,VAL,2015,7818,,,,0
FCSA:DF_QGDP_CUR(1.8.0),AE,Q,MILAED,FCSC,ACC,Q2,CUR,VAL,2016,7300,,,,0
FCSA:DF_QGDP_CUR(1.8.0),AE,Q,MILAED,FCSC,ACC,Q2,CUR,VAL,2017,7632,,,,0
FCSA:DF_QGDP_CUR(1.8.0),AE,Q,MILAED,FCSC,ACC,Q2,CUR,VAL,2018,7564,,,,0
FCSA:DF_QGDP_CUR(1.8.0),AE,Q,MILAED,FCSC,ACC,Q2,CUR,VAL,2019,7648,,,,0
FCSA:DF_QGDP_CUR(1.8.0),AE,Q,MILAED,FCSC,ACC,Q2,CUR,VAL,2020,2554,,,,0
FCSA:DF_QGDP_CUR(1.8.0),AE,Q,MILAED,FCSC,ACC,Q2,CUR,VAL,2021,7474,,,,0
FCSA:DF_QGDP_CUR(1.8.0),AE,Q,MILAED,FCSC,ACC,Q2,CUR,VAL,2022,9413,,,,0
FCSA:DF_QGDP_CUR(1.8.0),AE,Q,MILAED,FCSC,ACC,Q2,CUR,VAL,2023,10634,,,,0
FCSA:DF_QGDP_CUR(1.8.0),AE,Q,MILAED,FCSC,ACC,Q2,CUR,VAL,2024,11349,,,,0
FCSA:DF_QGDP_CUR(1.8.0),AE,Q,PERCENT,FCSC,FIN,Q3,CUR,GWTH_RATE,2013,20.991013,,,,1
FCSA:DF_QGDP_CUR(1.8.0),AE,Q,PERCENT,FCSC,FIN,Q3,CUR,GWTH_RATE,2014,11.68953,,,,1
FCSA:DF_QGDP_CUR(1.8.0),AE,Q,PERCENT,FCSC,FIN,Q3,CUR,GWTH_RATE,2015,5.491905,,,,1
FCSA:DF_QGDP_CUR(1.8.0),AE,Q,PERCENT,FCSC,FIN,Q3,CUR,GWTH_RATE,2016,5.006653,,,,1
FCSA:DF_QGDP_CUR(1.8.0),AE,Q,PERCENT,FCSC,FIN,Q3,CUR,GWTH_RATE,2017,0.4,,,,1
FCSA:DF_QGDP_CUR(1.8.0),AE,Q,PERCENT,FCSC,FIN,Q3,CUR,GWTH_RATE,2018,0.2,,,,1
FCSA:DF_QGDP_CUR(1.8.0),AE,Q,PERCENT,FCSC,FIN,Q3,CUR,GWTH_RATE,2019,2,,,,1
FCSA:DF_QGDP_CUR(1.8.0),AE,Q,PERCENT,FCSC,FIN,Q3,CUR,GWTH_RATE,2020,-14.3,,,,1
FCSA:DF_QGDP_CUR(1.8.0),AE,Q,PERCENT,FCSC,FIN,Q3,CUR,GWTH_RATE,2021,9.7,,,,1
FCSA:DF_QGDP_CUR(1.8.0),AE,Q,PERCENT,FCSC,FIN,Q3,CUR,GWTH_RATE,2022,13.5,,,,1
FCSA:DF_QGDP_CUR(1.8.0),AE,Q,PERCENT,FCSC,FIN,Q3,CUR,GWTH_RATE,2023,10.4,,,,1
FCSA:DF_QGDP_CUR(1.8.0),AE,Q,PERCENT,FCSC,FIN,Q3,CUR,GWTH_RATE,2024,7.4,,,,1
FCSA:DF_QGDP_CUR(1.8.0),AE,Q,MILAED,FCSC,NFC,Q4,CUR,VAL,2012,307347,,,,0
FCSA:DF_QGDP_CUR(1.8.0),AE,Q,MILAED,FCSC,NFC,Q4,CUR,VAL,2013,322544,,,,0
FCSA:DF_QGDP_CUR(1.8.0),AE,Q,MILAED,FCSC,NFC,Q4,CUR,VAL,2014,305057,,,,0
FCSA:DF_QGDP_CUR(1.8.0),AE,Q,MILAED,FCSC,NFC,Q4,CUR,VAL,2015,270914,,,,0
FCSA:DF_QGDP_CUR(1.8.0),AE,Q,MILAED,FCSC,NFC,Q4,CUR,VAL,2016,289166,,,,0
FCSA:DF_QGDP_CUR(1.8.0),AE,Q,MILAED,FCSC,NFC,Q4,CUR,VAL,2017,304135,,,,0
FCSA:DF_QGDP_CUR(1.8.0),AE,Q,MILAED,FCSC,NFC,Q4,CUR,VAL,2018,338131,,,,0
FCSA:DF_QGDP_CUR(1.8.0),AE,Q,MILAED,FCSC,NFC,Q4,CUR,VAL,2019,318705,,,,0
FCSA:DF_QGDP_CUR(1.8.0),AE,Q,MILAED,FCSC,NFC,Q4,CUR,VAL,2020,255416,,,,0
FCSA:DF_QGDP_CUR(1.8.0),AE,Q,MILAED,FCSC,NFC,Q4,CUR,VAL,2021,341751,,,,0
FCSA:DF_QGDP_CUR(1.8.0),AE,Q,MILAED,FCSC,NFC,Q4,CUR,VAL,2022,391105,,,,0
FCSA:DF_QGDP_CUR(1.8.0),AE,Q,MILAED,FCSC,NFC,Q4,CUR,VAL,2023,411843,,,,0
FCSA:DF_QGDP_CUR(1.8.0),AE,Q,MILAED,FCSC,NFC,Q4,CUR,VAL,2024,427570,,,,0
FCSA:DF_QGDP_CUR(1.8.0),AE,Q,MILAED,FCSC,EDU,Q4,CUR,VAL,2012,4661,,,,0
FCSA:DF_QGDP_CUR(1.8.0),AE,Q,MILAED,FCSC,EDU,Q4,CUR,VAL,2013,4760,,,,0
FCSA:DF_QGDP_CUR(1.8.0),AE,Q,MILAED,FCSC,EDU,Q4,CUR,VAL,2014,5587,,,,0
FCSA:DF_QGDP_CUR(1.8.0),AE,Q,MILAED,FCSC,EDU,Q4,CUR,VAL,2015,5696,,,,0
FCSA:DF_QGDP_CUR(1.8.0),AE,Q,MILAED,FCSC,EDU,Q4,CUR,VAL,2016,6135,,,,0
FCSA:DF_QGDP_CUR(1.8.0),AE,Q,MILAED,FCSC,EDU,Q4,CUR,VAL,2017,6579,,,,0
FCSA:DF_QGDP_CUR(1.8.0),AE,Q,MILAED,FCSC,EDU,Q4,CUR,VAL,2018,6482,,,,0
FCSA:DF_QGDP_CUR(1.8.0),AE,Q,MILAED,FCSC,EDU,Q4,CUR,VAL,2019,6586,,,,0
FCSA:DF_QGDP_CUR(1.8.0),AE,Q,MILAED,FCSC,EDU,Q4,CUR,VAL,2020,6901,,,,0
FCSA:DF_QGDP_CUR(1.8.0),AE,Q,MILAED,FCSC,EDU,Q4,CUR,VAL,2021,7213,,,,0
FCSA:DF_QGDP_CUR(1.8.0),AE,Q,MILAED,FCSC,EDU,Q4,CUR,VAL,2022,7629,,,,0
FCSA:DF_QGDP_CUR(1.8.0),AE,Q,MILAED,FCSC,EDU,Q4,CUR,VAL,2023,8338,,,,0
FCSA:DF_QGDP_CUR(1.8.0),AE,Q,MILAED,FCSC,EDU,Q4,CUR,VAL,2024,8598,,,,0
FCSA:DF_QGDP_CUR(1.8.0),AE,Q,MILAED,FCSC,CON,Q4,CUR,VAL,2012,26639,,,,0
FCSA:DF_QGDP_CUR(1.8.0),AE,Q,MILAED,FCSC,CON,Q4,CUR,VAL,2013,31214,,,,0
FCSA:DF_QGDP_CUR(1.8.0),AE,Q,MILAED,FCSC,CON,Q4,CUR,VAL,2014,31619,,,,0
FCSA:DF_QGDP_CUR(1.8.0),AE,Q,MILAED,FCSC,CON,Q4,CUR,VAL,2015,33812,,,,0
FCSA:DF_QGDP_CUR(1.8.0),AE,Q,MILAED,FCSC,CON,Q4,CUR,VAL,2016,28237,,,,0
FCSA:DF_QGDP_CUR(1.8.0),AE,Q,MILAED,FCSC,CON,Q4,CUR,VAL,2017,33250,,,,0
FCSA:DF_QGDP_CUR(1.8.0),AE,Q,MILAED,FCSC,CON,Q4,CUR,VAL,2018,32344,,,,0
FCSA:DF_QGDP_CUR(1.8.0),AE,Q,MILAED,FCSC,CON,Q4,CUR,VAL,2019,34046,,,,0
FCSA:DF_QGDP_CUR(1.8.0),AE,Q,MILAED,FCSC,CON,Q4,CUR,VAL,2020,31064,,,,0
FCSA:DF_QGDP_CUR(1.8.0),AE,Q,MILAED,FCSC,CON,Q4,CUR,VAL,2021,32871,,,,0
FCSA:DF_QGDP_CUR(1.8.0),AE,Q,MILAED,FCSC,CON,Q4,CUR,VAL,2022,35482,,,,0
FCSA:DF_QGDP_CUR(1.8.0),AE,Q,MILAED,FCSC,CON,Q4,CUR,VAL,2023,39959,,,,0
FCSA:DF_QGDP_CUR(1.8.0),AE,Q,MILAED,FCSC,CON,Q4,CUR,VAL,2024,44558,,,,0
FCSA:DF_QGDP_CUR(1.8.0),AE,Q,PERCENT,FCSC,ACC,Q3,CUR,GWTH_RATE,2013,33.797039,,,,1
FCSA:DF_QGDP_CUR(1.8.0),AE,Q,PERCENT,FCSC,ACC,Q3,CUR,GWTH_RATE,2014,12.975068,,,,1
FCSA:DF_QGDP_CUR(1.8.0),AE,Q,PERCENT,FCSC,ACC,Q3,CUR,GWTH_RATE,2015,6.439575,,,,1
FCSA:DF_QGDP_CUR(1.8.0),AE,Q,PERCENT,FCSC,ACC,Q3,CUR,GWTH_RATE,2016,0.235444,,,,1
FCSA:DF_QGDP_CUR(1.8.0),AE,Q,PERCENT,FCSC,ACC,Q3,CUR,GWTH_RATE,2017,-3.9,,,,1
FCSA:DF_QGDP_CUR(1.8.0),AE,Q,PERCENT,FCSC,ACC,Q3,CUR,GWTH_RATE,2018,0.6,,,,1
FCSA:DF_QGDP_CUR(1.8.0),AE,Q,PERCENT,FCSC,ACC,Q3,CUR,GWTH_RATE,2019,-3,,,,1
FCSA:DF_QGDP_CUR(1.8.0),AE,Q,PERCENT,FCSC,ACC,Q3,CUR,GWTH_RATE,2020,-43.2,,,,1
FCSA:DF_QGDP_CUR(1.8.0),AE,Q,PERCENT,FCSC,ACC,Q3,CUR,GWTH_RATE,2021,86.6,,,,1
FCSA:DF_QGDP_CUR(1.8.0),AE,Q,PERCENT,FCSC,ACC,Q3,CUR,GWTH_RATE,2022,19.6,,,,1
FCSA:DF_QGDP_CUR(1.8.0),AE,Q,PERCENT,FCSC,ACC,Q3,CUR,GWTH_RATE,2023,11.8,,,,1
FCSA:DF_QGDP_CUR(1.8.0),AE,Q,PERCENT,FCSC,ACC,Q3,CUR,GWTH_RATE,2024,4.2,,,,1
FCSA:DF_QGDP_CUR(1.8.0),AE,Q,PERCENT,FCSC,TOT_GDP,Q1,CUR,GWTH_RATE,2013,0.715229,,,,1
FCSA:DF_QGDP_CUR(1.8.0),AE,Q,PERCENT,FCSC,TOT_GDP,Q1,CUR,GWTH_RATE,2014,5.193914,,,,1
FCSA:DF_QGDP_CUR(1.8.0),AE,Q,PERCENT,FCSC,TOT_GDP,Q1,CUR,GWTH_RATE,2015,-11.108862,,,,1
FCSA:DF_QGDP_CUR(1.8.0),AE,Q,PERCENT,FCSC,TOT_GDP,Q1,CUR,GWTH_RATE,2016,-4.559303,,,,1
FCSA:DF_QGDP_CUR(1.8.0),AE,Q,PERCENT,FCSC,TOT_GDP,Q1,CUR,GWTH_RATE,2017,11.5,,,,1
FCSA:DF_QGDP_CUR(1.8.0),AE,Q,PERCENT,FCSC,TOT_GDP,Q1,CUR,GWTH_RATE,2018,5.4,,,,1
FCSA:DF_QGDP_CUR(1.8.0),AE,Q,PERCENT,FCSC,TOT_GDP,Q1,CUR,GWTH_RATE,2019,1.9,,,,1
FCSA:DF_QGDP_CUR(1.8.0),AE,Q,PERCENT,FCSC,TOT_GDP,Q1,CUR,GWTH_RATE,2020,-7.9,,,,1
FCSA:DF_QGDP_CUR(1.8.0),AE,Q,PERCENT,FCSC,TOT_GDP,Q1,CUR,GWTH_RATE,2021,-1.5,,,,1
FCSA:DF_QGDP_CUR(1.8.0),AE,Q,PERCENT,FCSC,TOT_GDP,Q1,CUR,GWTH_RATE,2022,19.3,,,,1
FCSA:DF_QGDP_CUR(1.8.0),AE,Q,PERCENT,FCSC,TOT_GDP,Q1,CUR,GWTH_RATE,2023,8.2,,,,1
FCSA:DF_QGDP_CUR(1.8.0),AE,Q,PERCENT,FCSC,TOT_GDP,Q1,CUR,GWTH_RATE,2024,4.4,,,,1
FCSA:DF_QGDP_CUR(1.8.0),AE,Q,PERCENT,FCSC,TOT_GDP,Q1,CUR,GWTH_RATE,2025,3.583592148,,,,1
FCSA:DF_QGDP_CUR(1.8.0),AE,Q,PERCENT,FCSC,WHO,Q2,CUR,GWTH_RATE,2013,9.488797,,,,1
FCSA:DF_QGDP_CUR(1.8.0),AE,Q,PERCENT,FCSC,WHO,Q2,CUR,GWTH_RATE,2014,0.928639,,,,1
FCSA:DF_QGDP_CUR(1.8.0),AE,Q,PERCENT,FCSC,WHO,Q2,CUR,GWTH_RATE,2015,7.218004,,,,1
FCSA:DF_QGDP_CUR(1.8.0),AE,Q,PERCENT,FCSC,WHO,Q2,CUR,GWTH_RATE,2016,8.726247,,,,1
FCSA:DF_QGDP_CUR(1.8.0),AE,Q,PERCENT,FCSC,WHO,Q2,CUR,GWTH_RATE,2017,-3,,,,1
FCSA:DF_QGDP_CUR(1.8.0),AE,Q,PERCENT,FCSC,WHO,Q2,CUR,GWTH_RATE,2018,5,,,,1
FCSA:DF_QGDP_CUR(1.8.0),AE,Q,PERCENT,FCSC,WHO,Q2,CUR,GWTH_RATE,2019,3.4,,,,1
FCSA:DF_QGDP_CUR(1.8.0),AE,Q,PERCENT,FCSC,WHO,Q2,CUR,GWTH_RATE,2020,-19.9,,,,1
FCSA:DF_QGDP_CUR(1.8.0),AE,Q,PERCENT,FCSC,WHO,Q2,CUR,GWTH_RATE,2021,15.6,,,,1
FCSA:DF_QGDP_CUR(1.8.0),AE,Q,PERCENT,FCSC,WHO,Q2,CUR,GWTH_RATE,2022,7,,,,1
FCSA:DF_QGDP_CUR(1.8.0),AE,Q,PERCENT,FCSC,WHO,Q2,CUR,GWTH_RATE,2023,8.7,,,,1
FCSA:DF_QGDP_CUR(1.8.0),AE,Q,PERCENT,FCSC,WHO,Q2,CUR,GWTH_RATE,2024,5.5,,,,1
FCSA:DF_QGDP_CUR(1.8.0),AE,Q,PERCENT,FCSC,INF,Q2,CUR,GWTH_RATE,2013,1.409061,,,,1
FCSA:DF_QGDP_CUR(1.8.0),AE,Q,PERCENT,FCSC,INF,Q2,CUR,GWTH_RATE,2014,9.214528,,,,1
FCSA:DF_QGDP_CUR(1.8.0),AE,Q,PERCENT,FCSC,INF,Q2,CUR,GWTH_RATE,2015,7.787767,,,,1
FCSA:DF_QGDP_CUR(1.8.0),AE,Q,PERCENT,FCSC,INF,Q2,CUR,GWTH_RATE,2016,4.123949,,,,1
FCSA:DF_QGDP_CUR(1.8.0),AE,Q,PERCENT,FCSC,INF,Q2,CUR,GWTH_RATE,2017,6.6,,,,1
FCSA:DF_QGDP_CUR(1.8.0),AE,Q,PERCENT,FCSC,INF,Q2,CUR,GWTH_RATE,2018,3.3,,,,1
FCSA:DF_QGDP_CUR(1.8.0),AE,Q,PERCENT,FCSC,INF,Q2,CUR,GWTH_RATE,2019,5.6,,,,1
FCSA:DF_QGDP_CUR(1.8.0),AE,Q,PERCENT,FCSC,INF,Q2,CUR,GWTH_RATE,2020,-7.1,,,,1
FCSA:DF_QGDP_CUR(1.8.0),AE,Q,PERCENT,FCSC,INF,Q2,CUR,GWTH_RATE,2021,2.7,,,,1
FCSA:DF_QGDP_CUR(1.8.0),AE,Q,PERCENT,FCSC,INF,Q2,CUR,GWTH_RATE,2022,7.5,,,,1
FCSA:DF_QGDP_CUR(1.8.0),AE,Q,PERCENT,FCSC,INF,Q2,CUR,GWTH_RATE,2023,7.1,,,,1
FCSA:DF_QGDP_CUR(1.8.0),AE,Q,PERCENT,FCSC,INF,Q2,CUR,GWTH_RATE,2024,4.5,,,,1
FCSA:DF_QGDP_CUR(1.8.0),AE,Q,MILAED,FCSC,ACC,Q4,CUR,VAL,2012,6804,,,,0
FCSA:DF_QGDP_CUR(1.8.0),AE,Q,MILAED,FCSC,ACC,Q4,CUR,VAL,2013,7845,,,,0
FCSA:DF_QGDP_CUR(1.8.0),AE,Q,MILAED,FCSC,ACC,Q4,CUR,VAL,2014,8266,,,,0
FCSA:DF_QGDP_CUR(1.8.0),AE,Q,MILAED,FCSC,ACC,Q4,CUR,VAL,2015,8003,,,,0
FCSA:DF_QGDP_CUR(1.8.0),AE,Q,MILAED,FCSC,ACC,Q4,CUR,VAL,2016,8070,,,,0
FCSA:DF_QGDP_CUR(1.8.0),AE,Q,MILAED,FCSC,ACC,Q4,CUR,VAL,2017,8583,,,,0
FCSA:DF_QGDP_CUR(1.8.0),AE,Q,MILAED,FCSC,ACC,Q4,CUR,VAL,2018,8878,,,,0
FCSA:DF_QGDP_CUR(1.8.0),AE,Q,MILAED,FCSC,ACC,Q4,CUR,VAL,2019,8993,,,,0
FCSA:DF_QGDP_CUR(1.8.0),AE,Q,MILAED,FCSC,ACC,Q4,CUR,VAL,2020,6691,,,,0
FCSA:DF_QGDP_CUR(1.8.0),AE,Q,MILAED,FCSC,ACC,Q4,CUR,VAL,2021,11336,,,,0
FCSA:DF_QGDP_CUR(1.8.0),AE,Q,MILAED,FCSC,ACC,Q4,CUR,VAL,2022,12173,,,,0
FCSA:DF_QGDP_CUR(1.8.0),AE,Q,MILAED,FCSC,ACC,Q4,CUR,VAL,2023,13999,,,,0
FCSA:DF_QGDP_CUR(1.8.0),AE,Q,MILAED,FCSC,ACC,Q4,CUR,VAL,2024,15642,,,,0
FCSA:DF_QGDP_CUR(1.8.0),AE,Q,PERCENT,FCSC,TOT_GDP,Q2,CUR,GWTH_RATE,2013,3.672051,,,,1
FCSA:DF_QGDP_CUR(1.8.0),AE,Q,PERCENT,FCSC,TOT_GDP,Q2,CUR,GWTH_RATE,2014,9.096852,,,,1
FCSA:DF_QGDP_CUR(1.8.0),AE,Q,PERCENT,FCSC,TOT_GDP,Q2,CUR,GWTH_RATE,2015,-8.57114,,,,1
FCSA:DF_QGDP_CUR(1.8.0),AE,Q,PERCENT,FCSC,TOT_GDP,Q2,CUR,GWTH_RATE,2016,-3.200852,,,,1
FCSA:DF_QGDP_CUR(1.8.0),AE,Q,PERCENT,FCSC,TOT_GDP,Q2,CUR,GWTH_RATE,2017,3.2,,,,1
FCSA:DF_QGDP_CUR(1.8.0),AE,Q,PERCENT,FCSC,TOT_GDP,Q2,CUR,GWTH_RATE,2018,10.7,,,,1
FCSA:DF_QGDP_CUR(1.8.0),AE,Q,PERCENT,FCSC,TOT_GDP,Q2,CUR,GWTH_RATE,2019,-0.1,,,,1
FCSA:DF_QGDP_CUR(1.8.0),AE,Q,PERCENT,FCSC,TOT_GDP,Q2,CUR,GWTH_RATE,2020,-25.8,,,,1
FCSA:DF_QGDP_CUR(1.8.0),AE,Q,PERCENT,FCSC,TOT_GDP,Q2,CUR,GWTH_RATE,2021,27.7,,,,1
FCSA:DF_QGDP_CUR(1.8.0),AE,Q,PERCENT,FCSC,TOT_GDP,Q2,CUR,GWTH_RATE,2022,26,,,,1
FCSA:DF_QGDP_CUR(1.8.0),AE,Q,PERCENT,FCSC,TOT_GDP,Q2,CUR,GWTH_RATE,2023,-1.4,,,,1
FCSA:DF_QGDP_CUR(1.8.0),AE,Q,PERCENT,FCSC,TOT_GDP,Q2,CUR,GWTH_RATE,2024,6.9,,,,1
FCSA:DF_QGDP_CUR(1.8.0),AE,Q,MILAED,FCSC,ACT,Q2,CUR,VAL,2012,1318,,,,0
FCSA:DF_QGDP_CUR(1.8.0),AE,Q,MILAED,FCSC,ACT,Q2,CUR,VAL,2013,1568,,,,0
FCSA:DF_QGDP_CUR(1.8.0),AE,Q,MILAED,FCSC,ACT,Q2,CUR,VAL,2014,1853,,,,0
FCSA:DF_QGDP_CUR(1.8.0),AE,Q,MILAED,FCSC,ACT,Q2,CUR,VAL,2015,2031,,,,0
FCSA:DF_QGDP_CUR(1.8.0),AE,Q,MILAED,FCSC,ACT,Q2,CUR,VAL,2016,2168,,,,0
FCSA:DF_QGDP_CUR(1.8.0),AE,Q,MILAED,FCSC,ACT,Q2,CUR,VAL,2017,2322,,,,0
FCSA:DF_QGDP_CUR(1.8.0),AE,Q,MILAED,FCSC,ACT,Q2,CUR,VAL,2018,2490,,,,0
FCSA:DF_QGDP_CUR(1.8.0),AE,Q,MILAED,FCSC,ACT,Q2,CUR,VAL,2019,2665,,,,0
FCSA:DF_QGDP_CUR(1.8.0),AE,Q,MILAED,FCSC,ACT,Q2,CUR,VAL,2020,2704,,,,0
FCSA:DF_QGDP_CUR(1.8.0),AE,Q,MILAED,FCSC,ACT,Q2,CUR,VAL,2021,2651,,,,0
FCSA:DF_QGDP_CUR(1.8.0),AE,Q,MILAED,FCSC,ACT,Q2,CUR,VAL,2022,2900,,,,0
FCSA:DF_QGDP_CUR(1.8.0),AE,Q,MILAED,FCSC,ACT,Q2,CUR,VAL,2023,3006,,,,0
FCSA:DF_QGDP_CUR(1.8.0),AE,Q,MILAED,FCSC,ACT,Q2,CUR,VAL,2024,3121,,,,0
FCSA:DF_QGDP_CUR(1.8.0),AE,Q,PERCENT,FCSC,MAN,Q2,CUR,GWTH_RATE,2013,8.457039,,,,1
FCSA:DF_QGDP_CUR(1.8.0),AE,Q,PERCENT,FCSC,MAN,Q2,CUR,GWTH_RATE,2014,8.110556,,,,1
FCSA:DF_QGDP_CUR(1.8.0),AE,Q,PERCENT,FCSC,MAN,Q2,CUR,GWTH_RATE,2015,2.301376,,,,1
FCSA:DF_QGDP_CUR(1.8.0),AE,Q,PERCENT,FCSC,MAN,Q2,CUR,GWTH_RATE,2016,2.110874,,,,1
FCSA:DF_QGDP_CUR(1.8.0),AE,Q,PERCENT,FCSC,MAN,Q2,CUR,GWTH_RATE,2017,3.8,,,,1
FCSA:DF_QGDP_CUR(1.8.0),AE,Q,PERCENT,FCSC,MAN,Q2,CUR,GWTH_RATE,2018,6.3,,,,1
FCSA:DF_QGDP_CUR(1.8.0),AE,Q,PERCENT,FCSC,MAN,Q2,CUR,GWTH_RATE,2019,1.8,,,,1
FCSA:DF_QGDP_CUR(1.8.0),AE,Q,PERCENT,FCSC,MAN,Q2,CUR,GWTH_RATE,2020,-17.4,,,,1
FCSA:DF_QGDP_CUR(1.8.0),AE,Q,PERCENT,FCSC,MAN,Q2,CUR,GWTH_RATE,2021,19.4,,,,1
FCSA:DF_QGDP_CUR(1.8.0),AE,Q,PERCENT,FCSC,MAN,Q2,CUR,GWTH_RATE,2022,18.2,,,,1
FCSA:DF_QGDP_CUR(1.8.0),AE,Q,PERCENT,FCSC,MAN,Q2,CUR,GWTH_RATE,2023,3.3,,,,1
FCSA:DF_QGDP_CUR(1.8.0),AE,Q,PERCENT,FCSC,MAN,Q2,CUR,GWTH_RATE,2024,8.7,,,,1
FCSA:DF_QGDP_CUR(1.8.0),AE,Q,MILAED,FCSC,ACT,Q3,CUR,VAL,2012,1359,,,,0
FCSA:DF_QGDP_CUR(1.8.0),AE,Q,MILAED,FCSC,ACT,Q3,CUR,VAL,2013,1703,,,,0
FCSA:DF_QGDP_CUR(1.8.0),AE,Q,MILAED,FCSC,ACT,Q3,CUR,VAL,2014,1937,,,,0
FCSA:DF_QGDP_CUR(1.8.0),AE,Q,MILAED,FCSC,ACT,Q3,CUR,VAL,2015,2055,,,,0
FCSA:DF_QGDP_CUR(1.8.0),AE,Q,MILAED,FCSC,ACT,Q3,CUR,VAL,2016,2199,,,,0
FCSA:DF_QGDP_CUR(1.8.0),AE,Q,MILAED,FCSC,ACT,Q3,CUR,VAL,2017,2355,,,,0
FCSA:DF_QGDP_CUR(1.8.0),AE,Q,MILAED,FCSC,ACT,Q3,CUR,VAL,2018,2523,,,,0
FCSA:DF_QGDP_CUR(1.8.0),AE,Q,MILAED,FCSC,ACT,Q3,CUR,VAL,2019,2678,,,,0
FCSA:DF_QGDP_CUR(1.8.0),AE,Q,MILAED,FCSC,ACT,Q3,CUR,VAL,2020,2636,,,,0
FCSA:DF_QGDP_CUR(1.8.0),AE,Q,MILAED,FCSC,ACT,Q3,CUR,VAL,2021,2633,,,,0
FCSA:DF_QGDP_CUR(1.8.0),AE,Q,MILAED,FCSC,ACT,Q3,CUR,VAL,2022,2837,,,,0
FCSA:DF_QGDP_CUR(1.8.0),AE,Q,MILAED,FCSC,ACT,Q3,CUR,VAL,2023,2934,,,,0
FCSA:DF_QGDP_CUR(1.8.0),AE,Q,MILAED,FCSC,ACT,Q3,CUR,VAL,2024,3067,,,,0
FCSA:DF_QGDP_CUR(1.8.0),AE,Q,MILAED,FCSC,EDU,Q2,CUR,VAL,2012,4328,,,,0
FCSA:DF_QGDP_CUR(1.8.0),AE,Q,MILAED,FCSC,EDU,Q2,CUR,VAL,2013,4696,,,,0
FCSA:DF_QGDP_CUR(1.8.0),AE,Q,MILAED,FCSC,EDU,Q2,CUR,VAL,2014,5133,,,,0
FCSA:DF_QGDP_CUR(1.8.0),AE,Q,MILAED,FCSC,EDU,Q2,CUR,VAL,2015,5500,,,,0
FCSA:DF_QGDP_CUR(1.8.0),AE,Q,MILAED,FCSC,EDU,Q2,CUR,VAL,2016,5825,,,,0
FCSA:DF_QGDP_CUR(1.8.0),AE,Q,MILAED,FCSC,EDU,Q2,CUR,VAL,2017,6176,,,,0
FCSA:DF_QGDP_CUR(1.8.0),AE,Q,MILAED,FCSC,EDU,Q2,CUR,VAL,2018,6619,,,,0
FCSA:DF_QGDP_CUR(1.8.0),AE,Q,MILAED,FCSC,EDU,Q2,CUR,VAL,2019,6675,,,,0
FCSA:DF_QGDP_CUR(1.8.0),AE,Q,MILAED,FCSC,EDU,Q2,CUR,VAL,2020,6524,,,,0
FCSA:DF_QGDP_CUR(1.8.0),AE,Q,MILAED,FCSC,EDU,Q2,CUR,VAL,2021,6677,,,,0
FCSA:DF_QGDP_CUR(1.8.0),AE,Q,MILAED,FCSC,EDU,Q2,CUR,VAL,2022,7281,,,,0
FCSA:DF_QGDP_CUR(1.8.0),AE,Q,MILAED,FCSC,EDU,Q2,CUR,VAL,2023,7668,,,,0
FCSA:DF_QGDP_CUR(1.8.0),AE,Q,MILAED,FCSC,EDU,Q2,CUR,VAL,2024,7886,,,,0
FCSA:DF_QGDP_CUR(1.8.0),AE,Q,MILAED,FCSC,MAN,Q1,CUR,VAL,2012,29427,,,,0
FCSA:DF_QGDP_CUR(1.8.0),AE,Q,MILAED,FCSC,MAN,Q1,CUR,VAL,2013,27198,,,,0
FCSA:DF_QGDP_CUR(1.8.0),AE,Q,MILAED,FCSC,MAN,Q1,CUR,VAL,2014,29915,,,,0
FCSA:DF_QGDP_CUR(1.8.0),AE,Q,MILAED,FCSC,MAN,Q1,CUR,VAL,2015,30498,,,,0
FCSA:DF_QGDP_CUR(1.8.0),AE,Q,MILAED,FCSC,MAN,Q1,CUR,VAL,2016,29996,,,,0
FCSA:DF_QGDP_CUR(1.8.0),AE,Q,MILAED,FCSC,MAN,Q1,CUR,VAL,2017,32942,,,,0
FCSA:DF_QGDP_CUR(1.8.0),AE,Q,MILAED,FCSC,MAN,Q1,CUR,VAL,2018,33617,,,,0
FCSA:DF_QGDP_CUR(1.8.0),AE,Q,MILAED,FCSC,MAN,Q1,CUR,VAL,2019,35033,,,,0
FCSA:DF_QGDP_CUR(1.8.0),AE,Q,MILAED,FCSC,MAN,Q1,CUR,VAL,2020,30418,,,,0
FCSA:DF_QGDP_CUR(1.8.0),AE,Q,MILAED,FCSC,MAN,Q1,CUR,VAL,2021,31916,,,,0
FCSA:DF_QGDP_CUR(1.8.0),AE,Q,MILAED,FCSC,MAN,Q1,CUR,VAL,2022,36794,,,,0
FCSA:DF_QGDP_CUR(1.8.0),AE,Q,MILAED,FCSC,MAN,Q1,CUR,VAL,2023,44301,,,,0
FCSA:DF_QGDP_CUR(1.8.0),AE,Q,MILAED,FCSC,MAN,Q1,CUR,VAL,2024,45368,,,,0
FCSA:DF_QGDP_CUR(1.8.0),AE,Q,MILAED,FCSC,MAN,Q1,CUR,VAL,2025,47890.10366,,,,0
FCSA:DF_QGDP_CUR(1.8.0),AE,Q,MILAED,FCSC,MIN,Q2,CUR,VAL,2012,125531,,,,0
FCSA:DF_QGDP_CUR(1.8.0),AE,Q,MILAED,FCSC,MIN,Q2,CUR,VAL,2013,125021,,,,0
FCSA:DF_QGDP_CUR(1.8.0),AE,Q,MILAED,FCSC,MIN,Q2,CUR,VAL,2014,134147,,,,0
FCSA:DF_QGDP_CUR(1.8.0),AE,Q,MILAED,FCSC,MIN,Q2,CUR,VAL,2015,84109,,,,0
FCSA:DF_QGDP_CUR(1.8.0),AE,Q,MILAED,FCSC,MIN,Q2,CUR,VAL,2016,62988,,,,0
FCSA:DF_QGDP_CUR(1.8.0),AE,Q,MILAED,FCSC,MIN,Q2,CUR,VAL,2017,67100,,,,0
FCSA:DF_QGDP_CUR(1.8.0),AE,Q,MILAED,FCSC,MIN,Q2,CUR,VAL,2018,97719,,,,0
FCSA:DF_QGDP_CUR(1.8.0),AE,Q,MILAED,FCSC,MIN,Q2,CUR,VAL,2019,89829,,,,0
FCSA:DF_QGDP_CUR(1.8.0),AE,Q,MILAED,FCSC,MIN,Q2,CUR,VAL,2020,38388,,,,0
FCSA:DF_QGDP_CUR(1.8.0),AE,Q,MILAED,FCSC,MIN,Q2,CUR,VAL,2021,86956,,,,0
FCSA:DF_QGDP_CUR(1.8.0),AE,Q,MILAED,FCSC,MIN,Q2,CUR,VAL,2022,149834,,,,0
FCSA:DF_QGDP_CUR(1.8.0),AE,Q,MILAED,FCSC,MIN,Q2,CUR,VAL,2023,111973,,,,0
FCSA:DF_QGDP_CUR(1.8.0),AE,Q,MILAED,FCSC,MIN,Q2,CUR,VAL,2024,119120,,,,0
FCSA:DF_QGDP_CUR(1.8.0),AE,Q,PERCENT,FCSC,REA,Q1,CUR,GWTH_RATE,2013,-1.275519,,,,1
FCSA:DF_QGDP_CUR(1.8.0),AE,Q,PERCENT,FCSC,REA,Q1,CUR,GWTH_RATE,2014,5.924346,,,,1
FCSA:DF_QGDP_CUR(1.8.0),AE,Q,PERCENT,FCSC,REA,Q1,CUR,GWTH_RATE,2015,19.174982,,,,1
FCSA:DF_QGDP_CUR(1.8.0),AE,Q,PERCENT,FCSC,REA,Q1,CUR,GWTH_RATE,2016,11.834816,,,,1
FCSA:DF_QGDP_CUR(1.8.0),AE,Q,PERCENT,FCSC,REA,Q1,CUR,GWTH_RATE,2017,4.6,,,,1
FCSA:DF_QGDP_CUR(1.8.0),AE,Q,PERCENT,FCSC,REA,Q1,CUR,GWTH_RATE,2018,-6.2,,,,1
FCSA:DF_QGDP_CUR(1.8.0),AE,Q,PERCENT,FCSC,REA,Q1,CUR,GWTH_RATE,2019,-1.5,,,,1
FCSA:DF_QGDP_CUR(1.8.0),AE,Q,PERCENT,FCSC,REA,Q1,CUR,GWTH_RATE,2020,-16.5,,,,1
FCSA:DF_QGDP_CUR(1.8.0),AE,Q,PERCENT,FCSC,REA,Q1,CUR,GWTH_RATE,2021,-4.5,,,,1
FCSA:DF_QGDP_CUR(1.8.0),AE,Q,PERCENT,FCSC,REA,Q1,CUR,GWTH_RATE,2022,11.4,,,,1
FCSA:DF_QGDP_CUR(1.8.0),AE,Q,PERCENT,FCSC,REA,Q1,CUR,GWTH_RATE,2023,9.9,,,,1
FCSA:DF_QGDP_CUR(1.8.0),AE,Q,PERCENT,FCSC,REA,Q1,CUR,GWTH_RATE,2024,6.8,,,,1
FCSA:DF_QGDP_CUR(1.8.0),AE,Q,PERCENT,FCSC,REA,Q1,CUR,GWTH_RATE,2025,12.11897682,,,,1
FCSA:DF_QGDP_CUR(1.8.0),AE,Q,PERCENT,FCSC,CON,Q1,CUR,GWTH_RATE,2013,-7.211249,,,,1
FCSA:DF_QGDP_CUR(1.8.0),AE,Q,PERCENT,FCSC,CON,Q1,CUR,GWTH_RATE,2014,9.168322,,,,1
FCSA:DF_QGDP_CUR(1.8.0),AE,Q,PERCENT,FCSC,CON,Q1,CUR,GWTH_RATE,2015,3.866721,,,,1
FCSA:DF_QGDP_CUR(1.8.0),AE,Q,PERCENT,FCSC,CON,Q1,CUR,GWTH_RATE,2016,7.193582,,,,1
FCSA:DF_QGDP_CUR(1.8.0),AE,Q,PERCENT,FCSC,CON,Q1,CUR,GWTH_RATE,2017,-11.6,,,,1
FCSA:DF_QGDP_CUR(1.8.0),AE,Q,PERCENT,FCSC,CON,Q1,CUR,GWTH_RATE,2018,13.1,,,,1
FCSA:DF_QGDP_CUR(1.8.0),AE,Q,PERCENT,FCSC,CON,Q1,CUR,GWTH_RATE,2019,4.8,,,,1
FCSA:DF_QGDP_CUR(1.8.0),AE,Q,PERCENT,FCSC,CON,Q1,CUR,GWTH_RATE,2020,-8.1,,,,1
FCSA:DF_QGDP_CUR(1.8.0),AE,Q,PERCENT,FCSC,CON,Q1,CUR,GWTH_RATE,2021,-6.7,,,,1
FCSA:DF_QGDP_CUR(1.8.0),AE,Q,PERCENT,FCSC,CON,Q1,CUR,GWTH_RATE,2022,4.9,,,,1
FCSA:DF_QGDP_CUR(1.8.0),AE,Q,PERCENT,FCSC,CON,Q1,CUR,GWTH_RATE,2023,8.6,,,,1
FCSA:DF_QGDP_CUR(1.8.0),AE,Q,PERCENT,FCSC,CON,Q1,CUR,GWTH_RATE,2024,11.2,,,,1
FCSA:DF_QGDP_CUR(1.8.0),AE,Q,PERCENT,FCSC,CON,Q1,CUR,GWTH_RATE,2025,9.36241273,,,,1
FCSA:DF_QGDP_CUR(1.8.0),AE,Q,PERCENT,FCSC,ART,Q3,CUR,GWTH_RATE,2013,-1.213586,,,,1
FCSA:DF_QGDP_CUR(1.8.0),AE,Q,PERCENT,FCSC,ART,Q3,CUR,GWTH_RATE,2014,12.158648,,,,1
FCSA:DF_QGDP_CUR(1.8.0),AE,Q,PERCENT,FCSC,ART,Q3,CUR,GWTH_RATE,2015,5.922661,,,,1
FCSA:DF_QGDP_CUR(1.8.0),AE,Q,PERCENT,FCSC,ART,Q3,CUR,GWTH_RATE,2016,11.419266,,,,1
FCSA:DF_QGDP_CUR(1.8.0),AE,Q,PERCENT,FCSC,ART,Q3,CUR,GWTH_RATE,2017,6,,,,1
FCSA:DF_QGDP_CUR(1.8.0),AE,Q,PERCENT,FCSC,ART,Q3,CUR,GWTH_RATE,2018,1,,,,1
FCSA:DF_QGDP_CUR(1.8.0),AE,Q,PERCENT,FCSC,ART,Q3,CUR,GWTH_RATE,2019,2.3,,,,1
FCSA:DF_QGDP_CUR(1.8.0),AE,Q,PERCENT,FCSC,ART,Q3,CUR,GWTH_RATE,2020,-32.6,,,,1
FCSA:DF_QGDP_CUR(1.8.0),AE,Q,PERCENT,FCSC,ART,Q3,CUR,GWTH_RATE,2021,8.8,,,,1
FCSA:DF_QGDP_CUR(1.8.0),AE,Q,PERCENT,FCSC,ART,Q3,CUR,GWTH_RATE,2022,10.4,,,,1
FCSA:DF_QGDP_CUR(1.8.0),AE,Q,PERCENT,FCSC,ART,Q3,CUR,GWTH_RATE,2023,14.3,,,,1
FCSA:DF_QGDP_CUR(1.8.0),AE,Q,PERCENT,FCSC,ART,Q3,CUR,GWTH_RATE,2024,6.6,,,,1
FCSA:DF_QGDP_CUR(1.8.0),AE,Q,PERCENT,FCSC,EDU,Q4,CUR,GWTH_RATE,2013,2.130622,,,,1
FCSA:DF_QGDP_CUR(1.8.0),AE,Q,PERCENT,FCSC,EDU,Q4,CUR,GWTH_RATE,2014,17.370394,,,,1
FCSA:DF_QGDP_CUR(1.8.0),AE,Q,PERCENT,FCSC,EDU,Q4,CUR,GWTH_RATE,2015,1.952903,,,,1
FCSA:DF_QGDP_CUR(1.8.0),AE,Q,PERCENT,FCSC,EDU,Q4,CUR,GWTH_RATE,2016,7.693966,,,,1
FCSA:DF_QGDP_CUR(1.8.0),AE,Q,PERCENT,FCSC,EDU,Q4,CUR,GWTH_RATE,2017,7.2,,,,1
FCSA:DF_QGDP_CUR(1.8.0),AE,Q,PERCENT,FCSC,EDU,Q4,CUR,GWTH_RATE,2018,-1.5,,,,1
FCSA:DF_QGDP_CUR(1.8.0),AE,Q,PERCENT,FCSC,EDU,Q4,CUR,GWTH_RATE,2019,1.6,,,,1
FCSA:DF_QGDP_CUR(1.8.0),AE,Q,PERCENT,FCSC,EDU,Q4,CUR,GWTH_RATE,2020,4.8,,,,1
FCSA:DF_QGDP_CUR(1.8.0),AE,Q,PERCENT,FCSC,EDU,Q4,CUR,GWTH_RATE,2021,4.5,,,,1
FCSA:DF_QGDP_CUR(1.8.0),AE,Q,PERCENT,FCSC,EDU,Q4,CUR,GWTH_RATE,2022,5.8,,,,1
FCSA:DF_QGDP_CUR(1.8.0),AE,Q,PERCENT,FCSC,EDU,Q4,CUR,GWTH_RATE,2023,9.3,,,,1
FCSA:DF_QGDP_CUR(1.8.0),AE,Q,PERCENT,FCSC,EDU,Q4,CUR,GWTH_RATE,2024,3.1,,,,1
FCSA:DF_QGDP_CUR(1.8.0),AE,Q,PERCENT,FCSC,ACC,Q2,CUR,GWTH_RATE,2013,8.926284,,,,1
FCSA:DF_QGDP_CUR(1.8.0),AE,Q,PERCENT,FCSC,ACC,Q2,CUR,GWTH_RATE,2014,20.409268,,,,1
FCSA:DF_QGDP_CUR(1.8.0),AE,Q,PERCENT,FCSC,ACC,Q2,CUR,GWTH_RATE,2015,-3.578057,,,,1
FCSA:DF_QGDP_CUR(1.8.0),AE,Q,PERCENT,FCSC,ACC,Q2,CUR,GWTH_RATE,2016,-6.636702,,,,1
FCSA:DF_QGDP_CUR(1.8.0),AE,Q,PERCENT,FCSC,ACC,Q2,CUR,GWTH_RATE,2017,4.6,,,,1
FCSA:DF_QGDP_CUR(1.8.0),AE,Q,PERCENT,FCSC,ACC,Q2,CUR,GWTH_RATE,2018,-0.9,,,,1
FCSA:DF_QGDP_CUR(1.8.0),AE,Q,PERCENT,FCSC,ACC,Q2,CUR,GWTH_RATE,2019,1.1,,,,1
FCSA:DF_QGDP_CUR(1.8.0),AE,Q,PERCENT,FCSC,ACC,Q2,CUR,GWTH_RATE,2020,-66.6,,,,1
FCSA:DF_QGDP_CUR(1.8.0),AE,Q,PERCENT,FCSC,ACC,Q2,CUR,GWTH_RATE,2021,192.6,,,,1
FCSA:DF_QGDP_CUR(1.8.0),AE,Q,PERCENT,FCSC,ACC,Q2,CUR,GWTH_RATE,2022,26,,,,1
FCSA:DF_QGDP_CUR(1.8.0),AE,Q,PERCENT,FCSC,ACC,Q2,CUR,GWTH_RATE,2023,13,,,,1
FCSA:DF_QGDP_CUR(1.8.0),AE,Q,PERCENT,FCSC,ACC,Q2,CUR,GWTH_RATE,2024,6.7,,,,1
FCSA:DF_QGDP_CUR(1.8.0),AE,Q,PERCENT,FCSC,PUB,Q2,CUR,GWTH_RATE,2013,13.760739,,,,1
FCSA:DF_QGDP_CUR(1.8.0),AE,Q,PERCENT,FCSC,PUB,Q2,CUR,GWTH_RATE,2014,19.157972,,,,1
FCSA:DF_QGDP_CUR(1.8.0),AE,Q,PERCENT,FCSC,PUB,Q2,CUR,GWTH_RATE,2015,0.294735,,,,1
FCSA:DF_QGDP_CUR(1.8.0),AE,Q,PERCENT,FCSC,PUB,Q2,CUR,GWTH_RATE,2016,-2.367885,,,,1
FCSA:DF_QGDP_CUR(1.8.0),AE,Q,PERCENT,FCSC,PUB,Q2,CUR,GWTH_RATE,2017,11.5,,,,1
FCSA:DF_QGDP_CUR(1.8.0),AE,Q,PERCENT,FCSC,PUB,Q2,CUR,GWTH_RATE,2018,10.9,,,,1
FCSA:DF_QGDP_CUR(1.8.0),AE,Q,PERCENT,FCSC,PUB,Q2,CUR,GWTH_RATE,2019,-2.7,,,,1
FCSA:DF_QGDP_CUR(1.8.0),AE,Q,PERCENT,FCSC,PUB,Q2,CUR,GWTH_RATE,2020,-3.9,,,,1
FCSA:DF_QGDP_CUR(1.8.0),AE,Q,PERCENT,FCSC,PUB,Q2,CUR,GWTH_RATE,2021,2.3,,,,1
FCSA:DF_QGDP_CUR(1.8.0),AE,Q,PERCENT,FCSC,PUB,Q2,CUR,GWTH_RATE,2022,5.1,,,,1
FCSA:DF_QGDP_CUR(1.8.0),AE,Q,PERCENT,FCSC,PUB,Q2,CUR,GWTH_RATE,2023,0.3,,,,1
FCSA:DF_QGDP_CUR(1.8.0),AE,Q,PERCENT,FCSC,PUB,Q2,CUR,GWTH_RATE,2024,6.1,,,,1
FCSA:DF_QGDP_CUR(1.8.0),AE,Q,PERCENT,FCSC,ACT,Q1,CUR,GWTH_RATE,2013,9.868188,,,,1
FCSA:DF_QGDP_CUR(1.8.0),AE,Q,PERCENT,FCSC,ACT,Q1,CUR,GWTH_RATE,2014,19.267278,,,,1
FCSA:DF_QGDP_CUR(1.8.0),AE,Q,PERCENT,FCSC,ACT,Q1,CUR,GWTH_RATE,2015,13.212885,,,,1
FCSA:DF_QGDP_CUR(1.8.0),AE,Q,PERCENT,FCSC,ACT,Q1,CUR,GWTH_RATE,2016,5.780558,,,,1
FCSA:DF_QGDP_CUR(1.8.0),AE,Q,PERCENT,FCSC,ACT,Q1,CUR,GWTH_RATE,2017,6.2,,,,1
FCSA:DF_QGDP_CUR(1.8.0),AE,Q,PERCENT,FCSC,ACT,Q1,CUR,GWTH_RATE,2018,5.8,,,,1
FCSA:DF_QGDP_CUR(1.8.0),AE,Q,PERCENT,FCSC,ACT,Q1,CUR,GWTH_RATE,2019,6.7,,,,1
FCSA:DF_QGDP_CUR(1.8.0),AE,Q,PERCENT,FCSC,ACT,Q1,CUR,GWTH_RATE,2020,-0.3,,,,1
FCSA:DF_QGDP_CUR(1.8.0),AE,Q,PERCENT,FCSC,ACT,Q1,CUR,GWTH_RATE,2021,0,,,,1
FCSA:DF_QGDP_CUR(1.8.0),AE,Q,PERCENT,FCSC,ACT,Q1,CUR,GWTH_RATE,2022,6.5,,,,1
FCSA:DF_QGDP_CUR(1.8.0),AE,Q,PERCENT,FCSC,ACT,Q1,CUR,GWTH_RATE,2023,4.8,,,,1
FCSA:DF_QGDP_CUR(1.8.0),AE,Q,PERCENT,FCSC,ACT,Q1,CUR,GWTH_RATE,2024,4.1,,,,1
FCSA:DF_QGDP_CUR(1.8.0),AE,Q,PERCENT,FCSC,ACT,Q1,CUR,GWTH_RATE,2025,4.449635531,,,,1
FCSA:DF_QGDP_CUR(1.8.0),AE,Q,MILAED,FCSC,ART,Q2,CUR,VAL,2012,1909,,,,0
FCSA:DF_QGDP_CUR(1.8.0),AE,Q,MILAED,FCSC,ART,Q2,CUR,VAL,2013,1913,,,,0
FCSA:DF_QGDP_CUR(1.8.0),AE,Q,MILAED,FCSC,ART,Q2,CUR,VAL,2014,1999,,,,0
FCSA:DF_QGDP_CUR(1.8.0),AE,Q,MILAED,FCSC,ART,Q2,CUR,VAL,2015,2187,,,,0
FCSA:DF_QGDP_CUR(1.8.0),AE,Q,MILAED,FCSC,ART,Q2,CUR,VAL,2016,2462,,,,0
FCSA:DF_QGDP_CUR(1.8.0),AE,Q,MILAED,FCSC,ART,Q2,CUR,VAL,2017,2573,,,,0
FCSA:DF_QGDP_CUR(1.8.0),AE,Q,MILAED,FCSC,ART,Q2,CUR,VAL,2018,2719,,,,0
FCSA:DF_QGDP_CUR(1.8.0),AE,Q,MILAED,FCSC,ART,Q2,CUR,VAL,2019,2671,,,,0
FCSA:DF_QGDP_CUR(1.8.0),AE,Q,MILAED,FCSC,ART,Q2,CUR,VAL,2020,1751,,,,0
FCSA:DF_QGDP_CUR(1.8.0),AE,Q,MILAED,FCSC,ART,Q2,CUR,VAL,2021,2151,,,,0
FCSA:DF_QGDP_CUR(1.8.0),AE,Q,MILAED,FCSC,ART,Q2,CUR,VAL,2022,2203,,,,0
FCSA:DF_QGDP_CUR(1.8.0),AE,Q,MILAED,FCSC,ART,Q2,CUR,VAL,2023,2530,,,,0
FCSA:DF_QGDP_CUR(1.8.0),AE,Q,MILAED,FCSC,ART,Q2,CUR,VAL,2024,2595,,,,0
FCSA:DF_QGDP_CUR(1.8.0),AE,Q,MILAED,FCSC,ACT,Q4,CUR,VAL,2012,1671,,,,0
FCSA:DF_QGDP_CUR(1.8.0),AE,Q,MILAED,FCSC,ACT,Q4,CUR,VAL,2013,2179,,,,0
FCSA:DF_QGDP_CUR(1.8.0),AE,Q,MILAED,FCSC,ACT,Q4,CUR,VAL,2014,2287,,,,0
FCSA:DF_QGDP_CUR(1.8.0),AE,Q,MILAED,FCSC,ACT,Q4,CUR,VAL,2015,2362,,,,0
FCSA:DF_QGDP_CUR(1.8.0),AE,Q,MILAED,FCSC,ACT,Q4,CUR,VAL,2016,2588,,,,0
FCSA:DF_QGDP_CUR(1.8.0),AE,Q,MILAED,FCSC,ACT,Q4,CUR,VAL,2017,2777,,,,0
FCSA:DF_QGDP_CUR(1.8.0),AE,Q,MILAED,FCSC,ACT,Q4,CUR,VAL,2018,2976,,,,0
FCSA:DF_QGDP_CUR(1.8.0),AE,Q,MILAED,FCSC,ACT,Q4,CUR,VAL,2019,3129,,,,0
FCSA:DF_QGDP_CUR(1.8.0),AE,Q,MILAED,FCSC,ACT,Q4,CUR,VAL,2020,2970,,,,0
FCSA:DF_QGDP_CUR(1.8.0),AE,Q,MILAED,FCSC,ACT,Q4,CUR,VAL,2021,3082,,,,0
FCSA:DF_QGDP_CUR(1.8.0),AE,Q,MILAED,FCSC,ACT,Q4,CUR,VAL,2022,3155,,,,0
FCSA:DF_QGDP_CUR(1.8.0),AE,Q,MILAED,FCSC,ACT,Q4,CUR,VAL,2023,3295,,,,0
FCSA:DF_QGDP_CUR(1.8.0),AE,Q,MILAED,FCSC,ACT,Q4,CUR,VAL,2024,3545,,,,0
FCSA:DF_QGDP_CUR(1.8.0),AE,Q,PERCENT,FCSC,EDU,Q1,CUR,GWTH_RATE,2013,10.53464,,,,1
FCSA:DF_QGDP_CUR(1.8.0),AE,Q,PERCENT,FCSC,EDU,Q1,CUR,GWTH_RATE,2014,6.356672,,,,1
FCSA:DF_QGDP_CUR(1.8.0),AE,Q,PERCENT,FCSC,EDU,Q1,CUR,GWTH_RATE,2015,7.155111,,,,1
FCSA:DF_QGDP_CUR(1.8.0),AE,Q,PERCENT,FCSC,EDU,Q1,CUR,GWTH_RATE,2016,8.342555,,,,1
FCSA:DF_QGDP_CUR(1.8.0),AE,Q,PERCENT,FCSC,EDU,Q1,CUR,GWTH_RATE,2017,5.8,,,,1
FCSA:DF_QGDP_CUR(1.8.0),AE,Q,PERCENT,FCSC,EDU,Q1,CUR,GWTH_RATE,2018,6.6,,,,1
FCSA:DF_QGDP_CUR(1.8.0),AE,Q,PERCENT,FCSC,EDU,Q1,CUR,GWTH_RATE,2019,-2,,,,1
FCSA:DF_QGDP_CUR(1.8.0),AE,Q,PERCENT,FCSC,EDU,Q1,CUR,GWTH_RATE,2020,-2.4,,,,1
FCSA:DF_QGDP_CUR(1.8.0),AE,Q,PERCENT,FCSC,EDU,Q1,CUR,GWTH_RATE,2021,3.1,,,,1
FCSA:DF_QGDP_CUR(1.8.0),AE,Q,PERCENT,FCSC,EDU,Q1,CUR,GWTH_RATE,2022,7.4,,,,1
FCSA:DF_QGDP_CUR(1.8.0),AE,Q,PERCENT,FCSC,EDU,Q1,CUR,GWTH_RATE,2023,6,,,,1
FCSA:DF_QGDP_CUR(1.8.0),AE,Q,PERCENT,FCSC,EDU,Q1,CUR,GWTH_RATE,2024,3.5,,,,1
FCSA:DF_QGDP_CUR(1.8.0),AE,Q,PERCENT,FCSC,EDU,Q1,CUR,GWTH_RATE,2025,1.755854807,,,,1
FCSA:DF_QGDP_CUR(1.8.0),AE,Q,MILAED,FCSC,FIN,Q1,CUR,VAL,2012,29538,,,,0
FCSA:DF_QGDP_CUR(1.8.0),AE,Q,MILAED,FCSC,FIN,Q1,CUR,VAL,2013,31884,,,,0
FCSA:DF_QGDP_CUR(1.8.0),AE,Q,MILAED,FCSC,FIN,Q1,CUR,VAL,2014,37296,,,,0
FCSA:DF_QGDP_CUR(1.8.0),AE,Q,MILAED,FCSC,FIN,Q1,CUR,VAL,2015,40617,,,,0
FCSA:DF_QGDP_CUR(1.8.0),AE,Q,MILAED,FCSC,FIN,Q1,CUR,VAL,2016,41707,,,,0
FCSA:DF_QGDP_CUR(1.8.0),AE,Q,MILAED,FCSC,FIN,Q1,CUR,VAL,2017,44328,,,,0
FCSA:DF_QGDP_CUR(1.8.0),AE,Q,MILAED,FCSC,FIN,Q1,CUR,VAL,2018,42520,,,,0
FCSA:DF_QGDP_CUR(1.8.0),AE,Q,MILAED,FCSC,FIN,Q1,CUR,VAL,2019,44027,,,,0
FCSA:DF_QGDP_CUR(1.8.0),AE,Q,MILAED,FCSC,FIN,Q1,CUR,VAL,2020,39354,,,,0
FCSA:DF_QGDP_CUR(1.8.0),AE,Q,MILAED,FCSC,FIN,Q1,CUR,VAL,2021,36897,,,,0
FCSA:DF_QGDP_CUR(1.8.0),AE,Q,MILAED,FCSC,FIN,Q1,CUR,VAL,2022,43537,,,,0
FCSA:DF_QGDP_CUR(1.8.0),AE,Q,MILAED,FCSC,FIN,Q1,CUR,VAL,2023,47030,,,,0
FCSA:DF_QGDP_CUR(1.8.0),AE,Q,MILAED,FCSC,FIN,Q1,CUR,VAL,2024,52945,,,,0
FCSA:DF_QGDP_CUR(1.8.0),AE,Q,MILAED,FCSC,FIN,Q1,CUR,VAL,2025,56297.29164,,,,0
FCSA:DF_QGDP_CUR(1.8.0),AE,Q,MILAED,FCSC,TOT_NO,Q1,CUR,VAL,2012,231358,,,,0
FCSA:DF_QGDP_CUR(1.8.0),AE,Q,MILAED,FCSC,TOT_NO,Q1,CUR,VAL,2013,237503,,,,0
FCSA:DF_QGDP_CUR(1.8.0),AE,Q,MILAED,FCSC,TOT_NO,Q1,CUR,VAL,2014,260348,,,,0
FCSA:DF_QGDP_CUR(1.8.0),AE,Q,MILAED,FCSC,TOT_NO,Q1,CUR,VAL,2015,277219,,,,0
FCSA:DF_QGDP_CUR(1.8.0),AE,Q,MILAED,FCSC,TOT_NO,Q1,CUR,VAL,2016,286438,,,,0
FCSA:DF_QGDP_CUR(1.8.0),AE,Q,MILAED,FCSC,TOT_NO,Q1,CUR,VAL,2017,298604,,,,0
FCSA:DF_QGDP_CUR(1.8.0),AE,Q,MILAED,FCSC,TOT_NO,Q1,CUR,VAL,2018,303946,,,,0
FCSA:DF_QGDP_CUR(1.8.0),AE,Q,MILAED,FCSC,TOT_NO,Q1,CUR,VAL,2019,313442,,,,0
FCSA:DF_QGDP_CUR(1.8.0),AE,Q,MILAED,FCSC,TOT_NO,Q1,CUR,VAL,2020,290359,,,,0
FCSA:DF_QGDP_CUR(1.8.0),AE,Q,MILAED,FCSC,TOT_NO,Q1,CUR,VAL,2021,281352,,,,0
FCSA:DF_QGDP_CUR(1.8.0),AE,Q,MILAED,FCSC,TOT_NO,Q1,CUR,VAL,2022,319537,,,,0
FCSA:DF_QGDP_CUR(1.8.0),AE,Q,MILAED,FCSC,TOT_NO,Q1,CUR,VAL,2023,353772,,,,0
FCSA:DF_QGDP_CUR(1.8.0),AE,Q,MILAED,FCSC,TOT_NO,Q1,CUR,VAL,2024,376653,,,,0
FCSA:DF_QGDP_CUR(1.8.0),AE,Q,MILAED,FCSC,TOT_NO,Q1,CUR,VAL,2025,402477.8754,,,,0
FCSA:DF_QGDP_CUR(1.8.0),AE,Q,MILAED,FCSC,MIN,Q3,CUR,VAL,2012,133725,,,,0
FCSA:DF_QGDP_CUR(1.8.0),AE,Q,MILAED,FCSC,MIN,Q3,CUR,VAL,2013,134989,,,,0
FCSA:DF_QGDP_CUR(1.8.0),AE,Q,MILAED,FCSC,MIN,Q3,CUR,VAL,2014,135512,,,,0
FCSA:DF_QGDP_CUR(1.8.0),AE,Q,MILAED,FCSC,MIN,Q3,CUR,VAL,2015,72031,,,,0
FCSA:DF_QGDP_CUR(1.8.0),AE,Q,MILAED,FCSC,MIN,Q3,CUR,VAL,2016,68127,,,,0
FCSA:DF_QGDP_CUR(1.8.0),AE,Q,MILAED,FCSC,MIN,Q3,CUR,VAL,2017,70058,,,,0
FCSA:DF_QGDP_CUR(1.8.0),AE,Q,MILAED,FCSC,MIN,Q3,CUR,VAL,2018,105598,,,,0
FCSA:DF_QGDP_CUR(1.8.0),AE,Q,MILAED,FCSC,MIN,Q3,CUR,VAL,2019,84539,,,,0
FCSA:DF_QGDP_CUR(1.8.0),AE,Q,MILAED,FCSC,MIN,Q3,CUR,VAL,2020,54370,,,,0
FCSA:DF_QGDP_CUR(1.8.0),AE,Q,MILAED,FCSC,MIN,Q3,CUR,VAL,2021,95973,,,,0
FCSA:DF_QGDP_CUR(1.8.0),AE,Q,MILAED,FCSC,MIN,Q3,CUR,VAL,2022,157901,,,,0
FCSA:DF_QGDP_CUR(1.8.0),AE,Q,MILAED,FCSC,MIN,Q3,CUR,VAL,2023,105145,,,,0
FCSA:DF_QGDP_CUR(1.8.0),AE,Q,MILAED,FCSC,MIN,Q3,CUR,VAL,2024,115452,,,,0
FCSA:DF_QGDP_CUR(1.8.0),AE,Q,PERCENT,FCSC,INF,Q4,CUR,GWTH_RATE,2013,4.447281,,,,1
FCSA:DF_QGDP_CUR(1.8.0),AE,Q,PERCENT,FCSC,INF,Q4,CUR,GWTH_RATE,2014,13.144947,,,,1
FCSA:DF_QGDP_CUR(1.8.0),AE,Q,PERCENT,FCSC,INF,Q4,CUR,GWTH_RATE,2015,-1.496471,,,,1
FCSA:DF_QGDP_CUR(1.8.0),AE,Q,PERCENT,FCSC,INF,Q4,CUR,GWTH_RATE,2016,10.933265,,,,1
FCSA:DF_QGDP_CUR(1.8.0),AE,Q,PERCENT,FCSC,INF,Q4,CUR,GWTH_RATE,2017,9,,,,1
FCSA:DF_QGDP_CUR(1.8.0),AE,Q,PERCENT,FCSC,INF,Q4,CUR,GWTH_RATE,2018,-2.7,,,,1
FCSA:DF_QGDP_CUR(1.8.0),AE,Q,PERCENT,FCSC,INF,Q4,CUR,GWTH_RATE,2019,8,,,,1
FCSA:DF_QGDP_CUR(1.8.0),AE,Q,PERCENT,FCSC,INF,Q4,CUR,GWTH_RATE,2020,-3.3,,,,1
FCSA:DF_QGDP_CUR(1.8.0),AE,Q,PERCENT,FCSC,INF,Q4,CUR,GWTH_RATE,2021,6.8,,,,1
FCSA:DF_QGDP_CUR(1.8.0),AE,Q,PERCENT,FCSC,INF,Q4,CUR,GWTH_RATE,2022,7.3,,,,1
FCSA:DF_QGDP_CUR(1.8.0),AE,Q,PERCENT,FCSC,INF,Q4,CUR,GWTH_RATE,2023,3.1,,,,1
FCSA:DF_QGDP_CUR(1.8.0),AE,Q,PERCENT,FCSC,INF,Q4,CUR,GWTH_RATE,2024,7.8,,,,1
FCSA:DF_QGDP_CUR(1.8.0),AE,Q,PERCENT,FCSC,AGR,Q2,CUR,GWTH_RATE,2013,-6.915185,,,,1
FCSA:DF_QGDP_CUR(1.8.0),AE,Q,PERCENT,FCSC,AGR,Q2,CUR,GWTH_RATE,2014,3.17148,,,,1
FCSA:DF_QGDP_CUR(1.8.0),AE,Q,PERCENT,FCSC,AGR,Q2,CUR,GWTH_RATE,2015,4.106751,,,,1
FCSA:DF_QGDP_CUR(1.8.0),AE,Q,PERCENT,FCSC,AGR,Q2,CUR,GWTH_RATE,2016,8.06267,,,,1
FCSA:DF_QGDP_CUR(1.8.0),AE,Q,PERCENT,FCSC,AGR,Q2,CUR,GWTH_RATE,2017,3.4,,,,1
FCSA:DF_QGDP_CUR(1.8.0),AE,Q,PERCENT,FCSC,AGR,Q2,CUR,GWTH_RATE,2018,3.7,,,,1
FCSA:DF_QGDP_CUR(1.8.0),AE,Q,PERCENT,FCSC,AGR,Q2,CUR,GWTH_RATE,2019,-1.8,,,,1
FCSA:DF_QGDP_CUR(1.8.0),AE,Q,PERCENT,FCSC,AGR,Q2,CUR,GWTH_RATE,2020,36.1,,,,1
FCSA:DF_QGDP_CUR(1.8.0),AE,Q,PERCENT,FCSC,AGR,Q2,CUR,GWTH_RATE,2021,-0.9,,,,1
FCSA:DF_QGDP_CUR(1.8.0),AE,Q,PERCENT,FCSC,AGR,Q2,CUR,GWTH_RATE,2022,-1.2,,,,1
FCSA:DF_QGDP_CUR(1.8.0),AE,Q,PERCENT,FCSC,AGR,Q2,CUR,GWTH_RATE,2023,4.5,,,,1
FCSA:DF_QGDP_CUR(1.8.0),AE,Q,PERCENT,FCSC,AGR,Q2,CUR,GWTH_RATE,2024,6.2,,,,1
FCSA:DF_QGDP_CUR(1.8.0),AE,Q,MILAED,FCSC,INF,Q2,CUR,VAL,2012,8335,,,,0
FCSA:DF_QGDP_CUR(1.8.0),AE,Q,MILAED,FCSC,INF,Q2,CUR,VAL,2013,8452,,,,0
FCSA:DF_QGDP_CUR(1.8.0),AE,Q,MILAED,FCSC,INF,Q2,CUR,VAL,2014,9231,,,,0
FCSA:DF_QGDP_CUR(1.8.0),AE,Q,MILAED,FCSC,INF,Q2,CUR,VAL,2015,9950,,,,0
FCSA:DF_QGDP_CUR(1.8.0),AE,Q,MILAED,FCSC,INF,Q2,CUR,VAL,2016,10360,,,,0
FCSA:DF_QGDP_CUR(1.8.0),AE,Q,MILAED,FCSC,INF,Q2,CUR,VAL,2017,11048,,,,0
FCSA:DF_QGDP_CUR(1.8.0),AE,Q,MILAED,FCSC,INF,Q2,CUR,VAL,2018,11412,,,,0
FCSA:DF_QGDP_CUR(1.8.0),AE,Q,MILAED,FCSC,INF,Q2,CUR,VAL,2019,12046,,,,0
FCSA:DF_QGDP_CUR(1.8.0),AE,Q,MILAED,FCSC,INF,Q2,CUR,VAL,2020,11196,,,,0
FCSA:DF_QGDP_CUR(1.8.0),AE,Q,MILAED,FCSC,INF,Q2,CUR,VAL,2021,11494,,,,0
FCSA:DF_QGDP_CUR(1.8.0),AE,Q,MILAED,FCSC,INF,Q2,CUR,VAL,2022,12352,,,,0
FCSA:DF_QGDP_CUR(1.8.0),AE,Q,MILAED,FCSC,INF,Q2,CUR,VAL,2023,13228,,,,0
FCSA:DF_QGDP_CUR(1.8.0),AE,Q,MILAED,FCSC,INF,Q2,CUR,VAL,2024,13821,,,,0
FCSA:DF_QGDP_CUR(1.8.0),AE,Q,MILAED,FCSC,CON,Q3,CUR,VAL,2012,28301,,,,0
FCSA:DF_QGDP_CUR(1.8.0),AE,Q,MILAED,FCSC,CON,Q3,CUR,VAL,2013,30349,,,,0
FCSA:DF_QGDP_CUR(1.8.0),AE,Q,MILAED,FCSC,CON,Q3,CUR,VAL,2014,31887,,,,0
FCSA:DF_QGDP_CUR(1.8.0),AE,Q,MILAED,FCSC,CON,Q3,CUR,VAL,2015,33312,,,,0
FCSA:DF_QGDP_CUR(1.8.0),AE,Q,MILAED,FCSC,CON,Q3,CUR,VAL,2016,31136,,,,0
FCSA:DF_QGDP_CUR(1.8.0),AE,Q,MILAED,FCSC,CON,Q3,CUR,VAL,2017,33781,,,,0
FCSA:DF_QGDP_CUR(1.8.0),AE,Q,MILAED,FCSC,CON,Q3,CUR,VAL,2018,33636,,,,0
FCSA:DF_QGDP_CUR(1.8.0),AE,Q,MILAED,FCSC,CON,Q3,CUR,VAL,2019,34855,,,,0
FCSA:DF_QGDP_CUR(1.8.0),AE,Q,MILAED,FCSC,CON,Q3,CUR,VAL,2020,29851,,,,0
FCSA:DF_QGDP_CUR(1.8.0),AE,Q,MILAED,FCSC,CON,Q3,CUR,VAL,2021,33166,,,,0
FCSA:DF_QGDP_CUR(1.8.0),AE,Q,MILAED,FCSC,CON,Q3,CUR,VAL,2022,36229,,,,0
FCSA:DF_QGDP_CUR(1.8.0),AE,Q,MILAED,FCSC,CON,Q3,CUR,VAL,2023,40578,,,,0
FCSA:DF_QGDP_CUR(1.8.0),AE,Q,MILAED,FCSC,CON,Q3,CUR,VAL,2024,43909,,,,0
FCSA:DF_QGDP_CUR(1.8.0),AE,Q,MILAED,FCSC,REA,Q4,CUR,VAL,2012,16228,,,,0
FCSA:DF_QGDP_CUR(1.8.0),AE,Q,MILAED,FCSC,REA,Q4,CUR,VAL,2013,17217,,,,0
FCSA:DF_QGDP_CUR(1.8.0),AE,Q,MILAED,FCSC,REA,Q4,CUR,VAL,2014,20811,,,,0
FCSA:DF_QGDP_CUR(1.8.0),AE,Q,MILAED,FCSC,REA,Q4,CUR,VAL,2015,21070,,,,0
FCSA:DF_QGDP_CUR(1.8.0),AE,Q,MILAED,FCSC,REA,Q4,CUR,VAL,2016,22663,,,,0
FCSA:DF_QGDP_CUR(1.8.0),AE,Q,MILAED,FCSC,REA,Q4,CUR,VAL,2017,22317,,,,0
FCSA:DF_QGDP_CUR(1.8.0),AE,Q,MILAED,FCSC,REA,Q4,CUR,VAL,2018,19891,,,,0
FCSA:DF_QGDP_CUR(1.8.0),AE,Q,MILAED,FCSC,REA,Q4,CUR,VAL,2019,19444,,,,0
FCSA:DF_QGDP_CUR(1.8.0),AE,Q,MILAED,FCSC,REA,Q4,CUR,VAL,2020,16539,,,,0
FCSA:DF_QGDP_CUR(1.8.0),AE,Q,MILAED,FCSC,REA,Q4,CUR,VAL,2021,18124,,,,0
FCSA:DF_QGDP_CUR(1.8.0),AE,Q,MILAED,FCSC,REA,Q4,CUR,VAL,2022,20597,,,,0
FCSA:DF_QGDP_CUR(1.8.0),AE,Q,MILAED,FCSC,REA,Q4,CUR,VAL,2023,23719,,,,0
FCSA:DF_QGDP_CUR(1.8.0),AE,Q,MILAED,FCSC,REA,Q4,CUR,VAL,2024,28027,,,,0
FCSA:DF_QGDP_CUR(1.8.0),AE,Q,MILAED,FCSC,TOT_NO,Q2,CUR,VAL,2012,232679,,,,0
FCSA:DF_QGDP_CUR(1.8.0),AE,Q,MILAED,FCSC,TOT_NO,Q2,CUR,VAL,2013,246343,,,,0
FCSA:DF_QGDP_CUR(1.8.0),AE,Q,MILAED,FCSC,TOT_NO,Q2,CUR,VAL,2014,271000,,,,0
FCSA:DF_QGDP_CUR(1.8.0),AE,Q,MILAED,FCSC,TOT_NO,Q2,CUR,VAL,2015,286312,,,,0
FCSA:DF_QGDP_CUR(1.8.0),AE,Q,MILAED,FCSC,TOT_NO,Q2,CUR,VAL,2016,295576,,,,0
FCSA:DF_QGDP_CUR(1.8.0),AE,Q,MILAED,FCSC,TOT_NO,Q2,CUR,VAL,2017,302782,,,,0
FCSA:DF_QGDP_CUR(1.8.0),AE,Q,MILAED,FCSC,TOT_NO,Q2,CUR,VAL,2018,311910,,,,0
FCSA:DF_QGDP_CUR(1.8.0),AE,Q,MILAED,FCSC,TOT_NO,Q2,CUR,VAL,2019,319445,,,,0
FCSA:DF_QGDP_CUR(1.8.0),AE,Q,MILAED,FCSC,TOT_NO,Q2,CUR,VAL,2020,265424,,,,0
FCSA:DF_QGDP_CUR(1.8.0),AE,Q,MILAED,FCSC,TOT_NO,Q2,CUR,VAL,2021,301147,,,,0
FCSA:DF_QGDP_CUR(1.8.0),AE,Q,MILAED,FCSC,TOT_NO,Q2,CUR,VAL,2022,339070,,,,0
FCSA:DF_QGDP_CUR(1.8.0),AE,Q,MILAED,FCSC,TOT_NO,Q2,CUR,VAL,2023,370195,,,,0
FCSA:DF_QGDP_CUR(1.8.0),AE,Q,MILAED,FCSC,TOT_NO,Q2,CUR,VAL,2024,396493,,,,0
FCSA:DF_QGDP_CUR(1.8.0),AE,Q,PERCENT,FCSC,HUM,Q3,CUR,GWTH_RATE,2013,31.921567,,,,1
FCSA:DF_QGDP_CUR(1.8.0),AE,Q,PERCENT,FCSC,HUM,Q3,CUR,GWTH_RATE,2014,6.548299,,,,1
FCSA:DF_QGDP_CUR(1.8.0),AE,Q,PERCENT,FCSC,HUM,Q3,CUR,GWTH_RATE,2015,-0.607256,,,,1
FCSA:DF_QGDP_CUR(1.8.0),AE,Q,PERCENT,FCSC,HUM,Q3,CUR,GWTH_RATE,2016,10.009997,,,,1
FCSA:DF_QGDP_CUR(1.8.0),AE,Q,PERCENT,FCSC,HUM,Q3,CUR,GWTH_RATE,2017,6.3,,,,1
FCSA:DF_QGDP_CUR(1.8.0),AE,Q,PERCENT,FCSC,HUM,Q3,CUR,GWTH_RATE,2018,1.9,,,,1
FCSA:DF_QGDP_CUR(1.8.0),AE,Q,PERCENT,FCSC,HUM,Q3,CUR,GWTH_RATE,2019,13.1,,,,1
FCSA:DF_QGDP_CUR(1.8.0),AE,Q,PERCENT,FCSC,HUM,Q3,CUR,GWTH_RATE,2020,13.6,,,,1
FCSA:DF_QGDP_CUR(1.8.0),AE,Q,PERCENT,FCSC,HUM,Q3,CUR,GWTH_RATE,2021,12.3,,,,1
FCSA:DF_QGDP_CUR(1.8.0),AE,Q,PERCENT,FCSC,HUM,Q3,CUR,GWTH_RATE,2022,12.9,,,,1
FCSA:DF_QGDP_CUR(1.8.0),AE,Q,PERCENT,FCSC,HUM,Q3,CUR,GWTH_RATE,2023,7.9,,,,1
FCSA:DF_QGDP_CUR(1.8.0),AE,Q,PERCENT,FCSC,HUM,Q3,CUR,GWTH_RATE,2024,6.7,,,,1
FCSA:DF_QGDP_CUR(1.8.0),AE,Q,PERCENT,FCSC,ACC,Q1,CUR,GWTH_RATE,2013,16.186558,,,,1
FCSA:DF_QGDP_CUR(1.8.0),AE,Q,PERCENT,FCSC,ACC,Q1,CUR,GWTH_RATE,2014,10.742706,,,,1
FCSA:DF_QGDP_CUR(1.8.0),AE,Q,PERCENT,FCSC,ACC,Q1,CUR,GWTH_RATE,2015,6.697869,,,,1
FCSA:DF_QGDP_CUR(1.8.0),AE,Q,PERCENT,FCSC,ACC,Q1,CUR,GWTH_RATE,2016,-3.538303,,,,1
FCSA:DF_QGDP_CUR(1.8.0),AE,Q,PERCENT,FCSC,ACC,Q1,CUR,GWTH_RATE,2017,0,,,,1
FCSA:DF_QGDP_CUR(1.8.0),AE,Q,PERCENT,FCSC,ACC,Q1,CUR,GWTH_RATE,2018,0.3,,,,1
FCSA:DF_QGDP_CUR(1.8.0),AE,Q,PERCENT,FCSC,ACC,Q1,CUR,GWTH_RATE,2019,4.6,,,,1
FCSA:DF_QGDP_CUR(1.8.0),AE,Q,PERCENT,FCSC,ACC,Q1,CUR,GWTH_RATE,2020,-27.1,,,,1
FCSA:DF_QGDP_CUR(1.8.0),AE,Q,PERCENT,FCSC,ACC,Q1,CUR,GWTH_RATE,2021,-22.5,,,,1
FCSA:DF_QGDP_CUR(1.8.0),AE,Q,PERCENT,FCSC,ACC,Q1,CUR,GWTH_RATE,2022,74.9,,,,1
FCSA:DF_QGDP_CUR(1.8.0),AE,Q,PERCENT,FCSC,ACC,Q1,CUR,GWTH_RATE,2023,5,,,,1
FCSA:DF_QGDP_CUR(1.8.0),AE,Q,PERCENT,FCSC,ACC,Q1,CUR,GWTH_RATE,2024,7.3,,,,1
FCSA:DF_QGDP_CUR(1.8.0),AE,Q,PERCENT,FCSC,ACC,Q1,CUR,GWTH_RATE,2025,5.624818378,,,,1
FCSA:DF_QGDP_CUR(1.8.0),AE,Q,PERCENT,FCSC,TOT_NO,Q1,CUR,GWTH_RATE,2013,2.656046,,,,1
FCSA:DF_QGDP_CUR(1.8.0),AE,Q,PERCENT,FCSC,TOT_NO,Q1,CUR,GWTH_RATE,2014,9.619053,,,,1
FCSA:DF_QGDP_CUR(1.8.0),AE,Q,PERCENT,FCSC,TOT_NO,Q1,CUR,GWTH_RATE,2015,6.479966,,,,1
FCSA:DF_QGDP_CUR(1.8.0),AE,Q,PERCENT,FCSC,TOT_NO,Q1,CUR,GWTH_RATE,2016,3.325391,,,,1
FCSA:DF_QGDP_CUR(1.8.0),AE,Q,PERCENT,FCSC,TOT_NO,Q1,CUR,GWTH_RATE,2017,4.2,,,,1
FCSA:DF_QGDP_CUR(1.8.0),AE,Q,PERCENT,FCSC,TOT_NO,Q1,CUR,GWTH_RATE,2018,1.8,,,,1
FCSA:DF_QGDP_CUR(1.8.0),AE,Q,PERCENT,FCSC,TOT_NO,Q1,CUR,GWTH_RATE,2019,3.1,,,,1
FCSA:DF_QGDP_CUR(1.8.0),AE,Q,PERCENT,FCSC,TOT_NO,Q1,CUR,GWTH_RATE,2020,-7.4,,,,1
FCSA:DF_QGDP_CUR(1.8.0),AE,Q,PERCENT,FCSC,TOT_NO,Q1,CUR,GWTH_RATE,2021,-3.1,,,,1
FCSA:DF_QGDP_CUR(1.8.0),AE,Q,PERCENT,FCSC,TOT_NO,Q1,CUR,GWTH_RATE,2022,13.6,,,,1
FCSA:DF_QGDP_CUR(1.8.0),AE,Q,PERCENT,FCSC,TOT_NO,Q1,CUR,GWTH_RATE,2023,10.7,,,,1
FCSA:DF_QGDP_CUR(1.8.0),AE,Q,PERCENT,FCSC,TOT_NO,Q1,CUR,GWTH_RATE,2024,6.5,,,,1
FCSA:DF_QGDP_CUR(1.8.0),AE,Q,PERCENT,FCSC,TOT_NO,Q1,CUR,GWTH_RATE,2025,6.856291119,,,,1
FCSA:DF_QGDP_CUR(1.8.0),AE,Q,MILAED,FCSC,WHO,Q1,CUR,VAL,2012,36933,,,,0
FCSA:DF_QGDP_CUR(1.8.0),AE,Q,MILAED,FCSC,WHO,Q1,CUR,VAL,2013,39676,,,,0
FCSA:DF_QGDP_CUR(1.8.0),AE,Q,MILAED,FCSC,WHO,Q1,CUR,VAL,2014,41396,,,,0
FCSA:DF_QGDP_CUR(1.8.0),AE,Q,MILAED,FCSC,WHO,Q1,CUR,VAL,2015,42595,,,,0
FCSA:DF_QGDP_CUR(1.8.0),AE,Q,MILAED,FCSC,WHO,Q1,CUR,VAL,2016,44312,,,,0
FCSA:DF_QGDP_CUR(1.8.0),AE,Q,MILAED,FCSC,WHO,Q1,CUR,VAL,2017,47435,,,,0
FCSA:DF_QGDP_CUR(1.8.0),AE,Q,MILAED,FCSC,WHO,Q1,CUR,VAL,2018,45248,,,,0
FCSA:DF_QGDP_CUR(1.8.0),AE,Q,MILAED,FCSC,WHO,Q1,CUR,VAL,2019,48427,,,,0
FCSA:DF_QGDP_CUR(1.8.0),AE,Q,MILAED,FCSC,WHO,Q1,CUR,VAL,2020,42214,,,,0
FCSA:DF_QGDP_CUR(1.8.0),AE,Q,MILAED,FCSC,WHO,Q1,CUR,VAL,2021,44006,,,,0
FCSA:DF_QGDP_CUR(1.8.0),AE,Q,MILAED,FCSC,WHO,Q1,CUR,VAL,2022,47024,,,,0
FCSA:DF_QGDP_CUR(1.8.0),AE,Q,MILAED,FCSC,WHO,Q1,CUR,VAL,2023,52254,,,,0
FCSA:DF_QGDP_CUR(1.8.0),AE,Q,MILAED,FCSC,WHO,Q1,CUR,VAL,2024,55574,,,,0
FCSA:DF_QGDP_CUR(1.8.0),AE,Q,MILAED,FCSC,WHO,Q1,CUR,VAL,2025,59867.09983,,,,0
FCSA:DF_QGDP_CUR(1.8.0),AE,Q,MILAED,FCSC,ACT,Q1,CUR,VAL,2012,1462,,,,0
FCSA:DF_QGDP_CUR(1.8.0),AE,Q,MILAED,FCSC,ACT,Q1,CUR,VAL,2013,1606,,,,0
FCSA:DF_QGDP_CUR(1.8.0),AE,Q,MILAED,FCSC,ACT,Q1,CUR,VAL,2014,1915,,,,0
FCSA:DF_QGDP_CUR(1.8.0),AE,Q,MILAED,FCSC,ACT,Q1,CUR,VAL,2015,2168,,,,0
FCSA:DF_QGDP_CUR(1.8.0),AE,Q,MILAED,FCSC,ACT,Q1,CUR,VAL,2016,2294,,,,0
FCSA:DF_QGDP_CUR(1.8.0),AE,Q,MILAED,FCSC,ACT,Q1,CUR,VAL,2017,2435,,,,0
FCSA:DF_QGDP_CUR(1.8.0),AE,Q,MILAED,FCSC,ACT,Q1,CUR,VAL,2018,2577,,,,0
FCSA:DF_QGDP_CUR(1.8.0),AE,Q,MILAED,FCSC,ACT,Q1,CUR,VAL,2019,2751,,,,0
FCSA:DF_QGDP_CUR(1.8.0),AE,Q,MILAED,FCSC,ACT,Q1,CUR,VAL,2020,2741,,,,0
FCSA:DF_QGDP_CUR(1.8.0),AE,Q,MILAED,FCSC,ACT,Q1,CUR,VAL,2021,2741,,,,0
FCSA:DF_QGDP_CUR(1.8.0),AE,Q,MILAED,FCSC,ACT,Q1,CUR,VAL,2022,2920,,,,0
FCSA:DF_QGDP_CUR(1.8.0),AE,Q,MILAED,FCSC,ACT,Q1,CUR,VAL,2023,3061,,,,0
FCSA:DF_QGDP_CUR(1.8.0),AE,Q,MILAED,FCSC,ACT,Q1,CUR,VAL,2024,3185,,,,0
FCSA:DF_QGDP_CUR(1.8.0),AE,Q,MILAED,FCSC,ACT,Q1,CUR,VAL,2025,3326.895401,,,,0
FCSA:DF_QGDP_CUR(1.8.0),AE,Q,MILAED,FCSC,MAN,Q3,CUR,VAL,2012,28062,,,,0
FCSA:DF_QGDP_CUR(1.8.0),AE,Q,MILAED,FCSC,MAN,Q3,CUR,VAL,2013,29262,,,,0
FCSA:DF_QGDP_CUR(1.8.0),AE,Q,MILAED,FCSC,MAN,Q3,CUR,VAL,2014,30158,,,,0
FCSA:DF_QGDP_CUR(1.8.0),AE,Q,MILAED,FCSC,MAN,Q3,CUR,VAL,2015,30413,,,,0
FCSA:DF_QGDP_CUR(1.8.0),AE,Q,MILAED,FCSC,MAN,Q3,CUR,VAL,2016,30774,,,,0
FCSA:DF_QGDP_CUR(1.8.0),AE,Q,MILAED,FCSC,MAN,Q3,CUR,VAL,2017,33137,,,,0
FCSA:DF_QGDP_CUR(1.8.0),AE,Q,MILAED,FCSC,MAN,Q3,CUR,VAL,2018,35254,,,,0
FCSA:DF_QGDP_CUR(1.8.0),AE,Q,MILAED,FCSC,MAN,Q3,CUR,VAL,2019,33570,,,,0
FCSA:DF_QGDP_CUR(1.8.0),AE,Q,MILAED,FCSC,MAN,Q3,CUR,VAL,2020,29144,,,,0
FCSA:DF_QGDP_CUR(1.8.0),AE,Q,MILAED,FCSC,MAN,Q3,CUR,VAL,2021,34651,,,,0
FCSA:DF_QGDP_CUR(1.8.0),AE,Q,MILAED,FCSC,MAN,Q3,CUR,VAL,2022,41757,,,,0
FCSA:DF_QGDP_CUR(1.8.0),AE,Q,MILAED,FCSC,MAN,Q3,CUR,VAL,2023,47226,,,,0
FCSA:DF_QGDP_CUR(1.8.0),AE,Q,MILAED,FCSC,MAN,Q3,CUR,VAL,2024,49491,,,,0
FCSA:DF_QGDP_CUR(1.8.0),AE,Q,MILAED,FCSC,ART,Q1,CUR,VAL,2012,1852,,,,0
FCSA:DF_QGDP_CUR(1.8.0),AE,Q,MILAED,FCSC,ART,Q1,CUR,VAL,2013,1937,,,,0
FCSA:DF_QGDP_CUR(1.8.0),AE,Q,MILAED,FCSC,ART,Q1,CUR,VAL,2014,1853,,,,0
FCSA:DF_QGDP_CUR(1.8.0),AE,Q,MILAED,FCSC,ART,Q1,CUR,VAL,2015,2040,,,,0
FCSA:DF_QGDP_CUR(1.8.0),AE,Q,MILAED,FCSC,ART,Q1,CUR,VAL,2016,2378,,,,0
FCSA:DF_QGDP_CUR(1.8.0),AE,Q,MILAED,FCSC,ART,Q1,CUR,VAL,2017,2520,,,,0
FCSA:DF_QGDP_CUR(1.8.0),AE,Q,MILAED,FCSC,ART,Q1,CUR,VAL,2018,2733,,,,0
FCSA:DF_QGDP_CUR(1.8.0),AE,Q,MILAED,FCSC,ART,Q1,CUR,VAL,2019,2536,,,,0
FCSA:DF_QGDP_CUR(1.8.0),AE,Q,MILAED,FCSC,ART,Q1,CUR,VAL,2020,2576,,,,0
FCSA:DF_QGDP_CUR(1.8.0),AE,Q,MILAED,FCSC,ART,Q1,CUR,VAL,2021,1679,,,,0
FCSA:DF_QGDP_CUR(1.8.0),AE,Q,MILAED,FCSC,ART,Q1,CUR,VAL,2022,2253,,,,0
FCSA:DF_QGDP_CUR(1.8.0),AE,Q,MILAED,FCSC,ART,Q1,CUR,VAL,2023,2652,,,,0
FCSA:DF_QGDP_CUR(1.8.0),AE,Q,MILAED,FCSC,ART,Q1,CUR,VAL,2024,2680,,,,0
FCSA:DF_QGDP_CUR(1.8.0),AE,Q,MILAED,FCSC,ART,Q1,CUR,VAL,2025,2893.960393,,,,0
FCSA:DF_QGDP_CUR(1.8.0),AE,Q,PERCENT,FCSC,PRO,Q4,CUR,GWTH_RATE,2013,23.384851,,,,1
FCSA:DF_QGDP_CUR(1.8.0),AE,Q,PERCENT,FCSC,PRO,Q4,CUR,GWTH_RATE,2014,-2.396805,,,,1
FCSA:DF_QGDP_CUR(1.8.0),AE,Q,PERCENT,FCSC,PRO,Q4,CUR,GWTH_RATE,2015,8.614921,,,,1
FCSA:DF_QGDP_CUR(1.8.0),AE,Q,PERCENT,FCSC,PRO,Q4,CUR,GWTH_RATE,2016,11.281753,,,,1
FCSA:DF_QGDP_CUR(1.8.0),AE,Q,PERCENT,FCSC,PRO,Q4,CUR,GWTH_RATE,2017,-2.6,,,,1
FCSA:DF_QGDP_CUR(1.8.0),AE,Q,PERCENT,FCSC,PRO,Q4,CUR,GWTH_RATE,2018,2.9,,,,1
FCSA:DF_QGDP_CUR(1.8.0),AE,Q,PERCENT,FCSC,PRO,Q4,CUR,GWTH_RATE,2019,7.4,,,,1
FCSA:DF_QGDP_CUR(1.8.0),AE,Q,PERCENT,FCSC,PRO,Q4,CUR,GWTH_RATE,2020,-13.7,,,,1
FCSA:DF_QGDP_CUR(1.8.0),AE,Q,PERCENT,FCSC,PRO,Q4,CUR,GWTH_RATE,2021,13.1,,,,1
FCSA:DF_QGDP_CUR(1.8.0),AE,Q,PERCENT,FCSC,PRO,Q4,CUR,GWTH_RATE,2022,2.4,,,,1
FCSA:DF_QGDP_CUR(1.8.0),AE,Q,PERCENT,FCSC,PRO,Q4,CUR,GWTH_RATE,2023,12.5,,,,1
FCSA:DF_QGDP_CUR(1.8.0),AE,Q,PERCENT,FCSC,PRO,Q4,CUR,GWTH_RATE,2024,8.3,,,,1
FCSA:DF_QGDP_CUR(1.8.0),AE,Q,PERCENT,FCSC,FIN,Q1,CUR,GWTH_RATE,2013,7.940496,,,,1
FCSA:DF_QGDP_CUR(1.8.0),AE,Q,PERCENT,FCSC,FIN,Q1,CUR,GWTH_RATE,2014,16.975504,,,,1
FCSA:DF_QGDP_CUR(1.8.0),AE,Q,PERCENT,FCSC,FIN,Q1,CUR,GWTH_RATE,2015,8.903151,,,,1
FCSA:DF_QGDP_CUR(1.8.0),AE,Q,PERCENT,FCSC,FIN,Q1,CUR,GWTH_RATE,2016,2.6844,,,,1
FCSA:DF_QGDP_CUR(1.8.0),AE,Q,PERCENT,FCSC,FIN,Q1,CUR,GWTH_RATE,2017,6.3,,,,1
FCSA:DF_QGDP_CUR(1.8.0),AE,Q,PERCENT,FCSC,FIN,Q1,CUR,GWTH_RATE,2018,-4.1,,,,1
FCSA:DF_QGDP_CUR(1.8.0),AE,Q,PERCENT,FCSC,FIN,Q1,CUR,GWTH_RATE,2019,3.5,,,,1
FCSA:DF_QGDP_CUR(1.8.0),AE,Q,PERCENT,FCSC,FIN,Q1,CUR,GWTH_RATE,2020,-10.6,,,,1
FCSA:DF_QGDP_CUR(1.8.0),AE,Q,PERCENT,FCSC,FIN,Q1,CUR,GWTH_RATE,2021,-6.2,,,,1
FCSA:DF_QGDP_CUR(1.8.0),AE,Q,PERCENT,FCSC,FIN,Q1,CUR,GWTH_RATE,2022,18,,,,1
FCSA:DF_QGDP_CUR(1.8.0),AE,Q,PERCENT,FCSC,FIN,Q1,CUR,GWTH_RATE,2023,8,,,,1
FCSA:DF_QGDP_CUR(1.8.0),AE,Q,PERCENT,FCSC,FIN,Q1,CUR,GWTH_RATE,2024,12.6,,,,1
FCSA:DF_QGDP_CUR(1.8.0),AE,Q,PERCENT,FCSC,FIN,Q1,CUR,GWTH_RATE,2025,6.332076184,,,,1
FCSA:DF_QGDP_CUR(1.8.0),AE,Q,MILAED,FCSC,ELE,Q4,CUR,VAL,2012,9394,,,,0
FCSA:DF_QGDP_CUR(1.8.0),AE,Q,MILAED,FCSC,ELE,Q4,CUR,VAL,2013,9142,,,,0
FCSA:DF_QGDP_CUR(1.8.0),AE,Q,MILAED,FCSC,ELE,Q4,CUR,VAL,2014,11363,,,,0
FCSA:DF_QGDP_CUR(1.8.0),AE,Q,MILAED,FCSC,ELE,Q4,CUR,VAL,2015,12569,,,,0
FCSA:DF_QGDP_CUR(1.8.0),AE,Q,MILAED,FCSC,ELE,Q4,CUR,VAL,2016,13207,,,,0
FCSA:DF_QGDP_CUR(1.8.0),AE,Q,MILAED,FCSC,ELE,Q4,CUR,VAL,2017,14424,,,,0
FCSA:DF_QGDP_CUR(1.8.0),AE,Q,MILAED,FCSC,ELE,Q4,CUR,VAL,2018,16285,,,,0
FCSA:DF_QGDP_CUR(1.8.0),AE,Q,MILAED,FCSC,ELE,Q4,CUR,VAL,2019,15430,,,,0
FCSA:DF_QGDP_CUR(1.8.0),AE,Q,MILAED,FCSC,ELE,Q4,CUR,VAL,2020,15307,,,,0
FCSA:DF_QGDP_CUR(1.8.0),AE,Q,MILAED,FCSC,ELE,Q4,CUR,VAL,2021,19132,,,,0
FCSA:DF_QGDP_CUR(1.8.0),AE,Q,MILAED,FCSC,ELE,Q4,CUR,VAL,2022,18625,,,,0
FCSA:DF_QGDP_CUR(1.8.0),AE,Q,MILAED,FCSC,ELE,Q4,CUR,VAL,2023,20972,,,,0
FCSA:DF_QGDP_CUR(1.8.0),AE,Q,MILAED,FCSC,ELE,Q4,CUR,VAL,2024,23256,,,,0
FCSA:DF_QGDP_CUR(1.8.0),AE,Q,MILAED,FCSC,TOT_GDP,Q2,CUR,VAL,2012,358210,,,,0
FCSA:DF_QGDP_CUR(1.8.0),AE,Q,MILAED,FCSC,TOT_GDP,Q2,CUR,VAL,2013,371364,,,,0
FCSA:DF_QGDP_CUR(1.8.0),AE,Q,MILAED,FCSC,TOT_GDP,Q2,CUR,VAL,2014,405147,,,,0
FCSA:DF_QGDP_CUR(1.8.0),AE,Q,MILAED,FCSC,TOT_GDP,Q2,CUR,VAL,2015,370421,,,,0
FCSA:DF_QGDP_CUR(1.8.0),AE,Q,MILAED,FCSC,TOT_GDP,Q2,CUR,VAL,2016,358564,,,,0
FCSA:DF_QGDP_CUR(1.8.0),AE,Q,MILAED,FCSC,TOT_GDP,Q2,CUR,VAL,2017,369882,,,,0
FCSA:DF_QGDP_CUR(1.8.0),AE,Q,MILAED,FCSC,TOT_GDP,Q2,CUR,VAL,2018,409629,,,,0
FCSA:DF_QGDP_CUR(1.8.0),AE,Q,MILAED,FCSC,TOT_GDP,Q2,CUR,VAL,2019,409274,,,,0
FCSA:DF_QGDP_CUR(1.8.0),AE,Q,MILAED,FCSC,TOT_GDP,Q2,CUR,VAL,2020,303811,,,,0
FCSA:DF_QGDP_CUR(1.8.0),AE,Q,MILAED,FCSC,TOT_GDP,Q2,CUR,VAL,2021,388103,,,,0
FCSA:DF_QGDP_CUR(1.8.0),AE,Q,MILAED,FCSC,TOT_GDP,Q2,CUR,VAL,2022,488904,,,,0
FCSA:DF_QGDP_CUR(1.8.0),AE,Q,MILAED,FCSC,TOT_GDP,Q2,CUR,VAL,2023,482168,,,,0
FCSA:DF_QGDP_CUR(1.8.0),AE,Q,MILAED,FCSC,TOT_GDP,Q2,CUR,VAL,2024,515613,,,,0
FCSA:DF_QGDP_CUR(1.8.0),AE,Q,PERCENT,FCSC,WHO,Q1,CUR,GWTH_RATE,2013,7.427648,,,,1
FCSA:DF_QGDP_CUR(1.8.0),AE,Q,PERCENT,FCSC,WHO,Q1,CUR,GWTH_RATE,2014,4.33498,,,,1
FCSA:DF_QGDP_CUR(1.8.0),AE,Q,PERCENT,FCSC,WHO,Q1,CUR,GWTH_RATE,2015,2.89615,,,,1
FCSA:DF_QGDP_CUR(1.8.0),AE,Q,PERCENT,FCSC,WHO,Q1,CUR,GWTH_RATE,2016,4.030888,,,,1
FCSA:DF_QGDP_CUR(1.8.0),AE,Q,PERCENT,FCSC,WHO,Q1,CUR,GWTH_RATE,2017,7,,,,1
FCSA:DF_QGDP_CUR(1.8.0),AE,Q,PERCENT,FCSC,WHO,Q1,CUR,GWTH_RATE,2018,-4.6,,,,1
FCSA:DF_QGDP_CUR(1.8.0),AE,Q,PERCENT,FCSC,WHO,Q1,CUR,GWTH_RATE,2019,7,,,,1
FCSA:DF_QGDP_CUR(1.8.0),AE,Q,PERCENT,FCSC,WHO,Q1,CUR,GWTH_RATE,2020,-12.8,,,,1
FCSA:DF_QGDP_CUR(1.8.0),AE,Q,PERCENT,FCSC,WHO,Q1,CUR,GWTH_RATE,2021,4.2,,,,1
FCSA:DF_QGDP_CUR(1.8.0),AE,Q,PERCENT,FCSC,WHO,Q1,CUR,GWTH_RATE,2022,6.9,,,,1
FCSA:DF_QGDP_CUR(1.8.0),AE,Q,PERCENT,FCSC,WHO,Q1,CUR,GWTH_RATE,2023,11.1,,,,1
FCSA:DF_QGDP_CUR(1.8.0),AE,Q,PERCENT,FCSC,WHO,Q1,CUR,GWTH_RATE,2024,6.4,,,,1
FCSA:DF_QGDP_CUR(1.8.0),AE,Q,PERCENT,FCSC,WHO,Q1,CUR,GWTH_RATE,2025,7.724861681,,,,1
FCSA:DF_QGDP_CUR(1.8.0),AE,Q,MILAED,FCSC,ART,Q3,CUR,VAL,2012,1888,,,,0
FCSA:DF_QGDP_CUR(1.8.0),AE,Q,MILAED,FCSC,ART,Q3,CUR,VAL,2013,1865,,,,0
FCSA:DF_QGDP_CUR(1.8.0),AE,Q,MILAED,FCSC,ART,Q3,CUR,VAL,2014,2092,,,,0
FCSA:DF_QGDP_CUR(1.8.0),AE,Q,MILAED,FCSC,ART,Q3,CUR,VAL,2015,2216,,,,0
FCSA:DF_QGDP_CUR(1.8.0),AE,Q,MILAED,FCSC,ART,Q3,CUR,VAL,2016,2469,,,,0
FCSA:DF_QGDP_CUR(1.8.0),AE,Q,MILAED,FCSC,ART,Q3,CUR,VAL,2017,2617,,,,0
FCSA:DF_QGDP_CUR(1.8.0),AE,Q,MILAED,FCSC,ART,Q3,CUR,VAL,2018,2643,,,,0
FCSA:DF_QGDP_CUR(1.8.0),AE,Q,MILAED,FCSC,ART,Q3,CUR,VAL,2019,2703,,,,0
FCSA:DF_QGDP_CUR(1.8.0),AE,Q,MILAED,FCSC,ART,Q3,CUR,VAL,2020,1823,,,,0
FCSA:DF_QGDP_CUR(1.8.0),AE,Q,MILAED,FCSC,ART,Q3,CUR,VAL,2021,1983,,,,0
FCSA:DF_QGDP_CUR(1.8.0),AE,Q,MILAED,FCSC,ART,Q3,CUR,VAL,2022,2189,,,,0
FCSA:DF_QGDP_CUR(1.8.0),AE,Q,MILAED,FCSC,ART,Q3,CUR,VAL,2023,2502,,,,0
FCSA:DF_QGDP_CUR(1.8.0),AE,Q,MILAED,FCSC,ART,Q3,CUR,VAL,2024,2666,,,,0
FCSA:DF_QGDP_CUR(1.8.0),AE,Q,PERCENT,FCSC,TOT_NO,Q3,CUR,GWTH_RATE,2013,9.915639,,,,1
FCSA:DF_QGDP_CUR(1.8.0),AE,Q,PERCENT,FCSC,TOT_NO,Q3,CUR,GWTH_RATE,2014,6.999047,,,,1
FCSA:DF_QGDP_CUR(1.8.0),AE,Q,PERCENT,FCSC,TOT_NO,Q3,CUR,GWTH_RATE,2015,5.035885,,,,1
FCSA:DF_QGDP_CUR(1.8.0),AE,Q,PERCENT,FCSC,TOT_NO,Q3,CUR,GWTH_RATE,2016,2.165736,,,,1
FCSA:DF_QGDP_CUR(1.8.0),AE,Q,PERCENT,FCSC,TOT_NO,Q3,CUR,GWTH_RATE,2017,3.6,,,,1
FCSA:DF_QGDP_CUR(1.8.0),AE,Q,PERCENT,FCSC,TOT_NO,Q3,CUR,GWTH_RATE,2018,1.9,,,,1
FCSA:DF_QGDP_CUR(1.8.0),AE,Q,PERCENT,FCSC,TOT_NO,Q3,CUR,GWTH_RATE,2019,2.2,,,,1
FCSA:DF_QGDP_CUR(1.8.0),AE,Q,PERCENT,FCSC,TOT_NO,Q3,CUR,GWTH_RATE,2020,-14.1,,,,1
FCSA:DF_QGDP_CUR(1.8.0),AE,Q,PERCENT,FCSC,TOT_NO,Q3,CUR,GWTH_RATE,2021,11.5,,,,1
FCSA:DF_QGDP_CUR(1.8.0),AE,Q,PERCENT,FCSC,TOT_NO,Q3,CUR,GWTH_RATE,2022,13.1,,,,1
FCSA:DF_QGDP_CUR(1.8.0),AE,Q,PERCENT,FCSC,TOT_NO,Q3,CUR,GWTH_RATE,2023,11.2,,,,1
FCSA:DF_QGDP_CUR(1.8.0),AE,Q,PERCENT,FCSC,TOT_NO,Q3,CUR,GWTH_RATE,2024,6,,,,1
FCSA:DF_QGDP_CUR(1.8.0),AE,Q,MILAED,FCSC,PRO,Q1,CUR,VAL,2012,15329,,,,0
FCSA:DF_QGDP_CUR(1.8.0),AE,Q,MILAED,FCSC,PRO,Q1,CUR,VAL,2013,15146,,,,0
FCSA:DF_QGDP_CUR(1.8.0),AE,Q,MILAED,FCSC,PRO,Q1,CUR,VAL,2014,17270,,,,0
FCSA:DF_QGDP_CUR(1.8.0),AE,Q,MILAED,FCSC,PRO,Q1,CUR,VAL,2015,17892,,,,0
FCSA:DF_QGDP_CUR(1.8.0),AE,Q,MILAED,FCSC,PRO,Q1,CUR,VAL,2016,19070,,,,0
FCSA:DF_QGDP_CUR(1.8.0),AE,Q,MILAED,FCSC,PRO,Q1,CUR,VAL,2017,18808,,,,0
FCSA:DF_QGDP_CUR(1.8.0),AE,Q,MILAED,FCSC,PRO,Q1,CUR,VAL,2018,19805,,,,0
FCSA:DF_QGDP_CUR(1.8.0),AE,Q,MILAED,FCSC,PRO,Q1,CUR,VAL,2019,20485,,,,0
FCSA:DF_QGDP_CUR(1.8.0),AE,Q,MILAED,FCSC,PRO,Q1,CUR,VAL,2020,19518,,,,0
FCSA:DF_QGDP_CUR(1.8.0),AE,Q,MILAED,FCSC,PRO,Q1,CUR,VAL,2021,18417,,,,0
FCSA:DF_QGDP_CUR(1.8.0),AE,Q,MILAED,FCSC,PRO,Q1,CUR,VAL,2022,21252,,,,0
FCSA:DF_QGDP_CUR(1.8.0),AE,Q,MILAED,FCSC,PRO,Q1,CUR,VAL,2023,23501,,,,0
FCSA:DF_QGDP_CUR(1.8.0),AE,Q,MILAED,FCSC,PRO,Q1,CUR,VAL,2024,24618,,,,0
FCSA:DF_QGDP_CUR(1.8.0),AE,Q,MILAED,FCSC,PRO,Q1,CUR,VAL,2025,25993.21919,,,,0
FCSA:DF_QGDP_CUR(1.8.0),AE,Q,PERCENT,FCSC,FIN,Q2,CUR,GWTH_RATE,2013,14.373352,,,,1
FCSA:DF_QGDP_CUR(1.8.0),AE,Q,PERCENT,FCSC,FIN,Q2,CUR,GWTH_RATE,2014,15.525366,,,,1
FCSA:DF_QGDP_CUR(1.8.0),AE,Q,PERCENT,FCSC,FIN,Q2,CUR,GWTH_RATE,2015,6.360946,,,,1
FCSA:DF_QGDP_CUR(1.8.0),AE,Q,PERCENT,FCSC,FIN,Q2,CUR,GWTH_RATE,2016,3.92172,,,,1
FCSA:DF_QGDP_CUR(1.8.0),AE,Q,PERCENT,FCSC,FIN,Q2,CUR,GWTH_RATE,2017,1.8,,,,1
FCSA:DF_QGDP_CUR(1.8.0),AE,Q,PERCENT,FCSC,FIN,Q2,CUR,GWTH_RATE,2018,-0.6,,,,1
FCSA:DF_QGDP_CUR(1.8.0),AE,Q,PERCENT,FCSC,FIN,Q2,CUR,GWTH_RATE,2019,1.4,,,,1
FCSA:DF_QGDP_CUR(1.8.0),AE,Q,PERCENT,FCSC,FIN,Q2,CUR,GWTH_RATE,2020,-13.9,,,,1
FCSA:DF_QGDP_CUR(1.8.0),AE,Q,PERCENT,FCSC,FIN,Q2,CUR,GWTH_RATE,2021,8.8,,,,1
FCSA:DF_QGDP_CUR(1.8.0),AE,Q,PERCENT,FCSC,FIN,Q2,CUR,GWTH_RATE,2022,11.8,,,,1
FCSA:DF_QGDP_CUR(1.8.0),AE,Q,PERCENT,FCSC,FIN,Q2,CUR,GWTH_RATE,2023,12.2,,,,1
FCSA:DF_QGDP_CUR(1.8.0),AE,Q,PERCENT,FCSC,FIN,Q2,CUR,GWTH_RATE,2024,9.6,,,,1
FCSA:DF_QGDP_CUR(1.8.0),AE,Q,PERCENT,FCSC,EDU,Q2,CUR,GWTH_RATE,2013,8.502655,,,,1
FCSA:DF_QGDP_CUR(1.8.0),AE,Q,PERCENT,FCSC,EDU,Q2,CUR,GWTH_RATE,2014,9.299112,,,,1
FCSA:DF_QGDP_CUR(1.8.0),AE,Q,PERCENT,FCSC,EDU,Q2,CUR,GWTH_RATE,2015,7.162456,,,,1
FCSA:DF_QGDP_CUR(1.8.0),AE,Q,PERCENT,FCSC,EDU,Q2,CUR,GWTH_RATE,2016,5.90858,,,,1
FCSA:DF_QGDP_CUR(1.8.0),AE,Q,PERCENT,FCSC,EDU,Q2,CUR,GWTH_RATE,2017,6,,,,1
FCSA:DF_QGDP_CUR(1.8.0),AE,Q,PERCENT,FCSC,EDU,Q2,CUR,GWTH_RATE,2018,7.2,,,,1
FCSA:DF_QGDP_CUR(1.8.0),AE,Q,PERCENT,FCSC,EDU,Q2,CUR,GWTH_RATE,2019,0.8,,,,1
FCSA:DF_QGDP_CUR(1.8.0),AE,Q,PERCENT,FCSC,EDU,Q2,CUR,GWTH_RATE,2020,-2.3,,,,1
FCSA:DF_QGDP_CUR(1.8.0),AE,Q,PERCENT,FCSC,EDU,Q2,CUR,GWTH_RATE,2021,2.3,,,,1
FCSA:DF_QGDP_CUR(1.8.0),AE,Q,PERCENT,FCSC,EDU,Q2,CUR,GWTH_RATE,2022,9.1,,,,1
FCSA:DF_QGDP_CUR(1.8.0),AE,Q,PERCENT,FCSC,EDU,Q2,CUR,GWTH_RATE,2023,5.3,,,,1
FCSA:DF_QGDP_CUR(1.8.0),AE,Q,PERCENT,FCSC,EDU,Q2,CUR,GWTH_RATE,2024,2.8,,,,1
FCSA:DF_QGDP_CUR(1.8.0),AE,Q,MILAED,FCSC,TRA,Q3,CUR,VAL,2012,22337,,,,0
FCSA:DF_QGDP_CUR(1.8.0),AE,Q,MILAED,FCSC,TRA,Q3,CUR,VAL,2013,23939,,,,0
FCSA:DF_QGDP_CUR(1.8.0),AE,Q,MILAED,FCSC,TRA,Q3,CUR,VAL,2014,25971,,,,0
FCSA:DF_QGDP_CUR(1.8.0),AE,Q,MILAED,FCSC,TRA,Q3,CUR,VAL,2015,26736,,,,0
FCSA:DF_QGDP_CUR(1.8.0),AE,Q,MILAED,FCSC,TRA,Q3,CUR,VAL,2016,23225,,,,0
FCSA:DF_QGDP_CUR(1.8.0),AE,Q,MILAED,FCSC,TRA,Q3,CUR,VAL,2017,22128,,,,0
FCSA:DF_QGDP_CUR(1.8.0),AE,Q,MILAED,FCSC,TRA,Q3,CUR,VAL,2018,23573,,,,0
FCSA:DF_QGDP_CUR(1.8.0),AE,Q,MILAED,FCSC,TRA,Q3,CUR,VAL,2019,24590,,,,0
FCSA:DF_QGDP_CUR(1.8.0),AE,Q,MILAED,FCSC,TRA,Q3,CUR,VAL,2020,14249,,,,0
FCSA:DF_QGDP_CUR(1.8.0),AE,Q,MILAED,FCSC,TRA,Q3,CUR,VAL,2021,18814,,,,0
FCSA:DF_QGDP_CUR(1.8.0),AE,Q,MILAED,FCSC,TRA,Q3,CUR,VAL,2022,27454,,,,0
FCSA:DF_QGDP_CUR(1.8.0),AE,Q,MILAED,FCSC,TRA,Q3,CUR,VAL,2023,34645,,,,0
FCSA:DF_QGDP_CUR(1.8.0),AE,Q,MILAED,FCSC,TRA,Q3,CUR,VAL,2024,36157,,,,0
FCSA:DF_QGDP_CUR(1.8.0),AE,Q,MILAED,FCSC,ACC,Q1,CUR,VAL,2012,6557,,,,0
FCSA:DF_QGDP_CUR(1.8.0),AE,Q,MILAED,FCSC,ACC,Q1,CUR,VAL,2013,7619,,,,0
FCSA:DF_QGDP_CUR(1.8.0),AE,Q,MILAED,FCSC,ACC,Q1,CUR,VAL,2014,8437,,,,0
FCSA:DF_QGDP_CUR(1.8.0),AE,Q,MILAED,FCSC,ACC,Q1,CUR,VAL,2015,9002,,,,0
FCSA:DF_QGDP_CUR(1.8.0),AE,Q,MILAED,FCSC,ACC,Q1,CUR,VAL,2016,8684,,,,0
FCSA:DF_QGDP_CUR(1.8.0),AE,Q,MILAED,FCSC,ACC,Q1,CUR,VAL,2017,8681,,,,0
FCSA:DF_QGDP_CUR(1.8.0),AE,Q,MILAED,FCSC,ACC,Q1,CUR,VAL,2018,8709,,,,0
FCSA:DF_QGDP_CUR(1.8.0),AE,Q,MILAED,FCSC,ACC,Q1,CUR,VAL,2019,9111,,,,0
FCSA:DF_QGDP_CUR(1.8.0),AE,Q,MILAED,FCSC,ACC,Q1,CUR,VAL,2020,6645,,,,0
FCSA:DF_QGDP_CUR(1.8.0),AE,Q,MILAED,FCSC,ACC,Q1,CUR,VAL,2021,5148,,,,0
FCSA:DF_QGDP_CUR(1.8.0),AE,Q,MILAED,FCSC,ACC,Q1,CUR,VAL,2022,9004,,,,0
FCSA:DF_QGDP_CUR(1.8.0),AE,Q,MILAED,FCSC,ACC,Q1,CUR,VAL,2023,9453,,,,0
FCSA:DF_QGDP_CUR(1.8.0),AE,Q,MILAED,FCSC,ACC,Q1,CUR,VAL,2024,10139,,,,0
FCSA:DF_QGDP_CUR(1.8.0),AE,Q,MILAED,FCSC,ACC,Q1,CUR,VAL,2025,10709.15122,,,,0
FCSA:DF_QGDP_CUR(1.8.0),AE,Q,MILAED,FCSC,AGR,Q1,CUR,VAL,2012,3929,,,,0
FCSA:DF_QGDP_CUR(1.8.0),AE,Q,MILAED,FCSC,AGR,Q1,CUR,VAL,2013,2959,,,,0
FCSA:DF_QGDP_CUR(1.8.0),AE,Q,MILAED,FCSC,AGR,Q1,CUR,VAL,2014,2589,,,,0
FCSA:DF_QGDP_CUR(1.8.0),AE,Q,MILAED,FCSC,AGR,Q1,CUR,VAL,2015,2011,,,,0
FCSA:DF_QGDP_CUR(1.8.0),AE,Q,MILAED,FCSC,AGR,Q1,CUR,VAL,2016,2514,,,,0
FCSA:DF_QGDP_CUR(1.8.0),AE,Q,MILAED,FCSC,AGR,Q1,CUR,VAL,2017,2775,,,,0
FCSA:DF_QGDP_CUR(1.8.0),AE,Q,MILAED,FCSC,AGR,Q1,CUR,VAL,2018,3038,,,,0
FCSA:DF_QGDP_CUR(1.8.0),AE,Q,MILAED,FCSC,AGR,Q1,CUR,VAL,2019,2887,,,,0
FCSA:DF_QGDP_CUR(1.8.0),AE,Q,MILAED,FCSC,AGR,Q1,CUR,VAL,2020,2814,,,,0
FCSA:DF_QGDP_CUR(1.8.0),AE,Q,MILAED,FCSC,AGR,Q1,CUR,VAL,2021,3551,,,,0
FCSA:DF_QGDP_CUR(1.8.0),AE,Q,MILAED,FCSC,AGR,Q1,CUR,VAL,2022,3704,,,,0
FCSA:DF_QGDP_CUR(1.8.0),AE,Q,MILAED,FCSC,AGR,Q1,CUR,VAL,2023,3848,,,,0
FCSA:DF_QGDP_CUR(1.8.0),AE,Q,MILAED,FCSC,AGR,Q1,CUR,VAL,2024,4003,,,,0
FCSA:DF_QGDP_CUR(1.8.0),AE,Q,MILAED,FCSC,AGR,Q1,CUR,VAL,2025,4093.453373,,,,0
FCSA:DF_QGDP_CUR(1.8.0),AE,Q,PERCENT,FCSC,ACT,Q4,CUR,GWTH_RATE,2013,30.350842,,,,1
FCSA:DF_QGDP_CUR(1.8.0),AE,Q,PERCENT,FCSC,ACT,Q4,CUR,GWTH_RATE,2014,4.963156,,,,1
FCSA:DF_QGDP_CUR(1.8.0),AE,Q,PERCENT,FCSC,ACT,Q4,CUR,GWTH_RATE,2015,3.282797,,,,1
FCSA:DF_QGDP_CUR(1.8.0),AE,Q,PERCENT,FCSC,ACT,Q4,CUR,GWTH_RATE,2016,9.563154,,,,1
FCSA:DF_QGDP_CUR(1.8.0),AE,Q,PERCENT,FCSC,ACT,Q4,CUR,GWTH_RATE,2017,7.3,,,,1
FCSA:DF_QGDP_CUR(1.8.0),AE,Q,PERCENT,FCSC,ACT,Q4,CUR,GWTH_RATE,2018,7.2,,,,1
FCSA:DF_QGDP_CUR(1.8.0),AE,Q,PERCENT,FCSC,ACT,Q4,CUR,GWTH_RATE,2019,5.1,,,,1
FCSA:DF_QGDP_CUR(1.8.0),AE,Q,PERCENT,FCSC,ACT,Q4,CUR,GWTH_RATE,2020,-5.1,,,,1
FCSA:DF_QGDP_CUR(1.8.0),AE,Q,PERCENT,FCSC,ACT,Q4,CUR,GWTH_RATE,2021,3.8,,,,1
FCSA:DF_QGDP_CUR(1.8.0),AE,Q,PERCENT,FCSC,ACT,Q4,CUR,GWTH_RATE,2022,2.4,,,,1
FCSA:DF_QGDP_CUR(1.8.0),AE,Q,PERCENT,FCSC,ACT,Q4,CUR,GWTH_RATE,2023,4.4,,,,1
FCSA:DF_QGDP_CUR(1.8.0),AE,Q,PERCENT,FCSC,ACT,Q4,CUR,GWTH_RATE,2024,7.6,,,,1
FCSA:DF_QGDP_CUR(1.8.0),AE,Q,MILAED,FCSC,MIN,Q1,CUR,VAL,2012,137535,,,,0
FCSA:DF_QGDP_CUR(1.8.0),AE,Q,MILAED,FCSC,MIN,Q1,CUR,VAL,2013,134028,,,,0
FCSA:DF_QGDP_CUR(1.8.0),AE,Q,MILAED,FCSC,MIN,Q1,CUR,VAL,2014,130480,,,,0
FCSA:DF_QGDP_CUR(1.8.0),AE,Q,MILAED,FCSC,MIN,Q1,CUR,VAL,2015,70193,,,,0
FCSA:DF_QGDP_CUR(1.8.0),AE,Q,MILAED,FCSC,MIN,Q1,CUR,VAL,2016,45134,,,,0
FCSA:DF_QGDP_CUR(1.8.0),AE,Q,MILAED,FCSC,MIN,Q1,CUR,VAL,2017,70980,,,,0
FCSA:DF_QGDP_CUR(1.8.0),AE,Q,MILAED,FCSC,MIN,Q1,CUR,VAL,2018,85676,,,,0
FCSA:DF_QGDP_CUR(1.8.0),AE,Q,MILAED,FCSC,MIN,Q1,CUR,VAL,2019,83694,,,,0
FCSA:DF_QGDP_CUR(1.8.0),AE,Q,MILAED,FCSC,MIN,Q1,CUR,VAL,2020,75232,,,,0
FCSA:DF_QGDP_CUR(1.8.0),AE,Q,MILAED,FCSC,MIN,Q1,CUR,VAL,2021,78604,,,,0
FCSA:DF_QGDP_CUR(1.8.0),AE,Q,MILAED,FCSC,MIN,Q1,CUR,VAL,2022,109728,,,,0
FCSA:DF_QGDP_CUR(1.8.0),AE,Q,MILAED,FCSC,MIN,Q1,CUR,VAL,2023,110868,,,,0
FCSA:DF_QGDP_CUR(1.8.0),AE,Q,MILAED,FCSC,MIN,Q1,CUR,VAL,2024,108511,,,,0
FCSA:DF_QGDP_CUR(1.8.0),AE,Q,MILAED,FCSC,MIN,Q1,CUR,VAL,2025,100073.2832,,,,0
FCSA:DF_QGDP_CUR(1.8.0),AE,Q,MILAED,FCSC,INF,Q1,CUR,VAL,2012,8315,,,,0
FCSA:DF_QGDP_CUR(1.8.0),AE,Q,MILAED,FCSC,INF,Q1,CUR,VAL,2013,8383,,,,0
FCSA:DF_QGDP_CUR(1.8.0),AE,Q,MILAED,FCSC,INF,Q1,CUR,VAL,2014,9073,,,,0
FCSA:DF_QGDP_CUR(1.8.0),AE,Q,MILAED,FCSC,INF,Q1,CUR,VAL,2015,9890,,,,0
FCSA:DF_QGDP_CUR(1.8.0),AE,Q,MILAED,FCSC,INF,Q1,CUR,VAL,2016,10219,,,,0
FCSA:DF_QGDP_CUR(1.8.0),AE,Q,MILAED,FCSC,INF,Q1,CUR,VAL,2017,10810,,,,0
FCSA:DF_QGDP_CUR(1.8.0),AE,Q,MILAED,FCSC,INF,Q1,CUR,VAL,2018,11247,,,,0
FCSA:DF_QGDP_CUR(1.8.0),AE,Q,MILAED,FCSC,INF,Q1,CUR,VAL,2019,11548,,,,0
FCSA:DF_QGDP_CUR(1.8.0),AE,Q,MILAED,FCSC,INF,Q1,CUR,VAL,2020,12240,,,,0
FCSA:DF_QGDP_CUR(1.8.0),AE,Q,MILAED,FCSC,INF,Q1,CUR,VAL,2021,12086,,,,0
FCSA:DF_QGDP_CUR(1.8.0),AE,Q,MILAED,FCSC,INF,Q1,CUR,VAL,2022,12579,,,,0
FCSA:DF_QGDP_CUR(1.8.0),AE,Q,MILAED,FCSC,INF,Q1,CUR,VAL,2023,12996,,,,0
FCSA:DF_QGDP_CUR(1.8.0),AE,Q,MILAED,FCSC,INF,Q1,CUR,VAL,2024,13594,,,,0
FCSA:DF_QGDP_CUR(1.8.0),AE,Q,MILAED,FCSC,INF,Q1,CUR,VAL,2025,14024.77571,,,,0
FCSA:DF_QGDP_CUR(1.8.0),AE,Q,PERCENT,FCSC,MIN,Q1,CUR,GWTH_RATE,2013,-2.549572,,,,1
FCSA:DF_QGDP_CUR(1.8.0),AE,Q,PERCENT,FCSC,MIN,Q1,CUR,GWTH_RATE,2014,-2.647602,,,,1
FCSA:DF_QGDP_CUR(1.8.0),AE,Q,PERCENT,FCSC,MIN,Q1,CUR,GWTH_RATE,2015,-46.204193,,,,1
FCSA:DF_QGDP_CUR(1.8.0),AE,Q,PERCENT,FCSC,MIN,Q1,CUR,GWTH_RATE,2016,-35.699172,,,,1
FCSA:DF_QGDP_CUR(1.8.0),AE,Q,PERCENT,FCSC,MIN,Q1,CUR,GWTH_RATE,2017,57.3,,,,1
FCSA:DF_QGDP_CUR(1.8.0),AE,Q,PERCENT,FCSC,MIN,Q1,CUR,GWTH_RATE,2018,20.7,,,,1
FCSA:DF_QGDP_CUR(1.8.0),AE,Q,PERCENT,FCSC,MIN,Q1,CUR,GWTH_RATE,2019,-2.3,,,,1
FCSA:DF_QGDP_CUR(1.8.0),AE,Q,PERCENT,FCSC,MIN,Q1,CUR,GWTH_RATE,2020,-10.1,,,,1
FCSA:DF_QGDP_CUR(1.8.0),AE,Q,PERCENT,FCSC,MIN,Q1,CUR,GWTH_RATE,2021,4.5,,,,1
FCSA:DF_QGDP_CUR(1.8.0),AE,Q,PERCENT,FCSC,MIN,Q1,CUR,GWTH_RATE,2022,39.6,,,,1
FCSA:DF_QGDP_CUR(1.8.0),AE,Q,PERCENT,FCSC,MIN,Q1,CUR,GWTH_RATE,2023,1,,,,1
FCSA:DF_QGDP_CUR(1.8.0),AE,Q,PERCENT,FCSC,MIN,Q1,CUR,GWTH_RATE,2024,-2.1,,,,1
FCSA:DF_QGDP_CUR(1.8.0),AE,Q,PERCENT,FCSC,MIN,Q1,CUR,GWTH_RATE,2025,-7.776257175,,,,1
FCSA:DF_QGDP_CUR(1.8.0),AE,Q,MILAED,FCSC,MAN,Q2,CUR,VAL,2012,27729,,,,0
FCSA:DF_QGDP_CUR(1.8.0),AE,Q,MILAED,FCSC,MAN,Q2,CUR,VAL,2013,30075,,,,0
FCSA:DF_QGDP_CUR(1.8.0),AE,Q,MILAED,FCSC,MAN,Q2,CUR,VAL,2014,32514,,,,0
FCSA:DF_QGDP_CUR(1.8.0),AE,Q,MILAED,FCSC,MAN,Q2,CUR,VAL,2015,33262,,,,0
FCSA:DF_QGDP_CUR(1.8.0),AE,Q,MILAED,FCSC,MAN,Q2,CUR,VAL,2016,33964,,,,0
FCSA:DF_QGDP_CUR(1.8.0),AE,Q,MILAED,FCSC,MAN,Q2,CUR,VAL,2017,35244,,,,0
FCSA:DF_QGDP_CUR(1.8.0),AE,Q,MILAED,FCSC,MAN,Q2,CUR,VAL,2018,37460,,,,0
FCSA:DF_QGDP_CUR(1.8.0),AE,Q,MILAED,FCSC,MAN,Q2,CUR,VAL,2019,38151,,,,0
FCSA:DF_QGDP_CUR(1.8.0),AE,Q,MILAED,FCSC,MAN,Q2,CUR,VAL,2020,31506,,,,0
FCSA:DF_QGDP_CUR(1.8.0),AE,Q,MILAED,FCSC,MAN,Q2,CUR,VAL,2021,37606,,,,0
FCSA:DF_QGDP_CUR(1.8.0),AE,Q,MILAED,FCSC,MAN,Q2,CUR,VAL,2022,44458,,,,0
FCSA:DF_QGDP_CUR(1.8.0),AE,Q,MILAED,FCSC,MAN,Q2,CUR,VAL,2023,45917,,,,0
FCSA:DF_QGDP_CUR(1.8.0),AE,Q,MILAED,FCSC,MAN,Q2,CUR,VAL,2024,49901,,,,0
FCSA:DF_QGDP_CUR(1.8.0),AE,Q,MILAED,FCSC,CON,Q1,CUR,VAL,2012,31745,,,,0
FCSA:DF_QGDP_CUR(1.8.0),AE,Q,MILAED,FCSC,CON,Q1,CUR,VAL,2013,29456,,,,0
FCSA:DF_QGDP_CUR(1.8.0),AE,Q,MILAED,FCSC,CON,Q1,CUR,VAL,2014,32156,,,,0
FCSA:DF_QGDP_CUR(1.8.0),AE,Q,MILAED,FCSC,CON,Q1,CUR,VAL,2015,33399,,,,0
FCSA:DF_QGDP_CUR(1.8.0),AE,Q,MILAED,FCSC,CON,Q1,CUR,VAL,2016,35802,,,,0
FCSA:DF_QGDP_CUR(1.8.0),AE,Q,MILAED,FCSC,CON,Q1,CUR,VAL,2017,31638,,,,0
FCSA:DF_QGDP_CUR(1.8.0),AE,Q,MILAED,FCSC,CON,Q1,CUR,VAL,2018,35784,,,,0
FCSA:DF_QGDP_CUR(1.8.0),AE,Q,MILAED,FCSC,CON,Q1,CUR,VAL,2019,37498,,,,0
FCSA:DF_QGDP_CUR(1.8.0),AE,Q,MILAED,FCSC,CON,Q1,CUR,VAL,2020,34452,,,,0
FCSA:DF_QGDP_CUR(1.8.0),AE,Q,MILAED,FCSC,CON,Q1,CUR,VAL,2021,32142,,,,0
FCSA:DF_QGDP_CUR(1.8.0),AE,Q,MILAED,FCSC,CON,Q1,CUR,VAL,2022,33709,,,,0
FCSA:DF_QGDP_CUR(1.8.0),AE,Q,MILAED,FCSC,CON,Q1,CUR,VAL,2023,36614,,,,0
FCSA:DF_QGDP_CUR(1.8.0),AE,Q,MILAED,FCSC,CON,Q1,CUR,VAL,2024,40714,,,,0
FCSA:DF_QGDP_CUR(1.8.0),AE,Q,MILAED,FCSC,CON,Q1,CUR,VAL,2025,44525.77359,,,,0
FCSA:DF_QGDP_CUR(1.8.0),AE,Q,MILAED,FCSC,NFC,Q1,CUR,VAL,2012,321986,,,,0
FCSA:DF_QGDP_CUR(1.8.0),AE,Q,MILAED,FCSC,NFC,Q1,CUR,VAL,2013,319486,,,,0
FCSA:DF_QGDP_CUR(1.8.0),AE,Q,MILAED,FCSC,NFC,Q1,CUR,VAL,2014,329348,,,,0
FCSA:DF_QGDP_CUR(1.8.0),AE,Q,MILAED,FCSC,NFC,Q1,CUR,VAL,2015,281747,,,,0
FCSA:DF_QGDP_CUR(1.8.0),AE,Q,MILAED,FCSC,NFC,Q1,CUR,VAL,2016,265116,,,,0
FCSA:DF_QGDP_CUR(1.8.0),AE,Q,MILAED,FCSC,NFC,Q1,CUR,VAL,2017,297741,,,,0
FCSA:DF_QGDP_CUR(1.8.0),AE,Q,MILAED,FCSC,NFC,Q1,CUR,VAL,2018,317654,,,,0
FCSA:DF_QGDP_CUR(1.8.0),AE,Q,MILAED,FCSC,NFC,Q1,CUR,VAL,2019,323065,,,,0
FCSA:DF_QGDP_CUR(1.8.0),AE,Q,MILAED,FCSC,NFC,Q1,CUR,VAL,2020,297085,,,,0
FCSA:DF_QGDP_CUR(1.8.0),AE,Q,MILAED,FCSC,NFC,Q1,CUR,VAL,2021,293370,,,,0
FCSA:DF_QGDP_CUR(1.8.0),AE,Q,MILAED,FCSC,NFC,Q1,CUR,VAL,2022,355743,,,,0
FCSA:DF_QGDP_CUR(1.8.0),AE,Q,MILAED,FCSC,NFC,Q1,CUR,VAL,2023,387666,,,,0
FCSA:DF_QGDP_CUR(1.8.0),AE,Q,MILAED,FCSC,NFC,Q1,CUR,VAL,2024,400669,,,,0
FCSA:DF_QGDP_CUR(1.8.0),AE,Q,MILAED,FCSC,NFC,Q1,CUR,VAL,2025,413922.6063,,,,0
FCSA:DF_QGDP_CUR(1.8.0),AE,Q,PERCENT,FCSC,CON,Q3,CUR,GWTH_RATE,2013,7.236694,,,,1
FCSA:DF_QGDP_CUR(1.8.0),AE,Q,PERCENT,FCSC,CON,Q3,CUR,GWTH_RATE,2014,5.06621,,,,1
FCSA:DF_QGDP_CUR(1.8.0),AE,Q,PERCENT,FCSC,CON,Q3,CUR,GWTH_RATE,2015,4.469138,,,,1
FCSA:DF_QGDP_CUR(1.8.0),AE,Q,PERCENT,FCSC,CON,Q3,CUR,GWTH_RATE,2016,-6.532245,,,,1
FCSA:DF_QGDP_CUR(1.8.0),AE,Q,PERCENT,FCSC,CON,Q3,CUR,GWTH_RATE,2017,8.5,,,,1
FCSA:DF_QGDP_CUR(1.8.0),AE,Q,PERCENT,FCSC,CON,Q3,CUR,GWTH_RATE,2018,-0.4,,,,1
FCSA:DF_QGDP_CUR(1.8.0),AE,Q,PERCENT,FCSC,CON,Q3,CUR,GWTH_RATE,2019,3.6,,,,1
FCSA:DF_QGDP_CUR(1.8.0),AE,Q,PERCENT,FCSC,CON,Q3,CUR,GWTH_RATE,2020,-14.4,,,,1
FCSA:DF_QGDP_CUR(1.8.0),AE,Q,PERCENT,FCSC,CON,Q3,CUR,GWTH_RATE,2021,11.1,,,,1
FCSA:DF_QGDP_CUR(1.8.0),AE,Q,PERCENT,FCSC,CON,Q3,CUR,GWTH_RATE,2022,9.2,,,,1
FCSA:DF_QGDP_CUR(1.8.0),AE,Q,PERCENT,FCSC,CON,Q3,CUR,GWTH_RATE,2023,12,,,,1
FCSA:DF_QGDP_CUR(1.8.0),AE,Q,PERCENT,FCSC,CON,Q3,CUR,GWTH_RATE,2024,8.2,,,,1
FCSA:DF_QGDP_CUR(1.8.0),AE,Q,MILAED,FCSC,HUM,Q2,CUR,VAL,2012,3276,,,,0
FCSA:DF_QGDP_CUR(1.8.0),AE,Q,MILAED,FCSC,HUM,Q2,CUR,VAL,2013,3713,,,,0
FCSA:DF_QGDP_CUR(1.8.0),AE,Q,MILAED,FCSC,HUM,Q2,CUR,VAL,2014,4314,,,,0
FCSA:DF_QGDP_CUR(1.8.0),AE,Q,MILAED,FCSC,HUM,Q2,CUR,VAL,2015,4637,,,,0
FCSA:DF_QGDP_CUR(1.8.0),AE,Q,MILAED,FCSC,HUM,Q2,CUR,VAL,2016,4833,,,,0
FCSA:DF_QGDP_CUR(1.8.0),AE,Q,MILAED,FCSC,HUM,Q2,CUR,VAL,2017,5025,,,,0
FCSA:DF_QGDP_CUR(1.8.0),AE,Q,MILAED,FCSC,HUM,Q2,CUR,VAL,2018,5171,,,,0
FCSA:DF_QGDP_CUR(1.8.0),AE,Q,MILAED,FCSC,HUM,Q2,CUR,VAL,2019,5696,,,,0
FCSA:DF_QGDP_CUR(1.8.0),AE,Q,MILAED,FCSC,HUM,Q2,CUR,VAL,2020,5097,,,,0
FCSA:DF_QGDP_CUR(1.8.0),AE,Q,MILAED,FCSC,HUM,Q2,CUR,VAL,2021,6476,,,,0
FCSA:DF_QGDP_CUR(1.8.0),AE,Q,MILAED,FCSC,HUM,Q2,CUR,VAL,2022,7723,,,,0
FCSA:DF_QGDP_CUR(1.8.0),AE,Q,MILAED,FCSC,HUM,Q2,CUR,VAL,2023,8345,,,,0
FCSA:DF_QGDP_CUR(1.8.0),AE,Q,MILAED,FCSC,HUM,Q2,CUR,VAL,2024,8954,,,,0
FCSA:DF_QGDP_CUR(1.8.0),AE,Q,PERCENT,FCSC,AGR,Q3,CUR,GWTH_RATE,2013,91.554701,,,,1
FCSA:DF_QGDP_CUR(1.8.0),AE,Q,PERCENT,FCSC,AGR,Q3,CUR,GWTH_RATE,2014,17.590042,,,,1
FCSA:DF_QGDP_CUR(1.8.0),AE,Q,PERCENT,FCSC,AGR,Q3,CUR,GWTH_RATE,2015,60.91548,,,,1
FCSA:DF_QGDP_CUR(1.8.0),AE,Q,PERCENT,FCSC,AGR,Q3,CUR,GWTH_RATE,2016,-5.255202,,,,1
FCSA:DF_QGDP_CUR(1.8.0),AE,Q,PERCENT,FCSC,AGR,Q3,CUR,GWTH_RATE,2017,3.9,,,,1
FCSA:DF_QGDP_CUR(1.8.0),AE,Q,PERCENT,FCSC,AGR,Q3,CUR,GWTH_RATE,2018,-1.4,,,,1
FCSA:DF_QGDP_CUR(1.8.0),AE,Q,PERCENT,FCSC,AGR,Q3,CUR,GWTH_RATE,2019,7.5,,,,1
FCSA:DF_QGDP_CUR(1.8.0),AE,Q,PERCENT,FCSC,AGR,Q3,CUR,GWTH_RATE,2020,4.1,,,,1
FCSA:DF_QGDP_CUR(1.8.0),AE,Q,PERCENT,FCSC,AGR,Q3,CUR,GWTH_RATE,2021,9,,,,1
FCSA:DF_QGDP_CUR(1.8.0),AE,Q,PERCENT,FCSC,AGR,Q3,CUR,GWTH_RATE,2022,0.9,,,,1
FCSA:DF_QGDP_CUR(1.8.0),AE,Q,PERCENT,FCSC,AGR,Q3,CUR,GWTH_RATE,2023,6,,,,1
FCSA:DF_QGDP_CUR(1.8.0),AE,Q,PERCENT,FCSC,AGR,Q3,CUR,GWTH_RATE,2024,8.1,,,,1
FCSA:DF_QGDP_CUR(1.8.0),AE,Q,MILAED,FCSC,TRA,Q2,CUR,VAL,2012,20531,,,,0
FCSA:DF_QGDP_CUR(1.8.0),AE,Q,MILAED,FCSC,TRA,Q2,CUR,VAL,2013,19645,,,,0
FCSA:DF_QGDP_CUR(1.8.0),AE,Q,MILAED,FCSC,TRA,Q2,CUR,VAL,2014,22188,,,,0
FCSA:DF_QGDP_CUR(1.8.0),AE,Q,MILAED,FCSC,TRA,Q2,CUR,VAL,2015,23744,,,,0
FCSA:DF_QGDP_CUR(1.8.0),AE,Q,MILAED,FCSC,TRA,Q2,CUR,VAL,2016,21363,,,,0
FCSA:DF_QGDP_CUR(1.8.0),AE,Q,MILAED,FCSC,TRA,Q2,CUR,VAL,2017,23285,,,,0
FCSA:DF_QGDP_CUR(1.8.0),AE,Q,MILAED,FCSC,TRA,Q2,CUR,VAL,2018,22689,,,,0
FCSA:DF_QGDP_CUR(1.8.0),AE,Q,MILAED,FCSC,TRA,Q2,CUR,VAL,2019,24403,,,,0
FCSA:DF_QGDP_CUR(1.8.0),AE,Q,MILAED,FCSC,TRA,Q2,CUR,VAL,2020,14239,,,,0
FCSA:DF_QGDP_CUR(1.8.0),AE,Q,MILAED,FCSC,TRA,Q2,CUR,VAL,2021,18102,,,,0
FCSA:DF_QGDP_CUR(1.8.0),AE,Q,MILAED,FCSC,TRA,Q2,CUR,VAL,2022,25974,,,,0
FCSA:DF_QGDP_CUR(1.8.0),AE,Q,MILAED,FCSC,TRA,Q2,CUR,VAL,2023,31004,,,,0
FCSA:DF_QGDP_CUR(1.8.0),AE,Q,MILAED,FCSC,TRA,Q2,CUR,VAL,2024,33805,,,,0
FCSA:DF_QGDP_CUR(1.8.0),AE,Q,MILAED,FCSC,PUB,Q4,CUR,VAL,2012,19003,,,,0
FCSA:DF_QGDP_CUR(1.8.0),AE,Q,MILAED,FCSC,PUB,Q4,CUR,VAL,2013,19742,,,,0
FCSA:DF_QGDP_CUR(1.8.0),AE,Q,MILAED,FCSC,PUB,Q4,CUR,VAL,2014,18977,,,,0
FCSA:DF_QGDP_CUR(1.8.0),AE,Q,MILAED,FCSC,PUB,Q4,CUR,VAL,2015,20726,,,,0
FCSA:DF_QGDP_CUR(1.8.0),AE,Q,MILAED,FCSC,PUB,Q4,CUR,VAL,2016,24407,,,,0
FCSA:DF_QGDP_CUR(1.8.0),AE,Q,MILAED,FCSC,PUB,Q4,CUR,VAL,2017,27848,,,,0
FCSA:DF_QGDP_CUR(1.8.0),AE,Q,MILAED,FCSC,PUB,Q4,CUR,VAL,2018,27820,,,,0
FCSA:DF_QGDP_CUR(1.8.0),AE,Q,MILAED,FCSC,PUB,Q4,CUR,VAL,2019,28239,,,,0
FCSA:DF_QGDP_CUR(1.8.0),AE,Q,MILAED,FCSC,PUB,Q4,CUR,VAL,2020,27631,,,,0
FCSA:DF_QGDP_CUR(1.8.0),AE,Q,MILAED,FCSC,PUB,Q4,CUR,VAL,2021,27840,,,,0
FCSA:DF_QGDP_CUR(1.8.0),AE,Q,MILAED,FCSC,PUB,Q4,CUR,VAL,2022,28342,,,,0
FCSA:DF_QGDP_CUR(1.8.0),AE,Q,MILAED,FCSC,PUB,Q4,CUR,VAL,2023,31025,,,,0
FCSA:DF_QGDP_CUR(1.8.0),AE,Q,MILAED,FCSC,PUB,Q4,CUR,VAL,2024,33469,,,,0
FCSA:DF_QGDP_CUR(1.8.0),AE,Q,PERCENT,FCSC,REA,Q2,CUR,GWTH_RATE,2013,2.230964,,,,1
FCSA:DF_QGDP_CUR(1.8.0),AE,Q,PERCENT,FCSC,REA,Q2,CUR,GWTH_RATE,2014,9.083348,,,,1
FCSA:DF_QGDP_CUR(1.8.0),AE,Q,PERCENT,FCSC,REA,Q2,CUR,GWTH_RATE,2015,12.035655,,,,1
FCSA:DF_QGDP_CUR(1.8.0),AE,Q,PERCENT,FCSC,REA,Q2,CUR,GWTH_RATE,2016,10.345747,,,,1
FCSA:DF_QGDP_CUR(1.8.0),AE,Q,PERCENT,FCSC,REA,Q2,CUR,GWTH_RATE,2017,2.4,,,,1
FCSA:DF_QGDP_CUR(1.8.0),AE,Q,PERCENT,FCSC,REA,Q2,CUR,GWTH_RATE,2018,-7.4,,,,1
FCSA:DF_QGDP_CUR(1.8.0),AE,Q,PERCENT,FCSC,REA,Q2,CUR,GWTH_RATE,2019,-2.7,,,,1
FCSA:DF_QGDP_CUR(1.8.0),AE,Q,PERCENT,FCSC,REA,Q2,CUR,GWTH_RATE,2020,-19.3,,,,1
FCSA:DF_QGDP_CUR(1.8.0),AE,Q,PERCENT,FCSC,REA,Q2,CUR,GWTH_RATE,2021,15.6,,,,1
FCSA:DF_QGDP_CUR(1.8.0),AE,Q,PERCENT,FCSC,REA,Q2,CUR,GWTH_RATE,2022,12.7,,,,1
FCSA:DF_QGDP_CUR(1.8.0),AE,Q,PERCENT,FCSC,REA,Q2,CUR,GWTH_RATE,2023,12.4,,,,1
FCSA:DF_QGDP_CUR(1.8.0),AE,Q,PERCENT,FCSC,REA,Q2,CUR,GWTH_RATE,2024,9.3,,,,1
FCSA:DF_QGDP_CUR(1.8.0),AE,Q,PERCENT,FCSC,MAN,Q4,CUR,GWTH_RATE,2013,5.023721,,,,1
FCSA:DF_QGDP_CUR(1.8.0),AE,Q,PERCENT,FCSC,MAN,Q4,CUR,GWTH_RATE,2014,4.109863,,,,1
FCSA:DF_QGDP_CUR(1.8.0),AE,Q,PERCENT,FCSC,MAN,Q4,CUR,GWTH_RATE,2015,0.352097,,,,1
FCSA:DF_QGDP_CUR(1.8.0),AE,Q,PERCENT,FCSC,MAN,Q4,CUR,GWTH_RATE,2016,5.074977,,,,1
FCSA:DF_QGDP_CUR(1.8.0),AE,Q,PERCENT,FCSC,MAN,Q4,CUR,GWTH_RATE,2017,6.2,,,,1
FCSA:DF_QGDP_CUR(1.8.0),AE,Q,PERCENT,FCSC,MAN,Q4,CUR,GWTH_RATE,2018,2.4,,,,1
FCSA:DF_QGDP_CUR(1.8.0),AE,Q,PERCENT,FCSC,MAN,Q4,CUR,GWTH_RATE,2019,-1.8,,,,1
FCSA:DF_QGDP_CUR(1.8.0),AE,Q,PERCENT,FCSC,MAN,Q4,CUR,GWTH_RATE,2020,-21.3,,,,1
FCSA:DF_QGDP_CUR(1.8.0),AE,Q,PERCENT,FCSC,MAN,Q4,CUR,GWTH_RATE,2021,18.8,,,,1
FCSA:DF_QGDP_CUR(1.8.0),AE,Q,PERCENT,FCSC,MAN,Q4,CUR,GWTH_RATE,2022,17.4,,,,1
FCSA:DF_QGDP_CUR(1.8.0),AE,Q,PERCENT,FCSC,MAN,Q4,CUR,GWTH_RATE,2023,17.7,,,,1
FCSA:DF_QGDP_CUR(1.8.0),AE,Q,PERCENT,FCSC,MAN,Q4,CUR,GWTH_RATE,2024,2.9,,,,1
FCSA:DF_QGDP_CUR(1.8.0),AE,Q,PERCENT,FCSC,ACC,Q4,CUR,GWTH_RATE,2013,15.302767,,,,1
FCSA:DF_QGDP_CUR(1.8.0),AE,Q,PERCENT,FCSC,ACC,Q4,CUR,GWTH_RATE,2014,5.360395,,,,1
FCSA:DF_QGDP_CUR(1.8.0),AE,Q,PERCENT,FCSC,ACC,Q4,CUR,GWTH_RATE,2015,-3.18071,,,,1
FCSA:DF_QGDP_CUR(1.8.0),AE,Q,PERCENT,FCSC,ACC,Q4,CUR,GWTH_RATE,2016,0.836882,,,,1
FCSA:DF_QGDP_CUR(1.8.0),AE,Q,PERCENT,FCSC,ACC,Q4,CUR,GWTH_RATE,2017,6.4,,,,1
FCSA:DF_QGDP_CUR(1.8.0),AE,Q,PERCENT,FCSC,ACC,Q4,CUR,GWTH_RATE,2018,3.4,,,,1
FCSA:DF_QGDP_CUR(1.8.0),AE,Q,PERCENT,FCSC,ACC,Q4,CUR,GWTH_RATE,2019,1.3,,,,1
FCSA:DF_QGDP_CUR(1.8.0),AE,Q,PERCENT,FCSC,ACC,Q4,CUR,GWTH_RATE,2020,-25.6,,,,1
FCSA:DF_QGDP_CUR(1.8.0),AE,Q,PERCENT,FCSC,ACC,Q4,CUR,GWTH_RATE,2021,69.4,,,,1
FCSA:DF_QGDP_CUR(1.8.0),AE,Q,PERCENT,FCSC,ACC,Q4,CUR,GWTH_RATE,2022,7.4,,,,1
FCSA:DF_QGDP_CUR(1.8.0),AE,Q,PERCENT,FCSC,ACC,Q4,CUR,GWTH_RATE,2023,15,,,,1
FCSA:DF_QGDP_CUR(1.8.0),AE,Q,PERCENT,FCSC,ACC,Q4,CUR,GWTH_RATE,2024,11.7,,,,1
FCSA:DF_QGDP_CUR(1.8.0),AE,Q,PERCENT,FCSC,TOT_GDP,Q4,CUR,GWTH_RATE,2013,6.269818,,,,1
FCSA:DF_QGDP_CUR(1.8.0),AE,Q,PERCENT,FCSC,TOT_GDP,Q4,CUR,GWTH_RATE,2014,-3.975942,,,,1
FCSA:DF_QGDP_CUR(1.8.0),AE,Q,PERCENT,FCSC,TOT_GDP,Q4,CUR,GWTH_RATE,2015,-8.218984,,,,1
FCSA:DF_QGDP_CUR(1.8.0),AE,Q,PERCENT,FCSC,TOT_GDP,Q4,CUR,GWTH_RATE,2016,7.414333,,,,1
FCSA:DF_QGDP_CUR(1.8.0),AE,Q,PERCENT,FCSC,TOT_GDP,Q4,CUR,GWTH_RATE,2017,5,,,,1
FCSA:DF_QGDP_CUR(1.8.0),AE,Q,PERCENT,FCSC,TOT_GDP,Q4,CUR,GWTH_RATE,2018,9.5,,,,1
FCSA:DF_QGDP_CUR(1.8.0),AE,Q,PERCENT,FCSC,TOT_GDP,Q4,CUR,GWTH_RATE,2019,-4.2,,,,1
FCSA:DF_QGDP_CUR(1.8.0),AE,Q,PERCENT,FCSC,TOT_GDP,Q4,CUR,GWTH_RATE,2020,-18.1,,,,1
FCSA:DF_QGDP_CUR(1.8.0),AE,Q,PERCENT,FCSC,TOT_GDP,Q4,CUR,GWTH_RATE,2021,27.7,,,,1
FCSA:DF_QGDP_CUR(1.8.0),AE,Q,PERCENT,FCSC,TOT_GDP,Q4,CUR,GWTH_RATE,2022,13.6,,,,1
FCSA:DF_QGDP_CUR(1.8.0),AE,Q,PERCENT,FCSC,TOT_GDP,Q4,CUR,GWTH_RATE,2023,5.9,,,,1
FCSA:DF_QGDP_CUR(1.8.0),AE,Q,PERCENT,FCSC,TOT_GDP,Q4,CUR,GWTH_RATE,2024,4.5,,,,1
FCSA:DF_QGDP_CUR(1.8.0),AE,Q,PERCENT,FCSC,HUM,Q4,CUR,GWTH_RATE,2013,20.41815,,,,1
FCSA:DF_QGDP_CUR(1.8.0),AE,Q,PERCENT,FCSC,HUM,Q4,CUR,GWTH_RATE,2014,-6.078411,,,,1
FCSA:DF_QGDP_CUR(1.8.0),AE,Q,PERCENT,FCSC,HUM,Q4,CUR,GWTH_RATE,2015,7.84654,,,,1
FCSA:DF_QGDP_CUR(1.8.0),AE,Q,PERCENT,FCSC,HUM,Q4,CUR,GWTH_RATE,2016,12.708447,,,,1
FCSA:DF_QGDP_CUR(1.8.0),AE,Q,PERCENT,FCSC,HUM,Q4,CUR,GWTH_RATE,2017,-7.3,,,,1
FCSA:DF_QGDP_CUR(1.8.0),AE,Q,PERCENT,FCSC,HUM,Q4,CUR,GWTH_RATE,2018,15.2,,,,1
FCSA:DF_QGDP_CUR(1.8.0),AE,Q,PERCENT,FCSC,HUM,Q4,CUR,GWTH_RATE,2019,-0.4,,,,1
FCSA:DF_QGDP_CUR(1.8.0),AE,Q,PERCENT,FCSC,HUM,Q4,CUR,GWTH_RATE,2020,21.3,,,,1
FCSA:DF_QGDP_CUR(1.8.0),AE,Q,PERCENT,FCSC,HUM,Q4,CUR,GWTH_RATE,2021,10.2,,,,1
FCSA:DF_QGDP_CUR(1.8.0),AE,Q,PERCENT,FCSC,HUM,Q4,CUR,GWTH_RATE,2022,10.6,,,,1
FCSA:DF_QGDP_CUR(1.8.0),AE,Q,PERCENT,FCSC,HUM,Q4,CUR,GWTH_RATE,2023,6.6,,,,1
FCSA:DF_QGDP_CUR(1.8.0),AE,Q,PERCENT,FCSC,HUM,Q4,CUR,GWTH_RATE,2024,9.1,,,,1
FCSA:DF_QGDP_CUR(1.8.0),AE,Q,MILAED,FCSC,INF,Q3,CUR,VAL,2012,8764,,,,0
FCSA:DF_QGDP_CUR(1.8.0),AE,Q,MILAED,FCSC,INF,Q3,CUR,VAL,2013,9243,,,,0
FCSA:DF_QGDP_CUR(1.8.0),AE,Q,MILAED,FCSC,INF,Q3,CUR,VAL,2014,10201,,,,0
FCSA:DF_QGDP_CUR(1.8.0),AE,Q,MILAED,FCSC,INF,Q3,CUR,VAL,2015,10667,,,,0
FCSA:DF_QGDP_CUR(1.8.0),AE,Q,MILAED,FCSC,INF,Q3,CUR,VAL,2016,11303,,,,0
FCSA:DF_QGDP_CUR(1.8.0),AE,Q,MILAED,FCSC,INF,Q3,CUR,VAL,2017,11490,,,,0
FCSA:DF_QGDP_CUR(1.8.0),AE,Q,MILAED,FCSC,INF,Q3,CUR,VAL,2018,11885,,,,0
FCSA:DF_QGDP_CUR(1.8.0),AE,Q,MILAED,FCSC,INF,Q3,CUR,VAL,2019,12238,,,,0
FCSA:DF_QGDP_CUR(1.8.0),AE,Q,MILAED,FCSC,INF,Q3,CUR,VAL,2020,12390,,,,0
FCSA:DF_QGDP_CUR(1.8.0),AE,Q,MILAED,FCSC,INF,Q3,CUR,VAL,2021,12803,,,,0
FCSA:DF_QGDP_CUR(1.8.0),AE,Q,MILAED,FCSC,INF,Q3,CUR,VAL,2022,13489,,,,0
FCSA:DF_QGDP_CUR(1.8.0),AE,Q,MILAED,FCSC,INF,Q3,CUR,VAL,2023,13871,,,,0
FCSA:DF_QGDP_CUR(1.8.0),AE,Q,MILAED,FCSC,INF,Q3,CUR,VAL,2024,14739,,,,0
FCSA:DF_QGDP_CUR(1.8.0),AE,Q,MILAED,FCSC,NFC,Q2,CUR,VAL,2012,311708,,,,0
FCSA:DF_QGDP_CUR(1.8.0),AE,Q,MILAED,FCSC,NFC,Q2,CUR,VAL,2013,318223,,,,0
FCSA:DF_QGDP_CUR(1.8.0),AE,Q,MILAED,FCSC,NFC,Q2,CUR,VAL,2014,343002,,,,0
FCSA:DF_QGDP_CUR(1.8.0),AE,Q,MILAED,FCSC,NFC,Q2,CUR,VAL,2015,305679,,,,0
FCSA:DF_QGDP_CUR(1.8.0),AE,Q,MILAED,FCSC,NFC,Q2,CUR,VAL,2016,292699,,,,0
FCSA:DF_QGDP_CUR(1.8.0),AE,Q,MILAED,FCSC,NFC,Q2,CUR,VAL,2017,300504,,,,0
FCSA:DF_QGDP_CUR(1.8.0),AE,Q,MILAED,FCSC,NFC,Q2,CUR,VAL,2018,337548,,,,0
FCSA:DF_QGDP_CUR(1.8.0),AE,Q,MILAED,FCSC,NFC,Q2,CUR,VAL,2019,337202,,,,0
FCSA:DF_QGDP_CUR(1.8.0),AE,Q,MILAED,FCSC,NFC,Q2,CUR,VAL,2020,238577,,,,0
FCSA:DF_QGDP_CUR(1.8.0),AE,Q,MILAED,FCSC,NFC,Q2,CUR,VAL,2021,319138,,,,0
FCSA:DF_QGDP_CUR(1.8.0),AE,Q,MILAED,FCSC,NFC,Q2,CUR,VAL,2022,413683,,,,0
FCSA:DF_QGDP_CUR(1.8.0),AE,Q,MILAED,FCSC,NFC,Q2,CUR,VAL,2023,401408,,,,0
FCSA:DF_QGDP_CUR(1.8.0),AE,Q,MILAED,FCSC,NFC,Q2,CUR,VAL,2024,428240,,,,0
FCSA:DF_QGDP_CUR(1.8.0),AE,Q,PERCENT,FCSC,AGR,Q4,CUR,GWTH_RATE,2013,46.092106,,,,1
FCSA:DF_QGDP_CUR(1.8.0),AE,Q,PERCENT,FCSC,AGR,Q4,CUR,GWTH_RATE,2014,10.941027,,,,1
FCSA:DF_QGDP_CUR(1.8.0),AE,Q,PERCENT,FCSC,AGR,Q4,CUR,GWTH_RATE,2015,-9.846526,,,,1
FCSA:DF_QGDP_CUR(1.8.0),AE,Q,PERCENT,FCSC,AGR,Q4,CUR,GWTH_RATE,2016,-7.840451,,,,1
FCSA:DF_QGDP_CUR(1.8.0),AE,Q,PERCENT,FCSC,AGR,Q4,CUR,GWTH_RATE,2017,12.7,,,,1
FCSA:DF_QGDP_CUR(1.8.0),AE,Q,PERCENT,FCSC,AGR,Q4,CUR,GWTH_RATE,2018,-2.7,,,,1
FCSA:DF_QGDP_CUR(1.8.0),AE,Q,PERCENT,FCSC,AGR,Q4,CUR,GWTH_RATE,2019,10.3,,,,1
FCSA:DF_QGDP_CUR(1.8.0),AE,Q,PERCENT,FCSC,AGR,Q4,CUR,GWTH_RATE,2020,-4.4,,,,1
FCSA:DF_QGDP_CUR(1.8.0),AE,Q,PERCENT,FCSC,AGR,Q4,CUR,GWTH_RATE,2021,6.9,,,,1
FCSA:DF_QGDP_CUR(1.8.0),AE,Q,PERCENT,FCSC,AGR,Q4,CUR,GWTH_RATE,2022,-1.1,,,,1
FCSA:DF_QGDP_CUR(1.8.0),AE,Q,PERCENT,FCSC,AGR,Q4,CUR,GWTH_RATE,2023,7.6,,,,1
FCSA:DF_QGDP_CUR(1.8.0),AE,Q,PERCENT,FCSC,AGR,Q4,CUR,GWTH_RATE,2024,7.7,,,,1
FCSA:DF_QGDP_CUR(1.8.0),AE,Q,MILAED,FCSC,PRO,Q2,CUR,VAL,2012,14961,,,,0
FCSA:DF_QGDP_CUR(1.8.0),AE,Q,MILAED,FCSC,PRO,Q2,CUR,VAL,2013,15950,,,,0
FCSA:DF_QGDP_CUR(1.8.0),AE,Q,MILAED,FCSC,PRO,Q2,CUR,VAL,2014,17994,,,,0
FCSA:DF_QGDP_CUR(1.8.0),AE,Q,MILAED,FCSC,PRO,Q2,CUR,VAL,2015,18347,,,,0
FCSA:DF_QGDP_CUR(1.8.0),AE,Q,MILAED,FCSC,PRO,Q2,CUR,VAL,2016,18891,,,,0
FCSA:DF_QGDP_CUR(1.8.0),AE,Q,MILAED,FCSC,PRO,Q2,CUR,VAL,2017,18828,,,,0
FCSA:DF_QGDP_CUR(1.8.0),AE,Q,MILAED,FCSC,PRO,Q2,CUR,VAL,2018,19993,,,,0
FCSA:DF_QGDP_CUR(1.8.0),AE,Q,MILAED,FCSC,PRO,Q2,CUR,VAL,2019,20727,,,,0
FCSA:DF_QGDP_CUR(1.8.0),AE,Q,MILAED,FCSC,PRO,Q2,CUR,VAL,2020,16816,,,,0
FCSA:DF_QGDP_CUR(1.8.0),AE,Q,MILAED,FCSC,PRO,Q2,CUR,VAL,2021,19100,,,,0
FCSA:DF_QGDP_CUR(1.8.0),AE,Q,MILAED,FCSC,PRO,Q2,CUR,VAL,2022,21275,,,,0
FCSA:DF_QGDP_CUR(1.8.0),AE,Q,MILAED,FCSC,PRO,Q2,CUR,VAL,2023,24301,,,,0
FCSA:DF_QGDP_CUR(1.8.0),AE,Q,MILAED,FCSC,PRO,Q2,CUR,VAL,2024,25225,,,,0
FCSA:DF_QGDP_CUR(1.8.0),AE,Q,MILAED,FCSC,INF,Q4,CUR,VAL,2012,7275,,,,0
FCSA:DF_QGDP_CUR(1.8.0),AE,Q,MILAED,FCSC,INF,Q4,CUR,VAL,2013,7599,,,,0
FCSA:DF_QGDP_CUR(1.8.0),AE,Q,MILAED,FCSC,INF,Q4,CUR,VAL,2014,8598,,,,0
FCSA:DF_QGDP_CUR(1.8.0),AE,Q,MILAED,FCSC,INF,Q4,CUR,VAL,2015,8469,,,,0
FCSA:DF_QGDP_CUR(1.8.0),AE,Q,MILAED,FCSC,INF,Q4,CUR,VAL,2016,9395,,,,0
FCSA:DF_QGDP_CUR(1.8.0),AE,Q,MILAED,FCSC,INF,Q4,CUR,VAL,2017,10245,,,,0
FCSA:DF_QGDP_CUR(1.8.0),AE,Q,MILAED,FCSC,INF,Q4,CUR,VAL,2018,9973,,,,0
FCSA:DF_QGDP_CUR(1.8.0),AE,Q,MILAED,FCSC,INF,Q4,CUR,VAL,2019,10771,,,,0
FCSA:DF_QGDP_CUR(1.8.0),AE,Q,MILAED,FCSC,INF,Q4,CUR,VAL,2020,10414,,,,0
FCSA:DF_QGDP_CUR(1.8.0),AE,Q,MILAED,FCSC,INF,Q4,CUR,VAL,2021,11122,,,,0
FCSA:DF_QGDP_CUR(1.8.0),AE,Q,MILAED,FCSC,INF,Q4,CUR,VAL,2022,11939,,,,0
FCSA:DF_QGDP_CUR(1.8.0),AE,Q,MILAED,FCSC,INF,Q4,CUR,VAL,2023,12313,,,,0
FCSA:DF_QGDP_CUR(1.8.0),AE,Q,MILAED,FCSC,INF,Q4,CUR,VAL,2024,13268,,,,0
FCSA:DF_QGDP_CUR(1.8.0),AE,Q,PERCENT,FCSC,TRA,Q4,CUR,GWTH_RATE,2013,23.241149,,,,1
FCSA:DF_QGDP_CUR(1.8.0),AE,Q,PERCENT,FCSC,TRA,Q4,CUR,GWTH_RATE,2014,-1.247553,,,,1
FCSA:DF_QGDP_CUR(1.8.0),AE,Q,PERCENT,FCSC,TRA,Q4,CUR,GWTH_RATE,2015,9.586771,,,,1
FCSA:DF_QGDP_CUR(1.8.0),AE,Q,PERCENT,FCSC,TRA,Q4,CUR,GWTH_RATE,2016,-18.311911,,,,1
FCSA:DF_QGDP_CUR(1.8.0),AE,Q,PERCENT,FCSC,TRA,Q4,CUR,GWTH_RATE,2017,2,,,,1
FCSA:DF_QGDP_CUR(1.8.0),AE,Q,PERCENT,FCSC,TRA,Q4,CUR,GWTH_RATE,2018,2.2,,,,1
FCSA:DF_QGDP_CUR(1.8.0),AE,Q,PERCENT,FCSC,TRA,Q4,CUR,GWTH_RATE,2019,3,,,,1
FCSA:DF_QGDP_CUR(1.8.0),AE,Q,PERCENT,FCSC,TRA,Q4,CUR,GWTH_RATE,2020,-28.8,,,,1
FCSA:DF_QGDP_CUR(1.8.0),AE,Q,PERCENT,FCSC,TRA,Q4,CUR,GWTH_RATE,2021,25.9,,,,1
FCSA:DF_QGDP_CUR(1.8.0),AE,Q,PERCENT,FCSC,TRA,Q4,CUR,GWTH_RATE,2022,20,,,,1
FCSA:DF_QGDP_CUR(1.8.0),AE,Q,PERCENT,FCSC,TRA,Q4,CUR,GWTH_RATE,2023,9.9,,,,1
FCSA:DF_QGDP_CUR(1.8.0),AE,Q,PERCENT,FCSC,TRA,Q4,CUR,GWTH_RATE,2024,21.6,,,,1
FCSA:DF_QGDP_CUR(1.8.0),AE,Q,MILAED,FCSC,MAN,Q4,CUR,VAL,2012,27765,,,,0
FCSA:DF_QGDP_CUR(1.8.0),AE,Q,MILAED,FCSC,MAN,Q4,CUR,VAL,2013,29160,,,,0
FCSA:DF_QGDP_CUR(1.8.0),AE,Q,MILAED,FCSC,MAN,Q4,CUR,VAL,2014,30359,,,,0
FCSA:DF_QGDP_CUR(1.8.0),AE,Q,MILAED,FCSC,MAN,Q4,CUR,VAL,2015,30466,,,,0
FCSA:DF_QGDP_CUR(1.8.0),AE,Q,MILAED,FCSC,MAN,Q4,CUR,VAL,2016,32012,,,,0
FCSA:DF_QGDP_CUR(1.8.0),AE,Q,MILAED,FCSC,MAN,Q4,CUR,VAL,2017,34000,,,,0
FCSA:DF_QGDP_CUR(1.8.0),AE,Q,MILAED,FCSC,MAN,Q4,CUR,VAL,2018,34804,,,,0
FCSA:DF_QGDP_CUR(1.8.0),AE,Q,MILAED,FCSC,MAN,Q4,CUR,VAL,2019,34165,,,,0
FCSA:DF_QGDP_CUR(1.8.0),AE,Q,MILAED,FCSC,MAN,Q4,CUR,VAL,2020,26879,,,,0
FCSA:DF_QGDP_CUR(1.8.0),AE,Q,MILAED,FCSC,MAN,Q4,CUR,VAL,2021,31923,,,,0
FCSA:DF_QGDP_CUR(1.8.0),AE,Q,MILAED,FCSC,MAN,Q4,CUR,VAL,2022,37466,,,,0
FCSA:DF_QGDP_CUR(1.8.0),AE,Q,MILAED,FCSC,MAN,Q4,CUR,VAL,2023,44098,,,,0
FCSA:DF_QGDP_CUR(1.8.0),AE,Q,MILAED,FCSC,MAN,Q4,CUR,VAL,2024,45376,,,,0
FCSA:DF_QGDP_CUR(1.8.0),AE,Q,PERCENT,FCSC,MAN,Q1,CUR,GWTH_RATE,2013,-7.576713,,,,1
FCSA:DF_QGDP_CUR(1.8.0),AE,Q,PERCENT,FCSC,MAN,Q1,CUR,GWTH_RATE,2014,9.990031,,,,1
FCSA:DF_QGDP_CUR(1.8.0),AE,Q,PERCENT,FCSC,MAN,Q1,CUR,GWTH_RATE,2015,1.951818,,,,1
FCSA:DF_QGDP_CUR(1.8.0),AE,Q,PERCENT,FCSC,MAN,Q1,CUR,GWTH_RATE,2016,-1.648242,,,,1
FCSA:DF_QGDP_CUR(1.8.0),AE,Q,PERCENT,FCSC,MAN,Q1,CUR,GWTH_RATE,2017,9.8,,,,1
FCSA:DF_QGDP_CUR(1.8.0),AE,Q,PERCENT,FCSC,MAN,Q1,CUR,GWTH_RATE,2018,2,,,,1
FCSA:DF_QGDP_CUR(1.8.0),AE,Q,PERCENT,FCSC,MAN,Q1,CUR,GWTH_RATE,2019,4.2,,,,1
FCSA:DF_QGDP_CUR(1.8.0),AE,Q,PERCENT,FCSC,MAN,Q1,CUR,GWTH_RATE,2020,-13.2,,,,1
FCSA:DF_QGDP_CUR(1.8.0),AE,Q,PERCENT,FCSC,MAN,Q1,CUR,GWTH_RATE,2021,4.9,,,,1
FCSA:DF_QGDP_CUR(1.8.0),AE,Q,PERCENT,FCSC,MAN,Q1,CUR,GWTH_RATE,2022,15.3,,,,1
FCSA:DF_QGDP_CUR(1.8.0),AE,Q,PERCENT,FCSC,MAN,Q1,CUR,GWTH_RATE,2023,20.4,,,,1
FCSA:DF_QGDP_CUR(1.8.0),AE,Q,PERCENT,FCSC,MAN,Q1,CUR,GWTH_RATE,2024,2.4,,,,1
FCSA:DF_QGDP_CUR(1.8.0),AE,Q,PERCENT,FCSC,MAN,Q1,CUR,GWTH_RATE,2025,5.558543644,,,,1
FCSA:DF_QGDP_CUR(1.8.0),AE,Q,PERCENT,FCSC,MIN,Q4,CUR,GWTH_RATE,2013,-4.435319,,,,1
FCSA:DF_QGDP_CUR(1.8.0),AE,Q,PERCENT,FCSC,MIN,Q4,CUR,GWTH_RATE,2014,-22.68453,,,,1
FCSA:DF_QGDP_CUR(1.8.0),AE,Q,PERCENT,FCSC,MIN,Q4,CUR,GWTH_RATE,2015,-42.478187,,,,1
FCSA:DF_QGDP_CUR(1.8.0),AE,Q,PERCENT,FCSC,MIN,Q4,CUR,GWTH_RATE,2016,29.781754,,,,1
FCSA:DF_QGDP_CUR(1.8.0),AE,Q,PERCENT,FCSC,MIN,Q4,CUR,GWTH_RATE,2017,8.5,,,,1
FCSA:DF_QGDP_CUR(1.8.0),AE,Q,PERCENT,FCSC,MIN,Q4,CUR,GWTH_RATE,2018,39.8,,,,1
FCSA:DF_QGDP_CUR(1.8.0),AE,Q,PERCENT,FCSC,MIN,Q4,CUR,GWTH_RATE,2019,-21.9,,,,1
FCSA:DF_QGDP_CUR(1.8.0),AE,Q,PERCENT,FCSC,MIN,Q4,CUR,GWTH_RATE,2020,-38.9,,,,1
FCSA:DF_QGDP_CUR(1.8.0),AE,Q,PERCENT,FCSC,MIN,Q4,CUR,GWTH_RATE,2021,95.1,,,,1
FCSA:DF_QGDP_CUR(1.8.0),AE,Q,PERCENT,FCSC,MIN,Q4,CUR,GWTH_RATE,2022,25.2,,,,1
FCSA:DF_QGDP_CUR(1.8.0),AE,Q,PERCENT,FCSC,MIN,Q4,CUR,GWTH_RATE,2023,-6.5,,,,1
FCSA:DF_QGDP_CUR(1.8.0),AE,Q,PERCENT,FCSC,MIN,Q4,CUR,GWTH_RATE,2024,-13.1,,,,1
FCSA:DF_QGDP_CUR(1.8.0),AE,Q,MILAED,FCSC,ELE,Q1,CUR,VAL,2012,7380,,,,0
FCSA:DF_QGDP_CUR(1.8.0),AE,Q,MILAED,FCSC,ELE,Q1,CUR,VAL,2013,9748,,,,0
FCSA:DF_QGDP_CUR(1.8.0),AE,Q,MILAED,FCSC,ELE,Q1,CUR,VAL,2014,8769,,,,0
FCSA:DF_QGDP_CUR(1.8.0),AE,Q,MILAED,FCSC,ELE,Q1,CUR,VAL,2015,11838,,,,0
FCSA:DF_QGDP_CUR(1.8.0),AE,Q,MILAED,FCSC,ELE,Q1,CUR,VAL,2016,12403,,,,0
FCSA:DF_QGDP_CUR(1.8.0),AE,Q,MILAED,FCSC,ELE,Q1,CUR,VAL,2017,14131,,,,0
FCSA:DF_QGDP_CUR(1.8.0),AE,Q,MILAED,FCSC,ELE,Q1,CUR,VAL,2018,14581,,,,0
FCSA:DF_QGDP_CUR(1.8.0),AE,Q,MILAED,FCSC,ELE,Q1,CUR,VAL,2019,14803,,,,0
FCSA:DF_QGDP_CUR(1.8.0),AE,Q,MILAED,FCSC,ELE,Q1,CUR,VAL,2020,15736,,,,0
FCSA:DF_QGDP_CUR(1.8.0),AE,Q,MILAED,FCSC,ELE,Q1,CUR,VAL,2021,15918,,,,0
FCSA:DF_QGDP_CUR(1.8.0),AE,Q,MILAED,FCSC,ELE,Q1,CUR,VAL,2022,19591,,,,0
FCSA:DF_QGDP_CUR(1.8.0),AE,Q,MILAED,FCSC,ELE,Q1,CUR,VAL,2023,20545,,,,0
FCSA:DF_QGDP_CUR(1.8.0),AE,Q,MILAED,FCSC,ELE,Q1,CUR,VAL,2024,21282,,,,0
FCSA:DF_QGDP_CUR(1.8.0),AE,Q,MILAED,FCSC,ELE,Q1,CUR,VAL,2025,21624.10961,,,,0
FCSA:DF_QGDP_CUR(1.8.0),AE,Q,PERCENT,FCSC,NFC,Q2,CUR,GWTH_RATE,2013,2.089899,,,,1
FCSA:DF_QGDP_CUR(1.8.0),AE,Q,PERCENT,FCSC,NFC,Q2,CUR,GWTH_RATE,2014,7.786686,,,,1
FCSA:DF_QGDP_CUR(1.8.0),AE,Q,PERCENT,FCSC,NFC,Q2,CUR,GWTH_RATE,2015,-10.881124,,,,1
FCSA:DF_QGDP_CUR(1.8.0),AE,Q,PERCENT,FCSC,NFC,Q2,CUR,GWTH_RATE,2016,-4.246454,,,,1
FCSA:DF_QGDP_CUR(1.8.0),AE,Q,PERCENT,FCSC,NFC,Q2,CUR,GWTH_RATE,2017,2.7,,,,1
FCSA:DF_QGDP_CUR(1.8.0),AE,Q,PERCENT,FCSC,NFC,Q2,CUR,GWTH_RATE,2018,12.3,,,,1
FCSA:DF_QGDP_CUR(1.8.0),AE,Q,PERCENT,FCSC,NFC,Q2,CUR,GWTH_RATE,2019,-0.1,,,,1
FCSA:DF_QGDP_CUR(1.8.0),AE,Q,PERCENT,FCSC,NFC,Q2,CUR,GWTH_RATE,2020,-29.2,,,,1
FCSA:DF_QGDP_CUR(1.8.0),AE,Q,PERCENT,FCSC,NFC,Q2,CUR,GWTH_RATE,2021,33.8,,,,1
FCSA:DF_QGDP_CUR(1.8.0),AE,Q,PERCENT,FCSC,NFC,Q2,CUR,GWTH_RATE,2022,29.6,,,,1
FCSA:DF_QGDP_CUR(1.8.0),AE,Q,PERCENT,FCSC,NFC,Q2,CUR,GWTH_RATE,2023,-3,,,,1
FCSA:DF_QGDP_CUR(1.8.0),AE,Q,PERCENT,FCSC,NFC,Q2,CUR,GWTH_RATE,2024,6.7,,,,1
FCSA:DF_QGDP_CUR(1.8.0),AE,Q,PERCENT,FCSC,ELE,Q1,CUR,GWTH_RATE,2013,32.09403,,,,1
FCSA:DF_QGDP_CUR(1.8.0),AE,Q,PERCENT,FCSC,ELE,Q1,CUR,GWTH_RATE,2014,-10.040728,,,,1
FCSA:DF_QGDP_CUR(1.8.0),AE,Q,PERCENT,FCSC,ELE,Q1,CUR,GWTH_RATE,2015,34.991774,,,,1
FCSA:DF_QGDP_CUR(1.8.0),AE,Q,PERCENT,FCSC,ELE,Q1,CUR,GWTH_RATE,2016,4.771893,,,,1
FCSA:DF_QGDP_CUR(1.8.0),AE,Q,PERCENT,FCSC,ELE,Q1,CUR,GWTH_RATE,2017,13.9,,,,1
FCSA:DF_QGDP_CUR(1.8.0),AE,Q,PERCENT,FCSC,ELE,Q1,CUR,GWTH_RATE,2018,3.2,,,,1
FCSA:DF_QGDP_CUR(1.8.0),AE,Q,PERCENT,FCSC,ELE,Q1,CUR,GWTH_RATE,2019,1.5,,,,1
FCSA:DF_QGDP_CUR(1.8.0),AE,Q,PERCENT,FCSC,ELE,Q1,CUR,GWTH_RATE,2020,6.3,,,,1
FCSA:DF_QGDP_CUR(1.8.0),AE,Q,PERCENT,FCSC,ELE,Q1,CUR,GWTH_RATE,2021,1.2,,,,1
FCSA:DF_QGDP_CUR(1.8.0),AE,Q,PERCENT,FCSC,ELE,Q1,CUR,GWTH_RATE,2022,23.1,,,,1
FCSA:DF_QGDP_CUR(1.8.0),AE,Q,PERCENT,FCSC,ELE,Q1,CUR,GWTH_RATE,2023,4.9,,,,1
FCSA:DF_QGDP_CUR(1.8.0),AE,Q,PERCENT,FCSC,ELE,Q1,CUR,GWTH_RATE,2024,3.6,,,,1
FCSA:DF_QGDP_CUR(1.8.0),AE,Q,PERCENT,FCSC,ELE,Q1,CUR,GWTH_RATE,2025,1.606687878,,,,1
FCSA:DF_QGDP_CUR(1.8.0),AE,Q,PERCENT,FCSC,INF,Q1,CUR,GWTH_RATE,2013,0.817842,,,,1
FCSA:DF_QGDP_CUR(1.8.0),AE,Q,PERCENT,FCSC,INF,Q1,CUR,GWTH_RATE,2014,8.231365,,,,1
FCSA:DF_QGDP_CUR(1.8.0),AE,Q,PERCENT,FCSC,INF,Q1,CUR,GWTH_RATE,2015,9.014377,,,,1
FCSA:DF_QGDP_CUR(1.8.0),AE,Q,PERCENT,FCSC,INF,Q1,CUR,GWTH_RATE,2016,3.323387,,,,1
FCSA:DF_QGDP_CUR(1.8.0),AE,Q,PERCENT,FCSC,INF,Q1,CUR,GWTH_RATE,2017,5.8,,,,1
FCSA:DF_QGDP_CUR(1.8.0),AE,Q,PERCENT,FCSC,INF,Q1,CUR,GWTH_RATE,2018,4,,,,1
FCSA:DF_QGDP_CUR(1.8.0),AE,Q,PERCENT,FCSC,INF,Q1,CUR,GWTH_RATE,2019,2.7,,,,1
FCSA:DF_QGDP_CUR(1.8.0),AE,Q,PERCENT,FCSC,INF,Q1,CUR,GWTH_RATE,2020,6,,,,1
FCSA:DF_QGDP_CUR(1.8.0),AE,Q,PERCENT,FCSC,INF,Q1,CUR,GWTH_RATE,2021,-1.3,,,,1
FCSA:DF_QGDP_CUR(1.8.0),AE,Q,PERCENT,FCSC,INF,Q1,CUR,GWTH_RATE,2022,4.1,,,,1
FCSA:DF_QGDP_CUR(1.8.0),AE,Q,PERCENT,FCSC,INF,Q1,CUR,GWTH_RATE,2023,3.3,,,,1
FCSA:DF_QGDP_CUR(1.8.0),AE,Q,PERCENT,FCSC,INF,Q1,CUR,GWTH_RATE,2024,4.6,,,,1
FCSA:DF_QGDP_CUR(1.8.0),AE,Q,PERCENT,FCSC,INF,Q1,CUR,GWTH_RATE,2025,3.167563593,,,,1
FCSA:DF_QGDP_CUR(1.8.0),AE,Q,PERCENT,FCSC,TOT_NO,Q2,CUR,GWTH_RATE,2013,5.872538,,,,1
FCSA:DF_QGDP_CUR(1.8.0),AE,Q,PERCENT,FCSC,TOT_NO,Q2,CUR,GWTH_RATE,2014,10.00893,,,,1
FCSA:DF_QGDP_CUR(1.8.0),AE,Q,PERCENT,FCSC,TOT_NO,Q2,CUR,GWTH_RATE,2015,5.650187,,,,1
FCSA:DF_QGDP_CUR(1.8.0),AE,Q,PERCENT,FCSC,TOT_NO,Q2,CUR,GWTH_RATE,2016,3.235639,,,,1
FCSA:DF_QGDP_CUR(1.8.0),AE,Q,PERCENT,FCSC,TOT_NO,Q2,CUR,GWTH_RATE,2017,2.4,,,,1
FCSA:DF_QGDP_CUR(1.8.0),AE,Q,PERCENT,FCSC,TOT_NO,Q2,CUR,GWTH_RATE,2018,3,,,,1
FCSA:DF_QGDP_CUR(1.8.0),AE,Q,PERCENT,FCSC,TOT_NO,Q2,CUR,GWTH_RATE,2019,2.4,,,,1
FCSA:DF_QGDP_CUR(1.8.0),AE,Q,PERCENT,FCSC,TOT_NO,Q2,CUR,GWTH_RATE,2020,-16.9,,,,1
FCSA:DF_QGDP_CUR(1.8.0),AE,Q,PERCENT,FCSC,TOT_NO,Q2,CUR,GWTH_RATE,2021,13.5,,,,1
FCSA:DF_QGDP_CUR(1.8.0),AE,Q,PERCENT,FCSC,TOT_NO,Q2,CUR,GWTH_RATE,2022,12.6,,,,1
FCSA:DF_QGDP_CUR(1.8.0),AE,Q,PERCENT,FCSC,TOT_NO,Q2,CUR,GWTH_RATE,2023,9.2,,,,1
FCSA:DF_QGDP_CUR(1.8.0),AE,Q,PERCENT,FCSC,TOT_NO,Q2,CUR,GWTH_RATE,2024,7.1,,,,1
FCSA:DF_QGDP_CUR(1.8.0),AE,Q,PERCENT,FCSC,ART,Q4,CUR,GWTH_RATE,2013,-10.788291,,,,1
FCSA:DF_QGDP_CUR(1.8.0),AE,Q,PERCENT,FCSC,ART,Q4,CUR,GWTH_RATE,2014,22.019226,,,,1
FCSA:DF_QGDP_CUR(1.8.0),AE,Q,PERCENT,FCSC,ART,Q4,CUR,GWTH_RATE,2015,6.054359,,,,1
FCSA:DF_QGDP_CUR(1.8.0),AE,Q,PERCENT,FCSC,ART,Q4,CUR,GWTH_RATE,2016,12.647602,,,,1
FCSA:DF_QGDP_CUR(1.8.0),AE,Q,PERCENT,FCSC,ART,Q4,CUR,GWTH_RATE,2017,4.4,,,,1
FCSA:DF_QGDP_CUR(1.8.0),AE,Q,PERCENT,FCSC,ART,Q4,CUR,GWTH_RATE,2018,-4.3,,,,1
FCSA:DF_QGDP_CUR(1.8.0),AE,Q,PERCENT,FCSC,ART,Q4,CUR,GWTH_RATE,2019,9,,,,1
FCSA:DF_QGDP_CUR(1.8.0),AE,Q,PERCENT,FCSC,ART,Q4,CUR,GWTH_RATE,2020,-11.2,,,,1
FCSA:DF_QGDP_CUR(1.8.0),AE,Q,PERCENT,FCSC,ART,Q4,CUR,GWTH_RATE,2021,41.6,,,,1
FCSA:DF_QGDP_CUR(1.8.0),AE,Q,PERCENT,FCSC,ART,Q4,CUR,GWTH_RATE,2022,3.3,,,,1
FCSA:DF_QGDP_CUR(1.8.0),AE,Q,PERCENT,FCSC,ART,Q4,CUR,GWTH_RATE,2023,8.5,,,,1
FCSA:DF_QGDP_CUR(1.8.0),AE,Q,PERCENT,FCSC,ART,Q4,CUR,GWTH_RATE,2024,5.8,,,,1
FCSA:DF_QGDP_CUR(1.8.0),AE,Q,PERCENT,FCSC,TRA,Q2,CUR,GWTH_RATE,2013,-4.315053,,,,1
FCSA:DF_QGDP_CUR(1.8.0),AE,Q,PERCENT,FCSC,TRA,Q2,CUR,GWTH_RATE,2014,12.947293,,,,1
FCSA:DF_QGDP_CUR(1.8.0),AE,Q,PERCENT,FCSC,TRA,Q2,CUR,GWTH_RATE,2015,7.010646,,,,1
FCSA:DF_QGDP_CUR(1.8.0),AE,Q,PERCENT,FCSC,TRA,Q2,CUR,GWTH_RATE,2016,-10.027248,,,,1
FCSA:DF_QGDP_CUR(1.8.0),AE,Q,PERCENT,FCSC,TRA,Q2,CUR,GWTH_RATE,2017,9,,,,1
FCSA:DF_QGDP_CUR(1.8.0),AE,Q,PERCENT,FCSC,TRA,Q2,CUR,GWTH_RATE,2018,-2.6,,,,1
FCSA:DF_QGDP_CUR(1.8.0),AE,Q,PERCENT,FCSC,TRA,Q2,CUR,GWTH_RATE,2019,7.6,,,,1
FCSA:DF_QGDP_CUR(1.8.0),AE,Q,PERCENT,FCSC,TRA,Q2,CUR,GWTH_RATE,2020,-41.7,,,,1
FCSA:DF_QGDP_CUR(1.8.0),AE,Q,PERCENT,FCSC,TRA,Q2,CUR,GWTH_RATE,2021,27.1,,,,1
FCSA:DF_QGDP_CUR(1.8.0),AE,Q,PERCENT,FCSC,TRA,Q2,CUR,GWTH_RATE,2022,43.5,,,,1
FCSA:DF_QGDP_CUR(1.8.0),AE,Q,PERCENT,FCSC,TRA,Q2,CUR,GWTH_RATE,2023,19.4,,,,1
FCSA:DF_QGDP_CUR(1.8.0),AE,Q,PERCENT,FCSC,TRA,Q2,CUR,GWTH_RATE,2024,9,,,,1
FCSA:DF_QGDP_CUR(1.8.0),AE,Q,MILAED,FCSC,FIN,Q4,CUR,VAL,2012,25655,,,,0
FCSA:DF_QGDP_CUR(1.8.0),AE,Q,MILAED,FCSC,FIN,Q4,CUR,VAL,2013,31387,,,,0
FCSA:DF_QGDP_CUR(1.8.0),AE,Q,MILAED,FCSC,FIN,Q4,CUR,VAL,2014,34588,,,,0
FCSA:DF_QGDP_CUR(1.8.0),AE,Q,MILAED,FCSC,FIN,Q4,CUR,VAL,2015,37243,,,,0
FCSA:DF_QGDP_CUR(1.8.0),AE,Q,MILAED,FCSC,FIN,Q4,CUR,VAL,2016,39643,,,,0
FCSA:DF_QGDP_CUR(1.8.0),AE,Q,MILAED,FCSC,FIN,Q4,CUR,VAL,2017,38812,,,,0
FCSA:DF_QGDP_CUR(1.8.0),AE,Q,MILAED,FCSC,FIN,Q4,CUR,VAL,2018,40121,,,,0
FCSA:DF_QGDP_CUR(1.8.0),AE,Q,MILAED,FCSC,FIN,Q4,CUR,VAL,2019,41782,,,,0
FCSA:DF_QGDP_CUR(1.8.0),AE,Q,MILAED,FCSC,FIN,Q4,CUR,VAL,2020,35009,,,,0
FCSA:DF_QGDP_CUR(1.8.0),AE,Q,MILAED,FCSC,FIN,Q4,CUR,VAL,2021,37198,,,,0
FCSA:DF_QGDP_CUR(1.8.0),AE,Q,MILAED,FCSC,FIN,Q4,CUR,VAL,2022,42964,,,,0
FCSA:DF_QGDP_CUR(1.8.0),AE,Q,MILAED,FCSC,FIN,Q4,CUR,VAL,2023,47075,,,,0
FCSA:DF_QGDP_CUR(1.8.0),AE,Q,MILAED,FCSC,FIN,Q4,CUR,VAL,2024,51089,,,,0
FCSA:DF_QGDP_CUR(1.8.0),AE,Q,MILAED,FCSC,HUM,Q3,CUR,VAL,2012,3118,,,,0
FCSA:DF_QGDP_CUR(1.8.0),AE,Q,MILAED,FCSC,HUM,Q3,CUR,VAL,2013,4113,,,,0
FCSA:DF_QGDP_CUR(1.8.0),AE,Q,MILAED,FCSC,HUM,Q3,CUR,VAL,2014,4382,,,,0
FCSA:DF_QGDP_CUR(1.8.0),AE,Q,MILAED,FCSC,HUM,Q3,CUR,VAL,2015,4355,,,,0
FCSA:DF_QGDP_CUR(1.8.0),AE,Q,MILAED,FCSC,HUM,Q3,CUR,VAL,2016,4791,,,,0
FCSA:DF_QGDP_CUR(1.8.0),AE,Q,MILAED,FCSC,HUM,Q3,CUR,VAL,2017,5094,,,,0
FCSA:DF_QGDP_CUR(1.8.0),AE,Q,MILAED,FCSC,HUM,Q3,CUR,VAL,2018,5192,,,,0
FCSA:DF_QGDP_CUR(1.8.0),AE,Q,MILAED,FCSC,HUM,Q3,CUR,VAL,2019,5874,,,,0
FCSA:DF_QGDP_CUR(1.8.0),AE,Q,MILAED,FCSC,HUM,Q3,CUR,VAL,2020,6670,,,,0
FCSA:DF_QGDP_CUR(1.8.0),AE,Q,MILAED,FCSC,HUM,Q3,CUR,VAL,2021,7490,,,,0
FCSA:DF_QGDP_CUR(1.8.0),AE,Q,MILAED,FCSC,HUM,Q3,CUR,VAL,2022,8456,,,,0
FCSA:DF_QGDP_CUR(1.8.0),AE,Q,MILAED,FCSC,HUM,Q3,CUR,VAL,2023,9124,,,,0
FCSA:DF_QGDP_CUR(1.8.0),AE,Q,MILAED,FCSC,HUM,Q3,CUR,VAL,2024,9737,,,,0
FCSA:DF_QGDP_CUR(1.8.0),AE,Q,PERCENT,FCSC,CON,Q2,CUR,GWTH_RATE,2013,-3.013851,,,,1
FCSA:DF_QGDP_CUR(1.8.0),AE,Q,PERCENT,FCSC,CON,Q2,CUR,GWTH_RATE,2014,8.522289,,,,1
FCSA:DF_QGDP_CUR(1.8.0),AE,Q,PERCENT,FCSC,CON,Q2,CUR,GWTH_RATE,2015,3.228698,,,,1
FCSA:DF_QGDP_CUR(1.8.0),AE,Q,PERCENT,FCSC,CON,Q2,CUR,GWTH_RATE,2016,5.470945,,,,1
FCSA:DF_QGDP_CUR(1.8.0),AE,Q,PERCENT,FCSC,CON,Q2,CUR,GWTH_RATE,2017,-7,,,,1
FCSA:DF_QGDP_CUR(1.8.0),AE,Q,PERCENT,FCSC,CON,Q2,CUR,GWTH_RATE,2018,5.6,,,,1
FCSA:DF_QGDP_CUR(1.8.0),AE,Q,PERCENT,FCSC,CON,Q2,CUR,GWTH_RATE,2019,3.4,,,,1
FCSA:DF_QGDP_CUR(1.8.0),AE,Q,PERCENT,FCSC,CON,Q2,CUR,GWTH_RATE,2020,-13,,,,1
FCSA:DF_QGDP_CUR(1.8.0),AE,Q,PERCENT,FCSC,CON,Q2,CUR,GWTH_RATE,2021,0.9,,,,1
FCSA:DF_QGDP_CUR(1.8.0),AE,Q,PERCENT,FCSC,CON,Q2,CUR,GWTH_RATE,2022,8,,,,1
FCSA:DF_QGDP_CUR(1.8.0),AE,Q,PERCENT,FCSC,CON,Q2,CUR,GWTH_RATE,2023,9.4,,,,1
FCSA:DF_QGDP_CUR(1.8.0),AE,Q,PERCENT,FCSC,CON,Q2,CUR,GWTH_RATE,2024,8.6,,,,1
FCSA:DF_QGDP_CUR(1.8.0),AE,Q,PERCENT,FCSC,REA,Q4,CUR,GWTH_RATE,2013,6.097526,,,,1
FCSA:DF_QGDP_CUR(1.8.0),AE,Q,PERCENT,FCSC,REA,Q4,CUR,GWTH_RATE,2014,20.873175,,,,1
FCSA:DF_QGDP_CUR(1.8.0),AE,Q,PERCENT,FCSC,REA,Q4,CUR,GWTH_RATE,2015,1.246824,,,,1
FCSA:DF_QGDP_CUR(1.8.0),AE,Q,PERCENT,FCSC,REA,Q4,CUR,GWTH_RATE,2016,7.558174,,,,1
FCSA:DF_QGDP_CUR(1.8.0),AE,Q,PERCENT,FCSC,REA,Q4,CUR,GWTH_RATE,2017,-1.5,,,,1
FCSA:DF_QGDP_CUR(1.8.0),AE,Q,PERCENT,FCSC,REA,Q4,CUR,GWTH_RATE,2018,-10.9,,,,1
FCSA:DF_QGDP_CUR(1.8.0),AE,Q,PERCENT,FCSC,REA,Q4,CUR,GWTH_RATE,2019,-2.2,,,,1
FCSA:DF_QGDP_CUR(1.8.0),AE,Q,PERCENT,FCSC,REA,Q4,CUR,GWTH_RATE,2020,-14.9,,,,1
FCSA:DF_QGDP_CUR(1.8.0),AE,Q,PERCENT,FCSC,REA,Q4,CUR,GWTH_RATE,2021,9.6,,,,1
FCSA:DF_QGDP_CUR(1.8.0),AE,Q,PERCENT,FCSC,REA,Q4,CUR,GWTH_RATE,2022,13.6,,,,1
FCSA:DF_QGDP_CUR(1.8.0),AE,Q,PERCENT,FCSC,REA,Q4,CUR,GWTH_RATE,2023,15.2,,,,1
FCSA:DF_QGDP_CUR(1.8.0),AE,Q,PERCENT,FCSC,REA,Q4,CUR,GWTH_RATE,2024,18.2,,,,1
FCSA:DF_QGDP_CUR(1.8.0),AE,Q,MILAED,FCSC,PUB,Q3,CUR,VAL,2012,17833,,,,0
FCSA:DF_QGDP_CUR(1.8.0),AE,Q,MILAED,FCSC,PUB,Q3,CUR,VAL,2013,21130,,,,0
FCSA:DF_QGDP_CUR(1.8.0),AE,Q,MILAED,FCSC,PUB,Q3,CUR,VAL,2014,20662,,,,0
FCSA:DF_QGDP_CUR(1.8.0),AE,Q,MILAED,FCSC,PUB,Q3,CUR,VAL,2015,21824,,,,0
FCSA:DF_QGDP_CUR(1.8.0),AE,Q,MILAED,FCSC,PUB,Q3,CUR,VAL,2016,24727,,,,0
FCSA:DF_QGDP_CUR(1.8.0),AE,Q,MILAED,FCSC,PUB,Q3,CUR,VAL,2017,27365,,,,0
FCSA:DF_QGDP_CUR(1.8.0),AE,Q,MILAED,FCSC,PUB,Q3,CUR,VAL,2018,28557,,,,0
FCSA:DF_QGDP_CUR(1.8.0),AE,Q,MILAED,FCSC,PUB,Q3,CUR,VAL,2019,28226,,,,0
FCSA:DF_QGDP_CUR(1.8.0),AE,Q,MILAED,FCSC,PUB,Q3,CUR,VAL,2020,27036,,,,0
FCSA:DF_QGDP_CUR(1.8.0),AE,Q,MILAED,FCSC,PUB,Q3,CUR,VAL,2021,27451,,,,0
FCSA:DF_QGDP_CUR(1.8.0),AE,Q,MILAED,FCSC,PUB,Q3,CUR,VAL,2022,28069,,,,0
FCSA:DF_QGDP_CUR(1.8.0),AE,Q,MILAED,FCSC,PUB,Q3,CUR,VAL,2023,29095,,,,0
FCSA:DF_QGDP_CUR(1.8.0),AE,Q,MILAED,FCSC,PUB,Q3,CUR,VAL,2024,31048,,,,0
FCSA:DF_QGDP_CUR(1.8.0),AE,Q,MILAED,FCSC,TRA,Q1,CUR,VAL,2012,19331,,,,0
FCSA:DF_QGDP_CUR(1.8.0),AE,Q,MILAED,FCSC,TRA,Q1,CUR,VAL,2013,18767,,,,0
FCSA:DF_QGDP_CUR(1.8.0),AE,Q,MILAED,FCSC,TRA,Q1,CUR,VAL,2014,20927,,,,0
FCSA:DF_QGDP_CUR(1.8.0),AE,Q,MILAED,FCSC,TRA,Q1,CUR,VAL,2015,22179,,,,0
FCSA:DF_QGDP_CUR(1.8.0),AE,Q,MILAED,FCSC,TRA,Q1,CUR,VAL,2016,21249,,,,0
FCSA:DF_QGDP_CUR(1.8.0),AE,Q,MILAED,FCSC,TRA,Q1,CUR,VAL,2017,22005,,,,0
FCSA:DF_QGDP_CUR(1.8.0),AE,Q,MILAED,FCSC,TRA,Q1,CUR,VAL,2018,22997,,,,0
FCSA:DF_QGDP_CUR(1.8.0),AE,Q,MILAED,FCSC,TRA,Q1,CUR,VAL,2019,22687,,,,0
FCSA:DF_QGDP_CUR(1.8.0),AE,Q,MILAED,FCSC,TRA,Q1,CUR,VAL,2020,25270,,,,0
FCSA:DF_QGDP_CUR(1.8.0),AE,Q,MILAED,FCSC,TRA,Q1,CUR,VAL,2021,19307,,,,0
FCSA:DF_QGDP_CUR(1.8.0),AE,Q,MILAED,FCSC,TRA,Q1,CUR,VAL,2022,25917,,,,0
FCSA:DF_QGDP_CUR(1.8.0),AE,Q,MILAED,FCSC,TRA,Q1,CUR,VAL,2023,33676,,,,0
FCSA:DF_QGDP_CUR(1.8.0),AE,Q,MILAED,FCSC,TRA,Q1,CUR,VAL,2024,34870,,,,0
FCSA:DF_QGDP_CUR(1.8.0),AE,Q,MILAED,FCSC,TRA,Q1,CUR,VAL,2025,39080.79351,,,,0
FCSA:DF_QGDP_CUR(1.8.0),AE,Q,PERCENT,FCSC,AGR,Q1,CUR,GWTH_RATE,2013,-24.686222,,,,1
FCSA:DF_QGDP_CUR(1.8.0),AE,Q,PERCENT,FCSC,AGR,Q1,CUR,GWTH_RATE,2014,-12.506496,,,,1
FCSA:DF_QGDP_CUR(1.8.0),AE,Q,PERCENT,FCSC,AGR,Q1,CUR,GWTH_RATE,2015,-22.342832,,,,1
FCSA:DF_QGDP_CUR(1.8.0),AE,Q,PERCENT,FCSC,AGR,Q1,CUR,GWTH_RATE,2016,25.03156,,,,1
FCSA:DF_QGDP_CUR(1.8.0),AE,Q,PERCENT,FCSC,AGR,Q1,CUR,GWTH_RATE,2017,10.4,,,,1
FCSA:DF_QGDP_CUR(1.8.0),AE,Q,PERCENT,FCSC,AGR,Q1,CUR,GWTH_RATE,2018,9.5,,,,1
FCSA:DF_QGDP_CUR(1.8.0),AE,Q,PERCENT,FCSC,AGR,Q1,CUR,GWTH_RATE,2019,-5,,,,1
FCSA:DF_QGDP_CUR(1.8.0),AE,Q,PERCENT,FCSC,AGR,Q1,CUR,GWTH_RATE,2020,-2.5,,,,1
FCSA:DF_QGDP_CUR(1.8.0),AE,Q,PERCENT,FCSC,AGR,Q1,CUR,GWTH_RATE,2021,26.2,,,,1
FCSA:DF_QGDP_CUR(1.8.0),AE,Q,PERCENT,FCSC,AGR,Q1,CUR,GWTH_RATE,2022,4.3,,,,1
FCSA:DF_QGDP_CUR(1.8.0),AE,Q,PERCENT,FCSC,AGR,Q1,CUR,GWTH_RATE,2023,3.9,,,,1
FCSA:DF_QGDP_CUR(1.8.0),AE,Q,PERCENT,FCSC,AGR,Q1,CUR,GWTH_RATE,2024,4,,,,1
FCSA:DF_QGDP_CUR(1.8.0),AE,Q,PERCENT,FCSC,AGR,Q1,CUR,GWTH_RATE,2025,2.269587837,,,,1
FCSA:DF_QGDP_CUR(1.8.0),AE,Q,MILAED,FCSC,FIN,Q2,CUR,VAL,2012,27963,,,,0
FCSA:DF_QGDP_CUR(1.8.0),AE,Q,MILAED,FCSC,FIN,Q2,CUR,VAL,2013,31982,,,,0
FCSA:DF_QGDP_CUR(1.8.0),AE,Q,MILAED,FCSC,FIN,Q2,CUR,VAL,2014,36948,,,,0
FCSA:DF_QGDP_CUR(1.8.0),AE,Q,MILAED,FCSC,FIN,Q2,CUR,VAL,2015,39298,,,,0
FCSA:DF_QGDP_CUR(1.8.0),AE,Q,MILAED,FCSC,FIN,Q2,CUR,VAL,2016,40839,,,,0
FCSA:DF_QGDP_CUR(1.8.0),AE,Q,MILAED,FCSC,FIN,Q2,CUR,VAL,2017,41561,,,,0
FCSA:DF_QGDP_CUR(1.8.0),AE,Q,MILAED,FCSC,FIN,Q2,CUR,VAL,2018,41311,,,,0
FCSA:DF_QGDP_CUR(1.8.0),AE,Q,MILAED,FCSC,FIN,Q2,CUR,VAL,2019,41888,,,,0
FCSA:DF_QGDP_CUR(1.8.0),AE,Q,MILAED,FCSC,FIN,Q2,CUR,VAL,2020,36084,,,,0
FCSA:DF_QGDP_CUR(1.8.0),AE,Q,MILAED,FCSC,FIN,Q2,CUR,VAL,2021,39255,,,,0
FCSA:DF_QGDP_CUR(1.8.0),AE,Q,MILAED,FCSC,FIN,Q2,CUR,VAL,2022,43889,,,,0
FCSA:DF_QGDP_CUR(1.8.0),AE,Q,MILAED,FCSC,FIN,Q2,CUR,VAL,2023,49227,,,,0
FCSA:DF_QGDP_CUR(1.8.0),AE,Q,MILAED,FCSC,FIN,Q2,CUR,VAL,2024,53972,,,,0
FCSA:DF_QGDP_CUR(1.8.0),AE,Q,MILAED,FCSC,REA,Q3,CUR,VAL,2012,16423,,,,0
FCSA:DF_QGDP_CUR(1.8.0),AE,Q,MILAED,FCSC,REA,Q3,CUR,VAL,2013,16981,,,,0
FCSA:DF_QGDP_CUR(1.8.0),AE,Q,MILAED,FCSC,REA,Q3,CUR,VAL,2014,19547,,,,0
FCSA:DF_QGDP_CUR(1.8.0),AE,Q,MILAED,FCSC,REA,Q3,CUR,VAL,2015,20867,,,,0
FCSA:DF_QGDP_CUR(1.8.0),AE,Q,MILAED,FCSC,REA,Q3,CUR,VAL,2016,22972,,,,0
FCSA:DF_QGDP_CUR(1.8.0),AE,Q,MILAED,FCSC,REA,Q3,CUR,VAL,2017,22820,,,,0
FCSA:DF_QGDP_CUR(1.8.0),AE,Q,MILAED,FCSC,REA,Q3,CUR,VAL,2018,20720,,,,0
FCSA:DF_QGDP_CUR(1.8.0),AE,Q,MILAED,FCSC,REA,Q3,CUR,VAL,2019,20284,,,,0
FCSA:DF_QGDP_CUR(1.8.0),AE,Q,MILAED,FCSC,REA,Q3,CUR,VAL,2020,16604,,,,0
FCSA:DF_QGDP_CUR(1.8.0),AE,Q,MILAED,FCSC,REA,Q3,CUR,VAL,2021,18156,,,,0
FCSA:DF_QGDP_CUR(1.8.0),AE,Q,MILAED,FCSC,REA,Q3,CUR,VAL,2022,20405,,,,0
FCSA:DF_QGDP_CUR(1.8.0),AE,Q,MILAED,FCSC,REA,Q3,CUR,VAL,2023,22481,,,,0
FCSA:DF_QGDP_CUR(1.8.0),AE,Q,MILAED,FCSC,REA,Q3,CUR,VAL,2024,24820,,,,0
FCSA:DF_QGDP_CUR(1.8.0),AE,Q,PERCENT,FCSC,PUB,Q1,CUR,GWTH_RATE,2013,16.652634,,,,1
FCSA:DF_QGDP_CUR(1.8.0),AE,Q,PERCENT,FCSC,PUB,Q1,CUR,GWTH_RATE,2014,20.011994,,,,1
FCSA:DF_QGDP_CUR(1.8.0),AE,Q,PERCENT,FCSC,PUB,Q1,CUR,GWTH_RATE,2015,2.743654,,,,1
FCSA:DF_QGDP_CUR(1.8.0),AE,Q,PERCENT,FCSC,PUB,Q1,CUR,GWTH_RATE,2016,-1.852165,,,,1
FCSA:DF_QGDP_CUR(1.8.0),AE,Q,PERCENT,FCSC,PUB,Q1,CUR,GWTH_RATE,2017,11.7,,,,1
FCSA:DF_QGDP_CUR(1.8.0),AE,Q,PERCENT,FCSC,PUB,Q1,CUR,GWTH_RATE,2018,7.1,,,,1
FCSA:DF_QGDP_CUR(1.8.0),AE,Q,PERCENT,FCSC,PUB,Q1,CUR,GWTH_RATE,2019,1.6,,,,1
FCSA:DF_QGDP_CUR(1.8.0),AE,Q,PERCENT,FCSC,PUB,Q1,CUR,GWTH_RATE,2020,-3.2,,,,1
FCSA:DF_QGDP_CUR(1.8.0),AE,Q,PERCENT,FCSC,PUB,Q1,CUR,GWTH_RATE,2021,2,,,,1
FCSA:DF_QGDP_CUR(1.8.0),AE,Q,PERCENT,FCSC,PUB,Q1,CUR,GWTH_RATE,2022,0.4,,,,1
FCSA:DF_QGDP_CUR(1.8.0),AE,Q,PERCENT,FCSC,PUB,Q1,CUR,GWTH_RATE,2023,-0.7,,,,1
FCSA:DF_QGDP_CUR(1.8.0),AE,Q,PERCENT,FCSC,PUB,Q1,CUR,GWTH_RATE,2024,5.5,,,,1
FCSA:DF_QGDP_CUR(1.8.0),AE,Q,PERCENT,FCSC,PUB,Q1,CUR,GWTH_RATE,2025,2.252666953,,,,1
FCSA:DF_QGDP_CUR(1.8.0),AE,Q,MILAED,FCSC,CON,Q2,CUR,VAL,2012,30439,,,,0
FCSA:DF_QGDP_CUR(1.8.0),AE,Q,MILAED,FCSC,CON,Q2,CUR,VAL,2013,29521,,,,0
FCSA:DF_QGDP_CUR(1.8.0),AE,Q,MILAED,FCSC,CON,Q2,CUR,VAL,2014,32037,,,,0
FCSA:DF_QGDP_CUR(1.8.0),AE,Q,MILAED,FCSC,CON,Q2,CUR,VAL,2015,33071,,,,0
FCSA:DF_QGDP_CUR(1.8.0),AE,Q,MILAED,FCSC,CON,Q2,CUR,VAL,2016,34881,,,,0
FCSA:DF_QGDP_CUR(1.8.0),AE,Q,MILAED,FCSC,CON,Q2,CUR,VAL,2017,32433,,,,0
FCSA:DF_QGDP_CUR(1.8.0),AE,Q,MILAED,FCSC,CON,Q2,CUR,VAL,2018,34250,,,,0
FCSA:DF_QGDP_CUR(1.8.0),AE,Q,MILAED,FCSC,CON,Q2,CUR,VAL,2019,35399,,,,0
FCSA:DF_QGDP_CUR(1.8.0),AE,Q,MILAED,FCSC,CON,Q2,CUR,VAL,2020,30780,,,,0
FCSA:DF_QGDP_CUR(1.8.0),AE,Q,MILAED,FCSC,CON,Q2,CUR,VAL,2021,31061,,,,0
FCSA:DF_QGDP_CUR(1.8.0),AE,Q,MILAED,FCSC,CON,Q2,CUR,VAL,2022,33533,,,,0
FCSA:DF_QGDP_CUR(1.8.0),AE,Q,MILAED,FCSC,CON,Q2,CUR,VAL,2023,36684,,,,0
FCSA:DF_QGDP_CUR(1.8.0),AE,Q,MILAED,FCSC,CON,Q2,CUR,VAL,2024,39825,,,,0
FCSA:DF_QGDP_CUR(1.8.0),AE,Q,MILAED,FCSC,ACC,Q3,CUR,VAL,2012,4618,,,,0
FCSA:DF_QGDP_CUR(1.8.0),AE,Q,MILAED,FCSC,ACC,Q3,CUR,VAL,2013,6179,,,,0
FCSA:DF_QGDP_CUR(1.8.0),AE,Q,MILAED,FCSC,ACC,Q3,CUR,VAL,2014,6981,,,,0
FCSA:DF_QGDP_CUR(1.8.0),AE,Q,MILAED,FCSC,ACC,Q3,CUR,VAL,2015,7431,,,,0
FCSA:DF_QGDP_CUR(1.8.0),AE,Q,MILAED,FCSC,ACC,Q3,CUR,VAL,2016,7448,,,,0
FCSA:DF_QGDP_CUR(1.8.0),AE,Q,MILAED,FCSC,ACC,Q3,CUR,VAL,2017,7157,,,,0
FCSA:DF_QGDP_CUR(1.8.0),AE,Q,MILAED,FCSC,ACC,Q3,CUR,VAL,2018,7198,,,,0
FCSA:DF_QGDP_CUR(1.8.0),AE,Q,MILAED,FCSC,ACC,Q3,CUR,VAL,2019,6982,,,,0
FCSA:DF_QGDP_CUR(1.8.0),AE,Q,MILAED,FCSC,ACC,Q3,CUR,VAL,2020,3962,,,,0
FCSA:DF_QGDP_CUR(1.8.0),AE,Q,MILAED,FCSC,ACC,Q3,CUR,VAL,2021,7395,,,,0
FCSA:DF_QGDP_CUR(1.8.0),AE,Q,MILAED,FCSC,ACC,Q3,CUR,VAL,2022,8843,,,,0
FCSA:DF_QGDP_CUR(1.8.0),AE,Q,MILAED,FCSC,ACC,Q3,CUR,VAL,2023,9888,,,,0
FCSA:DF_QGDP_CUR(1.8.0),AE,Q,MILAED,FCSC,ACC,Q3,CUR,VAL,2024,10308,,,,0
