DATAFLOW,REF_AREA,FREQ,UNIT_MEASURE,SOURCE_DETAIL,MEASURE,TRADE_TYPE,HS_SECTION,HS_CHAPTER,COUNTRY,TIME_PERIOD,OBS_VALUE,OBS_STATUS,UNIT_MULT,OBS_COMMENT,DECIMALS
FCSA:DF_TRADE_COUNTRY_YR(5.1.0),AE,A,AED,FCSC,ANN_CNT,NOEXP,_Z,_Z,4,2017,1133855571.09,,,,0
FCSA:DF_TRADE_COUNTRY_YR(5.1.0),AE,A,AED,FCSC,ANN_CNT,NOEXP,_Z,_Z,4,2018,771902808.47,,,,0
FCSA:DF_TRADE_COUNTRY_YR(5.1.0),AE,A,AED,FCSC,ANN_CNT,NOEXP,_Z,_Z,4,2019,1190686506.71,,,,0
FCSA:DF_TRADE_COUNTRY_YR(5.1.0),AE,A,AED,FCSC,ANN_CNT,NOEXP,_Z,_Z,4,2020,1567003739.75,,,,0
FCSA:DF_TRADE_COUNTRY_YR(5.1.0),AE,A,AED,FCSC,ANN_CNT,NOEXP,_Z,_Z,4,2021,1201382598.37,,,,0
FCSA:DF_TRADE_COUNTRY_YR(5.1.0),AE,A,AED,FCSC,ANN_CNT,NOEXP,_Z,_Z,4,2022,1282902181.67,,,,0
FCSA:DF_TRADE_COUNTRY_YR(5.1.0),AE,A,AED,FCSC,ANN_CNT,NOEXP,_Z,_Z,4,2023,2689130175.01,,,,0
FCSA:DF_TRADE_COUNTRY_YR(5.1.0),AE,A,AED,FCSC,ANN_CNT,NOEXP,_Z,_Z,4,2024,3083598779.41,,,,0
FCSA:DF_TRADE_COUNTRY_YR(5.1.0),AE,A,AED,FCSC,ANN_CNT,TNOEXP,_Z,_Z,643,2017,2914552803.72,,,,0
FCSA:DF_TRADE_COUNTRY_YR(5.1.0),AE,A,AED,FCSC,ANN_CNT,TNOEXP,_Z,_Z,643,2018,4639092684.11,,,,0
FCSA:DF_TRADE_COUNTRY_YR(5.1.0),AE,A,AED,FCSC,ANN_CNT,TNOEXP,_Z,_Z,643,2019,3259360157.56,,,,0
FCSA:DF_TRADE_COUNTRY_YR(5.1.0),AE,A,AED,FCSC,ANN_CNT,TNOEXP,_Z,_Z,643,2020,2259291479.35,,,,0
FCSA:DF_TRADE_COUNTRY_YR(5.1.0),AE,A,AED,FCSC,ANN_CNT,TNOEXP,_Z,_Z,643,2021,5328077090.38,,,,0
FCSA:DF_TRADE_COUNTRY_YR(5.1.0),AE,A,AED,FCSC,ANN_CNT,TNOEXP,_Z,_Z,643,2022,9513892739.54,,,,0
FCSA:DF_TRADE_COUNTRY_YR(5.1.0),AE,A,AED,FCSC,ANN_CNT,TNOEXP,_Z,_Z,643,2023,16498256941.57,,,,0
FCSA:DF_TRADE_COUNTRY_YR(5.1.0),AE,A,AED,FCSC,ANN_CNT,TNOEXP,_Z,_Z,643,2024,16267707883.58,,,,0
FCSA:DF_TRADE_COUNTRY_YR(5.1.0),AE,A,AED,FCSC,ANN_CNT,REEXP,_Z,_Z,12,2017,1497328355.85,,,,0
FCSA:DF_TRADE_COUNTRY_YR(5.1.0),AE,A,AED,FCSC,ANN_CNT,REEXP,_Z,_Z,12,2018,1532959995.64,,,,0
FCSA:DF_TRADE_COUNTRY_YR(5.1.0),AE,A,AED,FCSC,ANN_CNT,REEXP,_Z,_Z,12,2019,1645673603.89,,,,0
FCSA:DF_TRADE_COUNTRY_YR(5.1.0),AE,A,AED,FCSC,ANN_CNT,REEXP,_Z,_Z,12,2020,1374417364.55,,,,0
FCSA:DF_TRADE_COUNTRY_YR(5.1.0),AE,A,AED,FCSC,ANN_CNT,REEXP,_Z,_Z,12,2021,1736649682.58,,,,0
FCSA:DF_TRADE_COUNTRY_YR(5.1.0),AE,A,AED,FCSC,ANN_CNT,REEXP,_Z,_Z,12,2022,1885231023.70,,,,0
FCSA:DF_TRADE_COUNTRY_YR(5.1.0),AE,A,AED,FCSC,ANN_CNT,REEXP,_Z,_Z,12,2023,1659064127.98,,,,0
FCSA:DF_TRADE_COUNTRY_YR(5.1.0),AE,A,AED,FCSC,ANN_CNT,REEXP,_Z,_Z,12,2024,2186819075.13,,,,0
FCSA:DF_TRADE_COUNTRY_YR(5.1.0),AE,A,AED,FCSC,ANN_CNT,REEXP,_Z,_Z,144,2017,1066123402.18,,,,0
FCSA:DF_TRADE_COUNTRY_YR(5.1.0),AE,A,AED,FCSC,ANN_CNT,REEXP,_Z,_Z,144,2018,1590239982.50,,,,0
FCSA:DF_TRADE_COUNTRY_YR(5.1.0),AE,A,AED,FCSC,ANN_CNT,REEXP,_Z,_Z,144,2019,773298847.04,,,,0
FCSA:DF_TRADE_COUNTRY_YR(5.1.0),AE,A,AED,FCSC,ANN_CNT,REEXP,_Z,_Z,144,2020,488830233.30,,,,0
FCSA:DF_TRADE_COUNTRY_YR(5.1.0),AE,A,AED,FCSC,ANN_CNT,REEXP,_Z,_Z,144,2021,943479186.35,,,,0
FCSA:DF_TRADE_COUNTRY_YR(5.1.0),AE,A,AED,FCSC,ANN_CNT,REEXP,_Z,_Z,144,2022,1187709032.17,,,,0
FCSA:DF_TRADE_COUNTRY_YR(5.1.0),AE,A,AED,FCSC,ANN_CNT,REEXP,_Z,_Z,144,2023,918611272.34,,,,0
FCSA:DF_TRADE_COUNTRY_YR(5.1.0),AE,A,AED,FCSC,ANN_CNT,REEXP,_Z,_Z,144,2024,874532940.08,,,,0
FCSA:DF_TRADE_COUNTRY_YR(5.1.0),AE,A,AED,FCSC,ANN_CNT,TNOEXP,_Z,_Z,591,2017,75423234.91,,,,0
FCSA:DF_TRADE_COUNTRY_YR(5.1.0),AE,A,AED,FCSC,ANN_CNT,TNOEXP,_Z,_Z,591,2018,207692302.58,,,,0
FCSA:DF_TRADE_COUNTRY_YR(5.1.0),AE,A,AED,FCSC,ANN_CNT,TNOEXP,_Z,_Z,591,2019,175695149.51,,,,0
FCSA:DF_TRADE_COUNTRY_YR(5.1.0),AE,A,AED,FCSC,ANN_CNT,TNOEXP,_Z,_Z,591,2020,199200482.01,,,,0
FCSA:DF_TRADE_COUNTRY_YR(5.1.0),AE,A,AED,FCSC,ANN_CNT,TNOEXP,_Z,_Z,591,2021,349324733.71,,,,0
FCSA:DF_TRADE_COUNTRY_YR(5.1.0),AE,A,AED,FCSC,ANN_CNT,TNOEXP,_Z,_Z,591,2022,315660517.15,,,,0
FCSA:DF_TRADE_COUNTRY_YR(5.1.0),AE,A,AED,FCSC,ANN_CNT,TNOEXP,_Z,_Z,591,2023,307271271.06,,,,0
FCSA:DF_TRADE_COUNTRY_YR(5.1.0),AE,A,AED,FCSC,ANN_CNT,TNOEXP,_Z,_Z,591,2024,442339284.50,,,,0
FCSA:DF_TRADE_COUNTRY_YR(5.1.0),AE,A,AED,FCSC,ANN_CNT,TTRADE,_Z,_Z,90,2017,1487010.05,,,,0
FCSA:DF_TRADE_COUNTRY_YR(5.1.0),AE,A,AED,FCSC,ANN_CNT,TTRADE,_Z,_Z,90,2018,749365.30,,,,0
FCSA:DF_TRADE_COUNTRY_YR(5.1.0),AE,A,AED,FCSC,ANN_CNT,TTRADE,_Z,_Z,90,2019,4251947.39,,,,0
FCSA:DF_TRADE_COUNTRY_YR(5.1.0),AE,A,AED,FCSC,ANN_CNT,TTRADE,_Z,_Z,90,2020,6050875.90,,,,0
FCSA:DF_TRADE_COUNTRY_YR(5.1.0),AE,A,AED,FCSC,ANN_CNT,TTRADE,_Z,_Z,90,2021,6043536.13,,,,0
FCSA:DF_TRADE_COUNTRY_YR(5.1.0),AE,A,AED,FCSC,ANN_CNT,TTRADE,_Z,_Z,90,2022,6255281.79,,,,0
FCSA:DF_TRADE_COUNTRY_YR(5.1.0),AE,A,AED,FCSC,ANN_CNT,TTRADE,_Z,_Z,90,2023,8472646.38,,,,0
FCSA:DF_TRADE_COUNTRY_YR(5.1.0),AE,A,AED,FCSC,ANN_CNT,TTRADE,_Z,_Z,90,2024,954099.82,,,,0
FCSA:DF_TRADE_COUNTRY_YR(5.1.0),AE,A,AED,FCSC,ANN_CNT,TNOEXP,_Z,_Z,368,2017,44968595905.10,,,,0
FCSA:DF_TRADE_COUNTRY_YR(5.1.0),AE,A,AED,FCSC,ANN_CNT,TNOEXP,_Z,_Z,368,2018,41547724153.93,,,,0
FCSA:DF_TRADE_COUNTRY_YR(5.1.0),AE,A,AED,FCSC,ANN_CNT,TNOEXP,_Z,_Z,368,2019,50459496825.29,,,,0
FCSA:DF_TRADE_COUNTRY_YR(5.1.0),AE,A,AED,FCSC,ANN_CNT,TNOEXP,_Z,_Z,368,2020,48140854573.97,,,,0
FCSA:DF_TRADE_COUNTRY_YR(5.1.0),AE,A,AED,FCSC,ANN_CNT,TNOEXP,_Z,_Z,368,2021,52351408252.70,,,,0
FCSA:DF_TRADE_COUNTRY_YR(5.1.0),AE,A,AED,FCSC,ANN_CNT,TNOEXP,_Z,_Z,368,2022,78881541975.96,,,,0
FCSA:DF_TRADE_COUNTRY_YR(5.1.0),AE,A,AED,FCSC,ANN_CNT,TNOEXP,_Z,_Z,368,2023,83368556787.29,,,,0
FCSA:DF_TRADE_COUNTRY_YR(5.1.0),AE,A,AED,FCSC,ANN_CNT,TNOEXP,_Z,_Z,368,2024,121166983515.36,,,,0
FCSA:DF_TRADE_COUNTRY_YR(5.1.0),AE,A,AED,FCSC,ANN_CNT,REEXP,_Z,_Z,56,2017,14119998220.90,,,,0
FCSA:DF_TRADE_COUNTRY_YR(5.1.0),AE,A,AED,FCSC,ANN_CNT,REEXP,_Z,_Z,56,2018,15161814230.65,,,,0
FCSA:DF_TRADE_COUNTRY_YR(5.1.0),AE,A,AED,FCSC,ANN_CNT,REEXP,_Z,_Z,56,2019,10392181499.94,,,,0
FCSA:DF_TRADE_COUNTRY_YR(5.1.0),AE,A,AED,FCSC,ANN_CNT,REEXP,_Z,_Z,56,2020,7957406301.69,,,,0
FCSA:DF_TRADE_COUNTRY_YR(5.1.0),AE,A,AED,FCSC,ANN_CNT,REEXP,_Z,_Z,56,2021,12538516337.04,,,,0
FCSA:DF_TRADE_COUNTRY_YR(5.1.0),AE,A,AED,FCSC,ANN_CNT,REEXP,_Z,_Z,56,2022,16093302610.44,,,,0
FCSA:DF_TRADE_COUNTRY_YR(5.1.0),AE,A,AED,FCSC,ANN_CNT,REEXP,_Z,_Z,56,2023,13362003925.07,,,,0
FCSA:DF_TRADE_COUNTRY_YR(5.1.0),AE,A,AED,FCSC,ANN_CNT,REEXP,_Z,_Z,56,2024,8673149810.79,,,,0
FCSA:DF_TRADE_COUNTRY_YR(5.1.0),AE,A,AED,FCSC,ANN_CNT,NOEXP,_Z,_Z,28,2017,528010.67,,,,0
FCSA:DF_TRADE_COUNTRY_YR(5.1.0),AE,A,AED,FCSC,ANN_CNT,NOEXP,_Z,_Z,28,2018,619818.74,,,,0
FCSA:DF_TRADE_COUNTRY_YR(5.1.0),AE,A,AED,FCSC,ANN_CNT,NOEXP,_Z,_Z,28,2019,145409.75,,,,0
FCSA:DF_TRADE_COUNTRY_YR(5.1.0),AE,A,AED,FCSC,ANN_CNT,NOEXP,_Z,_Z,28,2020,364502.22,,,,0
FCSA:DF_TRADE_COUNTRY_YR(5.1.0),AE,A,AED,FCSC,ANN_CNT,NOEXP,_Z,_Z,28,2021,105936.91,,,,0
FCSA:DF_TRADE_COUNTRY_YR(5.1.0),AE,A,AED,FCSC,ANN_CNT,NOEXP,_Z,_Z,28,2022,4103815.09,,,,0
FCSA:DF_TRADE_COUNTRY_YR(5.1.0),AE,A,AED,FCSC,ANN_CNT,NOEXP,_Z,_Z,28,2023,3048379.02,,,,0
FCSA:DF_TRADE_COUNTRY_YR(5.1.0),AE,A,AED,FCSC,ANN_CNT,NOEXP,_Z,_Z,28,2024,3431447.76,,,,0
FCSA:DF_TRADE_COUNTRY_YR(5.1.0),AE,A,AED,FCSC,ANN_CNT,REEXP,_Z,_Z,887,2017,968155113.51,,,,0
FCSA:DF_TRADE_COUNTRY_YR(5.1.0),AE,A,AED,FCSC,ANN_CNT,REEXP,_Z,_Z,887,2018,1801878144.66,,,,0
FCSA:DF_TRADE_COUNTRY_YR(5.1.0),AE,A,AED,FCSC,ANN_CNT,REEXP,_Z,_Z,887,2019,1966483457.33,,,,0
FCSA:DF_TRADE_COUNTRY_YR(5.1.0),AE,A,AED,FCSC,ANN_CNT,REEXP,_Z,_Z,887,2020,2754287752.89,,,,0
FCSA:DF_TRADE_COUNTRY_YR(5.1.0),AE,A,AED,FCSC,ANN_CNT,REEXP,_Z,_Z,887,2021,3250809880.44,,,,0
FCSA:DF_TRADE_COUNTRY_YR(5.1.0),AE,A,AED,FCSC,ANN_CNT,REEXP,_Z,_Z,887,2022,3501995283.05,,,,0
FCSA:DF_TRADE_COUNTRY_YR(5.1.0),AE,A,AED,FCSC,ANN_CNT,REEXP,_Z,_Z,887,2023,3229003937.15,,,,0
FCSA:DF_TRADE_COUNTRY_YR(5.1.0),AE,A,AED,FCSC,ANN_CNT,REEXP,_Z,_Z,887,2024,4363409643.93,,,,0
FCSA:DF_TRADE_COUNTRY_YR(5.1.0),AE,A,AED,FCSC,ANN_CNT,REEXP,_Z,_Z,104,2017,321425503.98,,,,0
FCSA:DF_TRADE_COUNTRY_YR(5.1.0),AE,A,AED,FCSC,ANN_CNT,REEXP,_Z,_Z,104,2018,341823664.28,,,,0
FCSA:DF_TRADE_COUNTRY_YR(5.1.0),AE,A,AED,FCSC,ANN_CNT,REEXP,_Z,_Z,104,2019,378324591.20,,,,0
FCSA:DF_TRADE_COUNTRY_YR(5.1.0),AE,A,AED,FCSC,ANN_CNT,REEXP,_Z,_Z,104,2020,271777638.60,,,,0
FCSA:DF_TRADE_COUNTRY_YR(5.1.0),AE,A,AED,FCSC,ANN_CNT,REEXP,_Z,_Z,104,2021,286732409.33,,,,0
FCSA:DF_TRADE_COUNTRY_YR(5.1.0),AE,A,AED,FCSC,ANN_CNT,REEXP,_Z,_Z,104,2022,70513728.24,,,,0
FCSA:DF_TRADE_COUNTRY_YR(5.1.0),AE,A,AED,FCSC,ANN_CNT,REEXP,_Z,_Z,104,2023,39878345.45,,,,0
FCSA:DF_TRADE_COUNTRY_YR(5.1.0),AE,A,AED,FCSC,ANN_CNT,REEXP,_Z,_Z,104,2024,46091955.64,,,,0
FCSA:DF_TRADE_COUNTRY_YR(5.1.0),AE,A,AED,FCSC,ANN_CNT,TTRADE,_Z,_Z,148,2017,649628450.92,,,,0
FCSA:DF_TRADE_COUNTRY_YR(5.1.0),AE,A,AED,FCSC,ANN_CNT,TTRADE,_Z,_Z,148,2018,919533135.48,,,,0
FCSA:DF_TRADE_COUNTRY_YR(5.1.0),AE,A,AED,FCSC,ANN_CNT,TTRADE,_Z,_Z,148,2019,1510294146.13,,,,0
FCSA:DF_TRADE_COUNTRY_YR(5.1.0),AE,A,AED,FCSC,ANN_CNT,TTRADE,_Z,_Z,148,2020,1478396196.90,,,,0
FCSA:DF_TRADE_COUNTRY_YR(5.1.0),AE,A,AED,FCSC,ANN_CNT,TTRADE,_Z,_Z,148,2021,3742373718.46,,,,0
FCSA:DF_TRADE_COUNTRY_YR(5.1.0),AE,A,AED,FCSC,ANN_CNT,TTRADE,_Z,_Z,148,2022,4085122053.45,,,,0
FCSA:DF_TRADE_COUNTRY_YR(5.1.0),AE,A,AED,FCSC,ANN_CNT,TTRADE,_Z,_Z,148,2023,5220592134.06,,,,0
FCSA:DF_TRADE_COUNTRY_YR(5.1.0),AE,A,AED,FCSC,ANN_CNT,TTRADE,_Z,_Z,148,2024,6907102489.66,,,,0
FCSA:DF_TRADE_COUNTRY_YR(5.1.0),AE,A,AED,FCSC,ANN_CNT,NOEXP,_Z,_Z,270,2017,67122538.96,,,,0
FCSA:DF_TRADE_COUNTRY_YR(5.1.0),AE,A,AED,FCSC,ANN_CNT,NOEXP,_Z,_Z,270,2018,70742193.35,,,,0
FCSA:DF_TRADE_COUNTRY_YR(5.1.0),AE,A,AED,FCSC,ANN_CNT,NOEXP,_Z,_Z,270,2019,78663325.97,,,,0
FCSA:DF_TRADE_COUNTRY_YR(5.1.0),AE,A,AED,FCSC,ANN_CNT,NOEXP,_Z,_Z,270,2020,67219053.30,,,,0
FCSA:DF_TRADE_COUNTRY_YR(5.1.0),AE,A,AED,FCSC,ANN_CNT,NOEXP,_Z,_Z,270,2021,80424329.05,,,,0
FCSA:DF_TRADE_COUNTRY_YR(5.1.0),AE,A,AED,FCSC,ANN_CNT,NOEXP,_Z,_Z,270,2022,57525147.25,,,,0
FCSA:DF_TRADE_COUNTRY_YR(5.1.0),AE,A,AED,FCSC,ANN_CNT,NOEXP,_Z,_Z,270,2023,108484965.70,,,,0
FCSA:DF_TRADE_COUNTRY_YR(5.1.0),AE,A,AED,FCSC,ANN_CNT,NOEXP,_Z,_Z,270,2024,98329292.44,,,,0
FCSA:DF_TRADE_COUNTRY_YR(5.1.0),AE,A,AED,FCSC,ANN_CNT,TTRADE,_Z,_Z,833,2017,486319.75,,,,0
FCSA:DF_TRADE_COUNTRY_YR(5.1.0),AE,A,AED,FCSC,ANN_CNT,TTRADE,_Z,_Z,833,2018,99550.00,,,,0
FCSA:DF_TRADE_COUNTRY_YR(5.1.0),AE,A,AED,FCSC,ANN_CNT,TTRADE,_Z,_Z,833,2019,31618.47,,,,0
FCSA:DF_TRADE_COUNTRY_YR(5.1.0),AE,A,AED,FCSC,ANN_CNT,TTRADE,_Z,_Z,833,2020,392133.94,,,,0
FCSA:DF_TRADE_COUNTRY_YR(5.1.0),AE,A,AED,FCSC,ANN_CNT,TTRADE,_Z,_Z,833,2021,273902.08,,,,0
FCSA:DF_TRADE_COUNTRY_YR(5.1.0),AE,A,AED,FCSC,ANN_CNT,TTRADE,_Z,_Z,833,2023,615631.13,,,,0
FCSA:DF_TRADE_COUNTRY_YR(5.1.0),AE,A,AED,FCSC,ANN_CNT,TTRADE,_Z,_Z,833,2024,1071581.99,,,,0
FCSA:DF_TRADE_COUNTRY_YR(5.1.0),AE,A,AED,FCSC,ANN_CNT,NOEXP,_Z,_Z,520,2018,0.00,,,,0
FCSA:DF_TRADE_COUNTRY_YR(5.1.0),AE,A,AED,FCSC,ANN_CNT,NOEXP,_Z,_Z,520,2020,132371.00,,,,0
FCSA:DF_TRADE_COUNTRY_YR(5.1.0),AE,A,AED,FCSC,ANN_CNT,NOEXP,_Z,_Z,520,2021,60592.03,,,,0
FCSA:DF_TRADE_COUNTRY_YR(5.1.0),AE,A,AED,FCSC,ANN_CNT,NOEXP,_Z,_Z,520,2022,1633.41,,,,0
FCSA:DF_TRADE_COUNTRY_YR(5.1.0),AE,A,AED,FCSC,ANN_CNT,NOEXP,_Z,_Z,520,2023,0.00,,,,0
FCSA:DF_TRADE_COUNTRY_YR(5.1.0),AE,A,AED,FCSC,ANN_CNT,NOEXP,_Z,_Z,520,2024,0.00,,,,0
FCSA:DF_TRADE_COUNTRY_YR(5.1.0),AE,A,AED,FCSC,ANN_CNT,TNOEXP,_Z,_Z,504,2017,1378680961.26,,,,0
FCSA:DF_TRADE_COUNTRY_YR(5.1.0),AE,A,AED,FCSC,ANN_CNT,TNOEXP,_Z,_Z,504,2018,1682761060.64,,,,0
FCSA:DF_TRADE_COUNTRY_YR(5.1.0),AE,A,AED,FCSC,ANN_CNT,TNOEXP,_Z,_Z,504,2019,1999654219.92,,,,0
FCSA:DF_TRADE_COUNTRY_YR(5.1.0),AE,A,AED,FCSC,ANN_CNT,TNOEXP,_Z,_Z,504,2020,1618661398.11,,,,0
FCSA:DF_TRADE_COUNTRY_YR(5.1.0),AE,A,AED,FCSC,ANN_CNT,TNOEXP,_Z,_Z,504,2021,2460615535.42,,,,0
FCSA:DF_TRADE_COUNTRY_YR(5.1.0),AE,A,AED,FCSC,ANN_CNT,TNOEXP,_Z,_Z,504,2022,2984539963.61,,,,0
FCSA:DF_TRADE_COUNTRY_YR(5.1.0),AE,A,AED,FCSC,ANN_CNT,TNOEXP,_Z,_Z,504,2023,2825252225.13,,,,0
FCSA:DF_TRADE_COUNTRY_YR(5.1.0),AE,A,AED,FCSC,ANN_CNT,TNOEXP,_Z,_Z,504,2024,3277958884.27,,,,0
FCSA:DF_TRADE_COUNTRY_YR(5.1.0),AE,A,AED,FCSC,ANN_CNT,TNOEXP,_Z,_Z,84,2017,80344298.66,,,,0
FCSA:DF_TRADE_COUNTRY_YR(5.1.0),AE,A,AED,FCSC,ANN_CNT,TNOEXP,_Z,_Z,84,2018,63106894.10,,,,0
FCSA:DF_TRADE_COUNTRY_YR(5.1.0),AE,A,AED,FCSC,ANN_CNT,TNOEXP,_Z,_Z,84,2019,32797080.59,,,,0
FCSA:DF_TRADE_COUNTRY_YR(5.1.0),AE,A,AED,FCSC,ANN_CNT,TNOEXP,_Z,_Z,84,2020,84613543.85,,,,0
FCSA:DF_TRADE_COUNTRY_YR(5.1.0),AE,A,AED,FCSC,ANN_CNT,TNOEXP,_Z,_Z,84,2021,73104931.09,,,,0
FCSA:DF_TRADE_COUNTRY_YR(5.1.0),AE,A,AED,FCSC,ANN_CNT,TNOEXP,_Z,_Z,84,2022,79228574.13,,,,0
FCSA:DF_TRADE_COUNTRY_YR(5.1.0),AE,A,AED,FCSC,ANN_CNT,TNOEXP,_Z,_Z,84,2023,40355368.32,,,,0
FCSA:DF_TRADE_COUNTRY_YR(5.1.0),AE,A,AED,FCSC,ANN_CNT,TNOEXP,_Z,_Z,84,2024,48671420.20,,,,0
FCSA:DF_TRADE_COUNTRY_YR(5.1.0),AE,A,AED,FCSC,ANN_CNT,TNOEXP,_Z,_Z,620,2017,89190175.65,,,,0
FCSA:DF_TRADE_COUNTRY_YR(5.1.0),AE,A,AED,FCSC,ANN_CNT,TNOEXP,_Z,_Z,620,2018,78823902.03,,,,0
FCSA:DF_TRADE_COUNTRY_YR(5.1.0),AE,A,AED,FCSC,ANN_CNT,TNOEXP,_Z,_Z,620,2019,106851755.94,,,,0
FCSA:DF_TRADE_COUNTRY_YR(5.1.0),AE,A,AED,FCSC,ANN_CNT,TNOEXP,_Z,_Z,620,2020,94702276.43,,,,0
FCSA:DF_TRADE_COUNTRY_YR(5.1.0),AE,A,AED,FCSC,ANN_CNT,TNOEXP,_Z,_Z,620,2021,169792395.35,,,,0
FCSA:DF_TRADE_COUNTRY_YR(5.1.0),AE,A,AED,FCSC,ANN_CNT,TNOEXP,_Z,_Z,620,2022,287900240.33,,,,0
FCSA:DF_TRADE_COUNTRY_YR(5.1.0),AE,A,AED,FCSC,ANN_CNT,TNOEXP,_Z,_Z,620,2023,587499048.86,,,,0
FCSA:DF_TRADE_COUNTRY_YR(5.1.0),AE,A,AED,FCSC,ANN_CNT,TNOEXP,_Z,_Z,620,2024,647269073.76,,,,0
FCSA:DF_TRADE_COUNTRY_YR(5.1.0),AE,A,AED,FCSC,ANN_CNT,TTRADE,_Z,_Z,492,2017,18930927.91,,,,0
FCSA:DF_TRADE_COUNTRY_YR(5.1.0),AE,A,AED,FCSC,ANN_CNT,TTRADE,_Z,_Z,492,2018,8615598.05,,,,0
FCSA:DF_TRADE_COUNTRY_YR(5.1.0),AE,A,AED,FCSC,ANN_CNT,TTRADE,_Z,_Z,492,2019,9100564.13,,,,0
FCSA:DF_TRADE_COUNTRY_YR(5.1.0),AE,A,AED,FCSC,ANN_CNT,TTRADE,_Z,_Z,492,2020,5385889.59,,,,0
FCSA:DF_TRADE_COUNTRY_YR(5.1.0),AE,A,AED,FCSC,ANN_CNT,TTRADE,_Z,_Z,492,2021,8093443.87,,,,0
FCSA:DF_TRADE_COUNTRY_YR(5.1.0),AE,A,AED,FCSC,ANN_CNT,TTRADE,_Z,_Z,492,2022,14420737.77,,,,0
FCSA:DF_TRADE_COUNTRY_YR(5.1.0),AE,A,AED,FCSC,ANN_CNT,TTRADE,_Z,_Z,492,2023,16912287.49,,,,0
FCSA:DF_TRADE_COUNTRY_YR(5.1.0),AE,A,AED,FCSC,ANN_CNT,TTRADE,_Z,_Z,492,2024,29097418.13,,,,0
FCSA:DF_TRADE_COUNTRY_YR(5.1.0),AE,A,AED,FCSC,ANN_CNT,TNOEXP,_Z,_Z,500,2017,868787.91,,,,0
FCSA:DF_TRADE_COUNTRY_YR(5.1.0),AE,A,AED,FCSC,ANN_CNT,TNOEXP,_Z,_Z,500,2018,275110.52,,,,0
FCSA:DF_TRADE_COUNTRY_YR(5.1.0),AE,A,AED,FCSC,ANN_CNT,TNOEXP,_Z,_Z,500,2019,22003.52,,,,0
FCSA:DF_TRADE_COUNTRY_YR(5.1.0),AE,A,AED,FCSC,ANN_CNT,TNOEXP,_Z,_Z,500,2020,62747.38,,,,0
FCSA:DF_TRADE_COUNTRY_YR(5.1.0),AE,A,AED,FCSC,ANN_CNT,TNOEXP,_Z,_Z,500,2021,75939.11,,,,0
FCSA:DF_TRADE_COUNTRY_YR(5.1.0),AE,A,AED,FCSC,ANN_CNT,TNOEXP,_Z,_Z,500,2022,61471.73,,,,0
FCSA:DF_TRADE_COUNTRY_YR(5.1.0),AE,A,AED,FCSC,ANN_CNT,TNOEXP,_Z,_Z,500,2023,395372.63,,,,0
FCSA:DF_TRADE_COUNTRY_YR(5.1.0),AE,A,AED,FCSC,ANN_CNT,TNOEXP,_Z,_Z,500,2024,78303.47,,,,0
FCSA:DF_TRADE_COUNTRY_YR(5.1.0),AE,A,AED,FCSC,ANN_CNT,TNOEXP,_Z,_Z,450,2017,506704275.00,,,,0
FCSA:DF_TRADE_COUNTRY_YR(5.1.0),AE,A,AED,FCSC,ANN_CNT,TNOEXP,_Z,_Z,450,2018,553339452.69,,,,0
FCSA:DF_TRADE_COUNTRY_YR(5.1.0),AE,A,AED,FCSC,ANN_CNT,TNOEXP,_Z,_Z,450,2019,535286994.24,,,,0
FCSA:DF_TRADE_COUNTRY_YR(5.1.0),AE,A,AED,FCSC,ANN_CNT,TNOEXP,_Z,_Z,450,2020,398268666.44,,,,0
FCSA:DF_TRADE_COUNTRY_YR(5.1.0),AE,A,AED,FCSC,ANN_CNT,TNOEXP,_Z,_Z,450,2021,334676111.25,,,,0
FCSA:DF_TRADE_COUNTRY_YR(5.1.0),AE,A,AED,FCSC,ANN_CNT,TNOEXP,_Z,_Z,450,2022,433813409.39,,,,0
FCSA:DF_TRADE_COUNTRY_YR(5.1.0),AE,A,AED,FCSC,ANN_CNT,TNOEXP,_Z,_Z,450,2023,383118925.38,,,,0
FCSA:DF_TRADE_COUNTRY_YR(5.1.0),AE,A,AED,FCSC,ANN_CNT,TNOEXP,_Z,_Z,450,2024,475850026.28,,,,0
FCSA:DF_TRADE_COUNTRY_YR(5.1.0),AE,A,AED,FCSC,ANN_CNT,NOEXP,_Z,_Z,120,2017,102951811.79,,,,0
FCSA:DF_TRADE_COUNTRY_YR(5.1.0),AE,A,AED,FCSC,ANN_CNT,NOEXP,_Z,_Z,120,2018,167146594.15,,,,0
FCSA:DF_TRADE_COUNTRY_YR(5.1.0),AE,A,AED,FCSC,ANN_CNT,NOEXP,_Z,_Z,120,2019,214512916.39,,,,0
FCSA:DF_TRADE_COUNTRY_YR(5.1.0),AE,A,AED,FCSC,ANN_CNT,NOEXP,_Z,_Z,120,2020,368910617.68,,,,0
FCSA:DF_TRADE_COUNTRY_YR(5.1.0),AE,A,AED,FCSC,ANN_CNT,NOEXP,_Z,_Z,120,2021,296885415.26,,,,0
FCSA:DF_TRADE_COUNTRY_YR(5.1.0),AE,A,AED,FCSC,ANN_CNT,NOEXP,_Z,_Z,120,2022,386497235.95,,,,0
FCSA:DF_TRADE_COUNTRY_YR(5.1.0),AE,A,AED,FCSC,ANN_CNT,NOEXP,_Z,_Z,120,2023,480349918.21,,,,0
FCSA:DF_TRADE_COUNTRY_YR(5.1.0),AE,A,AED,FCSC,ANN_CNT,NOEXP,_Z,_Z,120,2024,432733873.72,,,,0
FCSA:DF_TRADE_COUNTRY_YR(5.1.0),AE,A,AED,FCSC,ANN_CNT,NOEXP,_Z,_Z,716,2017,73139753.86,,,,0
FCSA:DF_TRADE_COUNTRY_YR(5.1.0),AE,A,AED,FCSC,ANN_CNT,NOEXP,_Z,_Z,716,2018,186716790.75,,,,0
FCSA:DF_TRADE_COUNTRY_YR(5.1.0),AE,A,AED,FCSC,ANN_CNT,NOEXP,_Z,_Z,716,2019,196688427.75,,,,0
FCSA:DF_TRADE_COUNTRY_YR(5.1.0),AE,A,AED,FCSC,ANN_CNT,NOEXP,_Z,_Z,716,2020,139610655.18,,,,0
FCSA:DF_TRADE_COUNTRY_YR(5.1.0),AE,A,AED,FCSC,ANN_CNT,NOEXP,_Z,_Z,716,2021,305565544.93,,,,0
FCSA:DF_TRADE_COUNTRY_YR(5.1.0),AE,A,AED,FCSC,ANN_CNT,NOEXP,_Z,_Z,716,2022,315630454.21,,,,0
FCSA:DF_TRADE_COUNTRY_YR(5.1.0),AE,A,AED,FCSC,ANN_CNT,NOEXP,_Z,_Z,716,2023,111659367.66,,,,0
FCSA:DF_TRADE_COUNTRY_YR(5.1.0),AE,A,AED,FCSC,ANN_CNT,NOEXP,_Z,_Z,716,2024,113217771.90,,,,0
FCSA:DF_TRADE_COUNTRY_YR(5.1.0),AE,A,AED,FCSC,ANN_CNT,REEXP,_Z,_Z,170,2017,105893689.77,,,,0
FCSA:DF_TRADE_COUNTRY_YR(5.1.0),AE,A,AED,FCSC,ANN_CNT,REEXP,_Z,_Z,170,2018,99847641.60,,,,0
FCSA:DF_TRADE_COUNTRY_YR(5.1.0),AE,A,AED,FCSC,ANN_CNT,REEXP,_Z,_Z,170,2019,498002507.17,,,,0
FCSA:DF_TRADE_COUNTRY_YR(5.1.0),AE,A,AED,FCSC,ANN_CNT,REEXP,_Z,_Z,170,2020,163893776.77,,,,0
FCSA:DF_TRADE_COUNTRY_YR(5.1.0),AE,A,AED,FCSC,ANN_CNT,REEXP,_Z,_Z,170,2021,188877349.88,,,,0
FCSA:DF_TRADE_COUNTRY_YR(5.1.0),AE,A,AED,FCSC,ANN_CNT,REEXP,_Z,_Z,170,2022,221384846.81,,,,0
FCSA:DF_TRADE_COUNTRY_YR(5.1.0),AE,A,AED,FCSC,ANN_CNT,REEXP,_Z,_Z,170,2023,190753242.19,,,,0
FCSA:DF_TRADE_COUNTRY_YR(5.1.0),AE,A,AED,FCSC,ANN_CNT,REEXP,_Z,_Z,170,2024,301415949.06,,,,0
FCSA:DF_TRADE_COUNTRY_YR(5.1.0),AE,A,AED,FCSC,ANN_CNT,IMP,_Z,_Z,624,2017,0.00,,,,0
FCSA:DF_TRADE_COUNTRY_YR(5.1.0),AE,A,AED,FCSC,ANN_CNT,IMP,_Z,_Z,624,2018,0.00,,,,0
FCSA:DF_TRADE_COUNTRY_YR(5.1.0),AE,A,AED,FCSC,ANN_CNT,IMP,_Z,_Z,624,2019,13389630.00,,,,0
FCSA:DF_TRADE_COUNTRY_YR(5.1.0),AE,A,AED,FCSC,ANN_CNT,IMP,_Z,_Z,624,2020,3060066.71,,,,0
FCSA:DF_TRADE_COUNTRY_YR(5.1.0),AE,A,AED,FCSC,ANN_CNT,IMP,_Z,_Z,624,2021,30901.65,,,,0
FCSA:DF_TRADE_COUNTRY_YR(5.1.0),AE,A,AED,FCSC,ANN_CNT,IMP,_Z,_Z,624,2022,1389067.00,,,,0
FCSA:DF_TRADE_COUNTRY_YR(5.1.0),AE,A,AED,FCSC,ANN_CNT,IMP,_Z,_Z,624,2023,17156.58,,,,0
FCSA:DF_TRADE_COUNTRY_YR(5.1.0),AE,A,AED,FCSC,ANN_CNT,IMP,_Z,_Z,624,2024,19696.36,,,,0
FCSA:DF_TRADE_COUNTRY_YR(5.1.0),AE,A,AED,FCSC,ANN_CNT,IMP,_Z,_Z,442,2017,266561969.95,,,,0
FCSA:DF_TRADE_COUNTRY_YR(5.1.0),AE,A,AED,FCSC,ANN_CNT,IMP,_Z,_Z,442,2018,276322984.73,,,,0
FCSA:DF_TRADE_COUNTRY_YR(5.1.0),AE,A,AED,FCSC,ANN_CNT,IMP,_Z,_Z,442,2019,181471923.10,,,,0
FCSA:DF_TRADE_COUNTRY_YR(5.1.0),AE,A,AED,FCSC,ANN_CNT,IMP,_Z,_Z,442,2020,231622112.49,,,,0
FCSA:DF_TRADE_COUNTRY_YR(5.1.0),AE,A,AED,FCSC,ANN_CNT,IMP,_Z,_Z,442,2021,170366015.40,,,,0
FCSA:DF_TRADE_COUNTRY_YR(5.1.0),AE,A,AED,FCSC,ANN_CNT,IMP,_Z,_Z,442,2022,219112911.11,,,,0
FCSA:DF_TRADE_COUNTRY_YR(5.1.0),AE,A,AED,FCSC,ANN_CNT,IMP,_Z,_Z,442,2023,645039500.35,,,,0
FCSA:DF_TRADE_COUNTRY_YR(5.1.0),AE,A,AED,FCSC,ANN_CNT,IMP,_Z,_Z,442,2024,315387691.19,,,,0
FCSA:DF_TRADE_COUNTRY_YR(5.1.0),AE,A,AED,FCSC,ANN_CNT,TTRADE,_Z,_Z,426,2017,213467081.87,,,,0
FCSA:DF_TRADE_COUNTRY_YR(5.1.0),AE,A,AED,FCSC,ANN_CNT,TTRADE,_Z,_Z,426,2018,208815793.97,,,,0
FCSA:DF_TRADE_COUNTRY_YR(5.1.0),AE,A,AED,FCSC,ANN_CNT,TTRADE,_Z,_Z,426,2019,151428521.20,,,,0
FCSA:DF_TRADE_COUNTRY_YR(5.1.0),AE,A,AED,FCSC,ANN_CNT,TTRADE,_Z,_Z,426,2020,105460934.35,,,,0
FCSA:DF_TRADE_COUNTRY_YR(5.1.0),AE,A,AED,FCSC,ANN_CNT,TTRADE,_Z,_Z,426,2021,195872829.30,,,,0
FCSA:DF_TRADE_COUNTRY_YR(5.1.0),AE,A,AED,FCSC,ANN_CNT,TTRADE,_Z,_Z,426,2022,278556315.75,,,,0
FCSA:DF_TRADE_COUNTRY_YR(5.1.0),AE,A,AED,FCSC,ANN_CNT,TTRADE,_Z,_Z,426,2023,352760204.98,,,,0
FCSA:DF_TRADE_COUNTRY_YR(5.1.0),AE,A,AED,FCSC,ANN_CNT,TTRADE,_Z,_Z,426,2024,445778141.03,,,,0
FCSA:DF_TRADE_COUNTRY_YR(5.1.0),AE,A,AED,FCSC,ANN_CNT,REEXP,_Z,_Z,728,2017,2902901.26,,,,0
FCSA:DF_TRADE_COUNTRY_YR(5.1.0),AE,A,AED,FCSC,ANN_CNT,REEXP,_Z,_Z,728,2018,488869573.00,,,,0
FCSA:DF_TRADE_COUNTRY_YR(5.1.0),AE,A,AED,FCSC,ANN_CNT,REEXP,_Z,_Z,728,2019,773362383.17,,,,0
FCSA:DF_TRADE_COUNTRY_YR(5.1.0),AE,A,AED,FCSC,ANN_CNT,REEXP,_Z,_Z,728,2020,558635920.25,,,,0
FCSA:DF_TRADE_COUNTRY_YR(5.1.0),AE,A,AED,FCSC,ANN_CNT,REEXP,_Z,_Z,728,2021,1093468629.60,,,,0
FCSA:DF_TRADE_COUNTRY_YR(5.1.0),AE,A,AED,FCSC,ANN_CNT,REEXP,_Z,_Z,728,2022,1066031911.45,,,,0
FCSA:DF_TRADE_COUNTRY_YR(5.1.0),AE,A,AED,FCSC,ANN_CNT,REEXP,_Z,_Z,728,2023,1266904756.85,,,,0
FCSA:DF_TRADE_COUNTRY_YR(5.1.0),AE,A,AED,FCSC,ANN_CNT,REEXP,_Z,_Z,728,2024,838180542.12,,,,0
FCSA:DF_TRADE_COUNTRY_YR(5.1.0),AE,A,AED,FCSC,ANN_CNT,IMP,_Z,_Z,400,2017,1670065649.29,,,,0
FCSA:DF_TRADE_COUNTRY_YR(5.1.0),AE,A,AED,FCSC,ANN_CNT,IMP,_Z,_Z,400,2018,1339429806.74,,,,0
FCSA:DF_TRADE_COUNTRY_YR(5.1.0),AE,A,AED,FCSC,ANN_CNT,IMP,_Z,_Z,400,2019,1748434074.46,,,,0
FCSA:DF_TRADE_COUNTRY_YR(5.1.0),AE,A,AED,FCSC,ANN_CNT,IMP,_Z,_Z,400,2020,1667080960.26,,,,0
FCSA:DF_TRADE_COUNTRY_YR(5.1.0),AE,A,AED,FCSC,ANN_CNT,IMP,_Z,_Z,400,2021,1137651523.81,,,,0
FCSA:DF_TRADE_COUNTRY_YR(5.1.0),AE,A,AED,FCSC,ANN_CNT,IMP,_Z,_Z,400,2022,1885416460.68,,,,0
FCSA:DF_TRADE_COUNTRY_YR(5.1.0),AE,A,AED,FCSC,ANN_CNT,IMP,_Z,_Z,400,2023,2784521628.45,,,,0
FCSA:DF_TRADE_COUNTRY_YR(5.1.0),AE,A,AED,FCSC,ANN_CNT,IMP,_Z,_Z,400,2024,1997505043.48,,,,0
FCSA:DF_TRADE_COUNTRY_YR(5.1.0),AE,A,AED,FCSC,ANN_CNT,TTRADE,_Z,_Z,764,2017,17977274175.01,,,,0
FCSA:DF_TRADE_COUNTRY_YR(5.1.0),AE,A,AED,FCSC,ANN_CNT,TTRADE,_Z,_Z,764,2018,16395738177.14,,,,0
FCSA:DF_TRADE_COUNTRY_YR(5.1.0),AE,A,AED,FCSC,ANN_CNT,TTRADE,_Z,_Z,764,2019,17689328253.97,,,,0
FCSA:DF_TRADE_COUNTRY_YR(5.1.0),AE,A,AED,FCSC,ANN_CNT,TTRADE,_Z,_Z,764,2020,13755528851.65,,,,0
FCSA:DF_TRADE_COUNTRY_YR(5.1.0),AE,A,AED,FCSC,ANN_CNT,TTRADE,_Z,_Z,764,2021,18668446551.54,,,,0
FCSA:DF_TRADE_COUNTRY_YR(5.1.0),AE,A,AED,FCSC,ANN_CNT,TTRADE,_Z,_Z,764,2022,23495674682.09,,,,0
FCSA:DF_TRADE_COUNTRY_YR(5.1.0),AE,A,AED,FCSC,ANN_CNT,TTRADE,_Z,_Z,764,2023,25715731648.39,,,,0
FCSA:DF_TRADE_COUNTRY_YR(5.1.0),AE,A,AED,FCSC,ANN_CNT,TTRADE,_Z,_Z,764,2024,27438508814.09,,,,0
FCSA:DF_TRADE_COUNTRY_YR(5.1.0),AE,A,AED,FCSC,ANN_CNT,NOEXP,_Z,_Z,380,2017,2097358316.67,,,,0
FCSA:DF_TRADE_COUNTRY_YR(5.1.0),AE,A,AED,FCSC,ANN_CNT,NOEXP,_Z,_Z,380,2018,1779267170.26,,,,0
FCSA:DF_TRADE_COUNTRY_YR(5.1.0),AE,A,AED,FCSC,ANN_CNT,NOEXP,_Z,_Z,380,2019,1674814153.87,,,,0
FCSA:DF_TRADE_COUNTRY_YR(5.1.0),AE,A,AED,FCSC,ANN_CNT,NOEXP,_Z,_Z,380,2020,18229405445.30,,,,0
FCSA:DF_TRADE_COUNTRY_YR(5.1.0),AE,A,AED,FCSC,ANN_CNT,NOEXP,_Z,_Z,380,2021,7021808735.14,,,,0
FCSA:DF_TRADE_COUNTRY_YR(5.1.0),AE,A,AED,FCSC,ANN_CNT,NOEXP,_Z,_Z,380,2022,4547534514.35,,,,0
FCSA:DF_TRADE_COUNTRY_YR(5.1.0),AE,A,AED,FCSC,ANN_CNT,NOEXP,_Z,_Z,380,2023,2908794357.11,,,,0
FCSA:DF_TRADE_COUNTRY_YR(5.1.0),AE,A,AED,FCSC,ANN_CNT,NOEXP,_Z,_Z,380,2024,4349761968.05,,,,0
FCSA:DF_TRADE_COUNTRY_YR(5.1.0),AE,A,AED,FCSC,ANN_CNT,TNOEXP,_Z,_Z,548,2017,619473.20,,,,0
FCSA:DF_TRADE_COUNTRY_YR(5.1.0),AE,A,AED,FCSC,ANN_CNT,TNOEXP,_Z,_Z,548,2018,906194.21,,,,0
FCSA:DF_TRADE_COUNTRY_YR(5.1.0),AE,A,AED,FCSC,ANN_CNT,TNOEXP,_Z,_Z,548,2019,1655938.66,,,,0
FCSA:DF_TRADE_COUNTRY_YR(5.1.0),AE,A,AED,FCSC,ANN_CNT,TNOEXP,_Z,_Z,548,2020,851809.64,,,,0
FCSA:DF_TRADE_COUNTRY_YR(5.1.0),AE,A,AED,FCSC,ANN_CNT,TNOEXP,_Z,_Z,548,2021,1394483.32,,,,0
FCSA:DF_TRADE_COUNTRY_YR(5.1.0),AE,A,AED,FCSC,ANN_CNT,TNOEXP,_Z,_Z,548,2022,1886008.77,,,,0
FCSA:DF_TRADE_COUNTRY_YR(5.1.0),AE,A,AED,FCSC,ANN_CNT,TNOEXP,_Z,_Z,548,2023,1752975.29,,,,0
FCSA:DF_TRADE_COUNTRY_YR(5.1.0),AE,A,AED,FCSC,ANN_CNT,TNOEXP,_Z,_Z,548,2024,2699313.95,,,,0
FCSA:DF_TRADE_COUNTRY_YR(5.1.0),AE,A,AED,FCSC,ANN_CNT,IMP,_Z,_Z,208,2017,1854938322.01,,,,0
FCSA:DF_TRADE_COUNTRY_YR(5.1.0),AE,A,AED,FCSC,ANN_CNT,IMP,_Z,_Z,208,2018,1895388011.52,,,,0
FCSA:DF_TRADE_COUNTRY_YR(5.1.0),AE,A,AED,FCSC,ANN_CNT,IMP,_Z,_Z,208,2019,2027641142.54,,,,0
FCSA:DF_TRADE_COUNTRY_YR(5.1.0),AE,A,AED,FCSC,ANN_CNT,IMP,_Z,_Z,208,2020,1968537832.83,,,,0
FCSA:DF_TRADE_COUNTRY_YR(5.1.0),AE,A,AED,FCSC,ANN_CNT,IMP,_Z,_Z,208,2021,2039721297.72,,,,0
FCSA:DF_TRADE_COUNTRY_YR(5.1.0),AE,A,AED,FCSC,ANN_CNT,IMP,_Z,_Z,208,2022,1984825166.90,,,,0
FCSA:DF_TRADE_COUNTRY_YR(5.1.0),AE,A,AED,FCSC,ANN_CNT,IMP,_Z,_Z,208,2023,2215228860.33,,,,0
FCSA:DF_TRADE_COUNTRY_YR(5.1.0),AE,A,AED,FCSC,ANN_CNT,IMP,_Z,_Z,208,2024,2311786549.38,,,,0
FCSA:DF_TRADE_COUNTRY_YR(5.1.0),AE,A,AED,FCSC,ANN_CNT,NOEXP,_Z,_Z,96,2017,7851278.12,,,,0
FCSA:DF_TRADE_COUNTRY_YR(5.1.0),AE,A,AED,FCSC,ANN_CNT,NOEXP,_Z,_Z,96,2018,6840215.88,,,,0
FCSA:DF_TRADE_COUNTRY_YR(5.1.0),AE,A,AED,FCSC,ANN_CNT,NOEXP,_Z,_Z,96,2019,8556693.17,,,,0
FCSA:DF_TRADE_COUNTRY_YR(5.1.0),AE,A,AED,FCSC,ANN_CNT,NOEXP,_Z,_Z,96,2020,17017714.22,,,,0
FCSA:DF_TRADE_COUNTRY_YR(5.1.0),AE,A,AED,FCSC,ANN_CNT,NOEXP,_Z,_Z,96,2021,18001071.81,,,,0
FCSA:DF_TRADE_COUNTRY_YR(5.1.0),AE,A,AED,FCSC,ANN_CNT,NOEXP,_Z,_Z,96,2022,115090801.64,,,,0
FCSA:DF_TRADE_COUNTRY_YR(5.1.0),AE,A,AED,FCSC,ANN_CNT,NOEXP,_Z,_Z,96,2023,196881300.47,,,,0
FCSA:DF_TRADE_COUNTRY_YR(5.1.0),AE,A,AED,FCSC,ANN_CNT,NOEXP,_Z,_Z,96,2024,209753406.40,,,,0
FCSA:DF_TRADE_COUNTRY_YR(5.1.0),AE,A,AED,FCSC,ANN_CNT,NOEXP,_Z,_Z,72,2017,5571710.46,,,,0
FCSA:DF_TRADE_COUNTRY_YR(5.1.0),AE,A,AED,FCSC,ANN_CNT,NOEXP,_Z,_Z,72,2018,5328856.22,,,,0
FCSA:DF_TRADE_COUNTRY_YR(5.1.0),AE,A,AED,FCSC,ANN_CNT,NOEXP,_Z,_Z,72,2019,12431771.84,,,,0
FCSA:DF_TRADE_COUNTRY_YR(5.1.0),AE,A,AED,FCSC,ANN_CNT,NOEXP,_Z,_Z,72,2020,5381010.10,,,,0
FCSA:DF_TRADE_COUNTRY_YR(5.1.0),AE,A,AED,FCSC,ANN_CNT,NOEXP,_Z,_Z,72,2021,5474689.12,,,,0
FCSA:DF_TRADE_COUNTRY_YR(5.1.0),AE,A,AED,FCSC,ANN_CNT,NOEXP,_Z,_Z,72,2022,3279214.74,,,,0
FCSA:DF_TRADE_COUNTRY_YR(5.1.0),AE,A,AED,FCSC,ANN_CNT,NOEXP,_Z,_Z,72,2023,12519993.26,,,,0
FCSA:DF_TRADE_COUNTRY_YR(5.1.0),AE,A,AED,FCSC,ANN_CNT,NOEXP,_Z,_Z,72,2024,4898713.52,,,,0
FCSA:DF_TRADE_COUNTRY_YR(5.1.0),AE,A,AED,FCSC,ANN_CNT,IMP,_Z,_Z,296,2017,800008.00,,,,0
FCSA:DF_TRADE_COUNTRY_YR(5.1.0),AE,A,AED,FCSC,ANN_CNT,IMP,_Z,_Z,296,2018,62656.68,,,,0
FCSA:DF_TRADE_COUNTRY_YR(5.1.0),AE,A,AED,FCSC,ANN_CNT,IMP,_Z,_Z,296,2019,388607.00,,,,0
FCSA:DF_TRADE_COUNTRY_YR(5.1.0),AE,A,AED,FCSC,ANN_CNT,IMP,_Z,_Z,296,2020,540004.84,,,,0
FCSA:DF_TRADE_COUNTRY_YR(5.1.0),AE,A,AED,FCSC,ANN_CNT,IMP,_Z,_Z,296,2021,281135.50,,,,0
FCSA:DF_TRADE_COUNTRY_YR(5.1.0),AE,A,AED,FCSC,ANN_CNT,IMP,_Z,_Z,296,2022,45741.25,,,,0
FCSA:DF_TRADE_COUNTRY_YR(5.1.0),AE,A,AED,FCSC,ANN_CNT,IMP,_Z,_Z,296,2023,6403413.38,,,,0
FCSA:DF_TRADE_COUNTRY_YR(5.1.0),AE,A,AED,FCSC,ANN_CNT,IMP,_Z,_Z,296,2024,48579.93,,,,0
FCSA:DF_TRADE_COUNTRY_YR(5.1.0),AE,A,AED,FCSC,ANN_CNT,IMP,_Z,_Z,772,2017,358593.10,,,,0
FCSA:DF_TRADE_COUNTRY_YR(5.1.0),AE,A,AED,FCSC,ANN_CNT,IMP,_Z,_Z,772,2018,39448.69,,,,0
FCSA:DF_TRADE_COUNTRY_YR(5.1.0),AE,A,AED,FCSC,ANN_CNT,IMP,_Z,_Z,772,2019,63830.38,,,,0
FCSA:DF_TRADE_COUNTRY_YR(5.1.0),AE,A,AED,FCSC,ANN_CNT,IMP,_Z,_Z,772,2020,96181.09,,,,0
FCSA:DF_TRADE_COUNTRY_YR(5.1.0),AE,A,AED,FCSC,ANN_CNT,IMP,_Z,_Z,772,2021,182032.76,,,,0
FCSA:DF_TRADE_COUNTRY_YR(5.1.0),AE,A,AED,FCSC,ANN_CNT,IMP,_Z,_Z,772,2022,296011.02,,,,0
FCSA:DF_TRADE_COUNTRY_YR(5.1.0),AE,A,AED,FCSC,ANN_CNT,IMP,_Z,_Z,772,2023,842363.90,,,,0
FCSA:DF_TRADE_COUNTRY_YR(5.1.0),AE,A,AED,FCSC,ANN_CNT,IMP,_Z,_Z,772,2024,1476810.33,,,,0
FCSA:DF_TRADE_COUNTRY_YR(5.1.0),AE,A,AED,FCSC,ANN_CNT,REEXP,_Z,_Z,OTH,2022,172807105.24,,,,0
FCSA:DF_TRADE_COUNTRY_YR(5.1.0),AE,A,AED,FCSC,ANN_CNT,REEXP,_Z,_Z,OTH,2023,150656498.01,,,,0
FCSA:DF_TRADE_COUNTRY_YR(5.1.0),AE,A,AED,FCSC,ANN_CNT,REEXP,_Z,_Z,OTH,2024,58350.00,,,,0
FCSA:DF_TRADE_COUNTRY_YR(5.1.0),AE,A,AED,FCSC,ANN_CNT,TTRADE,_Z,_Z,48,2017,17092290666.52,,,,0
FCSA:DF_TRADE_COUNTRY_YR(5.1.0),AE,A,AED,FCSC,ANN_CNT,TTRADE,_Z,_Z,48,2018,28268707474.95,,,,0
FCSA:DF_TRADE_COUNTRY_YR(5.1.0),AE,A,AED,FCSC,ANN_CNT,TTRADE,_Z,_Z,48,2019,28726815210.14,,,,0
FCSA:DF_TRADE_COUNTRY_YR(5.1.0),AE,A,AED,FCSC,ANN_CNT,TTRADE,_Z,_Z,48,2020,20139094954.54,,,,0
FCSA:DF_TRADE_COUNTRY_YR(5.1.0),AE,A,AED,FCSC,ANN_CNT,TTRADE,_Z,_Z,48,2021,23776116320.66,,,,0
FCSA:DF_TRADE_COUNTRY_YR(5.1.0),AE,A,AED,FCSC,ANN_CNT,TTRADE,_Z,_Z,48,2022,25654820306.79,,,,0
FCSA:DF_TRADE_COUNTRY_YR(5.1.0),AE,A,AED,FCSC,ANN_CNT,TTRADE,_Z,_Z,48,2023,27573414047.93,,,,0
FCSA:DF_TRADE_COUNTRY_YR(5.1.0),AE,A,AED,FCSC,ANN_CNT,TTRADE,_Z,_Z,48,2024,34147786169.40,,,,0
FCSA:DF_TRADE_COUNTRY_YR(5.1.0),AE,A,AED,FCSC,ANN_CNT,IMP,_Z,_Z,344,2017,12847693133.00,,,,0
FCSA:DF_TRADE_COUNTRY_YR(5.1.0),AE,A,AED,FCSC,ANN_CNT,IMP,_Z,_Z,344,2018,12756036330.43,,,,0
FCSA:DF_TRADE_COUNTRY_YR(5.1.0),AE,A,AED,FCSC,ANN_CNT,IMP,_Z,_Z,344,2019,9981944709.75,,,,0
FCSA:DF_TRADE_COUNTRY_YR(5.1.0),AE,A,AED,FCSC,ANN_CNT,IMP,_Z,_Z,344,2020,4692704641.36,,,,0
FCSA:DF_TRADE_COUNTRY_YR(5.1.0),AE,A,AED,FCSC,ANN_CNT,IMP,_Z,_Z,344,2021,4678910670.91,,,,0
FCSA:DF_TRADE_COUNTRY_YR(5.1.0),AE,A,AED,FCSC,ANN_CNT,IMP,_Z,_Z,344,2022,6208560475.12,,,,0
FCSA:DF_TRADE_COUNTRY_YR(5.1.0),AE,A,AED,FCSC,ANN_CNT,IMP,_Z,_Z,344,2023,14036536363.56,,,,0
FCSA:DF_TRADE_COUNTRY_YR(5.1.0),AE,A,AED,FCSC,ANN_CNT,IMP,_Z,_Z,344,2024,16258565299.67,,,,0
FCSA:DF_TRADE_COUNTRY_YR(5.1.0),AE,A,AED,FCSC,ANN_CNT,TTRADE,_Z,_Z,894,2017,2040839032.73,,,,0
FCSA:DF_TRADE_COUNTRY_YR(5.1.0),AE,A,AED,FCSC,ANN_CNT,TTRADE,_Z,_Z,894,2018,1960900482.13,,,,0
FCSA:DF_TRADE_COUNTRY_YR(5.1.0),AE,A,AED,FCSC,ANN_CNT,TTRADE,_Z,_Z,894,2019,2059637294.56,,,,0
FCSA:DF_TRADE_COUNTRY_YR(5.1.0),AE,A,AED,FCSC,ANN_CNT,TTRADE,_Z,_Z,894,2020,2963004446.92,,,,0
FCSA:DF_TRADE_COUNTRY_YR(5.1.0),AE,A,AED,FCSC,ANN_CNT,TTRADE,_Z,_Z,894,2021,3748381773.29,,,,0
FCSA:DF_TRADE_COUNTRY_YR(5.1.0),AE,A,AED,FCSC,ANN_CNT,TTRADE,_Z,_Z,894,2022,7642294032.78,,,,0
FCSA:DF_TRADE_COUNTRY_YR(5.1.0),AE,A,AED,FCSC,ANN_CNT,TTRADE,_Z,_Z,894,2023,8242954064.70,,,,0
FCSA:DF_TRADE_COUNTRY_YR(5.1.0),AE,A,AED,FCSC,ANN_CNT,TTRADE,_Z,_Z,894,2024,7646487614.12,,,,0
FCSA:DF_TRADE_COUNTRY_YR(5.1.0),AE,A,AED,FCSC,ANN_CNT,NOEXP,_Z,_Z,222,2017,42099869.13,,,,0
FCSA:DF_TRADE_COUNTRY_YR(5.1.0),AE,A,AED,FCSC,ANN_CNT,NOEXP,_Z,_Z,222,2018,60932769.65,,,,0
FCSA:DF_TRADE_COUNTRY_YR(5.1.0),AE,A,AED,FCSC,ANN_CNT,NOEXP,_Z,_Z,222,2019,37947585.40,,,,0
FCSA:DF_TRADE_COUNTRY_YR(5.1.0),AE,A,AED,FCSC,ANN_CNT,NOEXP,_Z,_Z,222,2020,30380618.16,,,,0
FCSA:DF_TRADE_COUNTRY_YR(5.1.0),AE,A,AED,FCSC,ANN_CNT,NOEXP,_Z,_Z,222,2021,50413156.11,,,,0
FCSA:DF_TRADE_COUNTRY_YR(5.1.0),AE,A,AED,FCSC,ANN_CNT,NOEXP,_Z,_Z,222,2022,61047544.89,,,,0
FCSA:DF_TRADE_COUNTRY_YR(5.1.0),AE,A,AED,FCSC,ANN_CNT,NOEXP,_Z,_Z,222,2023,54120187.08,,,,0
FCSA:DF_TRADE_COUNTRY_YR(5.1.0),AE,A,AED,FCSC,ANN_CNT,NOEXP,_Z,_Z,222,2024,77595461.89,,,,0
FCSA:DF_TRADE_COUNTRY_YR(5.1.0),AE,A,AED,FCSC,ANN_CNT,TTRADE,_Z,_Z,516,2017,885821633.58,,,,0
FCSA:DF_TRADE_COUNTRY_YR(5.1.0),AE,A,AED,FCSC,ANN_CNT,TTRADE,_Z,_Z,516,2018,851373688.17,,,,0
FCSA:DF_TRADE_COUNTRY_YR(5.1.0),AE,A,AED,FCSC,ANN_CNT,TTRADE,_Z,_Z,516,2019,969396973.36,,,,0
FCSA:DF_TRADE_COUNTRY_YR(5.1.0),AE,A,AED,FCSC,ANN_CNT,TTRADE,_Z,_Z,516,2020,641910463.10,,,,0
FCSA:DF_TRADE_COUNTRY_YR(5.1.0),AE,A,AED,FCSC,ANN_CNT,TTRADE,_Z,_Z,516,2021,907595402.57,,,,0
FCSA:DF_TRADE_COUNTRY_YR(5.1.0),AE,A,AED,FCSC,ANN_CNT,TTRADE,_Z,_Z,516,2022,1150783983.23,,,,0
FCSA:DF_TRADE_COUNTRY_YR(5.1.0),AE,A,AED,FCSC,ANN_CNT,TTRADE,_Z,_Z,516,2023,1219337724.45,,,,0
FCSA:DF_TRADE_COUNTRY_YR(5.1.0),AE,A,AED,FCSC,ANN_CNT,TTRADE,_Z,_Z,516,2024,1138952251.23,,,,0
FCSA:DF_TRADE_COUNTRY_YR(5.1.0),AE,A,AED,FCSC,ANN_CNT,NOEXP,_Z,_Z,332,2017,2556959.88,,,,0
FCSA:DF_TRADE_COUNTRY_YR(5.1.0),AE,A,AED,FCSC,ANN_CNT,NOEXP,_Z,_Z,332,2018,5305255.54,,,,0
FCSA:DF_TRADE_COUNTRY_YR(5.1.0),AE,A,AED,FCSC,ANN_CNT,NOEXP,_Z,_Z,332,2019,2192146.77,,,,0
FCSA:DF_TRADE_COUNTRY_YR(5.1.0),AE,A,AED,FCSC,ANN_CNT,NOEXP,_Z,_Z,332,2020,2563386.74,,,,0
FCSA:DF_TRADE_COUNTRY_YR(5.1.0),AE,A,AED,FCSC,ANN_CNT,NOEXP,_Z,_Z,332,2021,3515365.00,,,,0
FCSA:DF_TRADE_COUNTRY_YR(5.1.0),AE,A,AED,FCSC,ANN_CNT,NOEXP,_Z,_Z,332,2022,5512220.74,,,,0
FCSA:DF_TRADE_COUNTRY_YR(5.1.0),AE,A,AED,FCSC,ANN_CNT,NOEXP,_Z,_Z,332,2023,4792387.83,,,,0
FCSA:DF_TRADE_COUNTRY_YR(5.1.0),AE,A,AED,FCSC,ANN_CNT,NOEXP,_Z,_Z,332,2024,6065995.78,,,,0
FCSA:DF_TRADE_COUNTRY_YR(5.1.0),AE,A,AED,FCSC,ANN_CNT,REEXP,_Z,_Z,316,2017,10697562.40,,,,0
FCSA:DF_TRADE_COUNTRY_YR(5.1.0),AE,A,AED,FCSC,ANN_CNT,REEXP,_Z,_Z,316,2018,11466733.08,,,,0
FCSA:DF_TRADE_COUNTRY_YR(5.1.0),AE,A,AED,FCSC,ANN_CNT,REEXP,_Z,_Z,316,2019,2722209.61,,,,0
FCSA:DF_TRADE_COUNTRY_YR(5.1.0),AE,A,AED,FCSC,ANN_CNT,REEXP,_Z,_Z,316,2020,730354.96,,,,0
FCSA:DF_TRADE_COUNTRY_YR(5.1.0),AE,A,AED,FCSC,ANN_CNT,REEXP,_Z,_Z,316,2021,2371345.43,,,,0
FCSA:DF_TRADE_COUNTRY_YR(5.1.0),AE,A,AED,FCSC,ANN_CNT,REEXP,_Z,_Z,316,2022,593986.12,,,,0
FCSA:DF_TRADE_COUNTRY_YR(5.1.0),AE,A,AED,FCSC,ANN_CNT,REEXP,_Z,_Z,316,2023,471597.22,,,,0
FCSA:DF_TRADE_COUNTRY_YR(5.1.0),AE,A,AED,FCSC,ANN_CNT,REEXP,_Z,_Z,316,2024,2094348.44,,,,0
FCSA:DF_TRADE_COUNTRY_YR(5.1.0),AE,A,AED,FCSC,ANN_CNT,TNOEXP,_Z,_Z,678,2017,4285129.95,,,,0
FCSA:DF_TRADE_COUNTRY_YR(5.1.0),AE,A,AED,FCSC,ANN_CNT,TNOEXP,_Z,_Z,678,2018,8753734.91,,,,0
FCSA:DF_TRADE_COUNTRY_YR(5.1.0),AE,A,AED,FCSC,ANN_CNT,TNOEXP,_Z,_Z,678,2019,7620829.36,,,,0
FCSA:DF_TRADE_COUNTRY_YR(5.1.0),AE,A,AED,FCSC,ANN_CNT,TNOEXP,_Z,_Z,678,2020,8122271.74,,,,0
FCSA:DF_TRADE_COUNTRY_YR(5.1.0),AE,A,AED,FCSC,ANN_CNT,TNOEXP,_Z,_Z,678,2021,5529458.26,,,,0
FCSA:DF_TRADE_COUNTRY_YR(5.1.0),AE,A,AED,FCSC,ANN_CNT,TNOEXP,_Z,_Z,678,2022,2970497.56,,,,0
FCSA:DF_TRADE_COUNTRY_YR(5.1.0),AE,A,AED,FCSC,ANN_CNT,TNOEXP,_Z,_Z,678,2023,3503173.32,,,,0
FCSA:DF_TRADE_COUNTRY_YR(5.1.0),AE,A,AED,FCSC,ANN_CNT,TNOEXP,_Z,_Z,678,2024,6725077.22,,,,0
FCSA:DF_TRADE_COUNTRY_YR(5.1.0),AE,A,AED,FCSC,ANN_CNT,TNOEXP,_Z,_Z,352,2017,4241343.83,,,,0
FCSA:DF_TRADE_COUNTRY_YR(5.1.0),AE,A,AED,FCSC,ANN_CNT,TNOEXP,_Z,_Z,352,2018,8128309.83,,,,0
FCSA:DF_TRADE_COUNTRY_YR(5.1.0),AE,A,AED,FCSC,ANN_CNT,TNOEXP,_Z,_Z,352,2019,8986946.42,,,,0
FCSA:DF_TRADE_COUNTRY_YR(5.1.0),AE,A,AED,FCSC,ANN_CNT,TNOEXP,_Z,_Z,352,2020,3474795.13,,,,0
FCSA:DF_TRADE_COUNTRY_YR(5.1.0),AE,A,AED,FCSC,ANN_CNT,TNOEXP,_Z,_Z,352,2021,6595468.00,,,,0
FCSA:DF_TRADE_COUNTRY_YR(5.1.0),AE,A,AED,FCSC,ANN_CNT,TNOEXP,_Z,_Z,352,2022,7239020.13,,,,0
FCSA:DF_TRADE_COUNTRY_YR(5.1.0),AE,A,AED,FCSC,ANN_CNT,TNOEXP,_Z,_Z,352,2023,4386970.88,,,,0
FCSA:DF_TRADE_COUNTRY_YR(5.1.0),AE,A,AED,FCSC,ANN_CNT,TNOEXP,_Z,_Z,352,2024,8101005.11,,,,0
FCSA:DF_TRADE_COUNTRY_YR(5.1.0),AE,A,AED,FCSC,ANN_CNT,TNOEXP,_Z,_Z,831,2017,1439.25,,,,0
FCSA:DF_TRADE_COUNTRY_YR(5.1.0),AE,A,AED,FCSC,ANN_CNT,TNOEXP,_Z,_Z,831,2018,2777.87,,,,0
FCSA:DF_TRADE_COUNTRY_YR(5.1.0),AE,A,AED,FCSC,ANN_CNT,TNOEXP,_Z,_Z,831,2019,10562.66,,,,0
FCSA:DF_TRADE_COUNTRY_YR(5.1.0),AE,A,AED,FCSC,ANN_CNT,TNOEXP,_Z,_Z,831,2020,6933.76,,,,0
FCSA:DF_TRADE_COUNTRY_YR(5.1.0),AE,A,AED,FCSC,ANN_CNT,TNOEXP,_Z,_Z,831,2021,83475.96,,,,0
FCSA:DF_TRADE_COUNTRY_YR(5.1.0),AE,A,AED,FCSC,ANN_CNT,TNOEXP,_Z,_Z,831,2022,27853.19,,,,0
FCSA:DF_TRADE_COUNTRY_YR(5.1.0),AE,A,AED,FCSC,ANN_CNT,TNOEXP,_Z,_Z,831,2023,57192.05,,,,0
FCSA:DF_TRADE_COUNTRY_YR(5.1.0),AE,A,AED,FCSC,ANN_CNT,TNOEXP,_Z,_Z,831,2024,82886.11,,,,0
FCSA:DF_TRADE_COUNTRY_YR(5.1.0),AE,A,AED,FCSC,ANN_CNT,TTRADE,_Z,_Z,92,2017,1751032.02,,,,0
FCSA:DF_TRADE_COUNTRY_YR(5.1.0),AE,A,AED,FCSC,ANN_CNT,TTRADE,_Z,_Z,92,2018,682600.17,,,,0
FCSA:DF_TRADE_COUNTRY_YR(5.1.0),AE,A,AED,FCSC,ANN_CNT,TTRADE,_Z,_Z,92,2019,1084124.44,,,,0
FCSA:DF_TRADE_COUNTRY_YR(5.1.0),AE,A,AED,FCSC,ANN_CNT,TTRADE,_Z,_Z,92,2020,77967779.56,,,,0
FCSA:DF_TRADE_COUNTRY_YR(5.1.0),AE,A,AED,FCSC,ANN_CNT,TTRADE,_Z,_Z,92,2021,1356708.15,,,,0
FCSA:DF_TRADE_COUNTRY_YR(5.1.0),AE,A,AED,FCSC,ANN_CNT,TTRADE,_Z,_Z,92,2022,526372.61,,,,0
FCSA:DF_TRADE_COUNTRY_YR(5.1.0),AE,A,AED,FCSC,ANN_CNT,TTRADE,_Z,_Z,92,2023,2630246.07,,,,0
FCSA:DF_TRADE_COUNTRY_YR(5.1.0),AE,A,AED,FCSC,ANN_CNT,TTRADE,_Z,_Z,92,2024,2301502.64,,,,0
FCSA:DF_TRADE_COUNTRY_YR(5.1.0),AE,A,AED,FCSC,ANN_CNT,TNOEXP,_Z,_Z,530,2017,8433886.22,,,,0
FCSA:DF_TRADE_COUNTRY_YR(5.1.0),AE,A,AED,FCSC,ANN_CNT,TNOEXP,_Z,_Z,530,2018,3226499.68,,,,0
FCSA:DF_TRADE_COUNTRY_YR(5.1.0),AE,A,AED,FCSC,ANN_CNT,TNOEXP,_Z,_Z,530,2019,3734280.91,,,,0
FCSA:DF_TRADE_COUNTRY_YR(5.1.0),AE,A,AED,FCSC,ANN_CNT,TNOEXP,_Z,_Z,530,2020,2316730.51,,,,0
FCSA:DF_TRADE_COUNTRY_YR(5.1.0),AE,A,AED,FCSC,ANN_CNT,TNOEXP,_Z,_Z,530,2021,758808.27,,,,0
FCSA:DF_TRADE_COUNTRY_YR(5.1.0),AE,A,AED,FCSC,ANN_CNT,TNOEXP,_Z,_Z,530,2022,1100989.55,,,,0
FCSA:DF_TRADE_COUNTRY_YR(5.1.0),AE,A,AED,FCSC,ANN_CNT,TNOEXP,_Z,_Z,530,2023,7906983.62,,,,0
FCSA:DF_TRADE_COUNTRY_YR(5.1.0),AE,A,AED,FCSC,ANN_CNT,TNOEXP,_Z,_Z,530,2024,7448244.25,,,,0
FCSA:DF_TRADE_COUNTRY_YR(5.1.0),AE,A,AED,FCSC,ANN_CNT,IMP,_Z,_Z,292,2017,0.00,,,,0
FCSA:DF_TRADE_COUNTRY_YR(5.1.0),AE,A,AED,FCSC,ANN_CNT,IMP,_Z,_Z,292,2018,27068.67,,,,0
FCSA:DF_TRADE_COUNTRY_YR(5.1.0),AE,A,AED,FCSC,ANN_CNT,IMP,_Z,_Z,292,2019,0.00,,,,0
FCSA:DF_TRADE_COUNTRY_YR(5.1.0),AE,A,AED,FCSC,ANN_CNT,IMP,_Z,_Z,292,2020,64436.79,,,,0
FCSA:DF_TRADE_COUNTRY_YR(5.1.0),AE,A,AED,FCSC,ANN_CNT,IMP,_Z,_Z,292,2021,59985.46,,,,0
FCSA:DF_TRADE_COUNTRY_YR(5.1.0),AE,A,AED,FCSC,ANN_CNT,IMP,_Z,_Z,292,2022,15696.95,,,,0
FCSA:DF_TRADE_COUNTRY_YR(5.1.0),AE,A,AED,FCSC,ANN_CNT,IMP,_Z,_Z,292,2023,22208.79,,,,0
FCSA:DF_TRADE_COUNTRY_YR(5.1.0),AE,A,AED,FCSC,ANN_CNT,IMP,_Z,_Z,292,2024,26363.14,,,,0
FCSA:DF_TRADE_COUNTRY_YR(5.1.0),AE,A,AED,FCSC,ANN_CNT,TTRADE,_Z,_Z,654,2017,47754.55,,,,0
FCSA:DF_TRADE_COUNTRY_YR(5.1.0),AE,A,AED,FCSC,ANN_CNT,TTRADE,_Z,_Z,654,2018,536695.92,,,,0
FCSA:DF_TRADE_COUNTRY_YR(5.1.0),AE,A,AED,FCSC,ANN_CNT,TTRADE,_Z,_Z,654,2019,293218.31,,,,0
FCSA:DF_TRADE_COUNTRY_YR(5.1.0),AE,A,AED,FCSC,ANN_CNT,TTRADE,_Z,_Z,654,2020,199088.08,,,,0
FCSA:DF_TRADE_COUNTRY_YR(5.1.0),AE,A,AED,FCSC,ANN_CNT,TTRADE,_Z,_Z,654,2021,43623.26,,,,0
FCSA:DF_TRADE_COUNTRY_YR(5.1.0),AE,A,AED,FCSC,ANN_CNT,TTRADE,_Z,_Z,654,2022,696022.30,,,,0
FCSA:DF_TRADE_COUNTRY_YR(5.1.0),AE,A,AED,FCSC,ANN_CNT,TTRADE,_Z,_Z,654,2023,3353.93,,,,0
FCSA:DF_TRADE_COUNTRY_YR(5.1.0),AE,A,AED,FCSC,ANN_CNT,TTRADE,_Z,_Z,654,2024,92406.30,,,,0
FCSA:DF_TRADE_COUNTRY_YR(5.1.0),AE,A,AED,FCSC,ANN_CNT,TNOEXP,_Z,_Z,581,2019,505809.67,,,,0
FCSA:DF_TRADE_COUNTRY_YR(5.1.0),AE,A,AED,FCSC,ANN_CNT,TNOEXP,_Z,_Z,581,2020,0.00,,,,0
FCSA:DF_TRADE_COUNTRY_YR(5.1.0),AE,A,AED,FCSC,ANN_CNT,TNOEXP,_Z,_Z,581,2021,0.00,,,,0
FCSA:DF_TRADE_COUNTRY_YR(5.1.0),AE,A,AED,FCSC,ANN_CNT,TNOEXP,_Z,_Z,581,2022,1124579.40,,,,0
FCSA:DF_TRADE_COUNTRY_YR(5.1.0),AE,A,AED,FCSC,ANN_CNT,TNOEXP,_Z,_Z,581,2023,2352.29,,,,0
FCSA:DF_TRADE_COUNTRY_YR(5.1.0),AE,A,AED,FCSC,ANN_CNT,TNOEXP,_Z,_Z,581,2024,6930465.94,,,,0
FCSA:DF_TRADE_COUNTRY_YR(5.1.0),AE,A,AED,FCSC,ANN_CNT,NOEXP,_Z,_Z,826,2017,1891088008.94,,,,0
FCSA:DF_TRADE_COUNTRY_YR(5.1.0),AE,A,AED,FCSC,ANN_CNT,NOEXP,_Z,_Z,826,2018,2345650548.19,,,,0
FCSA:DF_TRADE_COUNTRY_YR(5.1.0),AE,A,AED,FCSC,ANN_CNT,NOEXP,_Z,_Z,826,2019,2054872225.98,,,,0
FCSA:DF_TRADE_COUNTRY_YR(5.1.0),AE,A,AED,FCSC,ANN_CNT,NOEXP,_Z,_Z,826,2020,2805158252.54,,,,0
FCSA:DF_TRADE_COUNTRY_YR(5.1.0),AE,A,AED,FCSC,ANN_CNT,NOEXP,_Z,_Z,826,2021,3630831152.29,,,,0
FCSA:DF_TRADE_COUNTRY_YR(5.1.0),AE,A,AED,FCSC,ANN_CNT,NOEXP,_Z,_Z,826,2022,3060403497.24,,,,0
FCSA:DF_TRADE_COUNTRY_YR(5.1.0),AE,A,AED,FCSC,ANN_CNT,NOEXP,_Z,_Z,826,2023,3988362693.76,,,,0
FCSA:DF_TRADE_COUNTRY_YR(5.1.0),AE,A,AED,FCSC,ANN_CNT,NOEXP,_Z,_Z,826,2024,4776417717.06,,,,0
FCSA:DF_TRADE_COUNTRY_YR(5.1.0),AE,A,AED,FCSC,ANN_CNT,REEXP,_Z,_Z,704,2017,1032779218.94,,,,0
FCSA:DF_TRADE_COUNTRY_YR(5.1.0),AE,A,AED,FCSC,ANN_CNT,REEXP,_Z,_Z,704,2018,888154917.76,,,,0
FCSA:DF_TRADE_COUNTRY_YR(5.1.0),AE,A,AED,FCSC,ANN_CNT,REEXP,_Z,_Z,704,2019,2568456447.55,,,,0
FCSA:DF_TRADE_COUNTRY_YR(5.1.0),AE,A,AED,FCSC,ANN_CNT,REEXP,_Z,_Z,704,2020,1751831345.12,,,,0
FCSA:DF_TRADE_COUNTRY_YR(5.1.0),AE,A,AED,FCSC,ANN_CNT,REEXP,_Z,_Z,704,2021,3452252152.57,,,,0
FCSA:DF_TRADE_COUNTRY_YR(5.1.0),AE,A,AED,FCSC,ANN_CNT,REEXP,_Z,_Z,704,2022,3218343088.01,,,,0
FCSA:DF_TRADE_COUNTRY_YR(5.1.0),AE,A,AED,FCSC,ANN_CNT,REEXP,_Z,_Z,704,2023,2374143476.55,,,,0
FCSA:DF_TRADE_COUNTRY_YR(5.1.0),AE,A,AED,FCSC,ANN_CNT,REEXP,_Z,_Z,704,2024,876414879.07,,,,0
FCSA:DF_TRADE_COUNTRY_YR(5.1.0),AE,A,AED,FCSC,ANN_CNT,REEXP,_Z,_Z,76,2017,363503953.27,,,,0
FCSA:DF_TRADE_COUNTRY_YR(5.1.0),AE,A,AED,FCSC,ANN_CNT,REEXP,_Z,_Z,76,2018,255492914.36,,,,0
FCSA:DF_TRADE_COUNTRY_YR(5.1.0),AE,A,AED,FCSC,ANN_CNT,REEXP,_Z,_Z,76,2019,303807855.46,,,,0
FCSA:DF_TRADE_COUNTRY_YR(5.1.0),AE,A,AED,FCSC,ANN_CNT,REEXP,_Z,_Z,76,2020,300580534.70,,,,0
FCSA:DF_TRADE_COUNTRY_YR(5.1.0),AE,A,AED,FCSC,ANN_CNT,REEXP,_Z,_Z,76,2021,953098412.60,,,,0
FCSA:DF_TRADE_COUNTRY_YR(5.1.0),AE,A,AED,FCSC,ANN_CNT,REEXP,_Z,_Z,76,2022,1973890150.75,,,,0
FCSA:DF_TRADE_COUNTRY_YR(5.1.0),AE,A,AED,FCSC,ANN_CNT,REEXP,_Z,_Z,76,2023,1641946433.61,,,,0
FCSA:DF_TRADE_COUNTRY_YR(5.1.0),AE,A,AED,FCSC,ANN_CNT,REEXP,_Z,_Z,76,2024,1197972920.49,,,,0
FCSA:DF_TRADE_COUNTRY_YR(5.1.0),AE,A,AED,FCSC,ANN_CNT,NOEXP,_Z,_Z,152,2017,56738071.58,,,,0
FCSA:DF_TRADE_COUNTRY_YR(5.1.0),AE,A,AED,FCSC,ANN_CNT,NOEXP,_Z,_Z,152,2018,65613682.97,,,,0
FCSA:DF_TRADE_COUNTRY_YR(5.1.0),AE,A,AED,FCSC,ANN_CNT,NOEXP,_Z,_Z,152,2019,108367396.85,,,,0
FCSA:DF_TRADE_COUNTRY_YR(5.1.0),AE,A,AED,FCSC,ANN_CNT,NOEXP,_Z,_Z,152,2020,69129100.14,,,,0
FCSA:DF_TRADE_COUNTRY_YR(5.1.0),AE,A,AED,FCSC,ANN_CNT,NOEXP,_Z,_Z,152,2021,110883097.88,,,,0
FCSA:DF_TRADE_COUNTRY_YR(5.1.0),AE,A,AED,FCSC,ANN_CNT,NOEXP,_Z,_Z,152,2022,110983949.55,,,,0
FCSA:DF_TRADE_COUNTRY_YR(5.1.0),AE,A,AED,FCSC,ANN_CNT,NOEXP,_Z,_Z,152,2023,148140929.78,,,,0
FCSA:DF_TRADE_COUNTRY_YR(5.1.0),AE,A,AED,FCSC,ANN_CNT,NOEXP,_Z,_Z,152,2024,216641339.26,,,,0
FCSA:DF_TRADE_COUNTRY_YR(5.1.0),AE,A,AED,FCSC,ANN_CNT,IMP,_Z,_Z,332,2017,7706194.11,,,,0
FCSA:DF_TRADE_COUNTRY_YR(5.1.0),AE,A,AED,FCSC,ANN_CNT,IMP,_Z,_Z,332,2018,7883491.57,,,,0
FCSA:DF_TRADE_COUNTRY_YR(5.1.0),AE,A,AED,FCSC,ANN_CNT,IMP,_Z,_Z,332,2019,7572251.26,,,,0
FCSA:DF_TRADE_COUNTRY_YR(5.1.0),AE,A,AED,FCSC,ANN_CNT,IMP,_Z,_Z,332,2020,2370858.14,,,,0
FCSA:DF_TRADE_COUNTRY_YR(5.1.0),AE,A,AED,FCSC,ANN_CNT,IMP,_Z,_Z,332,2021,2938969.36,,,,0
FCSA:DF_TRADE_COUNTRY_YR(5.1.0),AE,A,AED,FCSC,ANN_CNT,IMP,_Z,_Z,332,2022,4838550.62,,,,0
FCSA:DF_TRADE_COUNTRY_YR(5.1.0),AE,A,AED,FCSC,ANN_CNT,IMP,_Z,_Z,332,2023,8132154.76,,,,0
FCSA:DF_TRADE_COUNTRY_YR(5.1.0),AE,A,AED,FCSC,ANN_CNT,IMP,_Z,_Z,332,2024,2141610.94,,,,0
FCSA:DF_TRADE_COUNTRY_YR(5.1.0),AE,A,AED,FCSC,ANN_CNT,REEXP,_Z,_Z,762,2017,154904179.26,,,,0
FCSA:DF_TRADE_COUNTRY_YR(5.1.0),AE,A,AED,FCSC,ANN_CNT,REEXP,_Z,_Z,762,2018,169691347.14,,,,0
FCSA:DF_TRADE_COUNTRY_YR(5.1.0),AE,A,AED,FCSC,ANN_CNT,REEXP,_Z,_Z,762,2019,125203840.63,,,,0
FCSA:DF_TRADE_COUNTRY_YR(5.1.0),AE,A,AED,FCSC,ANN_CNT,REEXP,_Z,_Z,762,2020,240415832.90,,,,0
FCSA:DF_TRADE_COUNTRY_YR(5.1.0),AE,A,AED,FCSC,ANN_CNT,REEXP,_Z,_Z,762,2021,383573432.80,,,,0
FCSA:DF_TRADE_COUNTRY_YR(5.1.0),AE,A,AED,FCSC,ANN_CNT,REEXP,_Z,_Z,762,2022,551506364.96,,,,0
FCSA:DF_TRADE_COUNTRY_YR(5.1.0),AE,A,AED,FCSC,ANN_CNT,REEXP,_Z,_Z,762,2023,803653343.37,,,,0
FCSA:DF_TRADE_COUNTRY_YR(5.1.0),AE,A,AED,FCSC,ANN_CNT,REEXP,_Z,_Z,762,2024,1127688715.84,,,,0
FCSA:DF_TRADE_COUNTRY_YR(5.1.0),AE,A,AED,FCSC,ANN_CNT,IMP,_Z,_Z,242,2017,10804473.16,,,,0
FCSA:DF_TRADE_COUNTRY_YR(5.1.0),AE,A,AED,FCSC,ANN_CNT,IMP,_Z,_Z,242,2018,11327328.30,,,,0
FCSA:DF_TRADE_COUNTRY_YR(5.1.0),AE,A,AED,FCSC,ANN_CNT,IMP,_Z,_Z,242,2019,10091776.76,,,,0
FCSA:DF_TRADE_COUNTRY_YR(5.1.0),AE,A,AED,FCSC,ANN_CNT,IMP,_Z,_Z,242,2020,8162406.32,,,,0
FCSA:DF_TRADE_COUNTRY_YR(5.1.0),AE,A,AED,FCSC,ANN_CNT,IMP,_Z,_Z,242,2021,13726839.71,,,,0
FCSA:DF_TRADE_COUNTRY_YR(5.1.0),AE,A,AED,FCSC,ANN_CNT,IMP,_Z,_Z,242,2022,13592878.90,,,,0
FCSA:DF_TRADE_COUNTRY_YR(5.1.0),AE,A,AED,FCSC,ANN_CNT,IMP,_Z,_Z,242,2023,10681915.33,,,,0
FCSA:DF_TRADE_COUNTRY_YR(5.1.0),AE,A,AED,FCSC,ANN_CNT,IMP,_Z,_Z,242,2024,14772576.50,,,,0
FCSA:DF_TRADE_COUNTRY_YR(5.1.0),AE,A,AED,FCSC,ANN_CNT,TTRADE,_Z,_Z,438,2017,23416731.13,,,,0
FCSA:DF_TRADE_COUNTRY_YR(5.1.0),AE,A,AED,FCSC,ANN_CNT,TTRADE,_Z,_Z,438,2018,20851480.44,,,,0
FCSA:DF_TRADE_COUNTRY_YR(5.1.0),AE,A,AED,FCSC,ANN_CNT,TTRADE,_Z,_Z,438,2019,26399637.35,,,,0
FCSA:DF_TRADE_COUNTRY_YR(5.1.0),AE,A,AED,FCSC,ANN_CNT,TTRADE,_Z,_Z,438,2020,17013407.08,,,,0
FCSA:DF_TRADE_COUNTRY_YR(5.1.0),AE,A,AED,FCSC,ANN_CNT,TTRADE,_Z,_Z,438,2021,23951733.50,,,,0
FCSA:DF_TRADE_COUNTRY_YR(5.1.0),AE,A,AED,FCSC,ANN_CNT,TTRADE,_Z,_Z,438,2022,11885408.66,,,,0
FCSA:DF_TRADE_COUNTRY_YR(5.1.0),AE,A,AED,FCSC,ANN_CNT,TTRADE,_Z,_Z,438,2023,17310786.86,,,,0
FCSA:DF_TRADE_COUNTRY_YR(5.1.0),AE,A,AED,FCSC,ANN_CNT,TTRADE,_Z,_Z,438,2024,17338.00,,,,0
FCSA:DF_TRADE_COUNTRY_YR(5.1.0),AE,A,AED,FCSC,ANN_CNT,REEXP,_Z,_Z,408,2017,22014.00,,,,0
FCSA:DF_TRADE_COUNTRY_YR(5.1.0),AE,A,AED,FCSC,ANN_CNT,REEXP,_Z,_Z,408,2018,0.00,,,,0
FCSA:DF_TRADE_COUNTRY_YR(5.1.0),AE,A,AED,FCSC,ANN_CNT,REEXP,_Z,_Z,408,2019,8397947.09,,,,0
FCSA:DF_TRADE_COUNTRY_YR(5.1.0),AE,A,AED,FCSC,ANN_CNT,REEXP,_Z,_Z,408,2020,2555084.45,,,,0
FCSA:DF_TRADE_COUNTRY_YR(5.1.0),AE,A,AED,FCSC,ANN_CNT,REEXP,_Z,_Z,408,2021,3357945.41,,,,0
FCSA:DF_TRADE_COUNTRY_YR(5.1.0),AE,A,AED,FCSC,ANN_CNT,REEXP,_Z,_Z,408,2022,0.00,,,,0
FCSA:DF_TRADE_COUNTRY_YR(5.1.0),AE,A,AED,FCSC,ANN_CNT,TTRADE,_Z,_Z,570,2018,2679.77,,,,0
FCSA:DF_TRADE_COUNTRY_YR(5.1.0),AE,A,AED,FCSC,ANN_CNT,TTRADE,_Z,_Z,570,2019,15682.00,,,,0
FCSA:DF_TRADE_COUNTRY_YR(5.1.0),AE,A,AED,FCSC,ANN_CNT,TTRADE,_Z,_Z,570,2021,15535.39,,,,0
FCSA:DF_TRADE_COUNTRY_YR(5.1.0),AE,A,AED,FCSC,ANN_CNT,TTRADE,_Z,_Z,570,2022,77431.55,,,,0
FCSA:DF_TRADE_COUNTRY_YR(5.1.0),AE,A,AED,FCSC,ANN_CNT,TTRADE,_Z,_Z,570,2023,1113120.13,,,,0
FCSA:DF_TRADE_COUNTRY_YR(5.1.0),AE,A,AED,FCSC,ANN_CNT,TTRADE,_Z,_Z,570,2024,3427.59,,,,0
FCSA:DF_TRADE_COUNTRY_YR(5.1.0),AE,A,AED,FCSC,ANN_CNT,TTRADE,_Z,_Z,535,2023,863274.12,,,,0
FCSA:DF_TRADE_COUNTRY_YR(5.1.0),AE,A,AED,FCSC,ANN_CNT,TTRADE,_Z,_Z,535,2024,1626816.83,,,,0
FCSA:DF_TRADE_COUNTRY_YR(5.1.0),AE,A,AED,FCSC,ANN_CNT,TNOEXP,_Z,_Z,76,2017,490121917.31,,,,0
FCSA:DF_TRADE_COUNTRY_YR(5.1.0),AE,A,AED,FCSC,ANN_CNT,TNOEXP,_Z,_Z,76,2018,474490057.78,,,,0
FCSA:DF_TRADE_COUNTRY_YR(5.1.0),AE,A,AED,FCSC,ANN_CNT,TNOEXP,_Z,_Z,76,2019,486423156.39,,,,0
FCSA:DF_TRADE_COUNTRY_YR(5.1.0),AE,A,AED,FCSC,ANN_CNT,TNOEXP,_Z,_Z,76,2020,467044850.17,,,,0
FCSA:DF_TRADE_COUNTRY_YR(5.1.0),AE,A,AED,FCSC,ANN_CNT,TNOEXP,_Z,_Z,76,2021,1354139638.08,,,,0
FCSA:DF_TRADE_COUNTRY_YR(5.1.0),AE,A,AED,FCSC,ANN_CNT,TNOEXP,_Z,_Z,76,2022,2360281238.86,,,,0
FCSA:DF_TRADE_COUNTRY_YR(5.1.0),AE,A,AED,FCSC,ANN_CNT,TNOEXP,_Z,_Z,76,2023,2103720396.31,,,,0
FCSA:DF_TRADE_COUNTRY_YR(5.1.0),AE,A,AED,FCSC,ANN_CNT,TNOEXP,_Z,_Z,76,2024,1867849978.50,,,,0
FCSA:DF_TRADE_COUNTRY_YR(5.1.0),AE,A,AED,FCSC,ANN_CNT,TNOEXP,_Z,_Z,212,2017,3917554.58,,,,0
FCSA:DF_TRADE_COUNTRY_YR(5.1.0),AE,A,AED,FCSC,ANN_CNT,TNOEXP,_Z,_Z,212,2018,8790719.48,,,,0
FCSA:DF_TRADE_COUNTRY_YR(5.1.0),AE,A,AED,FCSC,ANN_CNT,TNOEXP,_Z,_Z,212,2019,8627137.23,,,,0
FCSA:DF_TRADE_COUNTRY_YR(5.1.0),AE,A,AED,FCSC,ANN_CNT,TNOEXP,_Z,_Z,212,2020,4226756.93,,,,0
FCSA:DF_TRADE_COUNTRY_YR(5.1.0),AE,A,AED,FCSC,ANN_CNT,TNOEXP,_Z,_Z,212,2021,4341432.66,,,,0
FCSA:DF_TRADE_COUNTRY_YR(5.1.0),AE,A,AED,FCSC,ANN_CNT,TNOEXP,_Z,_Z,212,2022,8108962.40,,,,0
FCSA:DF_TRADE_COUNTRY_YR(5.1.0),AE,A,AED,FCSC,ANN_CNT,TNOEXP,_Z,_Z,212,2023,6614882.07,,,,0
FCSA:DF_TRADE_COUNTRY_YR(5.1.0),AE,A,AED,FCSC,ANN_CNT,TNOEXP,_Z,_Z,212,2024,6905790.80,,,,0
FCSA:DF_TRADE_COUNTRY_YR(5.1.0),AE,A,AED,FCSC,ANN_CNT,IMP,_Z,_Z,156,2017,177181184281.14,,,,0
FCSA:DF_TRADE_COUNTRY_YR(5.1.0),AE,A,AED,FCSC,ANN_CNT,IMP,_Z,_Z,156,2018,139600418025.30,,,,0
FCSA:DF_TRADE_COUNTRY_YR(5.1.0),AE,A,AED,FCSC,ANN_CNT,IMP,_Z,_Z,156,2019,149755937805.82,,,,0
FCSA:DF_TRADE_COUNTRY_YR(5.1.0),AE,A,AED,FCSC,ANN_CNT,IMP,_Z,_Z,156,2020,144429621121.16,,,,0
FCSA:DF_TRADE_COUNTRY_YR(5.1.0),AE,A,AED,FCSC,ANN_CNT,IMP,_Z,_Z,156,2021,190219244838.74,,,,0
FCSA:DF_TRADE_COUNTRY_YR(5.1.0),AE,A,AED,FCSC,ANN_CNT,IMP,_Z,_Z,156,2022,246848138972.95,,,,0
FCSA:DF_TRADE_COUNTRY_YR(5.1.0),AE,A,AED,FCSC,ANN_CNT,IMP,_Z,_Z,156,2023,284321866728.07,,,,0
FCSA:DF_TRADE_COUNTRY_YR(5.1.0),AE,A,AED,FCSC,ANN_CNT,IMP,_Z,_Z,156,2024,308406523973.07,,,,0
FCSA:DF_TRADE_COUNTRY_YR(5.1.0),AE,A,AED,FCSC,ANN_CNT,REEXP,_Z,_Z,36,2017,1071051905.61,,,,0
FCSA:DF_TRADE_COUNTRY_YR(5.1.0),AE,A,AED,FCSC,ANN_CNT,REEXP,_Z,_Z,36,2018,1156157046.76,,,,0
FCSA:DF_TRADE_COUNTRY_YR(5.1.0),AE,A,AED,FCSC,ANN_CNT,REEXP,_Z,_Z,36,2019,900255397.66,,,,0
FCSA:DF_TRADE_COUNTRY_YR(5.1.0),AE,A,AED,FCSC,ANN_CNT,REEXP,_Z,_Z,36,2020,741161502.87,,,,0
FCSA:DF_TRADE_COUNTRY_YR(5.1.0),AE,A,AED,FCSC,ANN_CNT,REEXP,_Z,_Z,36,2021,1131472438.03,,,,0
FCSA:DF_TRADE_COUNTRY_YR(5.1.0),AE,A,AED,FCSC,ANN_CNT,REEXP,_Z,_Z,36,2022,1421368699.21,,,,0
FCSA:DF_TRADE_COUNTRY_YR(5.1.0),AE,A,AED,FCSC,ANN_CNT,REEXP,_Z,_Z,36,2023,1258780992.11,,,,0
FCSA:DF_TRADE_COUNTRY_YR(5.1.0),AE,A,AED,FCSC,ANN_CNT,REEXP,_Z,_Z,36,2024,1322993064.20,,,,0
FCSA:DF_TRADE_COUNTRY_YR(5.1.0),AE,A,AED,FCSC,ANN_CNT,TTRADE,_Z,_Z,398,2017,1445927250.54,,,,0
FCSA:DF_TRADE_COUNTRY_YR(5.1.0),AE,A,AED,FCSC,ANN_CNT,TTRADE,_Z,_Z,398,2018,1524438320.41,,,,0
FCSA:DF_TRADE_COUNTRY_YR(5.1.0),AE,A,AED,FCSC,ANN_CNT,TTRADE,_Z,_Z,398,2019,1852962669.23,,,,0
FCSA:DF_TRADE_COUNTRY_YR(5.1.0),AE,A,AED,FCSC,ANN_CNT,TTRADE,_Z,_Z,398,2020,1728858779.62,,,,0
FCSA:DF_TRADE_COUNTRY_YR(5.1.0),AE,A,AED,FCSC,ANN_CNT,TTRADE,_Z,_Z,398,2021,4407855252.53,,,,0
FCSA:DF_TRADE_COUNTRY_YR(5.1.0),AE,A,AED,FCSC,ANN_CNT,TTRADE,_Z,_Z,398,2022,7755099939.23,,,,0
FCSA:DF_TRADE_COUNTRY_YR(5.1.0),AE,A,AED,FCSC,ANN_CNT,TTRADE,_Z,_Z,398,2023,14095253857.96,,,,0
FCSA:DF_TRADE_COUNTRY_YR(5.1.0),AE,A,AED,FCSC,ANN_CNT,TTRADE,_Z,_Z,398,2024,20597916937.66,,,,0
FCSA:DF_TRADE_COUNTRY_YR(5.1.0),AE,A,AED,FCSC,ANN_CNT,NOEXP,_Z,_Z,585,2017,723310.00,,,,0
FCSA:DF_TRADE_COUNTRY_YR(5.1.0),AE,A,AED,FCSC,ANN_CNT,NOEXP,_Z,_Z,585,2018,0.00,,,,0
FCSA:DF_TRADE_COUNTRY_YR(5.1.0),AE,A,AED,FCSC,ANN_CNT,NOEXP,_Z,_Z,585,2019,0.00,,,,0
FCSA:DF_TRADE_COUNTRY_YR(5.1.0),AE,A,AED,FCSC,ANN_CNT,NOEXP,_Z,_Z,585,2020,80949.80,,,,0
FCSA:DF_TRADE_COUNTRY_YR(5.1.0),AE,A,AED,FCSC,ANN_CNT,NOEXP,_Z,_Z,585,2021,2618678.80,,,,0
FCSA:DF_TRADE_COUNTRY_YR(5.1.0),AE,A,AED,FCSC,ANN_CNT,NOEXP,_Z,_Z,585,2022,855.00,,,,0
FCSA:DF_TRADE_COUNTRY_YR(5.1.0),AE,A,AED,FCSC,ANN_CNT,NOEXP,_Z,_Z,585,2023,158415.48,,,,0
FCSA:DF_TRADE_COUNTRY_YR(5.1.0),AE,A,AED,FCSC,ANN_CNT,NOEXP,_Z,_Z,585,2024,3729.93,,,,0
FCSA:DF_TRADE_COUNTRY_YR(5.1.0),AE,A,AED,FCSC,ANN_CNT,TNOEXP,_Z,_Z,260,2018,0.00,,,,0
FCSA:DF_TRADE_COUNTRY_YR(5.1.0),AE,A,AED,FCSC,ANN_CNT,TNOEXP,_Z,_Z,260,2023,0.00,,,,0
FCSA:DF_TRADE_COUNTRY_YR(5.1.0),AE,A,AED,FCSC,ANN_CNT,TNOEXP,_Z,_Z,260,2024,0.00,,,,0
FCSA:DF_TRADE_COUNTRY_YR(5.1.0),AE,A,AED,FCSC,ANN_CNT,IMP,_Z,_Z,124,2017,7057644247.93,,,,0
FCSA:DF_TRADE_COUNTRY_YR(5.1.0),AE,A,AED,FCSC,ANN_CNT,IMP,_Z,_Z,124,2018,6588438490.24,,,,0
FCSA:DF_TRADE_COUNTRY_YR(5.1.0),AE,A,AED,FCSC,ANN_CNT,IMP,_Z,_Z,124,2019,6589408110.85,,,,0
FCSA:DF_TRADE_COUNTRY_YR(5.1.0),AE,A,AED,FCSC,ANN_CNT,IMP,_Z,_Z,124,2020,6684731677.28,,,,0
FCSA:DF_TRADE_COUNTRY_YR(5.1.0),AE,A,AED,FCSC,ANN_CNT,IMP,_Z,_Z,124,2021,10213932253.56,,,,0
FCSA:DF_TRADE_COUNTRY_YR(5.1.0),AE,A,AED,FCSC,ANN_CNT,IMP,_Z,_Z,124,2022,11524428325.85,,,,0
FCSA:DF_TRADE_COUNTRY_YR(5.1.0),AE,A,AED,FCSC,ANN_CNT,IMP,_Z,_Z,124,2023,9475615929.94,,,,0
FCSA:DF_TRADE_COUNTRY_YR(5.1.0),AE,A,AED,FCSC,ANN_CNT,IMP,_Z,_Z,124,2024,9215063942.99,,,,0
FCSA:DF_TRADE_COUNTRY_YR(5.1.0),AE,A,AED,FCSC,ANN_CNT,IMP,_Z,_Z,800,2017,1559729533.31,,,,0
FCSA:DF_TRADE_COUNTRY_YR(5.1.0),AE,A,AED,FCSC,ANN_CNT,IMP,_Z,_Z,800,2018,4240843146.45,,,,0
FCSA:DF_TRADE_COUNTRY_YR(5.1.0),AE,A,AED,FCSC,ANN_CNT,IMP,_Z,_Z,800,2019,6381818367.10,,,,0
FCSA:DF_TRADE_COUNTRY_YR(5.1.0),AE,A,AED,FCSC,ANN_CNT,IMP,_Z,_Z,800,2020,6130577276.68,,,,0
FCSA:DF_TRADE_COUNTRY_YR(5.1.0),AE,A,AED,FCSC,ANN_CNT,IMP,_Z,_Z,800,2021,7337798473.07,,,,0
FCSA:DF_TRADE_COUNTRY_YR(5.1.0),AE,A,AED,FCSC,ANN_CNT,IMP,_Z,_Z,800,2022,4472424035.06,,,,0
FCSA:DF_TRADE_COUNTRY_YR(5.1.0),AE,A,AED,FCSC,ANN_CNT,IMP,_Z,_Z,800,2023,3401862999.83,,,,0
FCSA:DF_TRADE_COUNTRY_YR(5.1.0),AE,A,AED,FCSC,ANN_CNT,IMP,_Z,_Z,800,2024,8860493085.79,,,,0
FCSA:DF_TRADE_COUNTRY_YR(5.1.0),AE,A,AED,FCSC,ANN_CNT,NOEXP,_Z,_Z,470,2017,28493295.44,,,,0
FCSA:DF_TRADE_COUNTRY_YR(5.1.0),AE,A,AED,FCSC,ANN_CNT,NOEXP,_Z,_Z,470,2018,40325049.18,,,,0
FCSA:DF_TRADE_COUNTRY_YR(5.1.0),AE,A,AED,FCSC,ANN_CNT,NOEXP,_Z,_Z,470,2019,447536558.40,,,,0
FCSA:DF_TRADE_COUNTRY_YR(5.1.0),AE,A,AED,FCSC,ANN_CNT,NOEXP,_Z,_Z,470,2020,307307820.08,,,,0
FCSA:DF_TRADE_COUNTRY_YR(5.1.0),AE,A,AED,FCSC,ANN_CNT,NOEXP,_Z,_Z,470,2021,41118847.66,,,,0
FCSA:DF_TRADE_COUNTRY_YR(5.1.0),AE,A,AED,FCSC,ANN_CNT,NOEXP,_Z,_Z,470,2022,49437346.50,,,,0
FCSA:DF_TRADE_COUNTRY_YR(5.1.0),AE,A,AED,FCSC,ANN_CNT,NOEXP,_Z,_Z,470,2023,121536369.43,,,,0
FCSA:DF_TRADE_COUNTRY_YR(5.1.0),AE,A,AED,FCSC,ANN_CNT,NOEXP,_Z,_Z,470,2024,269913928.35,,,,0
FCSA:DF_TRADE_COUNTRY_YR(5.1.0),AE,A,AED,FCSC,ANN_CNT,IMP,_Z,_Z,598,2017,458110.21,,,,0
FCSA:DF_TRADE_COUNTRY_YR(5.1.0),AE,A,AED,FCSC,ANN_CNT,IMP,_Z,_Z,598,2018,891146.06,,,,0
FCSA:DF_TRADE_COUNTRY_YR(5.1.0),AE,A,AED,FCSC,ANN_CNT,IMP,_Z,_Z,598,2019,353553.22,,,,0
FCSA:DF_TRADE_COUNTRY_YR(5.1.0),AE,A,AED,FCSC,ANN_CNT,IMP,_Z,_Z,598,2020,93845434.81,,,,0
FCSA:DF_TRADE_COUNTRY_YR(5.1.0),AE,A,AED,FCSC,ANN_CNT,IMP,_Z,_Z,598,2021,248469948.30,,,,0
FCSA:DF_TRADE_COUNTRY_YR(5.1.0),AE,A,AED,FCSC,ANN_CNT,IMP,_Z,_Z,598,2022,215629533.43,,,,0
FCSA:DF_TRADE_COUNTRY_YR(5.1.0),AE,A,AED,FCSC,ANN_CNT,IMP,_Z,_Z,598,2023,131438528.94,,,,0
FCSA:DF_TRADE_COUNTRY_YR(5.1.0),AE,A,AED,FCSC,ANN_CNT,IMP,_Z,_Z,598,2024,191986951.31,,,,0
FCSA:DF_TRADE_COUNTRY_YR(5.1.0),AE,A,AED,FCSC,ANN_CNT,REEXP,_Z,_Z,112,2017,28395561.48,,,,0
FCSA:DF_TRADE_COUNTRY_YR(5.1.0),AE,A,AED,FCSC,ANN_CNT,REEXP,_Z,_Z,112,2018,24232103.28,,,,0
FCSA:DF_TRADE_COUNTRY_YR(5.1.0),AE,A,AED,FCSC,ANN_CNT,REEXP,_Z,_Z,112,2019,129807978.57,,,,0
FCSA:DF_TRADE_COUNTRY_YR(5.1.0),AE,A,AED,FCSC,ANN_CNT,REEXP,_Z,_Z,112,2020,131807549.17,,,,0
FCSA:DF_TRADE_COUNTRY_YR(5.1.0),AE,A,AED,FCSC,ANN_CNT,REEXP,_Z,_Z,112,2021,22517972.54,,,,0
FCSA:DF_TRADE_COUNTRY_YR(5.1.0),AE,A,AED,FCSC,ANN_CNT,REEXP,_Z,_Z,112,2022,309266618.74,,,,0
FCSA:DF_TRADE_COUNTRY_YR(5.1.0),AE,A,AED,FCSC,ANN_CNT,REEXP,_Z,_Z,112,2023,2163251376.14,,,,0
FCSA:DF_TRADE_COUNTRY_YR(5.1.0),AE,A,AED,FCSC,ANN_CNT,REEXP,_Z,_Z,112,2024,1354065079.41,,,,0
FCSA:DF_TRADE_COUNTRY_YR(5.1.0),AE,A,AED,FCSC,ANN_CNT,REEXP,_Z,_Z,388,2017,6868668.64,,,,0
FCSA:DF_TRADE_COUNTRY_YR(5.1.0),AE,A,AED,FCSC,ANN_CNT,REEXP,_Z,_Z,388,2018,8023295.26,,,,0
FCSA:DF_TRADE_COUNTRY_YR(5.1.0),AE,A,AED,FCSC,ANN_CNT,REEXP,_Z,_Z,388,2019,4717774.30,,,,0
FCSA:DF_TRADE_COUNTRY_YR(5.1.0),AE,A,AED,FCSC,ANN_CNT,REEXP,_Z,_Z,388,2020,7066580.99,,,,0
FCSA:DF_TRADE_COUNTRY_YR(5.1.0),AE,A,AED,FCSC,ANN_CNT,REEXP,_Z,_Z,388,2021,10960744.11,,,,0
FCSA:DF_TRADE_COUNTRY_YR(5.1.0),AE,A,AED,FCSC,ANN_CNT,REEXP,_Z,_Z,388,2022,30601642.87,,,,0
FCSA:DF_TRADE_COUNTRY_YR(5.1.0),AE,A,AED,FCSC,ANN_CNT,REEXP,_Z,_Z,388,2023,16909832.34,,,,0
FCSA:DF_TRADE_COUNTRY_YR(5.1.0),AE,A,AED,FCSC,ANN_CNT,REEXP,_Z,_Z,388,2024,18587169.04,,,,0
FCSA:DF_TRADE_COUNTRY_YR(5.1.0),AE,A,AED,FCSC,ANN_CNT,REEXP,_Z,_Z,500,2017,443177.99,,,,0
FCSA:DF_TRADE_COUNTRY_YR(5.1.0),AE,A,AED,FCSC,ANN_CNT,REEXP,_Z,_Z,500,2018,275110.52,,,,0
FCSA:DF_TRADE_COUNTRY_YR(5.1.0),AE,A,AED,FCSC,ANN_CNT,REEXP,_Z,_Z,500,2019,22003.52,,,,0
FCSA:DF_TRADE_COUNTRY_YR(5.1.0),AE,A,AED,FCSC,ANN_CNT,REEXP,_Z,_Z,500,2020,62678.06,,,,0
FCSA:DF_TRADE_COUNTRY_YR(5.1.0),AE,A,AED,FCSC,ANN_CNT,REEXP,_Z,_Z,500,2021,75939.11,,,,0
FCSA:DF_TRADE_COUNTRY_YR(5.1.0),AE,A,AED,FCSC,ANN_CNT,REEXP,_Z,_Z,500,2022,61471.73,,,,0
FCSA:DF_TRADE_COUNTRY_YR(5.1.0),AE,A,AED,FCSC,ANN_CNT,REEXP,_Z,_Z,500,2023,395372.63,,,,0
FCSA:DF_TRADE_COUNTRY_YR(5.1.0),AE,A,AED,FCSC,ANN_CNT,REEXP,_Z,_Z,500,2024,78303.47,,,,0
FCSA:DF_TRADE_COUNTRY_YR(5.1.0),AE,A,AED,FCSC,ANN_CNT,NOEXP,_Z,_Z,196,2017,103325003.60,,,,0
FCSA:DF_TRADE_COUNTRY_YR(5.1.0),AE,A,AED,FCSC,ANN_CNT,NOEXP,_Z,_Z,196,2018,100842328.21,,,,0
FCSA:DF_TRADE_COUNTRY_YR(5.1.0),AE,A,AED,FCSC,ANN_CNT,NOEXP,_Z,_Z,196,2019,129903238.75,,,,0
FCSA:DF_TRADE_COUNTRY_YR(5.1.0),AE,A,AED,FCSC,ANN_CNT,NOEXP,_Z,_Z,196,2020,87735282.51,,,,0
FCSA:DF_TRADE_COUNTRY_YR(5.1.0),AE,A,AED,FCSC,ANN_CNT,NOEXP,_Z,_Z,196,2021,200749956.50,,,,0
FCSA:DF_TRADE_COUNTRY_YR(5.1.0),AE,A,AED,FCSC,ANN_CNT,NOEXP,_Z,_Z,196,2022,236210269.56,,,,0
FCSA:DF_TRADE_COUNTRY_YR(5.1.0),AE,A,AED,FCSC,ANN_CNT,NOEXP,_Z,_Z,196,2023,140900066.75,,,,0
FCSA:DF_TRADE_COUNTRY_YR(5.1.0),AE,A,AED,FCSC,ANN_CNT,NOEXP,_Z,_Z,196,2024,115671697.45,,,,0
FCSA:DF_TRADE_COUNTRY_YR(5.1.0),AE,A,AED,FCSC,ANN_CNT,TNOEXP,_Z,_Z,248,2020,0.00,,,,0
FCSA:DF_TRADE_COUNTRY_YR(5.1.0),AE,A,AED,FCSC,ANN_CNT,TNOEXP,_Z,_Z,248,2021,790995.00,,,,0
FCSA:DF_TRADE_COUNTRY_YR(5.1.0),AE,A,AED,FCSC,ANN_CNT,TNOEXP,_Z,_Z,248,2022,0.00,,,,0
FCSA:DF_TRADE_COUNTRY_YR(5.1.0),AE,A,AED,FCSC,ANN_CNT,TNOEXP,_Z,_Z,248,2023,0.00,,,,0
FCSA:DF_TRADE_COUNTRY_YR(5.1.0),AE,A,AED,FCSC,ANN_CNT,TNOEXP,_Z,_Z,248,2024,5982654.92,,,,0
FCSA:DF_TRADE_COUNTRY_YR(5.1.0),AE,A,AED,FCSC,ANN_CNT,NOEXP,_Z,_Z,400,2017,2240379104.40,,,,0
FCSA:DF_TRADE_COUNTRY_YR(5.1.0),AE,A,AED,FCSC,ANN_CNT,NOEXP,_Z,_Z,400,2018,2721787230.72,,,,0
FCSA:DF_TRADE_COUNTRY_YR(5.1.0),AE,A,AED,FCSC,ANN_CNT,NOEXP,_Z,_Z,400,2019,2360970833.55,,,,0
FCSA:DF_TRADE_COUNTRY_YR(5.1.0),AE,A,AED,FCSC,ANN_CNT,NOEXP,_Z,_Z,400,2020,2075022219.64,,,,0
FCSA:DF_TRADE_COUNTRY_YR(5.1.0),AE,A,AED,FCSC,ANN_CNT,NOEXP,_Z,_Z,400,2021,4336329879.02,,,,0
FCSA:DF_TRADE_COUNTRY_YR(5.1.0),AE,A,AED,FCSC,ANN_CNT,NOEXP,_Z,_Z,400,2022,5916771789.81,,,,0
FCSA:DF_TRADE_COUNTRY_YR(5.1.0),AE,A,AED,FCSC,ANN_CNT,NOEXP,_Z,_Z,400,2023,4860957816.14,,,,0
FCSA:DF_TRADE_COUNTRY_YR(5.1.0),AE,A,AED,FCSC,ANN_CNT,NOEXP,_Z,_Z,400,2024,5924315454.57,,,,0
FCSA:DF_TRADE_COUNTRY_YR(5.1.0),AE,A,AED,FCSC,ANN_CNT,IMP,_Z,_Z,380,2017,25013787262.97,,,,0
FCSA:DF_TRADE_COUNTRY_YR(5.1.0),AE,A,AED,FCSC,ANN_CNT,IMP,_Z,_Z,380,2018,24417443510.55,,,,0
FCSA:DF_TRADE_COUNTRY_YR(5.1.0),AE,A,AED,FCSC,ANN_CNT,IMP,_Z,_Z,380,2019,24087535491.13,,,,0
FCSA:DF_TRADE_COUNTRY_YR(5.1.0),AE,A,AED,FCSC,ANN_CNT,IMP,_Z,_Z,380,2020,20348148340.58,,,,0
FCSA:DF_TRADE_COUNTRY_YR(5.1.0),AE,A,AED,FCSC,ANN_CNT,IMP,_Z,_Z,380,2021,29303824964.82,,,,0
FCSA:DF_TRADE_COUNTRY_YR(5.1.0),AE,A,AED,FCSC,ANN_CNT,IMP,_Z,_Z,380,2022,31860714822.87,,,,0
FCSA:DF_TRADE_COUNTRY_YR(5.1.0),AE,A,AED,FCSC,ANN_CNT,IMP,_Z,_Z,380,2023,36993920701.10,,,,0
FCSA:DF_TRADE_COUNTRY_YR(5.1.0),AE,A,AED,FCSC,ANN_CNT,IMP,_Z,_Z,380,2024,44122182906.02,,,,0
FCSA:DF_TRADE_COUNTRY_YR(5.1.0),AE,A,AED,FCSC,ANN_CNT,IMP,_Z,_Z,51,2017,256211481.94,,,,0
FCSA:DF_TRADE_COUNTRY_YR(5.1.0),AE,A,AED,FCSC,ANN_CNT,IMP,_Z,_Z,51,2018,140152133.95,,,,0
FCSA:DF_TRADE_COUNTRY_YR(5.1.0),AE,A,AED,FCSC,ANN_CNT,IMP,_Z,_Z,51,2019,80136494.02,,,,0
FCSA:DF_TRADE_COUNTRY_YR(5.1.0),AE,A,AED,FCSC,ANN_CNT,IMP,_Z,_Z,51,2020,248714232.18,,,,0
FCSA:DF_TRADE_COUNTRY_YR(5.1.0),AE,A,AED,FCSC,ANN_CNT,IMP,_Z,_Z,51,2021,126603600.29,,,,0
FCSA:DF_TRADE_COUNTRY_YR(5.1.0),AE,A,AED,FCSC,ANN_CNT,IMP,_Z,_Z,51,2022,1924916293.72,,,,0
FCSA:DF_TRADE_COUNTRY_YR(5.1.0),AE,A,AED,FCSC,ANN_CNT,IMP,_Z,_Z,51,2023,12342427481.18,,,,0
FCSA:DF_TRADE_COUNTRY_YR(5.1.0),AE,A,AED,FCSC,ANN_CNT,IMP,_Z,_Z,51,2024,24183012818.38,,,,0
FCSA:DF_TRADE_COUNTRY_YR(5.1.0),AE,A,AED,FCSC,ANN_CNT,REEXP,_Z,_Z,795,2017,863899945.16,,,,0
FCSA:DF_TRADE_COUNTRY_YR(5.1.0),AE,A,AED,FCSC,ANN_CNT,REEXP,_Z,_Z,795,2018,791272760.64,,,,0
FCSA:DF_TRADE_COUNTRY_YR(5.1.0),AE,A,AED,FCSC,ANN_CNT,REEXP,_Z,_Z,795,2019,704644486.18,,,,0
FCSA:DF_TRADE_COUNTRY_YR(5.1.0),AE,A,AED,FCSC,ANN_CNT,REEXP,_Z,_Z,795,2020,553698641.82,,,,0
FCSA:DF_TRADE_COUNTRY_YR(5.1.0),AE,A,AED,FCSC,ANN_CNT,REEXP,_Z,_Z,795,2021,803826236.30,,,,0
FCSA:DF_TRADE_COUNTRY_YR(5.1.0),AE,A,AED,FCSC,ANN_CNT,REEXP,_Z,_Z,795,2022,4217034683.74,,,,0
FCSA:DF_TRADE_COUNTRY_YR(5.1.0),AE,A,AED,FCSC,ANN_CNT,REEXP,_Z,_Z,795,2023,3444047030.51,,,,0
FCSA:DF_TRADE_COUNTRY_YR(5.1.0),AE,A,AED,FCSC,ANN_CNT,REEXP,_Z,_Z,795,2024,6088935766.93,,,,0
FCSA:DF_TRADE_COUNTRY_YR(5.1.0),AE,A,AED,FCSC,ANN_CNT,REEXP,_Z,_Z,591,2017,36372386.27,,,,0
FCSA:DF_TRADE_COUNTRY_YR(5.1.0),AE,A,AED,FCSC,ANN_CNT,REEXP,_Z,_Z,591,2018,72689135.90,,,,0
FCSA:DF_TRADE_COUNTRY_YR(5.1.0),AE,A,AED,FCSC,ANN_CNT,REEXP,_Z,_Z,591,2019,39207289.46,,,,0
FCSA:DF_TRADE_COUNTRY_YR(5.1.0),AE,A,AED,FCSC,ANN_CNT,REEXP,_Z,_Z,591,2020,25864470.97,,,,0
FCSA:DF_TRADE_COUNTRY_YR(5.1.0),AE,A,AED,FCSC,ANN_CNT,REEXP,_Z,_Z,591,2021,112385670.00,,,,0
FCSA:DF_TRADE_COUNTRY_YR(5.1.0),AE,A,AED,FCSC,ANN_CNT,REEXP,_Z,_Z,591,2022,122508765.45,,,,0
FCSA:DF_TRADE_COUNTRY_YR(5.1.0),AE,A,AED,FCSC,ANN_CNT,REEXP,_Z,_Z,591,2023,102037730.89,,,,0
FCSA:DF_TRADE_COUNTRY_YR(5.1.0),AE,A,AED,FCSC,ANN_CNT,REEXP,_Z,_Z,591,2024,90674328.86,,,,0
FCSA:DF_TRADE_COUNTRY_YR(5.1.0),AE,A,AED,FCSC,ANN_CNT,TNOEXP,_Z,_Z,108,2017,94809742.52,,,,0
FCSA:DF_TRADE_COUNTRY_YR(5.1.0),AE,A,AED,FCSC,ANN_CNT,TNOEXP,_Z,_Z,108,2018,59490382.87,,,,0
FCSA:DF_TRADE_COUNTRY_YR(5.1.0),AE,A,AED,FCSC,ANN_CNT,TNOEXP,_Z,_Z,108,2019,89152714.92,,,,0
FCSA:DF_TRADE_COUNTRY_YR(5.1.0),AE,A,AED,FCSC,ANN_CNT,TNOEXP,_Z,_Z,108,2020,92878016.19,,,,0
FCSA:DF_TRADE_COUNTRY_YR(5.1.0),AE,A,AED,FCSC,ANN_CNT,TNOEXP,_Z,_Z,108,2021,132816679.70,,,,0
FCSA:DF_TRADE_COUNTRY_YR(5.1.0),AE,A,AED,FCSC,ANN_CNT,TNOEXP,_Z,_Z,108,2022,150989665.20,,,,0
FCSA:DF_TRADE_COUNTRY_YR(5.1.0),AE,A,AED,FCSC,ANN_CNT,TNOEXP,_Z,_Z,108,2023,136253091.11,,,,0
FCSA:DF_TRADE_COUNTRY_YR(5.1.0),AE,A,AED,FCSC,ANN_CNT,TNOEXP,_Z,_Z,108,2024,142158966.03,,,,0
FCSA:DF_TRADE_COUNTRY_YR(5.1.0),AE,A,AED,FCSC,ANN_CNT,REEXP,_Z,_Z,643,2017,2001174188.13,,,,0
FCSA:DF_TRADE_COUNTRY_YR(5.1.0),AE,A,AED,FCSC,ANN_CNT,REEXP,_Z,_Z,643,2018,3530431136.21,,,,0
FCSA:DF_TRADE_COUNTRY_YR(5.1.0),AE,A,AED,FCSC,ANN_CNT,REEXP,_Z,_Z,643,2019,2002614653.57,,,,0
FCSA:DF_TRADE_COUNTRY_YR(5.1.0),AE,A,AED,FCSC,ANN_CNT,REEXP,_Z,_Z,643,2020,1303794645.18,,,,0
FCSA:DF_TRADE_COUNTRY_YR(5.1.0),AE,A,AED,FCSC,ANN_CNT,REEXP,_Z,_Z,643,2021,4380253725.32,,,,0
FCSA:DF_TRADE_COUNTRY_YR(5.1.0),AE,A,AED,FCSC,ANN_CNT,REEXP,_Z,_Z,643,2022,8770753490.50,,,,0
FCSA:DF_TRADE_COUNTRY_YR(5.1.0),AE,A,AED,FCSC,ANN_CNT,REEXP,_Z,_Z,643,2023,15472060399.50,,,,0
FCSA:DF_TRADE_COUNTRY_YR(5.1.0),AE,A,AED,FCSC,ANN_CNT,REEXP,_Z,_Z,643,2024,13422906658.18,,,,0
FCSA:DF_TRADE_COUNTRY_YR(5.1.0),AE,A,AED,FCSC,ANN_CNT,IMP,_Z,_Z,686,2017,640605059.06,,,,0
FCSA:DF_TRADE_COUNTRY_YR(5.1.0),AE,A,AED,FCSC,ANN_CNT,IMP,_Z,_Z,686,2018,622575557.15,,,,0
FCSA:DF_TRADE_COUNTRY_YR(5.1.0),AE,A,AED,FCSC,ANN_CNT,IMP,_Z,_Z,686,2019,617694557.89,,,,0
FCSA:DF_TRADE_COUNTRY_YR(5.1.0),AE,A,AED,FCSC,ANN_CNT,IMP,_Z,_Z,686,2020,388383642.31,,,,0
FCSA:DF_TRADE_COUNTRY_YR(5.1.0),AE,A,AED,FCSC,ANN_CNT,IMP,_Z,_Z,686,2021,535769660.40,,,,0
FCSA:DF_TRADE_COUNTRY_YR(5.1.0),AE,A,AED,FCSC,ANN_CNT,IMP,_Z,_Z,686,2022,636386494.85,,,,0
FCSA:DF_TRADE_COUNTRY_YR(5.1.0),AE,A,AED,FCSC,ANN_CNT,IMP,_Z,_Z,686,2023,879858983.92,,,,0
FCSA:DF_TRADE_COUNTRY_YR(5.1.0),AE,A,AED,FCSC,ANN_CNT,IMP,_Z,_Z,686,2024,1130884861.24,,,,0
FCSA:DF_TRADE_COUNTRY_YR(5.1.0),AE,A,AED,FCSC,ANN_CNT,TNOEXP,_Z,_Z,804,2017,498789891.88,,,,0
FCSA:DF_TRADE_COUNTRY_YR(5.1.0),AE,A,AED,FCSC,ANN_CNT,TNOEXP,_Z,_Z,804,2018,613148777.55,,,,0
FCSA:DF_TRADE_COUNTRY_YR(5.1.0),AE,A,AED,FCSC,ANN_CNT,TNOEXP,_Z,_Z,804,2019,725628502.51,,,,0
FCSA:DF_TRADE_COUNTRY_YR(5.1.0),AE,A,AED,FCSC,ANN_CNT,TNOEXP,_Z,_Z,804,2020,656124961.09,,,,0
FCSA:DF_TRADE_COUNTRY_YR(5.1.0),AE,A,AED,FCSC,ANN_CNT,TNOEXP,_Z,_Z,804,2021,974081771.40,,,,0
FCSA:DF_TRADE_COUNTRY_YR(5.1.0),AE,A,AED,FCSC,ANN_CNT,TNOEXP,_Z,_Z,804,2022,394833585.25,,,,0
FCSA:DF_TRADE_COUNTRY_YR(5.1.0),AE,A,AED,FCSC,ANN_CNT,TNOEXP,_Z,_Z,804,2023,462256856.46,,,,0
FCSA:DF_TRADE_COUNTRY_YR(5.1.0),AE,A,AED,FCSC,ANN_CNT,TNOEXP,_Z,_Z,804,2024,229638037.06,,,,0
FCSA:DF_TRADE_COUNTRY_YR(5.1.0),AE,A,AED,FCSC,ANN_CNT,REEXP,_Z,_Z,646,2017,204336891.00,,,,0
FCSA:DF_TRADE_COUNTRY_YR(5.1.0),AE,A,AED,FCSC,ANN_CNT,REEXP,_Z,_Z,646,2018,393165391.42,,,,0
FCSA:DF_TRADE_COUNTRY_YR(5.1.0),AE,A,AED,FCSC,ANN_CNT,REEXP,_Z,_Z,646,2019,339438303.65,,,,0
FCSA:DF_TRADE_COUNTRY_YR(5.1.0),AE,A,AED,FCSC,ANN_CNT,REEXP,_Z,_Z,646,2020,299948024.56,,,,0
FCSA:DF_TRADE_COUNTRY_YR(5.1.0),AE,A,AED,FCSC,ANN_CNT,REEXP,_Z,_Z,646,2021,385765147.92,,,,0
FCSA:DF_TRADE_COUNTRY_YR(5.1.0),AE,A,AED,FCSC,ANN_CNT,REEXP,_Z,_Z,646,2022,474180545.78,,,,0
FCSA:DF_TRADE_COUNTRY_YR(5.1.0),AE,A,AED,FCSC,ANN_CNT,REEXP,_Z,_Z,646,2023,494828349.07,,,,0
FCSA:DF_TRADE_COUNTRY_YR(5.1.0),AE,A,AED,FCSC,ANN_CNT,REEXP,_Z,_Z,646,2024,638141768.96,,,,0
FCSA:DF_TRADE_COUNTRY_YR(5.1.0),AE,A,AED,FCSC,ANN_CNT,NOEXP,_Z,_Z,498,2017,1604524.95,,,,0
FCSA:DF_TRADE_COUNTRY_YR(5.1.0),AE,A,AED,FCSC,ANN_CNT,NOEXP,_Z,_Z,498,2018,6050148.21,,,,0
FCSA:DF_TRADE_COUNTRY_YR(5.1.0),AE,A,AED,FCSC,ANN_CNT,NOEXP,_Z,_Z,498,2019,6985726.25,,,,0
FCSA:DF_TRADE_COUNTRY_YR(5.1.0),AE,A,AED,FCSC,ANN_CNT,NOEXP,_Z,_Z,498,2020,5090856.79,,,,0
FCSA:DF_TRADE_COUNTRY_YR(5.1.0),AE,A,AED,FCSC,ANN_CNT,NOEXP,_Z,_Z,498,2021,1457440.14,,,,0
FCSA:DF_TRADE_COUNTRY_YR(5.1.0),AE,A,AED,FCSC,ANN_CNT,NOEXP,_Z,_Z,498,2022,1526199.16,,,,0
FCSA:DF_TRADE_COUNTRY_YR(5.1.0),AE,A,AED,FCSC,ANN_CNT,NOEXP,_Z,_Z,498,2023,3160766.27,,,,0
FCSA:DF_TRADE_COUNTRY_YR(5.1.0),AE,A,AED,FCSC,ANN_CNT,NOEXP,_Z,_Z,498,2024,2506061.38,,,,0
FCSA:DF_TRADE_COUNTRY_YR(5.1.0),AE,A,AED,FCSC,ANN_CNT,TNOEXP,_Z,_Z,166,2017,9912.93,,,,0
FCSA:DF_TRADE_COUNTRY_YR(5.1.0),AE,A,AED,FCSC,ANN_CNT,TNOEXP,_Z,_Z,166,2018,923.25,,,,0
FCSA:DF_TRADE_COUNTRY_YR(5.1.0),AE,A,AED,FCSC,ANN_CNT,TNOEXP,_Z,_Z,166,2019,3288944.45,,,,0
FCSA:DF_TRADE_COUNTRY_YR(5.1.0),AE,A,AED,FCSC,ANN_CNT,TNOEXP,_Z,_Z,166,2020,76570.60,,,,0
FCSA:DF_TRADE_COUNTRY_YR(5.1.0),AE,A,AED,FCSC,ANN_CNT,TNOEXP,_Z,_Z,166,2021,25000.00,,,,0
FCSA:DF_TRADE_COUNTRY_YR(5.1.0),AE,A,AED,FCSC,ANN_CNT,TNOEXP,_Z,_Z,166,2022,169605.00,,,,0
FCSA:DF_TRADE_COUNTRY_YR(5.1.0),AE,A,AED,FCSC,ANN_CNT,TNOEXP,_Z,_Z,166,2023,0.00,,,,0
FCSA:DF_TRADE_COUNTRY_YR(5.1.0),AE,A,AED,FCSC,ANN_CNT,TNOEXP,_Z,_Z,166,2024,45345.50,,,,0
FCSA:DF_TRADE_COUNTRY_YR(5.1.0),AE,A,AED,FCSC,ANN_CNT,TNOEXP,_Z,_Z,104,2017,527359612.88,,,,0
FCSA:DF_TRADE_COUNTRY_YR(5.1.0),AE,A,AED,FCSC,ANN_CNT,TNOEXP,_Z,_Z,104,2018,519881589.76,,,,0
FCSA:DF_TRADE_COUNTRY_YR(5.1.0),AE,A,AED,FCSC,ANN_CNT,TNOEXP,_Z,_Z,104,2019,570143843.39,,,,0
FCSA:DF_TRADE_COUNTRY_YR(5.1.0),AE,A,AED,FCSC,ANN_CNT,TNOEXP,_Z,_Z,104,2020,560960544.64,,,,0
FCSA:DF_TRADE_COUNTRY_YR(5.1.0),AE,A,AED,FCSC,ANN_CNT,TNOEXP,_Z,_Z,104,2021,534950956.17,,,,0
FCSA:DF_TRADE_COUNTRY_YR(5.1.0),AE,A,AED,FCSC,ANN_CNT,TNOEXP,_Z,_Z,104,2022,354944165.66,,,,0
FCSA:DF_TRADE_COUNTRY_YR(5.1.0),AE,A,AED,FCSC,ANN_CNT,TNOEXP,_Z,_Z,104,2023,302883843.03,,,,0
FCSA:DF_TRADE_COUNTRY_YR(5.1.0),AE,A,AED,FCSC,ANN_CNT,TNOEXP,_Z,_Z,104,2024,163588947.50,,,,0
FCSA:DF_TRADE_COUNTRY_YR(5.1.0),AE,A,AED,FCSC,ANN_CNT,TNOEXP,_Z,_Z,626,2017,6108831.54,,,,0
FCSA:DF_TRADE_COUNTRY_YR(5.1.0),AE,A,AED,FCSC,ANN_CNT,TNOEXP,_Z,_Z,626,2018,5739278.32,,,,0
FCSA:DF_TRADE_COUNTRY_YR(5.1.0),AE,A,AED,FCSC,ANN_CNT,TNOEXP,_Z,_Z,626,2019,10775775.85,,,,0
FCSA:DF_TRADE_COUNTRY_YR(5.1.0),AE,A,AED,FCSC,ANN_CNT,TNOEXP,_Z,_Z,626,2020,616039.37,,,,0
FCSA:DF_TRADE_COUNTRY_YR(5.1.0),AE,A,AED,FCSC,ANN_CNT,TNOEXP,_Z,_Z,626,2021,5983243.66,,,,0
FCSA:DF_TRADE_COUNTRY_YR(5.1.0),AE,A,AED,FCSC,ANN_CNT,TNOEXP,_Z,_Z,626,2022,13671011.46,,,,0
FCSA:DF_TRADE_COUNTRY_YR(5.1.0),AE,A,AED,FCSC,ANN_CNT,TNOEXP,_Z,_Z,626,2023,12857508.58,,,,0
FCSA:DF_TRADE_COUNTRY_YR(5.1.0),AE,A,AED,FCSC,ANN_CNT,TNOEXP,_Z,_Z,626,2024,20214504.54,,,,0
FCSA:DF_TRADE_COUNTRY_YR(5.1.0),AE,A,AED,FCSC,ANN_CNT,TNOEXP,_Z,_Z,704,2017,2220408366.48,,,,0
FCSA:DF_TRADE_COUNTRY_YR(5.1.0),AE,A,AED,FCSC,ANN_CNT,TNOEXP,_Z,_Z,704,2018,1942166483.98,,,,0
FCSA:DF_TRADE_COUNTRY_YR(5.1.0),AE,A,AED,FCSC,ANN_CNT,TNOEXP,_Z,_Z,704,2019,3574716535.40,,,,0
FCSA:DF_TRADE_COUNTRY_YR(5.1.0),AE,A,AED,FCSC,ANN_CNT,TNOEXP,_Z,_Z,704,2020,2731041564.22,,,,0
FCSA:DF_TRADE_COUNTRY_YR(5.1.0),AE,A,AED,FCSC,ANN_CNT,TNOEXP,_Z,_Z,704,2021,4645318371.40,,,,0
FCSA:DF_TRADE_COUNTRY_YR(5.1.0),AE,A,AED,FCSC,ANN_CNT,TNOEXP,_Z,_Z,704,2022,4671326957.30,,,,0
FCSA:DF_TRADE_COUNTRY_YR(5.1.0),AE,A,AED,FCSC,ANN_CNT,TNOEXP,_Z,_Z,704,2023,3925869994.58,,,,0
FCSA:DF_TRADE_COUNTRY_YR(5.1.0),AE,A,AED,FCSC,ANN_CNT,TNOEXP,_Z,_Z,704,2024,2839322199.17,,,,0
FCSA:DF_TRADE_COUNTRY_YR(5.1.0),AE,A,AED,FCSC,ANN_CNT,NOEXP,_Z,_Z,360,2017,918705297.89,,,,0
FCSA:DF_TRADE_COUNTRY_YR(5.1.0),AE,A,AED,FCSC,ANN_CNT,NOEXP,_Z,_Z,360,2018,983947314.72,,,,0
FCSA:DF_TRADE_COUNTRY_YR(5.1.0),AE,A,AED,FCSC,ANN_CNT,NOEXP,_Z,_Z,360,2019,1302506752.76,,,,0
FCSA:DF_TRADE_COUNTRY_YR(5.1.0),AE,A,AED,FCSC,ANN_CNT,NOEXP,_Z,_Z,360,2020,792779356.35,,,,0
FCSA:DF_TRADE_COUNTRY_YR(5.1.0),AE,A,AED,FCSC,ANN_CNT,NOEXP,_Z,_Z,360,2021,1203258107.87,,,,0
FCSA:DF_TRADE_COUNTRY_YR(5.1.0),AE,A,AED,FCSC,ANN_CNT,NOEXP,_Z,_Z,360,2022,1803767827.49,,,,0
FCSA:DF_TRADE_COUNTRY_YR(5.1.0),AE,A,AED,FCSC,ANN_CNT,NOEXP,_Z,_Z,360,2023,2020401888.09,,,,0
FCSA:DF_TRADE_COUNTRY_YR(5.1.0),AE,A,AED,FCSC,ANN_CNT,NOEXP,_Z,_Z,360,2024,1468766882.62,,,,0
FCSA:DF_TRADE_COUNTRY_YR(5.1.0),AE,A,AED,FCSC,ANN_CNT,NOEXP,_Z,_Z,834,2017,849320431.47,,,,0
FCSA:DF_TRADE_COUNTRY_YR(5.1.0),AE,A,AED,FCSC,ANN_CNT,NOEXP,_Z,_Z,834,2018,775117438.41,,,,0
FCSA:DF_TRADE_COUNTRY_YR(5.1.0),AE,A,AED,FCSC,ANN_CNT,NOEXP,_Z,_Z,834,2019,1334821718.25,,,,0
FCSA:DF_TRADE_COUNTRY_YR(5.1.0),AE,A,AED,FCSC,ANN_CNT,NOEXP,_Z,_Z,834,2020,854415445.32,,,,0
FCSA:DF_TRADE_COUNTRY_YR(5.1.0),AE,A,AED,FCSC,ANN_CNT,NOEXP,_Z,_Z,834,2021,1238330565.98,,,,0
FCSA:DF_TRADE_COUNTRY_YR(5.1.0),AE,A,AED,FCSC,ANN_CNT,NOEXP,_Z,_Z,834,2022,1297101596.54,,,,0
FCSA:DF_TRADE_COUNTRY_YR(5.1.0),AE,A,AED,FCSC,ANN_CNT,NOEXP,_Z,_Z,834,2023,1122991161.04,,,,0
FCSA:DF_TRADE_COUNTRY_YR(5.1.0),AE,A,AED,FCSC,ANN_CNT,NOEXP,_Z,_Z,834,2024,1653648274.61,,,,0
FCSA:DF_TRADE_COUNTRY_YR(5.1.0),AE,A,AED,FCSC,ANN_CNT,IMP,_Z,_Z,616,2017,3578979810.37,,,,0
FCSA:DF_TRADE_COUNTRY_YR(5.1.0),AE,A,AED,FCSC,ANN_CNT,IMP,_Z,_Z,616,2018,3662140795.10,,,,0
FCSA:DF_TRADE_COUNTRY_YR(5.1.0),AE,A,AED,FCSC,ANN_CNT,IMP,_Z,_Z,616,2019,4785107535.40,,,,0
FCSA:DF_TRADE_COUNTRY_YR(5.1.0),AE,A,AED,FCSC,ANN_CNT,IMP,_Z,_Z,616,2020,4181735749.90,,,,0
FCSA:DF_TRADE_COUNTRY_YR(5.1.0),AE,A,AED,FCSC,ANN_CNT,IMP,_Z,_Z,616,2021,4403193154.42,,,,0
FCSA:DF_TRADE_COUNTRY_YR(5.1.0),AE,A,AED,FCSC,ANN_CNT,IMP,_Z,_Z,616,2022,5427730408.99,,,,0
FCSA:DF_TRADE_COUNTRY_YR(5.1.0),AE,A,AED,FCSC,ANN_CNT,IMP,_Z,_Z,616,2023,6414204496.15,,,,0
FCSA:DF_TRADE_COUNTRY_YR(5.1.0),AE,A,AED,FCSC,ANN_CNT,IMP,_Z,_Z,616,2024,6681833819.74,,,,0
FCSA:DF_TRADE_COUNTRY_YR(5.1.0),AE,A,AED,FCSC,ANN_CNT,TTRADE,_Z,_Z,376,2020,586590509.68,,,,0
FCSA:DF_TRADE_COUNTRY_YR(5.1.0),AE,A,AED,FCSC,ANN_CNT,TTRADE,_Z,_Z,376,2021,4805614692.51,,,,0
FCSA:DF_TRADE_COUNTRY_YR(5.1.0),AE,A,AED,FCSC,ANN_CNT,TTRADE,_Z,_Z,376,2022,9282854107.19,,,,0
FCSA:DF_TRADE_COUNTRY_YR(5.1.0),AE,A,AED,FCSC,ANN_CNT,TTRADE,_Z,_Z,376,2023,8506707768.58,,,,0
FCSA:DF_TRADE_COUNTRY_YR(5.1.0),AE,A,AED,FCSC,ANN_CNT,TTRADE,_Z,_Z,376,2024,8056599684.68,,,,0
FCSA:DF_TRADE_COUNTRY_YR(5.1.0),AE,A,AED,FCSC,ANN_CNT,TNOEXP,_Z,_Z,144,2017,2853942806.73,,,,0
FCSA:DF_TRADE_COUNTRY_YR(5.1.0),AE,A,AED,FCSC,ANN_CNT,TNOEXP,_Z,_Z,144,2018,3536161015.48,,,,0
FCSA:DF_TRADE_COUNTRY_YR(5.1.0),AE,A,AED,FCSC,ANN_CNT,TNOEXP,_Z,_Z,144,2019,3883414456.12,,,,0
FCSA:DF_TRADE_COUNTRY_YR(5.1.0),AE,A,AED,FCSC,ANN_CNT,TNOEXP,_Z,_Z,144,2020,2240972389.21,,,,0
FCSA:DF_TRADE_COUNTRY_YR(5.1.0),AE,A,AED,FCSC,ANN_CNT,TNOEXP,_Z,_Z,144,2021,2192398517.04,,,,0
FCSA:DF_TRADE_COUNTRY_YR(5.1.0),AE,A,AED,FCSC,ANN_CNT,TNOEXP,_Z,_Z,144,2022,3015177367.96,,,,0
FCSA:DF_TRADE_COUNTRY_YR(5.1.0),AE,A,AED,FCSC,ANN_CNT,TNOEXP,_Z,_Z,144,2023,2724592498.44,,,,0
FCSA:DF_TRADE_COUNTRY_YR(5.1.0),AE,A,AED,FCSC,ANN_CNT,TNOEXP,_Z,_Z,144,2024,2723924004.98,,,,0
FCSA:DF_TRADE_COUNTRY_YR(5.1.0),AE,A,AED,FCSC,ANN_CNT,TNOEXP,_Z,_Z,760,2017,3556373806.26,,,,0
FCSA:DF_TRADE_COUNTRY_YR(5.1.0),AE,A,AED,FCSC,ANN_CNT,TNOEXP,_Z,_Z,760,2018,4387393992.86,,,,0
FCSA:DF_TRADE_COUNTRY_YR(5.1.0),AE,A,AED,FCSC,ANN_CNT,TNOEXP,_Z,_Z,760,2019,3000394264.42,,,,0
FCSA:DF_TRADE_COUNTRY_YR(5.1.0),AE,A,AED,FCSC,ANN_CNT,TNOEXP,_Z,_Z,760,2020,2448663184.68,,,,0
FCSA:DF_TRADE_COUNTRY_YR(5.1.0),AE,A,AED,FCSC,ANN_CNT,TNOEXP,_Z,_Z,760,2021,1692389724.33,,,,0
FCSA:DF_TRADE_COUNTRY_YR(5.1.0),AE,A,AED,FCSC,ANN_CNT,TNOEXP,_Z,_Z,760,2022,1664377782.33,,,,0
FCSA:DF_TRADE_COUNTRY_YR(5.1.0),AE,A,AED,FCSC,ANN_CNT,TNOEXP,_Z,_Z,760,2023,1682737584.99,,,,0
FCSA:DF_TRADE_COUNTRY_YR(5.1.0),AE,A,AED,FCSC,ANN_CNT,TNOEXP,_Z,_Z,760,2024,1858626430.93,,,,0
FCSA:DF_TRADE_COUNTRY_YR(5.1.0),AE,A,AED,FCSC,ANN_CNT,TTRADE,_Z,_Z,706,2017,3337009658.63,,,,0
FCSA:DF_TRADE_COUNTRY_YR(5.1.0),AE,A,AED,FCSC,ANN_CNT,TTRADE,_Z,_Z,706,2018,4313770730.93,,,,0
FCSA:DF_TRADE_COUNTRY_YR(5.1.0),AE,A,AED,FCSC,ANN_CNT,TTRADE,_Z,_Z,706,2019,4973622012.12,,,,0
FCSA:DF_TRADE_COUNTRY_YR(5.1.0),AE,A,AED,FCSC,ANN_CNT,TTRADE,_Z,_Z,706,2020,5240988173.81,,,,0
FCSA:DF_TRADE_COUNTRY_YR(5.1.0),AE,A,AED,FCSC,ANN_CNT,TTRADE,_Z,_Z,706,2021,6136184806.86,,,,0
FCSA:DF_TRADE_COUNTRY_YR(5.1.0),AE,A,AED,FCSC,ANN_CNT,TTRADE,_Z,_Z,706,2022,7988141406.27,,,,0
FCSA:DF_TRADE_COUNTRY_YR(5.1.0),AE,A,AED,FCSC,ANN_CNT,TTRADE,_Z,_Z,706,2023,6921284406.50,,,,0
FCSA:DF_TRADE_COUNTRY_YR(5.1.0),AE,A,AED,FCSC,ANN_CNT,TTRADE,_Z,_Z,706,2024,8167565720.22,,,,0
FCSA:DF_TRADE_COUNTRY_YR(5.1.0),AE,A,AED,FCSC,ANN_CNT,NOEXP,_Z,_Z,703,2017,1167281.48,,,,0
FCSA:DF_TRADE_COUNTRY_YR(5.1.0),AE,A,AED,FCSC,ANN_CNT,NOEXP,_Z,_Z,703,2018,2116879.90,,,,0
FCSA:DF_TRADE_COUNTRY_YR(5.1.0),AE,A,AED,FCSC,ANN_CNT,NOEXP,_Z,_Z,703,2019,36609236.72,,,,0
FCSA:DF_TRADE_COUNTRY_YR(5.1.0),AE,A,AED,FCSC,ANN_CNT,NOEXP,_Z,_Z,703,2020,8221136.44,,,,0
FCSA:DF_TRADE_COUNTRY_YR(5.1.0),AE,A,AED,FCSC,ANN_CNT,NOEXP,_Z,_Z,703,2021,16042073.31,,,,0
FCSA:DF_TRADE_COUNTRY_YR(5.1.0),AE,A,AED,FCSC,ANN_CNT,NOEXP,_Z,_Z,703,2022,43612547.75,,,,0
FCSA:DF_TRADE_COUNTRY_YR(5.1.0),AE,A,AED,FCSC,ANN_CNT,NOEXP,_Z,_Z,703,2023,34428925.54,,,,0
FCSA:DF_TRADE_COUNTRY_YR(5.1.0),AE,A,AED,FCSC,ANN_CNT,NOEXP,_Z,_Z,703,2024,36573523.98,,,,0
FCSA:DF_TRADE_COUNTRY_YR(5.1.0),AE,A,AED,FCSC,ANN_CNT,IMP,_Z,_Z,162,2017,0.00,,,,0
FCSA:DF_TRADE_COUNTRY_YR(5.1.0),AE,A,AED,FCSC,ANN_CNT,IMP,_Z,_Z,162,2018,252.00,,,,0
FCSA:DF_TRADE_COUNTRY_YR(5.1.0),AE,A,AED,FCSC,ANN_CNT,IMP,_Z,_Z,162,2019,687.00,,,,0
FCSA:DF_TRADE_COUNTRY_YR(5.1.0),AE,A,AED,FCSC,ANN_CNT,IMP,_Z,_Z,162,2020,363494.10,,,,0
FCSA:DF_TRADE_COUNTRY_YR(5.1.0),AE,A,AED,FCSC,ANN_CNT,IMP,_Z,_Z,162,2021,1427770.32,,,,0
FCSA:DF_TRADE_COUNTRY_YR(5.1.0),AE,A,AED,FCSC,ANN_CNT,IMP,_Z,_Z,162,2022,12468.83,,,,0
FCSA:DF_TRADE_COUNTRY_YR(5.1.0),AE,A,AED,FCSC,ANN_CNT,IMP,_Z,_Z,162,2023,38590.06,,,,0
FCSA:DF_TRADE_COUNTRY_YR(5.1.0),AE,A,AED,FCSC,ANN_CNT,IMP,_Z,_Z,162,2024,67745.31,,,,0
FCSA:DF_TRADE_COUNTRY_YR(5.1.0),AE,A,AED,FCSC,ANN_CNT,IMP,_Z,_Z,184,2018,0.00,,,,0
FCSA:DF_TRADE_COUNTRY_YR(5.1.0),AE,A,AED,FCSC,ANN_CNT,IMP,_Z,_Z,184,2019,0.00,,,,0
FCSA:DF_TRADE_COUNTRY_YR(5.1.0),AE,A,AED,FCSC,ANN_CNT,IMP,_Z,_Z,184,2020,22246.02,,,,0
FCSA:DF_TRADE_COUNTRY_YR(5.1.0),AE,A,AED,FCSC,ANN_CNT,IMP,_Z,_Z,184,2021,174211.63,,,,0
FCSA:DF_TRADE_COUNTRY_YR(5.1.0),AE,A,AED,FCSC,ANN_CNT,IMP,_Z,_Z,184,2022,93572.05,,,,0
FCSA:DF_TRADE_COUNTRY_YR(5.1.0),AE,A,AED,FCSC,ANN_CNT,IMP,_Z,_Z,184,2023,107213.62,,,,0
FCSA:DF_TRADE_COUNTRY_YR(5.1.0),AE,A,AED,FCSC,ANN_CNT,IMP,_Z,_Z,184,2024,469012.36,,,,0
FCSA:DF_TRADE_COUNTRY_YR(5.1.0),AE,A,AED,FCSC,ANN_CNT,NOEXP,_Z,_Z,666,2021,0.00,,,,0
FCSA:DF_TRADE_COUNTRY_YR(5.1.0),AE,A,AED,FCSC,ANN_CNT,NOEXP,_Z,_Z,666,2022,0.00,,,,0
FCSA:DF_TRADE_COUNTRY_YR(5.1.0),AE,A,AED,FCSC,ANN_CNT,NOEXP,_Z,_Z,666,2023,0.00,,,,0
FCSA:DF_TRADE_COUNTRY_YR(5.1.0),AE,A,AED,FCSC,ANN_CNT,NOEXP,_Z,_Z,666,2024,0.00,,,,0
FCSA:DF_TRADE_COUNTRY_YR(5.1.0),AE,A,AED,FCSC,ANN_CNT,IMP,_Z,_Z,756,2017,18564118275.53,,,,0
FCSA:DF_TRADE_COUNTRY_YR(5.1.0),AE,A,AED,FCSC,ANN_CNT,IMP,_Z,_Z,756,2018,21434221694.10,,,,0
FCSA:DF_TRADE_COUNTRY_YR(5.1.0),AE,A,AED,FCSC,ANN_CNT,IMP,_Z,_Z,756,2019,15076279432.82,,,,0
FCSA:DF_TRADE_COUNTRY_YR(5.1.0),AE,A,AED,FCSC,ANN_CNT,IMP,_Z,_Z,756,2020,11104094354.35,,,,0
FCSA:DF_TRADE_COUNTRY_YR(5.1.0),AE,A,AED,FCSC,ANN_CNT,IMP,_Z,_Z,756,2021,19633681574.54,,,,0
FCSA:DF_TRADE_COUNTRY_YR(5.1.0),AE,A,AED,FCSC,ANN_CNT,IMP,_Z,_Z,756,2022,22312781844.02,,,,0
FCSA:DF_TRADE_COUNTRY_YR(5.1.0),AE,A,AED,FCSC,ANN_CNT,IMP,_Z,_Z,756,2023,41150024233.59,,,,0
FCSA:DF_TRADE_COUNTRY_YR(5.1.0),AE,A,AED,FCSC,ANN_CNT,IMP,_Z,_Z,756,2024,47781510534.30,,,,0
FCSA:DF_TRADE_COUNTRY_YR(5.1.0),AE,A,AED,FCSC,ANN_CNT,TTRADE,_Z,_Z,24,2017,5846368700.65,,,,0
FCSA:DF_TRADE_COUNTRY_YR(5.1.0),AE,A,AED,FCSC,ANN_CNT,TTRADE,_Z,_Z,24,2018,7734277777.76,,,,0
FCSA:DF_TRADE_COUNTRY_YR(5.1.0),AE,A,AED,FCSC,ANN_CNT,TTRADE,_Z,_Z,24,2019,5854027101.52,,,,0
FCSA:DF_TRADE_COUNTRY_YR(5.1.0),AE,A,AED,FCSC,ANN_CNT,TTRADE,_Z,_Z,24,2020,4536086913.72,,,,0
FCSA:DF_TRADE_COUNTRY_YR(5.1.0),AE,A,AED,FCSC,ANN_CNT,TTRADE,_Z,_Z,24,2021,7630329181.59,,,,0
FCSA:DF_TRADE_COUNTRY_YR(5.1.0),AE,A,AED,FCSC,ANN_CNT,TTRADE,_Z,_Z,24,2022,10300606880.76,,,,0
FCSA:DF_TRADE_COUNTRY_YR(5.1.0),AE,A,AED,FCSC,ANN_CNT,TTRADE,_Z,_Z,24,2023,7781816312.54,,,,0
FCSA:DF_TRADE_COUNTRY_YR(5.1.0),AE,A,AED,FCSC,ANN_CNT,TTRADE,_Z,_Z,24,2024,7980761056.85,,,,0
FCSA:DF_TRADE_COUNTRY_YR(5.1.0),AE,A,AED,FCSC,ANN_CNT,NOEXP,_Z,_Z,308,2017,17203218.28,,,,0
FCSA:DF_TRADE_COUNTRY_YR(5.1.0),AE,A,AED,FCSC,ANN_CNT,NOEXP,_Z,_Z,308,2018,8760274.50,,,,0
FCSA:DF_TRADE_COUNTRY_YR(5.1.0),AE,A,AED,FCSC,ANN_CNT,NOEXP,_Z,_Z,308,2019,1755212.47,,,,0
FCSA:DF_TRADE_COUNTRY_YR(5.1.0),AE,A,AED,FCSC,ANN_CNT,NOEXP,_Z,_Z,308,2020,4664397.78,,,,0
FCSA:DF_TRADE_COUNTRY_YR(5.1.0),AE,A,AED,FCSC,ANN_CNT,NOEXP,_Z,_Z,308,2021,7413553.23,,,,0
FCSA:DF_TRADE_COUNTRY_YR(5.1.0),AE,A,AED,FCSC,ANN_CNT,NOEXP,_Z,_Z,308,2022,2137806.88,,,,0
FCSA:DF_TRADE_COUNTRY_YR(5.1.0),AE,A,AED,FCSC,ANN_CNT,NOEXP,_Z,_Z,308,2023,1347356.26,,,,0
FCSA:DF_TRADE_COUNTRY_YR(5.1.0),AE,A,AED,FCSC,ANN_CNT,NOEXP,_Z,_Z,308,2024,6337623.81,,,,0
FCSA:DF_TRADE_COUNTRY_YR(5.1.0),AE,A,AED,FCSC,ANN_CNT,REEXP,_Z,_Z,562,2017,227476136.72,,,,0
FCSA:DF_TRADE_COUNTRY_YR(5.1.0),AE,A,AED,FCSC,ANN_CNT,REEXP,_Z,_Z,562,2018,194982620.62,,,,0
FCSA:DF_TRADE_COUNTRY_YR(5.1.0),AE,A,AED,FCSC,ANN_CNT,REEXP,_Z,_Z,562,2019,308161080.60,,,,0
FCSA:DF_TRADE_COUNTRY_YR(5.1.0),AE,A,AED,FCSC,ANN_CNT,REEXP,_Z,_Z,562,2020,279344527.94,,,,0
FCSA:DF_TRADE_COUNTRY_YR(5.1.0),AE,A,AED,FCSC,ANN_CNT,REEXP,_Z,_Z,562,2021,225559980.91,,,,0
FCSA:DF_TRADE_COUNTRY_YR(5.1.0),AE,A,AED,FCSC,ANN_CNT,REEXP,_Z,_Z,562,2022,152908470.50,,,,0
FCSA:DF_TRADE_COUNTRY_YR(5.1.0),AE,A,AED,FCSC,ANN_CNT,REEXP,_Z,_Z,562,2023,215923963.12,,,,0
FCSA:DF_TRADE_COUNTRY_YR(5.1.0),AE,A,AED,FCSC,ANN_CNT,REEXP,_Z,_Z,562,2024,102946581.66,,,,0
FCSA:DF_TRADE_COUNTRY_YR(5.1.0),AE,A,AED,FCSC,ANN_CNT,TNOEXP,_Z,_Z,188,2017,12550579.64,,,,0
FCSA:DF_TRADE_COUNTRY_YR(5.1.0),AE,A,AED,FCSC,ANN_CNT,TNOEXP,_Z,_Z,188,2018,27906687.52,,,,0
FCSA:DF_TRADE_COUNTRY_YR(5.1.0),AE,A,AED,FCSC,ANN_CNT,TNOEXP,_Z,_Z,188,2019,49013710.29,,,,0
FCSA:DF_TRADE_COUNTRY_YR(5.1.0),AE,A,AED,FCSC,ANN_CNT,TNOEXP,_Z,_Z,188,2020,33443775.57,,,,0
FCSA:DF_TRADE_COUNTRY_YR(5.1.0),AE,A,AED,FCSC,ANN_CNT,TNOEXP,_Z,_Z,188,2021,48392392.55,,,,0
FCSA:DF_TRADE_COUNTRY_YR(5.1.0),AE,A,AED,FCSC,ANN_CNT,TNOEXP,_Z,_Z,188,2022,59352988.56,,,,0
FCSA:DF_TRADE_COUNTRY_YR(5.1.0),AE,A,AED,FCSC,ANN_CNT,TNOEXP,_Z,_Z,188,2023,68057858.36,,,,0
FCSA:DF_TRADE_COUNTRY_YR(5.1.0),AE,A,AED,FCSC,ANN_CNT,TNOEXP,_Z,_Z,188,2024,70552965.17,,,,0
FCSA:DF_TRADE_COUNTRY_YR(5.1.0),AE,A,AED,FCSC,ANN_CNT,NOEXP,_Z,_Z,660,2017,169337.20,,,,0
FCSA:DF_TRADE_COUNTRY_YR(5.1.0),AE,A,AED,FCSC,ANN_CNT,NOEXP,_Z,_Z,660,2018,2082.00,,,,0
FCSA:DF_TRADE_COUNTRY_YR(5.1.0),AE,A,AED,FCSC,ANN_CNT,NOEXP,_Z,_Z,660,2019,203544.00,,,,0
FCSA:DF_TRADE_COUNTRY_YR(5.1.0),AE,A,AED,FCSC,ANN_CNT,NOEXP,_Z,_Z,660,2020,494.67,,,,0
FCSA:DF_TRADE_COUNTRY_YR(5.1.0),AE,A,AED,FCSC,ANN_CNT,NOEXP,_Z,_Z,660,2021,1647.71,,,,0
FCSA:DF_TRADE_COUNTRY_YR(5.1.0),AE,A,AED,FCSC,ANN_CNT,NOEXP,_Z,_Z,660,2022,262255.58,,,,0
FCSA:DF_TRADE_COUNTRY_YR(5.1.0),AE,A,AED,FCSC,ANN_CNT,NOEXP,_Z,_Z,660,2023,1526221.00,,,,0
FCSA:DF_TRADE_COUNTRY_YR(5.1.0),AE,A,AED,FCSC,ANN_CNT,NOEXP,_Z,_Z,660,2024,2216039.29,,,,0
FCSA:DF_TRADE_COUNTRY_YR(5.1.0),AE,A,AED,FCSC,ANN_CNT,TTRADE,_Z,_Z,663,2017,2005502.23,,,,0
FCSA:DF_TRADE_COUNTRY_YR(5.1.0),AE,A,AED,FCSC,ANN_CNT,TTRADE,_Z,_Z,663,2018,1833567.53,,,,0
FCSA:DF_TRADE_COUNTRY_YR(5.1.0),AE,A,AED,FCSC,ANN_CNT,TTRADE,_Z,_Z,663,2019,1776088.31,,,,0
FCSA:DF_TRADE_COUNTRY_YR(5.1.0),AE,A,AED,FCSC,ANN_CNT,TTRADE,_Z,_Z,663,2020,1295726.48,,,,0
FCSA:DF_TRADE_COUNTRY_YR(5.1.0),AE,A,AED,FCSC,ANN_CNT,TTRADE,_Z,_Z,663,2021,3039889.58,,,,0
FCSA:DF_TRADE_COUNTRY_YR(5.1.0),AE,A,AED,FCSC,ANN_CNT,TTRADE,_Z,_Z,663,2022,9777035.12,,,,0
FCSA:DF_TRADE_COUNTRY_YR(5.1.0),AE,A,AED,FCSC,ANN_CNT,TTRADE,_Z,_Z,663,2023,9614977.25,,,,0
FCSA:DF_TRADE_COUNTRY_YR(5.1.0),AE,A,AED,FCSC,ANN_CNT,TTRADE,_Z,_Z,663,2024,10396849.36,,,,0
FCSA:DF_TRADE_COUNTRY_YR(5.1.0),AE,A,AED,FCSC,ANN_CNT,NOEXP,_Z,_Z,364,2017,3247231706.55,,,,0
FCSA:DF_TRADE_COUNTRY_YR(5.1.0),AE,A,AED,FCSC,ANN_CNT,NOEXP,_Z,_Z,364,2018,2945637637.83,,,,0
FCSA:DF_TRADE_COUNTRY_YR(5.1.0),AE,A,AED,FCSC,ANN_CNT,NOEXP,_Z,_Z,364,2019,1769631947.57,,,,0
FCSA:DF_TRADE_COUNTRY_YR(5.1.0),AE,A,AED,FCSC,ANN_CNT,NOEXP,_Z,_Z,364,2020,1077058399.81,,,,0
FCSA:DF_TRADE_COUNTRY_YR(5.1.0),AE,A,AED,FCSC,ANN_CNT,NOEXP,_Z,_Z,364,2021,1206729001.72,,,,0
FCSA:DF_TRADE_COUNTRY_YR(5.1.0),AE,A,AED,FCSC,ANN_CNT,NOEXP,_Z,_Z,364,2022,2032004445.33,,,,0
FCSA:DF_TRADE_COUNTRY_YR(5.1.0),AE,A,AED,FCSC,ANN_CNT,NOEXP,_Z,_Z,364,2023,1878338909.91,,,,0
FCSA:DF_TRADE_COUNTRY_YR(5.1.0),AE,A,AED,FCSC,ANN_CNT,NOEXP,_Z,_Z,364,2024,1199392482.68,,,,0
FCSA:DF_TRADE_COUNTRY_YR(5.1.0),AE,A,AED,FCSC,ANN_CNT,TNOEXP,_Z,_Z,112,2017,41598894.17,,,,0
FCSA:DF_TRADE_COUNTRY_YR(5.1.0),AE,A,AED,FCSC,ANN_CNT,TNOEXP,_Z,_Z,112,2018,40230916.18,,,,0
FCSA:DF_TRADE_COUNTRY_YR(5.1.0),AE,A,AED,FCSC,ANN_CNT,TNOEXP,_Z,_Z,112,2019,154330694.61,,,,0
FCSA:DF_TRADE_COUNTRY_YR(5.1.0),AE,A,AED,FCSC,ANN_CNT,TNOEXP,_Z,_Z,112,2020,150080317.40,,,,0
FCSA:DF_TRADE_COUNTRY_YR(5.1.0),AE,A,AED,FCSC,ANN_CNT,TNOEXP,_Z,_Z,112,2021,185898835.44,,,,0
FCSA:DF_TRADE_COUNTRY_YR(5.1.0),AE,A,AED,FCSC,ANN_CNT,TNOEXP,_Z,_Z,112,2022,317070894.03,,,,0
FCSA:DF_TRADE_COUNTRY_YR(5.1.0),AE,A,AED,FCSC,ANN_CNT,TNOEXP,_Z,_Z,112,2023,2175314894.08,,,,0
FCSA:DF_TRADE_COUNTRY_YR(5.1.0),AE,A,AED,FCSC,ANN_CNT,TNOEXP,_Z,_Z,112,2024,1361385325.51,,,,0
FCSA:DF_TRADE_COUNTRY_YR(5.1.0),AE,A,AED,FCSC,ANN_CNT,TTRADE,_Z,_Z,266,2017,315510854.49,,,,0
FCSA:DF_TRADE_COUNTRY_YR(5.1.0),AE,A,AED,FCSC,ANN_CNT,TTRADE,_Z,_Z,266,2018,438207494.85,,,,0
FCSA:DF_TRADE_COUNTRY_YR(5.1.0),AE,A,AED,FCSC,ANN_CNT,TTRADE,_Z,_Z,266,2019,557112550.50,,,,0
FCSA:DF_TRADE_COUNTRY_YR(5.1.0),AE,A,AED,FCSC,ANN_CNT,TTRADE,_Z,_Z,266,2020,408253897.88,,,,0
FCSA:DF_TRADE_COUNTRY_YR(5.1.0),AE,A,AED,FCSC,ANN_CNT,TTRADE,_Z,_Z,266,2021,567997495.19,,,,0
FCSA:DF_TRADE_COUNTRY_YR(5.1.0),AE,A,AED,FCSC,ANN_CNT,TTRADE,_Z,_Z,266,2022,721734686.02,,,,0
FCSA:DF_TRADE_COUNTRY_YR(5.1.0),AE,A,AED,FCSC,ANN_CNT,TTRADE,_Z,_Z,266,2023,933604397.31,,,,0
FCSA:DF_TRADE_COUNTRY_YR(5.1.0),AE,A,AED,FCSC,ANN_CNT,TTRADE,_Z,_Z,266,2024,1171668033.95,,,,0
FCSA:DF_TRADE_COUNTRY_YR(5.1.0),AE,A,AED,FCSC,ANN_CNT,TTRADE,_Z,_Z,328,2017,191561259.15,,,,0
FCSA:DF_TRADE_COUNTRY_YR(5.1.0),AE,A,AED,FCSC,ANN_CNT,TTRADE,_Z,_Z,328,2018,644880282.08,,,,0
FCSA:DF_TRADE_COUNTRY_YR(5.1.0),AE,A,AED,FCSC,ANN_CNT,TTRADE,_Z,_Z,328,2019,1243606560.11,,,,0
FCSA:DF_TRADE_COUNTRY_YR(5.1.0),AE,A,AED,FCSC,ANN_CNT,TTRADE,_Z,_Z,328,2020,1745720409.97,,,,0
FCSA:DF_TRADE_COUNTRY_YR(5.1.0),AE,A,AED,FCSC,ANN_CNT,TTRADE,_Z,_Z,328,2021,2534019102.94,,,,0
FCSA:DF_TRADE_COUNTRY_YR(5.1.0),AE,A,AED,FCSC,ANN_CNT,TTRADE,_Z,_Z,328,2022,3034791763.96,,,,0
FCSA:DF_TRADE_COUNTRY_YR(5.1.0),AE,A,AED,FCSC,ANN_CNT,TTRADE,_Z,_Z,328,2023,2575668362.32,,,,0
FCSA:DF_TRADE_COUNTRY_YR(5.1.0),AE,A,AED,FCSC,ANN_CNT,TTRADE,_Z,_Z,328,2024,1847356268.01,,,,0
FCSA:DF_TRADE_COUNTRY_YR(5.1.0),AE,A,AED,FCSC,ANN_CNT,TTRADE,_Z,_Z,68,2017,1517054990.80,,,,0
FCSA:DF_TRADE_COUNTRY_YR(5.1.0),AE,A,AED,FCSC,ANN_CNT,TTRADE,_Z,_Z,68,2018,1438415266.72,,,,0
FCSA:DF_TRADE_COUNTRY_YR(5.1.0),AE,A,AED,FCSC,ANN_CNT,TTRADE,_Z,_Z,68,2019,3498782528.93,,,,0
FCSA:DF_TRADE_COUNTRY_YR(5.1.0),AE,A,AED,FCSC,ANN_CNT,TTRADE,_Z,_Z,68,2020,2021613525.21,,,,0
FCSA:DF_TRADE_COUNTRY_YR(5.1.0),AE,A,AED,FCSC,ANN_CNT,TTRADE,_Z,_Z,68,2021,1649153670.00,,,,0
FCSA:DF_TRADE_COUNTRY_YR(5.1.0),AE,A,AED,FCSC,ANN_CNT,TTRADE,_Z,_Z,68,2022,2228420079.60,,,,0
FCSA:DF_TRADE_COUNTRY_YR(5.1.0),AE,A,AED,FCSC,ANN_CNT,TTRADE,_Z,_Z,68,2023,3423197038.29,,,,0
FCSA:DF_TRADE_COUNTRY_YR(5.1.0),AE,A,AED,FCSC,ANN_CNT,TTRADE,_Z,_Z,68,2024,1963097542.82,,,,0
FCSA:DF_TRADE_COUNTRY_YR(5.1.0),AE,A,AED,FCSC,ANN_CNT,IMP,_Z,_Z,136,2017,121025.00,,,,0
FCSA:DF_TRADE_COUNTRY_YR(5.1.0),AE,A,AED,FCSC,ANN_CNT,IMP,_Z,_Z,136,2018,7901.85,,,,0
FCSA:DF_TRADE_COUNTRY_YR(5.1.0),AE,A,AED,FCSC,ANN_CNT,IMP,_Z,_Z,136,2019,11210.00,,,,0
FCSA:DF_TRADE_COUNTRY_YR(5.1.0),AE,A,AED,FCSC,ANN_CNT,IMP,_Z,_Z,136,2020,74252.19,,,,0
FCSA:DF_TRADE_COUNTRY_YR(5.1.0),AE,A,AED,FCSC,ANN_CNT,IMP,_Z,_Z,136,2021,208500.68,,,,0
FCSA:DF_TRADE_COUNTRY_YR(5.1.0),AE,A,AED,FCSC,ANN_CNT,IMP,_Z,_Z,136,2022,321520.00,,,,0
FCSA:DF_TRADE_COUNTRY_YR(5.1.0),AE,A,AED,FCSC,ANN_CNT,IMP,_Z,_Z,136,2023,29597.00,,,,0
FCSA:DF_TRADE_COUNTRY_YR(5.1.0),AE,A,AED,FCSC,ANN_CNT,IMP,_Z,_Z,136,2024,39495.30,,,,0
FCSA:DF_TRADE_COUNTRY_YR(5.1.0),AE,A,AED,FCSC,ANN_CNT,TTRADE,_Z,_Z,356,2017,127667447392.21,,,,0
FCSA:DF_TRADE_COUNTRY_YR(5.1.0),AE,A,AED,FCSC,ANN_CNT,TTRADE,_Z,_Z,356,2018,131911529416.24,,,,0
FCSA:DF_TRADE_COUNTRY_YR(5.1.0),AE,A,AED,FCSC,ANN_CNT,TTRADE,_Z,_Z,356,2019,152051994700.98,,,,0
FCSA:DF_TRADE_COUNTRY_YR(5.1.0),AE,A,AED,FCSC,ANN_CNT,TTRADE,_Z,_Z,356,2020,102544981514.84,,,,0
FCSA:DF_TRADE_COUNTRY_YR(5.1.0),AE,A,AED,FCSC,ANN_CNT,TTRADE,_Z,_Z,356,2021,164571705781.94,,,,0
FCSA:DF_TRADE_COUNTRY_YR(5.1.0),AE,A,AED,FCSC,ANN_CNT,TTRADE,_Z,_Z,356,2022,188807612822.23,,,,0
FCSA:DF_TRADE_COUNTRY_YR(5.1.0),AE,A,AED,FCSC,ANN_CNT,TTRADE,_Z,_Z,356,2023,199327100210.27,,,,0
FCSA:DF_TRADE_COUNTRY_YR(5.1.0),AE,A,AED,FCSC,ANN_CNT,TTRADE,_Z,_Z,356,2024,238646526058.62,,,,0
FCSA:DF_TRADE_COUNTRY_YR(5.1.0),AE,A,AED,FCSC,ANN_CNT,REEXP,_Z,_Z,620,2017,39353820.40,,,,0
FCSA:DF_TRADE_COUNTRY_YR(5.1.0),AE,A,AED,FCSC,ANN_CNT,REEXP,_Z,_Z,620,2018,25271154.00,,,,0
FCSA:DF_TRADE_COUNTRY_YR(5.1.0),AE,A,AED,FCSC,ANN_CNT,REEXP,_Z,_Z,620,2019,55626781.00,,,,0
FCSA:DF_TRADE_COUNTRY_YR(5.1.0),AE,A,AED,FCSC,ANN_CNT,REEXP,_Z,_Z,620,2020,46342147.76,,,,0
FCSA:DF_TRADE_COUNTRY_YR(5.1.0),AE,A,AED,FCSC,ANN_CNT,REEXP,_Z,_Z,620,2021,74245303.29,,,,0
FCSA:DF_TRADE_COUNTRY_YR(5.1.0),AE,A,AED,FCSC,ANN_CNT,REEXP,_Z,_Z,620,2022,215055512.39,,,,0
FCSA:DF_TRADE_COUNTRY_YR(5.1.0),AE,A,AED,FCSC,ANN_CNT,REEXP,_Z,_Z,620,2023,445000850.16,,,,0
FCSA:DF_TRADE_COUNTRY_YR(5.1.0),AE,A,AED,FCSC,ANN_CNT,REEXP,_Z,_Z,620,2024,552973031.56,,,,0
FCSA:DF_TRADE_COUNTRY_YR(5.1.0),AE,A,AED,FCSC,ANN_CNT,TTRADE,_Z,_Z,798,2017,610168.00,,,,0
FCSA:DF_TRADE_COUNTRY_YR(5.1.0),AE,A,AED,FCSC,ANN_CNT,TTRADE,_Z,_Z,798,2018,96600.00,,,,0
FCSA:DF_TRADE_COUNTRY_YR(5.1.0),AE,A,AED,FCSC,ANN_CNT,TTRADE,_Z,_Z,798,2019,643.86,,,,0
FCSA:DF_TRADE_COUNTRY_YR(5.1.0),AE,A,AED,FCSC,ANN_CNT,TTRADE,_Z,_Z,798,2021,317796.46,,,,0
FCSA:DF_TRADE_COUNTRY_YR(5.1.0),AE,A,AED,FCSC,ANN_CNT,TTRADE,_Z,_Z,798,2022,419670.12,,,,0
FCSA:DF_TRADE_COUNTRY_YR(5.1.0),AE,A,AED,FCSC,ANN_CNT,TTRADE,_Z,_Z,798,2023,196020.96,,,,0
FCSA:DF_TRADE_COUNTRY_YR(5.1.0),AE,A,AED,FCSC,ANN_CNT,TTRADE,_Z,_Z,798,2024,415078.45,,,,0
FCSA:DF_TRADE_COUNTRY_YR(5.1.0),AE,A,AED,FCSC,ANN_CNT,TNOEXP,_Z,_Z,762,2017,181070796.56,,,,0
FCSA:DF_TRADE_COUNTRY_YR(5.1.0),AE,A,AED,FCSC,ANN_CNT,TNOEXP,_Z,_Z,762,2018,250646401.77,,,,0
FCSA:DF_TRADE_COUNTRY_YR(5.1.0),AE,A,AED,FCSC,ANN_CNT,TNOEXP,_Z,_Z,762,2019,224359999.40,,,,0
FCSA:DF_TRADE_COUNTRY_YR(5.1.0),AE,A,AED,FCSC,ANN_CNT,TNOEXP,_Z,_Z,762,2020,332018161.38,,,,0
FCSA:DF_TRADE_COUNTRY_YR(5.1.0),AE,A,AED,FCSC,ANN_CNT,TNOEXP,_Z,_Z,762,2021,435440448.24,,,,0
FCSA:DF_TRADE_COUNTRY_YR(5.1.0),AE,A,AED,FCSC,ANN_CNT,TNOEXP,_Z,_Z,762,2022,619043434.59,,,,0
FCSA:DF_TRADE_COUNTRY_YR(5.1.0),AE,A,AED,FCSC,ANN_CNT,TNOEXP,_Z,_Z,762,2023,942919590.24,,,,0
FCSA:DF_TRADE_COUNTRY_YR(5.1.0),AE,A,AED,FCSC,ANN_CNT,TNOEXP,_Z,_Z,762,2024,1282518456.46,,,,0
FCSA:DF_TRADE_COUNTRY_YR(5.1.0),AE,A,AED,FCSC,ANN_CNT,IMP,_Z,_Z,732,2017,0.00,,,,0
FCSA:DF_TRADE_COUNTRY_YR(5.1.0),AE,A,AED,FCSC,ANN_CNT,IMP,_Z,_Z,732,2018,15859.74,,,,0
FCSA:DF_TRADE_COUNTRY_YR(5.1.0),AE,A,AED,FCSC,ANN_CNT,IMP,_Z,_Z,732,2019,9800.03,,,,0
FCSA:DF_TRADE_COUNTRY_YR(5.1.0),AE,A,AED,FCSC,ANN_CNT,IMP,_Z,_Z,732,2020,25001.61,,,,0
FCSA:DF_TRADE_COUNTRY_YR(5.1.0),AE,A,AED,FCSC,ANN_CNT,IMP,_Z,_Z,732,2021,34387.02,,,,0
FCSA:DF_TRADE_COUNTRY_YR(5.1.0),AE,A,AED,FCSC,ANN_CNT,IMP,_Z,_Z,732,2022,15859.74,,,,0
FCSA:DF_TRADE_COUNTRY_YR(5.1.0),AE,A,AED,FCSC,ANN_CNT,IMP,_Z,_Z,732,2023,31719.48,,,,0
FCSA:DF_TRADE_COUNTRY_YR(5.1.0),AE,A,AED,FCSC,ANN_CNT,IMP,_Z,_Z,732,2024,808.41,,,,0
FCSA:DF_TRADE_COUNTRY_YR(5.1.0),AE,A,AED,FCSC,ANN_CNT,REEXP,_Z,_Z,554,2017,89663770.08,,,,0
FCSA:DF_TRADE_COUNTRY_YR(5.1.0),AE,A,AED,FCSC,ANN_CNT,REEXP,_Z,_Z,554,2018,84622658.98,,,,0
FCSA:DF_TRADE_COUNTRY_YR(5.1.0),AE,A,AED,FCSC,ANN_CNT,REEXP,_Z,_Z,554,2019,143687325.80,,,,0
FCSA:DF_TRADE_COUNTRY_YR(5.1.0),AE,A,AED,FCSC,ANN_CNT,REEXP,_Z,_Z,554,2020,128554899.33,,,,0
FCSA:DF_TRADE_COUNTRY_YR(5.1.0),AE,A,AED,FCSC,ANN_CNT,REEXP,_Z,_Z,554,2021,196121096.16,,,,0
FCSA:DF_TRADE_COUNTRY_YR(5.1.0),AE,A,AED,FCSC,ANN_CNT,REEXP,_Z,_Z,554,2022,270024253.83,,,,0
FCSA:DF_TRADE_COUNTRY_YR(5.1.0),AE,A,AED,FCSC,ANN_CNT,REEXP,_Z,_Z,554,2023,164191704.74,,,,0
FCSA:DF_TRADE_COUNTRY_YR(5.1.0),AE,A,AED,FCSC,ANN_CNT,REEXP,_Z,_Z,554,2024,166266865.35,,,,0
FCSA:DF_TRADE_COUNTRY_YR(5.1.0),AE,A,AED,FCSC,ANN_CNT,REEXP,_Z,_Z,694,2017,90480496.48,,,,0
FCSA:DF_TRADE_COUNTRY_YR(5.1.0),AE,A,AED,FCSC,ANN_CNT,REEXP,_Z,_Z,694,2018,80556097.60,,,,0
FCSA:DF_TRADE_COUNTRY_YR(5.1.0),AE,A,AED,FCSC,ANN_CNT,REEXP,_Z,_Z,694,2019,68399579.66,,,,0
FCSA:DF_TRADE_COUNTRY_YR(5.1.0),AE,A,AED,FCSC,ANN_CNT,REEXP,_Z,_Z,694,2020,103074326.14,,,,0
FCSA:DF_TRADE_COUNTRY_YR(5.1.0),AE,A,AED,FCSC,ANN_CNT,REEXP,_Z,_Z,694,2021,149366813.53,,,,0
FCSA:DF_TRADE_COUNTRY_YR(5.1.0),AE,A,AED,FCSC,ANN_CNT,REEXP,_Z,_Z,694,2022,153703417.26,,,,0
FCSA:DF_TRADE_COUNTRY_YR(5.1.0),AE,A,AED,FCSC,ANN_CNT,REEXP,_Z,_Z,694,2023,178282402.63,,,,0
FCSA:DF_TRADE_COUNTRY_YR(5.1.0),AE,A,AED,FCSC,ANN_CNT,REEXP,_Z,_Z,694,2024,166426598.66,,,,0
FCSA:DF_TRADE_COUNTRY_YR(5.1.0),AE,A,AED,FCSC,ANN_CNT,REEXP,_Z,_Z,580,2017,432237.09,,,,0
FCSA:DF_TRADE_COUNTRY_YR(5.1.0),AE,A,AED,FCSC,ANN_CNT,REEXP,_Z,_Z,580,2018,224704.28,,,,0
FCSA:DF_TRADE_COUNTRY_YR(5.1.0),AE,A,AED,FCSC,ANN_CNT,REEXP,_Z,_Z,580,2019,542573.85,,,,0
FCSA:DF_TRADE_COUNTRY_YR(5.1.0),AE,A,AED,FCSC,ANN_CNT,REEXP,_Z,_Z,580,2020,437417.97,,,,0
FCSA:DF_TRADE_COUNTRY_YR(5.1.0),AE,A,AED,FCSC,ANN_CNT,REEXP,_Z,_Z,580,2021,354027.35,,,,0
FCSA:DF_TRADE_COUNTRY_YR(5.1.0),AE,A,AED,FCSC,ANN_CNT,REEXP,_Z,_Z,580,2022,688754.64,,,,0
FCSA:DF_TRADE_COUNTRY_YR(5.1.0),AE,A,AED,FCSC,ANN_CNT,REEXP,_Z,_Z,580,2023,4264430.28,,,,0
FCSA:DF_TRADE_COUNTRY_YR(5.1.0),AE,A,AED,FCSC,ANN_CNT,REEXP,_Z,_Z,580,2024,7435939.94,,,,0
FCSA:DF_TRADE_COUNTRY_YR(5.1.0),AE,A,AED,FCSC,ANN_CNT,NOEXP,_Z,_Z,184,2018,354782.14,,,,0
FCSA:DF_TRADE_COUNTRY_YR(5.1.0),AE,A,AED,FCSC,ANN_CNT,NOEXP,_Z,_Z,184,2019,270340.00,,,,0
FCSA:DF_TRADE_COUNTRY_YR(5.1.0),AE,A,AED,FCSC,ANN_CNT,NOEXP,_Z,_Z,184,2020,0.00,,,,0
FCSA:DF_TRADE_COUNTRY_YR(5.1.0),AE,A,AED,FCSC,ANN_CNT,NOEXP,_Z,_Z,184,2021,0.00,,,,0
FCSA:DF_TRADE_COUNTRY_YR(5.1.0),AE,A,AED,FCSC,ANN_CNT,NOEXP,_Z,_Z,184,2022,0.00,,,,0
FCSA:DF_TRADE_COUNTRY_YR(5.1.0),AE,A,AED,FCSC,ANN_CNT,NOEXP,_Z,_Z,184,2023,0.00,,,,0
FCSA:DF_TRADE_COUNTRY_YR(5.1.0),AE,A,AED,FCSC,ANN_CNT,NOEXP,_Z,_Z,184,2024,0.00,,,,0
FCSA:DF_TRADE_COUNTRY_YR(5.1.0),AE,A,AED,FCSC,ANN_CNT,TTRADE,_Z,_Z,512,2017,35835885186.15,,,,0
FCSA:DF_TRADE_COUNTRY_YR(5.1.0),AE,A,AED,FCSC,ANN_CNT,TTRADE,_Z,_Z,512,2018,45973218008.67,,,,0
FCSA:DF_TRADE_COUNTRY_YR(5.1.0),AE,A,AED,FCSC,ANN_CNT,TTRADE,_Z,_Z,512,2019,48001930346.43,,,,0
FCSA:DF_TRADE_COUNTRY_YR(5.1.0),AE,A,AED,FCSC,ANN_CNT,TTRADE,_Z,_Z,512,2020,42323529137.50,,,,0
FCSA:DF_TRADE_COUNTRY_YR(5.1.0),AE,A,AED,FCSC,ANN_CNT,TTRADE,_Z,_Z,512,2021,46547575418.64,,,,0
FCSA:DF_TRADE_COUNTRY_YR(5.1.0),AE,A,AED,FCSC,ANN_CNT,TTRADE,_Z,_Z,512,2022,48695133350.15,,,,0
FCSA:DF_TRADE_COUNTRY_YR(5.1.0),AE,A,AED,FCSC,ANN_CNT,TTRADE,_Z,_Z,512,2023,51013385739.67,,,,0
FCSA:DF_TRADE_COUNTRY_YR(5.1.0),AE,A,AED,FCSC,ANN_CNT,TTRADE,_Z,_Z,512,2024,54330228122.78,,,,0
FCSA:DF_TRADE_COUNTRY_YR(5.1.0),AE,A,AED,FCSC,ANN_CNT,TNOEXP,_Z,_Z,795,2017,990944183.32,,,,0
FCSA:DF_TRADE_COUNTRY_YR(5.1.0),AE,A,AED,FCSC,ANN_CNT,TNOEXP,_Z,_Z,795,2018,949630940.50,,,,0
FCSA:DF_TRADE_COUNTRY_YR(5.1.0),AE,A,AED,FCSC,ANN_CNT,TNOEXP,_Z,_Z,795,2019,980813474.17,,,,0
FCSA:DF_TRADE_COUNTRY_YR(5.1.0),AE,A,AED,FCSC,ANN_CNT,TNOEXP,_Z,_Z,795,2020,668968854.76,,,,0
FCSA:DF_TRADE_COUNTRY_YR(5.1.0),AE,A,AED,FCSC,ANN_CNT,TNOEXP,_Z,_Z,795,2021,908903473.15,,,,0
FCSA:DF_TRADE_COUNTRY_YR(5.1.0),AE,A,AED,FCSC,ANN_CNT,TNOEXP,_Z,_Z,795,2022,4489267738.19,,,,0
FCSA:DF_TRADE_COUNTRY_YR(5.1.0),AE,A,AED,FCSC,ANN_CNT,TNOEXP,_Z,_Z,795,2023,3702928438.00,,,,0
FCSA:DF_TRADE_COUNTRY_YR(5.1.0),AE,A,AED,FCSC,ANN_CNT,TNOEXP,_Z,_Z,795,2024,6321233617.57,,,,0
FCSA:DF_TRADE_COUNTRY_YR(5.1.0),AE,A,AED,FCSC,ANN_CNT,IMP,_Z,_Z,178,2017,3271200460.53,,,,0
FCSA:DF_TRADE_COUNTRY_YR(5.1.0),AE,A,AED,FCSC,ANN_CNT,IMP,_Z,_Z,178,2018,5152720301.76,,,,0
FCSA:DF_TRADE_COUNTRY_YR(5.1.0),AE,A,AED,FCSC,ANN_CNT,IMP,_Z,_Z,178,2019,5769683432.88,,,,0
FCSA:DF_TRADE_COUNTRY_YR(5.1.0),AE,A,AED,FCSC,ANN_CNT,IMP,_Z,_Z,178,2020,5678396930.30,,,,0
FCSA:DF_TRADE_COUNTRY_YR(5.1.0),AE,A,AED,FCSC,ANN_CNT,IMP,_Z,_Z,178,2021,6847454222.81,,,,0
FCSA:DF_TRADE_COUNTRY_YR(5.1.0),AE,A,AED,FCSC,ANN_CNT,IMP,_Z,_Z,178,2022,7091967419.43,,,,0
FCSA:DF_TRADE_COUNTRY_YR(5.1.0),AE,A,AED,FCSC,ANN_CNT,IMP,_Z,_Z,178,2023,9931557011.66,,,,0
FCSA:DF_TRADE_COUNTRY_YR(5.1.0),AE,A,AED,FCSC,ANN_CNT,IMP,_Z,_Z,178,2024,9529583021.33,,,,0
FCSA:DF_TRADE_COUNTRY_YR(5.1.0),AE,A,AED,FCSC,ANN_CNT,TNOEXP,_Z,_Z,740,2017,21797372.57,,,,0
FCSA:DF_TRADE_COUNTRY_YR(5.1.0),AE,A,AED,FCSC,ANN_CNT,TNOEXP,_Z,_Z,740,2018,57472016.89,,,,0
FCSA:DF_TRADE_COUNTRY_YR(5.1.0),AE,A,AED,FCSC,ANN_CNT,TNOEXP,_Z,_Z,740,2019,63131976.61,,,,0
FCSA:DF_TRADE_COUNTRY_YR(5.1.0),AE,A,AED,FCSC,ANN_CNT,TNOEXP,_Z,_Z,740,2020,23477751.47,,,,0
FCSA:DF_TRADE_COUNTRY_YR(5.1.0),AE,A,AED,FCSC,ANN_CNT,TNOEXP,_Z,_Z,740,2021,101868672.31,,,,0
FCSA:DF_TRADE_COUNTRY_YR(5.1.0),AE,A,AED,FCSC,ANN_CNT,TNOEXP,_Z,_Z,740,2022,119773709.45,,,,0
FCSA:DF_TRADE_COUNTRY_YR(5.1.0),AE,A,AED,FCSC,ANN_CNT,TNOEXP,_Z,_Z,740,2023,184619062.63,,,,0
FCSA:DF_TRADE_COUNTRY_YR(5.1.0),AE,A,AED,FCSC,ANN_CNT,TNOEXP,_Z,_Z,740,2024,157937959.00,,,,0
FCSA:DF_TRADE_COUNTRY_YR(5.1.0),AE,A,AED,FCSC,ANN_CNT,TNOEXP,_Z,_Z,840,2017,27331608204.23,,,,0
FCSA:DF_TRADE_COUNTRY_YR(5.1.0),AE,A,AED,FCSC,ANN_CNT,TNOEXP,_Z,_Z,840,2018,22976408231.32,,,,0
FCSA:DF_TRADE_COUNTRY_YR(5.1.0),AE,A,AED,FCSC,ANN_CNT,TNOEXP,_Z,_Z,840,2019,23453223081.09,,,,0
FCSA:DF_TRADE_COUNTRY_YR(5.1.0),AE,A,AED,FCSC,ANN_CNT,TNOEXP,_Z,_Z,840,2020,19660222813.18,,,,0
FCSA:DF_TRADE_COUNTRY_YR(5.1.0),AE,A,AED,FCSC,ANN_CNT,TNOEXP,_Z,_Z,840,2021,28142570287.24,,,,0
FCSA:DF_TRADE_COUNTRY_YR(5.1.0),AE,A,AED,FCSC,ANN_CNT,TNOEXP,_Z,_Z,840,2022,42314745893.34,,,,0
FCSA:DF_TRADE_COUNTRY_YR(5.1.0),AE,A,AED,FCSC,ANN_CNT,TNOEXP,_Z,_Z,840,2023,49686900125.43,,,,0
FCSA:DF_TRADE_COUNTRY_YR(5.1.0),AE,A,AED,FCSC,ANN_CNT,TNOEXP,_Z,_Z,840,2024,42859239358.04,,,,0
FCSA:DF_TRADE_COUNTRY_YR(5.1.0),AE,A,AED,FCSC,ANN_CNT,NOEXP,_Z,_Z,414,2017,6364220301.09,,,,0
FCSA:DF_TRADE_COUNTRY_YR(5.1.0),AE,A,AED,FCSC,ANN_CNT,NOEXP,_Z,_Z,414,2018,10465413724.42,,,,0
FCSA:DF_TRADE_COUNTRY_YR(5.1.0),AE,A,AED,FCSC,ANN_CNT,NOEXP,_Z,_Z,414,2019,9927142047.73,,,,0
FCSA:DF_TRADE_COUNTRY_YR(5.1.0),AE,A,AED,FCSC,ANN_CNT,NOEXP,_Z,_Z,414,2020,7359055613.74,,,,0
FCSA:DF_TRADE_COUNTRY_YR(5.1.0),AE,A,AED,FCSC,ANN_CNT,NOEXP,_Z,_Z,414,2021,12657671087.34,,,,0
FCSA:DF_TRADE_COUNTRY_YR(5.1.0),AE,A,AED,FCSC,ANN_CNT,NOEXP,_Z,_Z,414,2022,14291791253.33,,,,0
FCSA:DF_TRADE_COUNTRY_YR(5.1.0),AE,A,AED,FCSC,ANN_CNT,NOEXP,_Z,_Z,414,2023,12125834709.74,,,,0
FCSA:DF_TRADE_COUNTRY_YR(5.1.0),AE,A,AED,FCSC,ANN_CNT,NOEXP,_Z,_Z,414,2024,12902720994.38,,,,0
FCSA:DF_TRADE_COUNTRY_YR(5.1.0),AE,A,AED,FCSC,ANN_CNT,IMP,_Z,_Z,364,2017,6812749731.73,,,,0
FCSA:DF_TRADE_COUNTRY_YR(5.1.0),AE,A,AED,FCSC,ANN_CNT,IMP,_Z,_Z,364,2018,18492734949.16,,,,0
FCSA:DF_TRADE_COUNTRY_YR(5.1.0),AE,A,AED,FCSC,ANN_CNT,IMP,_Z,_Z,364,2019,4535917117.39,,,,0
FCSA:DF_TRADE_COUNTRY_YR(5.1.0),AE,A,AED,FCSC,ANN_CNT,IMP,_Z,_Z,364,2020,1317342413.44,,,,0
FCSA:DF_TRADE_COUNTRY_YR(5.1.0),AE,A,AED,FCSC,ANN_CNT,IMP,_Z,_Z,364,2021,1328770430.93,,,,0
FCSA:DF_TRADE_COUNTRY_YR(5.1.0),AE,A,AED,FCSC,ANN_CNT,IMP,_Z,_Z,364,2022,1593425230.04,,,,0
FCSA:DF_TRADE_COUNTRY_YR(5.1.0),AE,A,AED,FCSC,ANN_CNT,IMP,_Z,_Z,364,2023,1664020512.85,,,,0
FCSA:DF_TRADE_COUNTRY_YR(5.1.0),AE,A,AED,FCSC,ANN_CNT,IMP,_Z,_Z,364,2024,2002066007.71,,,,0
FCSA:DF_TRADE_COUNTRY_YR(5.1.0),AE,A,AED,FCSC,ANN_CNT,TTRADE,_Z,_Z,729,2017,13698557298.55,,,,0
FCSA:DF_TRADE_COUNTRY_YR(5.1.0),AE,A,AED,FCSC,ANN_CNT,TTRADE,_Z,_Z,729,2018,7326294646.82,,,,0
FCSA:DF_TRADE_COUNTRY_YR(5.1.0),AE,A,AED,FCSC,ANN_CNT,TTRADE,_Z,_Z,729,2019,7625666571.35,,,,0
FCSA:DF_TRADE_COUNTRY_YR(5.1.0),AE,A,AED,FCSC,ANN_CNT,TTRADE,_Z,_Z,729,2020,11002874651.39,,,,0
FCSA:DF_TRADE_COUNTRY_YR(5.1.0),AE,A,AED,FCSC,ANN_CNT,TTRADE,_Z,_Z,729,2021,15672293323.69,,,,0
FCSA:DF_TRADE_COUNTRY_YR(5.1.0),AE,A,AED,FCSC,ANN_CNT,TTRADE,_Z,_Z,729,2022,15432520926.31,,,,0
FCSA:DF_TRADE_COUNTRY_YR(5.1.0),AE,A,AED,FCSC,ANN_CNT,TTRADE,_Z,_Z,729,2023,7152592551.78,,,,0
FCSA:DF_TRADE_COUNTRY_YR(5.1.0),AE,A,AED,FCSC,ANN_CNT,TTRADE,_Z,_Z,729,2024,13104612459.56,,,,0
FCSA:DF_TRADE_COUNTRY_YR(5.1.0),AE,A,AED,FCSC,ANN_CNT,NOEXP,_Z,_Z,344,2017,2250945537.61,,,,0
FCSA:DF_TRADE_COUNTRY_YR(5.1.0),AE,A,AED,FCSC,ANN_CNT,NOEXP,_Z,_Z,344,2018,1980785589.42,,,,0
FCSA:DF_TRADE_COUNTRY_YR(5.1.0),AE,A,AED,FCSC,ANN_CNT,NOEXP,_Z,_Z,344,2019,3244691278.88,,,,0
FCSA:DF_TRADE_COUNTRY_YR(5.1.0),AE,A,AED,FCSC,ANN_CNT,NOEXP,_Z,_Z,344,2020,17119966850.33,,,,0
FCSA:DF_TRADE_COUNTRY_YR(5.1.0),AE,A,AED,FCSC,ANN_CNT,NOEXP,_Z,_Z,344,2021,25778480333.80,,,,0
FCSA:DF_TRADE_COUNTRY_YR(5.1.0),AE,A,AED,FCSC,ANN_CNT,NOEXP,_Z,_Z,344,2022,22457495626.31,,,,0
FCSA:DF_TRADE_COUNTRY_YR(5.1.0),AE,A,AED,FCSC,ANN_CNT,NOEXP,_Z,_Z,344,2023,31342266259.21,,,,0
FCSA:DF_TRADE_COUNTRY_YR(5.1.0),AE,A,AED,FCSC,ANN_CNT,NOEXP,_Z,_Z,344,2024,45348324257.05,,,,0
FCSA:DF_TRADE_COUNTRY_YR(5.1.0),AE,A,AED,FCSC,ANN_CNT,IMP,_Z,_Z,834,2017,3447576945.82,,,,0
FCSA:DF_TRADE_COUNTRY_YR(5.1.0),AE,A,AED,FCSC,ANN_CNT,IMP,_Z,_Z,834,2018,1552457710.45,,,,0
FCSA:DF_TRADE_COUNTRY_YR(5.1.0),AE,A,AED,FCSC,ANN_CNT,IMP,_Z,_Z,834,2019,2109713906.82,,,,0
FCSA:DF_TRADE_COUNTRY_YR(5.1.0),AE,A,AED,FCSC,ANN_CNT,IMP,_Z,_Z,834,2020,3188217857.68,,,,0
FCSA:DF_TRADE_COUNTRY_YR(5.1.0),AE,A,AED,FCSC,ANN_CNT,IMP,_Z,_Z,834,2021,4883955645.17,,,,0
FCSA:DF_TRADE_COUNTRY_YR(5.1.0),AE,A,AED,FCSC,ANN_CNT,IMP,_Z,_Z,834,2022,4657941707.28,,,,0
FCSA:DF_TRADE_COUNTRY_YR(5.1.0),AE,A,AED,FCSC,ANN_CNT,IMP,_Z,_Z,834,2023,5776142991.58,,,,0
FCSA:DF_TRADE_COUNTRY_YR(5.1.0),AE,A,AED,FCSC,ANN_CNT,IMP,_Z,_Z,834,2024,5989180714.56,,,,0
FCSA:DF_TRADE_COUNTRY_YR(5.1.0),AE,A,AED,FCSC,ANN_CNT,TTRADE,_Z,_Z,324,2017,10757874893.47,,,,0
FCSA:DF_TRADE_COUNTRY_YR(5.1.0),AE,A,AED,FCSC,ANN_CNT,TTRADE,_Z,_Z,324,2018,9302477476.42,,,,0
FCSA:DF_TRADE_COUNTRY_YR(5.1.0),AE,A,AED,FCSC,ANN_CNT,TTRADE,_Z,_Z,324,2019,9568250981.79,,,,0
FCSA:DF_TRADE_COUNTRY_YR(5.1.0),AE,A,AED,FCSC,ANN_CNT,TTRADE,_Z,_Z,324,2020,26063574737.46,,,,0
FCSA:DF_TRADE_COUNTRY_YR(5.1.0),AE,A,AED,FCSC,ANN_CNT,TTRADE,_Z,_Z,324,2021,10368114657.76,,,,0
FCSA:DF_TRADE_COUNTRY_YR(5.1.0),AE,A,AED,FCSC,ANN_CNT,TTRADE,_Z,_Z,324,2022,10546987767.40,,,,0
FCSA:DF_TRADE_COUNTRY_YR(5.1.0),AE,A,AED,FCSC,ANN_CNT,TTRADE,_Z,_Z,324,2023,34273455707.20,,,,0
FCSA:DF_TRADE_COUNTRY_YR(5.1.0),AE,A,AED,FCSC,ANN_CNT,TTRADE,_Z,_Z,324,2024,44259275739.12,,,,0
FCSA:DF_TRADE_COUNTRY_YR(5.1.0),AE,A,AED,FCSC,ANN_CNT,IMP,_Z,_Z,222,2017,8360630.80,,,,0
FCSA:DF_TRADE_COUNTRY_YR(5.1.0),AE,A,AED,FCSC,ANN_CNT,IMP,_Z,_Z,222,2018,12837680.13,,,,0
FCSA:DF_TRADE_COUNTRY_YR(5.1.0),AE,A,AED,FCSC,ANN_CNT,IMP,_Z,_Z,222,2019,10882935.61,,,,0
FCSA:DF_TRADE_COUNTRY_YR(5.1.0),AE,A,AED,FCSC,ANN_CNT,IMP,_Z,_Z,222,2020,7804114.23,,,,0
FCSA:DF_TRADE_COUNTRY_YR(5.1.0),AE,A,AED,FCSC,ANN_CNT,IMP,_Z,_Z,222,2021,12417672.99,,,,0
FCSA:DF_TRADE_COUNTRY_YR(5.1.0),AE,A,AED,FCSC,ANN_CNT,IMP,_Z,_Z,222,2022,12008248.08,,,,0
FCSA:DF_TRADE_COUNTRY_YR(5.1.0),AE,A,AED,FCSC,ANN_CNT,IMP,_Z,_Z,222,2023,14454166.75,,,,0
FCSA:DF_TRADE_COUNTRY_YR(5.1.0),AE,A,AED,FCSC,ANN_CNT,IMP,_Z,_Z,222,2024,15087896.04,,,,0
FCSA:DF_TRADE_COUNTRY_YR(5.1.0),AE,A,AED,FCSC,ANN_CNT,IMP,_Z,_Z,308,2017,10591.00,,,,0
FCSA:DF_TRADE_COUNTRY_YR(5.1.0),AE,A,AED,FCSC,ANN_CNT,IMP,_Z,_Z,308,2018,73307.34,,,,0
FCSA:DF_TRADE_COUNTRY_YR(5.1.0),AE,A,AED,FCSC,ANN_CNT,IMP,_Z,_Z,308,2019,75840.67,,,,0
FCSA:DF_TRADE_COUNTRY_YR(5.1.0),AE,A,AED,FCSC,ANN_CNT,IMP,_Z,_Z,308,2020,431897.85,,,,0
FCSA:DF_TRADE_COUNTRY_YR(5.1.0),AE,A,AED,FCSC,ANN_CNT,IMP,_Z,_Z,308,2021,630016.44,,,,0
FCSA:DF_TRADE_COUNTRY_YR(5.1.0),AE,A,AED,FCSC,ANN_CNT,IMP,_Z,_Z,308,2022,2626497.55,,,,0
FCSA:DF_TRADE_COUNTRY_YR(5.1.0),AE,A,AED,FCSC,ANN_CNT,IMP,_Z,_Z,308,2023,1275986.70,,,,0
FCSA:DF_TRADE_COUNTRY_YR(5.1.0),AE,A,AED,FCSC,ANN_CNT,IMP,_Z,_Z,308,2024,673598.67,,,,0
FCSA:DF_TRADE_COUNTRY_YR(5.1.0),AE,A,AED,FCSC,ANN_CNT,TNOEXP,_Z,_Z,140,2017,18319109.75,,,,0
FCSA:DF_TRADE_COUNTRY_YR(5.1.0),AE,A,AED,FCSC,ANN_CNT,TNOEXP,_Z,_Z,140,2018,37957634.29,,,,0
FCSA:DF_TRADE_COUNTRY_YR(5.1.0),AE,A,AED,FCSC,ANN_CNT,TNOEXP,_Z,_Z,140,2019,29674031.82,,,,0
FCSA:DF_TRADE_COUNTRY_YR(5.1.0),AE,A,AED,FCSC,ANN_CNT,TNOEXP,_Z,_Z,140,2020,48421918.16,,,,0
FCSA:DF_TRADE_COUNTRY_YR(5.1.0),AE,A,AED,FCSC,ANN_CNT,TNOEXP,_Z,_Z,140,2021,57768347.42,,,,0
FCSA:DF_TRADE_COUNTRY_YR(5.1.0),AE,A,AED,FCSC,ANN_CNT,TNOEXP,_Z,_Z,140,2022,71643433.71,,,,0
FCSA:DF_TRADE_COUNTRY_YR(5.1.0),AE,A,AED,FCSC,ANN_CNT,TNOEXP,_Z,_Z,140,2023,77088947.27,,,,0
FCSA:DF_TRADE_COUNTRY_YR(5.1.0),AE,A,AED,FCSC,ANN_CNT,TNOEXP,_Z,_Z,140,2024,105568300.46,,,,0
FCSA:DF_TRADE_COUNTRY_YR(5.1.0),AE,A,AED,FCSC,ANN_CNT,TNOEXP,_Z,_Z,792,2017,21067119915.52,,,,0
FCSA:DF_TRADE_COUNTRY_YR(5.1.0),AE,A,AED,FCSC,ANN_CNT,TNOEXP,_Z,_Z,792,2018,15678380565.86,,,,0
FCSA:DF_TRADE_COUNTRY_YR(5.1.0),AE,A,AED,FCSC,ANN_CNT,TNOEXP,_Z,_Z,792,2019,14078323558.70,,,,0
FCSA:DF_TRADE_COUNTRY_YR(5.1.0),AE,A,AED,FCSC,ANN_CNT,TNOEXP,_Z,_Z,792,2020,21537167088.49,,,,0
FCSA:DF_TRADE_COUNTRY_YR(5.1.0),AE,A,AED,FCSC,ANN_CNT,TNOEXP,_Z,_Z,792,2021,14379420766.30,,,,0
FCSA:DF_TRADE_COUNTRY_YR(5.1.0),AE,A,AED,FCSC,ANN_CNT,TNOEXP,_Z,_Z,792,2022,29029359563.52,,,,0
FCSA:DF_TRADE_COUNTRY_YR(5.1.0),AE,A,AED,FCSC,ANN_CNT,TNOEXP,_Z,_Z,792,2023,68760608171.26,,,,0
FCSA:DF_TRADE_COUNTRY_YR(5.1.0),AE,A,AED,FCSC,ANN_CNT,TNOEXP,_Z,_Z,792,2024,72364379214.40,,,,0
FCSA:DF_TRADE_COUNTRY_YR(5.1.0),AE,A,AED,FCSC,ANN_CNT,TTRADE,_Z,_Z,276,2017,49351301733.02,,,,0
FCSA:DF_TRADE_COUNTRY_YR(5.1.0),AE,A,AED,FCSC,ANN_CNT,TTRADE,_Z,_Z,276,2018,48693871802.38,,,,0
FCSA:DF_TRADE_COUNTRY_YR(5.1.0),AE,A,AED,FCSC,ANN_CNT,TTRADE,_Z,_Z,276,2019,44756657728.27,,,,0
FCSA:DF_TRADE_COUNTRY_YR(5.1.0),AE,A,AED,FCSC,ANN_CNT,TTRADE,_Z,_Z,276,2020,31553960085.09,,,,0
FCSA:DF_TRADE_COUNTRY_YR(5.1.0),AE,A,AED,FCSC,ANN_CNT,TTRADE,_Z,_Z,276,2021,35316184065.63,,,,0
FCSA:DF_TRADE_COUNTRY_YR(5.1.0),AE,A,AED,FCSC,ANN_CNT,TTRADE,_Z,_Z,276,2022,36031876249.20,,,,0
FCSA:DF_TRADE_COUNTRY_YR(5.1.0),AE,A,AED,FCSC,ANN_CNT,TTRADE,_Z,_Z,276,2023,48019912018.51,,,,0
FCSA:DF_TRADE_COUNTRY_YR(5.1.0),AE,A,AED,FCSC,ANN_CNT,TTRADE,_Z,_Z,276,2024,49906044578.42,,,,0
FCSA:DF_TRADE_COUNTRY_YR(5.1.0),AE,A,AED,FCSC,ANN_CNT,NOEXP,_Z,_Z,208,2017,74727918.50,,,,0
FCSA:DF_TRADE_COUNTRY_YR(5.1.0),AE,A,AED,FCSC,ANN_CNT,NOEXP,_Z,_Z,208,2018,42097168.02,,,,0
FCSA:DF_TRADE_COUNTRY_YR(5.1.0),AE,A,AED,FCSC,ANN_CNT,NOEXP,_Z,_Z,208,2019,36300496.37,,,,0
FCSA:DF_TRADE_COUNTRY_YR(5.1.0),AE,A,AED,FCSC,ANN_CNT,NOEXP,_Z,_Z,208,2020,29896545.82,,,,0
FCSA:DF_TRADE_COUNTRY_YR(5.1.0),AE,A,AED,FCSC,ANN_CNT,NOEXP,_Z,_Z,208,2021,47843209.46,,,,0
FCSA:DF_TRADE_COUNTRY_YR(5.1.0),AE,A,AED,FCSC,ANN_CNT,NOEXP,_Z,_Z,208,2022,75804902.31,,,,0
FCSA:DF_TRADE_COUNTRY_YR(5.1.0),AE,A,AED,FCSC,ANN_CNT,NOEXP,_Z,_Z,208,2023,75861082.96,,,,0
FCSA:DF_TRADE_COUNTRY_YR(5.1.0),AE,A,AED,FCSC,ANN_CNT,NOEXP,_Z,_Z,208,2024,82583535.49,,,,0
FCSA:DF_TRADE_COUNTRY_YR(5.1.0),AE,A,AED,FCSC,ANN_CNT,IMP,_Z,_Z,660,2017,84977.00,,,,0
FCSA:DF_TRADE_COUNTRY_YR(5.1.0),AE,A,AED,FCSC,ANN_CNT,IMP,_Z,_Z,660,2018,38660.00,,,,0
FCSA:DF_TRADE_COUNTRY_YR(5.1.0),AE,A,AED,FCSC,ANN_CNT,IMP,_Z,_Z,660,2019,55.00,,,,0
FCSA:DF_TRADE_COUNTRY_YR(5.1.0),AE,A,AED,FCSC,ANN_CNT,IMP,_Z,_Z,660,2020,16785.51,,,,0
FCSA:DF_TRADE_COUNTRY_YR(5.1.0),AE,A,AED,FCSC,ANN_CNT,IMP,_Z,_Z,660,2021,476963.10,,,,0
FCSA:DF_TRADE_COUNTRY_YR(5.1.0),AE,A,AED,FCSC,ANN_CNT,IMP,_Z,_Z,660,2022,347.57,,,,0
FCSA:DF_TRADE_COUNTRY_YR(5.1.0),AE,A,AED,FCSC,ANN_CNT,IMP,_Z,_Z,660,2023,488697.51,,,,0
FCSA:DF_TRADE_COUNTRY_YR(5.1.0),AE,A,AED,FCSC,ANN_CNT,IMP,_Z,_Z,660,2024,81592.26,,,,0
FCSA:DF_TRADE_COUNTRY_YR(5.1.0),AE,A,AED,FCSC,ANN_CNT,IMP,_Z,_Z,440,2017,222913342.94,,,,0
FCSA:DF_TRADE_COUNTRY_YR(5.1.0),AE,A,AED,FCSC,ANN_CNT,IMP,_Z,_Z,440,2018,227699968.30,,,,0
FCSA:DF_TRADE_COUNTRY_YR(5.1.0),AE,A,AED,FCSC,ANN_CNT,IMP,_Z,_Z,440,2019,333742019.91,,,,0
FCSA:DF_TRADE_COUNTRY_YR(5.1.0),AE,A,AED,FCSC,ANN_CNT,IMP,_Z,_Z,440,2020,288912892.80,,,,0
FCSA:DF_TRADE_COUNTRY_YR(5.1.0),AE,A,AED,FCSC,ANN_CNT,IMP,_Z,_Z,440,2021,392681804.04,,,,0
FCSA:DF_TRADE_COUNTRY_YR(5.1.0),AE,A,AED,FCSC,ANN_CNT,IMP,_Z,_Z,440,2022,516030230.89,,,,0
FCSA:DF_TRADE_COUNTRY_YR(5.1.0),AE,A,AED,FCSC,ANN_CNT,IMP,_Z,_Z,440,2023,728021806.40,,,,0
FCSA:DF_TRADE_COUNTRY_YR(5.1.0),AE,A,AED,FCSC,ANN_CNT,IMP,_Z,_Z,440,2024,687342714.72,,,,0
FCSA:DF_TRADE_COUNTRY_YR(5.1.0),AE,A,AED,FCSC,ANN_CNT,TNOEXP,_Z,_Z,646,2017,213066336.79,,,,0
FCSA:DF_TRADE_COUNTRY_YR(5.1.0),AE,A,AED,FCSC,ANN_CNT,TNOEXP,_Z,_Z,646,2018,414591119.78,,,,0
FCSA:DF_TRADE_COUNTRY_YR(5.1.0),AE,A,AED,FCSC,ANN_CNT,TNOEXP,_Z,_Z,646,2019,373048310.72,,,,0
FCSA:DF_TRADE_COUNTRY_YR(5.1.0),AE,A,AED,FCSC,ANN_CNT,TNOEXP,_Z,_Z,646,2020,343718142.94,,,,0
FCSA:DF_TRADE_COUNTRY_YR(5.1.0),AE,A,AED,FCSC,ANN_CNT,TNOEXP,_Z,_Z,646,2021,440359065.10,,,,0
FCSA:DF_TRADE_COUNTRY_YR(5.1.0),AE,A,AED,FCSC,ANN_CNT,TNOEXP,_Z,_Z,646,2022,534250134.90,,,,0
FCSA:DF_TRADE_COUNTRY_YR(5.1.0),AE,A,AED,FCSC,ANN_CNT,TNOEXP,_Z,_Z,646,2023,585397095.64,,,,0
FCSA:DF_TRADE_COUNTRY_YR(5.1.0),AE,A,AED,FCSC,ANN_CNT,TNOEXP,_Z,_Z,646,2024,711490093.22,,,,0
FCSA:DF_TRADE_COUNTRY_YR(5.1.0),AE,A,AED,FCSC,ANN_CNT,NOEXP,_Z,_Z,328,2017,3391832.83,,,,0
FCSA:DF_TRADE_COUNTRY_YR(5.1.0),AE,A,AED,FCSC,ANN_CNT,NOEXP,_Z,_Z,328,2018,4122162.56,,,,0
FCSA:DF_TRADE_COUNTRY_YR(5.1.0),AE,A,AED,FCSC,ANN_CNT,NOEXP,_Z,_Z,328,2019,5220693.85,,,,0
FCSA:DF_TRADE_COUNTRY_YR(5.1.0),AE,A,AED,FCSC,ANN_CNT,NOEXP,_Z,_Z,328,2020,9956291.90,,,,0
FCSA:DF_TRADE_COUNTRY_YR(5.1.0),AE,A,AED,FCSC,ANN_CNT,NOEXP,_Z,_Z,328,2021,12394316.51,,,,0
FCSA:DF_TRADE_COUNTRY_YR(5.1.0),AE,A,AED,FCSC,ANN_CNT,NOEXP,_Z,_Z,328,2022,15512100.65,,,,0
FCSA:DF_TRADE_COUNTRY_YR(5.1.0),AE,A,AED,FCSC,ANN_CNT,NOEXP,_Z,_Z,328,2023,30368362.61,,,,0
FCSA:DF_TRADE_COUNTRY_YR(5.1.0),AE,A,AED,FCSC,ANN_CNT,NOEXP,_Z,_Z,328,2024,56503481.73,,,,0
FCSA:DF_TRADE_COUNTRY_YR(5.1.0),AE,A,AED,FCSC,ANN_CNT,NOEXP,_Z,_Z,729,2017,2571072838.91,,,,0
FCSA:DF_TRADE_COUNTRY_YR(5.1.0),AE,A,AED,FCSC,ANN_CNT,NOEXP,_Z,_Z,729,2018,1565135915.24,,,,0
FCSA:DF_TRADE_COUNTRY_YR(5.1.0),AE,A,AED,FCSC,ANN_CNT,NOEXP,_Z,_Z,729,2019,1265926439.27,,,,0
FCSA:DF_TRADE_COUNTRY_YR(5.1.0),AE,A,AED,FCSC,ANN_CNT,NOEXP,_Z,_Z,729,2020,1819604920.76,,,,0
FCSA:DF_TRADE_COUNTRY_YR(5.1.0),AE,A,AED,FCSC,ANN_CNT,NOEXP,_Z,_Z,729,2021,2545711530.39,,,,0
FCSA:DF_TRADE_COUNTRY_YR(5.1.0),AE,A,AED,FCSC,ANN_CNT,NOEXP,_Z,_Z,729,2022,3586652902.14,,,,0
FCSA:DF_TRADE_COUNTRY_YR(5.1.0),AE,A,AED,FCSC,ANN_CNT,NOEXP,_Z,_Z,729,2023,1337760874.27,,,,0
FCSA:DF_TRADE_COUNTRY_YR(5.1.0),AE,A,AED,FCSC,ANN_CNT,NOEXP,_Z,_Z,729,2024,1543181439.59,,,,0
FCSA:DF_TRADE_COUNTRY_YR(5.1.0),AE,A,AED,FCSC,ANN_CNT,IMP,_Z,_Z,524,2017,5938215.13,,,,0
FCSA:DF_TRADE_COUNTRY_YR(5.1.0),AE,A,AED,FCSC,ANN_CNT,IMP,_Z,_Z,524,2018,6243045.66,,,,0
FCSA:DF_TRADE_COUNTRY_YR(5.1.0),AE,A,AED,FCSC,ANN_CNT,IMP,_Z,_Z,524,2019,8950894.73,,,,0
FCSA:DF_TRADE_COUNTRY_YR(5.1.0),AE,A,AED,FCSC,ANN_CNT,IMP,_Z,_Z,524,2020,7999904.33,,,,0
FCSA:DF_TRADE_COUNTRY_YR(5.1.0),AE,A,AED,FCSC,ANN_CNT,IMP,_Z,_Z,524,2021,7786937.23,,,,0
FCSA:DF_TRADE_COUNTRY_YR(5.1.0),AE,A,AED,FCSC,ANN_CNT,IMP,_Z,_Z,524,2022,17493054.16,,,,0
FCSA:DF_TRADE_COUNTRY_YR(5.1.0),AE,A,AED,FCSC,ANN_CNT,IMP,_Z,_Z,524,2023,16763228.02,,,,0
FCSA:DF_TRADE_COUNTRY_YR(5.1.0),AE,A,AED,FCSC,ANN_CNT,IMP,_Z,_Z,524,2024,19622949.84,,,,0
FCSA:DF_TRADE_COUNTRY_YR(5.1.0),AE,A,AED,FCSC,ANN_CNT,IMP,_Z,_Z,788,2017,347179096.21,,,,0
FCSA:DF_TRADE_COUNTRY_YR(5.1.0),AE,A,AED,FCSC,ANN_CNT,IMP,_Z,_Z,788,2018,372493082.94,,,,0
FCSA:DF_TRADE_COUNTRY_YR(5.1.0),AE,A,AED,FCSC,ANN_CNT,IMP,_Z,_Z,788,2019,306332701.38,,,,0
FCSA:DF_TRADE_COUNTRY_YR(5.1.0),AE,A,AED,FCSC,ANN_CNT,IMP,_Z,_Z,788,2020,268802692.21,,,,0
FCSA:DF_TRADE_COUNTRY_YR(5.1.0),AE,A,AED,FCSC,ANN_CNT,IMP,_Z,_Z,788,2021,358832103.76,,,,0
FCSA:DF_TRADE_COUNTRY_YR(5.1.0),AE,A,AED,FCSC,ANN_CNT,IMP,_Z,_Z,788,2022,416107924.49,,,,0
FCSA:DF_TRADE_COUNTRY_YR(5.1.0),AE,A,AED,FCSC,ANN_CNT,IMP,_Z,_Z,788,2023,478722936.37,,,,0
FCSA:DF_TRADE_COUNTRY_YR(5.1.0),AE,A,AED,FCSC,ANN_CNT,IMP,_Z,_Z,788,2024,470420293.09,,,,0
FCSA:DF_TRADE_COUNTRY_YR(5.1.0),AE,A,AED,FCSC,ANN_CNT,TTRADE,_Z,_Z,703,2017,1335123751.27,,,,0
FCSA:DF_TRADE_COUNTRY_YR(5.1.0),AE,A,AED,FCSC,ANN_CNT,TTRADE,_Z,_Z,703,2018,1460535648.16,,,,0
FCSA:DF_TRADE_COUNTRY_YR(5.1.0),AE,A,AED,FCSC,ANN_CNT,TTRADE,_Z,_Z,703,2019,1370373121.56,,,,0
FCSA:DF_TRADE_COUNTRY_YR(5.1.0),AE,A,AED,FCSC,ANN_CNT,TTRADE,_Z,_Z,703,2020,1103940266.06,,,,0
FCSA:DF_TRADE_COUNTRY_YR(5.1.0),AE,A,AED,FCSC,ANN_CNT,TTRADE,_Z,_Z,703,2021,1402242427.80,,,,0
FCSA:DF_TRADE_COUNTRY_YR(5.1.0),AE,A,AED,FCSC,ANN_CNT,TTRADE,_Z,_Z,703,2022,2020460035.09,,,,0
FCSA:DF_TRADE_COUNTRY_YR(5.1.0),AE,A,AED,FCSC,ANN_CNT,TTRADE,_Z,_Z,703,2023,2789591539.04,,,,0
FCSA:DF_TRADE_COUNTRY_YR(5.1.0),AE,A,AED,FCSC,ANN_CNT,TTRADE,_Z,_Z,703,2024,3686626782.50,,,,0
FCSA:DF_TRADE_COUNTRY_YR(5.1.0),AE,A,AED,FCSC,ANN_CNT,TNOEXP,_Z,_Z,132,2017,1642822.54,,,,0
FCSA:DF_TRADE_COUNTRY_YR(5.1.0),AE,A,AED,FCSC,ANN_CNT,TNOEXP,_Z,_Z,132,2018,5198885.63,,,,0
FCSA:DF_TRADE_COUNTRY_YR(5.1.0),AE,A,AED,FCSC,ANN_CNT,TNOEXP,_Z,_Z,132,2019,10386969.53,,,,0
FCSA:DF_TRADE_COUNTRY_YR(5.1.0),AE,A,AED,FCSC,ANN_CNT,TNOEXP,_Z,_Z,132,2020,11036668.00,,,,0
FCSA:DF_TRADE_COUNTRY_YR(5.1.0),AE,A,AED,FCSC,ANN_CNT,TNOEXP,_Z,_Z,132,2021,6538677.11,,,,0
FCSA:DF_TRADE_COUNTRY_YR(5.1.0),AE,A,AED,FCSC,ANN_CNT,TNOEXP,_Z,_Z,132,2022,8901898.48,,,,0
FCSA:DF_TRADE_COUNTRY_YR(5.1.0),AE,A,AED,FCSC,ANN_CNT,TNOEXP,_Z,_Z,132,2023,9813066.33,,,,0
FCSA:DF_TRADE_COUNTRY_YR(5.1.0),AE,A,AED,FCSC,ANN_CNT,TNOEXP,_Z,_Z,132,2024,30234359.68,,,,0
FCSA:DF_TRADE_COUNTRY_YR(5.1.0),AE,A,AED,FCSC,ANN_CNT,TNOEXP,_Z,_Z,690,2017,355569915.56,,,,0
FCSA:DF_TRADE_COUNTRY_YR(5.1.0),AE,A,AED,FCSC,ANN_CNT,TNOEXP,_Z,_Z,690,2018,458532486.93,,,,0
FCSA:DF_TRADE_COUNTRY_YR(5.1.0),AE,A,AED,FCSC,ANN_CNT,TNOEXP,_Z,_Z,690,2019,473408467.43,,,,0
FCSA:DF_TRADE_COUNTRY_YR(5.1.0),AE,A,AED,FCSC,ANN_CNT,TNOEXP,_Z,_Z,690,2020,296211818.28,,,,0
FCSA:DF_TRADE_COUNTRY_YR(5.1.0),AE,A,AED,FCSC,ANN_CNT,TNOEXP,_Z,_Z,690,2021,398882526.75,,,,0
FCSA:DF_TRADE_COUNTRY_YR(5.1.0),AE,A,AED,FCSC,ANN_CNT,TNOEXP,_Z,_Z,690,2022,635602841.90,,,,0
FCSA:DF_TRADE_COUNTRY_YR(5.1.0),AE,A,AED,FCSC,ANN_CNT,TNOEXP,_Z,_Z,690,2023,648641254.34,,,,0
FCSA:DF_TRADE_COUNTRY_YR(5.1.0),AE,A,AED,FCSC,ANN_CNT,TNOEXP,_Z,_Z,690,2024,597391365.20,,,,0
FCSA:DF_TRADE_COUNTRY_YR(5.1.0),AE,A,AED,FCSC,ANN_CNT,REEXP,_Z,_Z,705,2017,74369079.80,,,,0
FCSA:DF_TRADE_COUNTRY_YR(5.1.0),AE,A,AED,FCSC,ANN_CNT,REEXP,_Z,_Z,705,2018,56979503.66,,,,0
FCSA:DF_TRADE_COUNTRY_YR(5.1.0),AE,A,AED,FCSC,ANN_CNT,REEXP,_Z,_Z,705,2019,88615499.36,,,,0
FCSA:DF_TRADE_COUNTRY_YR(5.1.0),AE,A,AED,FCSC,ANN_CNT,REEXP,_Z,_Z,705,2020,68066182.25,,,,0
FCSA:DF_TRADE_COUNTRY_YR(5.1.0),AE,A,AED,FCSC,ANN_CNT,REEXP,_Z,_Z,705,2021,89352296.95,,,,0
FCSA:DF_TRADE_COUNTRY_YR(5.1.0),AE,A,AED,FCSC,ANN_CNT,REEXP,_Z,_Z,705,2022,158241198.50,,,,0
FCSA:DF_TRADE_COUNTRY_YR(5.1.0),AE,A,AED,FCSC,ANN_CNT,REEXP,_Z,_Z,705,2023,177850202.91,,,,0
FCSA:DF_TRADE_COUNTRY_YR(5.1.0),AE,A,AED,FCSC,ANN_CNT,REEXP,_Z,_Z,705,2024,45072353.05,,,,0
FCSA:DF_TRADE_COUNTRY_YR(5.1.0),AE,A,AED,FCSC,ANN_CNT,REEXP,_Z,_Z,626,2017,55204.31,,,,0
FCSA:DF_TRADE_COUNTRY_YR(5.1.0),AE,A,AED,FCSC,ANN_CNT,REEXP,_Z,_Z,626,2018,3854733.32,,,,0
FCSA:DF_TRADE_COUNTRY_YR(5.1.0),AE,A,AED,FCSC,ANN_CNT,REEXP,_Z,_Z,626,2019,3885993.35,,,,0
FCSA:DF_TRADE_COUNTRY_YR(5.1.0),AE,A,AED,FCSC,ANN_CNT,REEXP,_Z,_Z,626,2020,614789.37,,,,0
FCSA:DF_TRADE_COUNTRY_YR(5.1.0),AE,A,AED,FCSC,ANN_CNT,REEXP,_Z,_Z,626,2021,4851042.31,,,,0
FCSA:DF_TRADE_COUNTRY_YR(5.1.0),AE,A,AED,FCSC,ANN_CNT,REEXP,_Z,_Z,626,2022,4611283.03,,,,0
FCSA:DF_TRADE_COUNTRY_YR(5.1.0),AE,A,AED,FCSC,ANN_CNT,REEXP,_Z,_Z,626,2023,1054722.10,,,,0
FCSA:DF_TRADE_COUNTRY_YR(5.1.0),AE,A,AED,FCSC,ANN_CNT,REEXP,_Z,_Z,626,2024,1720845.26,,,,0
FCSA:DF_TRADE_COUNTRY_YR(5.1.0),AE,A,AED,FCSC,ANN_CNT,TNOEXP,_Z,_Z,688,2017,104442693.66,,,,0
FCSA:DF_TRADE_COUNTRY_YR(5.1.0),AE,A,AED,FCSC,ANN_CNT,TNOEXP,_Z,_Z,688,2018,88057846.74,,,,0
FCSA:DF_TRADE_COUNTRY_YR(5.1.0),AE,A,AED,FCSC,ANN_CNT,TNOEXP,_Z,_Z,688,2019,111171018.82,,,,0
FCSA:DF_TRADE_COUNTRY_YR(5.1.0),AE,A,AED,FCSC,ANN_CNT,TNOEXP,_Z,_Z,688,2020,62368145.76,,,,0
FCSA:DF_TRADE_COUNTRY_YR(5.1.0),AE,A,AED,FCSC,ANN_CNT,TNOEXP,_Z,_Z,688,2021,78976403.92,,,,0
FCSA:DF_TRADE_COUNTRY_YR(5.1.0),AE,A,AED,FCSC,ANN_CNT,TNOEXP,_Z,_Z,688,2022,213081581.99,,,,0
FCSA:DF_TRADE_COUNTRY_YR(5.1.0),AE,A,AED,FCSC,ANN_CNT,TNOEXP,_Z,_Z,688,2023,175550874.49,,,,0
FCSA:DF_TRADE_COUNTRY_YR(5.1.0),AE,A,AED,FCSC,ANN_CNT,TNOEXP,_Z,_Z,688,2024,80817789.38,,,,0
FCSA:DF_TRADE_COUNTRY_YR(5.1.0),AE,A,AED,FCSC,ANN_CNT,TTRADE,_Z,_Z,50,2017,4702505557.10,,,,0
FCSA:DF_TRADE_COUNTRY_YR(5.1.0),AE,A,AED,FCSC,ANN_CNT,TTRADE,_Z,_Z,50,2018,6089628956.72,,,,0
FCSA:DF_TRADE_COUNTRY_YR(5.1.0),AE,A,AED,FCSC,ANN_CNT,TTRADE,_Z,_Z,50,2019,6478095547.78,,,,0
FCSA:DF_TRADE_COUNTRY_YR(5.1.0),AE,A,AED,FCSC,ANN_CNT,TTRADE,_Z,_Z,50,2020,5232699440.47,,,,0
FCSA:DF_TRADE_COUNTRY_YR(5.1.0),AE,A,AED,FCSC,ANN_CNT,TTRADE,_Z,_Z,50,2021,6578522579.48,,,,0
FCSA:DF_TRADE_COUNTRY_YR(5.1.0),AE,A,AED,FCSC,ANN_CNT,TTRADE,_Z,_Z,50,2022,7877844392.55,,,,0
FCSA:DF_TRADE_COUNTRY_YR(5.1.0),AE,A,AED,FCSC,ANN_CNT,TTRADE,_Z,_Z,50,2023,7709273740.73,,,,0
FCSA:DF_TRADE_COUNTRY_YR(5.1.0),AE,A,AED,FCSC,ANN_CNT,TTRADE,_Z,_Z,50,2024,7395396163.08,,,,0
FCSA:DF_TRADE_COUNTRY_YR(5.1.0),AE,A,AED,FCSC,ANN_CNT,TTRADE,_Z,_Z,158,2017,8214753466.50,,,,0
FCSA:DF_TRADE_COUNTRY_YR(5.1.0),AE,A,AED,FCSC,ANN_CNT,TTRADE,_Z,_Z,158,2018,7473617877.91,,,,0
FCSA:DF_TRADE_COUNTRY_YR(5.1.0),AE,A,AED,FCSC,ANN_CNT,TTRADE,_Z,_Z,158,2019,8014347645.85,,,,0
FCSA:DF_TRADE_COUNTRY_YR(5.1.0),AE,A,AED,FCSC,ANN_CNT,TTRADE,_Z,_Z,158,2020,6613530249.56,,,,0
FCSA:DF_TRADE_COUNTRY_YR(5.1.0),AE,A,AED,FCSC,ANN_CNT,TTRADE,_Z,_Z,158,2021,8917009880.84,,,,0
FCSA:DF_TRADE_COUNTRY_YR(5.1.0),AE,A,AED,FCSC,ANN_CNT,TTRADE,_Z,_Z,158,2022,10646996587.55,,,,0
FCSA:DF_TRADE_COUNTRY_YR(5.1.0),AE,A,AED,FCSC,ANN_CNT,TTRADE,_Z,_Z,158,2023,9598479518.95,,,,0
FCSA:DF_TRADE_COUNTRY_YR(5.1.0),AE,A,AED,FCSC,ANN_CNT,TTRADE,_Z,_Z,158,2024,9755177243.55,,,,0
FCSA:DF_TRADE_COUNTRY_YR(5.1.0),AE,A,AED,FCSC,ANN_CNT,TTRADE,_Z,_Z,232,2017,793401273.76,,,,0
FCSA:DF_TRADE_COUNTRY_YR(5.1.0),AE,A,AED,FCSC,ANN_CNT,TTRADE,_Z,_Z,232,2018,800956741.65,,,,0
FCSA:DF_TRADE_COUNTRY_YR(5.1.0),AE,A,AED,FCSC,ANN_CNT,TTRADE,_Z,_Z,232,2019,946993130.95,,,,0
FCSA:DF_TRADE_COUNTRY_YR(5.1.0),AE,A,AED,FCSC,ANN_CNT,TTRADE,_Z,_Z,232,2020,1261123907.93,,,,0
FCSA:DF_TRADE_COUNTRY_YR(5.1.0),AE,A,AED,FCSC,ANN_CNT,TTRADE,_Z,_Z,232,2021,1006326324.45,,,,0
FCSA:DF_TRADE_COUNTRY_YR(5.1.0),AE,A,AED,FCSC,ANN_CNT,TTRADE,_Z,_Z,232,2022,1384747574.35,,,,0
FCSA:DF_TRADE_COUNTRY_YR(5.1.0),AE,A,AED,FCSC,ANN_CNT,TTRADE,_Z,_Z,232,2023,943809935.21,,,,0
FCSA:DF_TRADE_COUNTRY_YR(5.1.0),AE,A,AED,FCSC,ANN_CNT,TTRADE,_Z,_Z,232,2024,1046812864.82,,,,0
FCSA:DF_TRADE_COUNTRY_YR(5.1.0),AE,A,AED,FCSC,ANN_CNT,IMP,_Z,_Z,446,2017,12167131.62,,,,0
FCSA:DF_TRADE_COUNTRY_YR(5.1.0),AE,A,AED,FCSC,ANN_CNT,IMP,_Z,_Z,446,2018,8077898.98,,,,0
FCSA:DF_TRADE_COUNTRY_YR(5.1.0),AE,A,AED,FCSC,ANN_CNT,IMP,_Z,_Z,446,2019,3742738.19,,,,0
FCSA:DF_TRADE_COUNTRY_YR(5.1.0),AE,A,AED,FCSC,ANN_CNT,IMP,_Z,_Z,446,2020,3621147.61,,,,0
FCSA:DF_TRADE_COUNTRY_YR(5.1.0),AE,A,AED,FCSC,ANN_CNT,IMP,_Z,_Z,446,2021,8652718.79,,,,0
FCSA:DF_TRADE_COUNTRY_YR(5.1.0),AE,A,AED,FCSC,ANN_CNT,IMP,_Z,_Z,446,2022,13874212.67,,,,0
FCSA:DF_TRADE_COUNTRY_YR(5.1.0),AE,A,AED,FCSC,ANN_CNT,IMP,_Z,_Z,446,2023,41056312.36,,,,0
FCSA:DF_TRADE_COUNTRY_YR(5.1.0),AE,A,AED,FCSC,ANN_CNT,IMP,_Z,_Z,446,2024,52168238.29,,,,0
FCSA:DF_TRADE_COUNTRY_YR(5.1.0),AE,A,AED,FCSC,ANN_CNT,NOEXP,_Z,_Z,242,2017,9467548.97,,,,0
FCSA:DF_TRADE_COUNTRY_YR(5.1.0),AE,A,AED,FCSC,ANN_CNT,NOEXP,_Z,_Z,242,2018,19279565.67,,,,0
FCSA:DF_TRADE_COUNTRY_YR(5.1.0),AE,A,AED,FCSC,ANN_CNT,NOEXP,_Z,_Z,242,2019,12809634.36,,,,0
FCSA:DF_TRADE_COUNTRY_YR(5.1.0),AE,A,AED,FCSC,ANN_CNT,NOEXP,_Z,_Z,242,2020,17025278.00,,,,0
FCSA:DF_TRADE_COUNTRY_YR(5.1.0),AE,A,AED,FCSC,ANN_CNT,NOEXP,_Z,_Z,242,2021,21544291.05,,,,0
FCSA:DF_TRADE_COUNTRY_YR(5.1.0),AE,A,AED,FCSC,ANN_CNT,NOEXP,_Z,_Z,242,2022,29154767.80,,,,0
FCSA:DF_TRADE_COUNTRY_YR(5.1.0),AE,A,AED,FCSC,ANN_CNT,NOEXP,_Z,_Z,242,2023,20490588.17,,,,0
FCSA:DF_TRADE_COUNTRY_YR(5.1.0),AE,A,AED,FCSC,ANN_CNT,NOEXP,_Z,_Z,242,2024,27438957.69,,,,0
FCSA:DF_TRADE_COUNTRY_YR(5.1.0),AE,A,AED,FCSC,ANN_CNT,IMP,_Z,_Z,258,2017,91376.94,,,,0
FCSA:DF_TRADE_COUNTRY_YR(5.1.0),AE,A,AED,FCSC,ANN_CNT,IMP,_Z,_Z,258,2018,83508.46,,,,0
FCSA:DF_TRADE_COUNTRY_YR(5.1.0),AE,A,AED,FCSC,ANN_CNT,IMP,_Z,_Z,258,2019,1040784.25,,,,0
FCSA:DF_TRADE_COUNTRY_YR(5.1.0),AE,A,AED,FCSC,ANN_CNT,IMP,_Z,_Z,258,2020,3403540.37,,,,0
FCSA:DF_TRADE_COUNTRY_YR(5.1.0),AE,A,AED,FCSC,ANN_CNT,IMP,_Z,_Z,258,2021,227471.99,,,,0
FCSA:DF_TRADE_COUNTRY_YR(5.1.0),AE,A,AED,FCSC,ANN_CNT,IMP,_Z,_Z,258,2022,260868.57,,,,0
FCSA:DF_TRADE_COUNTRY_YR(5.1.0),AE,A,AED,FCSC,ANN_CNT,IMP,_Z,_Z,258,2023,2904967.62,,,,0
FCSA:DF_TRADE_COUNTRY_YR(5.1.0),AE,A,AED,FCSC,ANN_CNT,IMP,_Z,_Z,258,2024,5951901.48,,,,0
FCSA:DF_TRADE_COUNTRY_YR(5.1.0),AE,A,AED,FCSC,ANN_CNT,TNOEXP,_Z,_Z,744,2020,0.00,,,,0
FCSA:DF_TRADE_COUNTRY_YR(5.1.0),AE,A,AED,FCSC,ANN_CNT,TNOEXP,_Z,_Z,744,2021,0.00,,,,0
FCSA:DF_TRADE_COUNTRY_YR(5.1.0),AE,A,AED,FCSC,ANN_CNT,TNOEXP,_Z,_Z,744,2023,0.00,,,,0
FCSA:DF_TRADE_COUNTRY_YR(5.1.0),AE,A,AED,FCSC,ANN_CNT,TNOEXP,_Z,_Z,744,2024,0.00,,,,0
FCSA:DF_TRADE_COUNTRY_YR(5.1.0),AE,A,AED,FCSC,ANN_CNT,REEXP,_Z,_Z,807,2017,21793953.58,,,,0
FCSA:DF_TRADE_COUNTRY_YR(5.1.0),AE,A,AED,FCSC,ANN_CNT,REEXP,_Z,_Z,807,2018,74189611.02,,,,0
FCSA:DF_TRADE_COUNTRY_YR(5.1.0),AE,A,AED,FCSC,ANN_CNT,REEXP,_Z,_Z,807,2019,288118850.89,,,,0
FCSA:DF_TRADE_COUNTRY_YR(5.1.0),AE,A,AED,FCSC,ANN_CNT,REEXP,_Z,_Z,807,2020,342437098.06,,,,0
FCSA:DF_TRADE_COUNTRY_YR(5.1.0),AE,A,AED,FCSC,ANN_CNT,REEXP,_Z,_Z,807,2021,442925745.14,,,,0
FCSA:DF_TRADE_COUNTRY_YR(5.1.0),AE,A,AED,FCSC,ANN_CNT,REEXP,_Z,_Z,807,2022,296915782.39,,,,0
FCSA:DF_TRADE_COUNTRY_YR(5.1.0),AE,A,AED,FCSC,ANN_CNT,REEXP,_Z,_Z,807,2023,461865585.69,,,,0
FCSA:DF_TRADE_COUNTRY_YR(5.1.0),AE,A,AED,FCSC,ANN_CNT,REEXP,_Z,_Z,807,2024,159884653.42,,,,0
FCSA:DF_TRADE_COUNTRY_YR(5.1.0),AE,A,AED,FCSC,ANN_CNT,NOEXP,_Z,_Z,239,2020,0.00,,,,0
FCSA:DF_TRADE_COUNTRY_YR(5.1.0),AE,A,AED,FCSC,ANN_CNT,NOEXP,_Z,_Z,239,2021,0.00,,,,0
FCSA:DF_TRADE_COUNTRY_YR(5.1.0),AE,A,AED,FCSC,ANN_CNT,NOEXP,_Z,_Z,239,2022,400413.97,,,,0
FCSA:DF_TRADE_COUNTRY_YR(5.1.0),AE,A,AED,FCSC,ANN_CNT,NOEXP,_Z,_Z,239,2023,0.00,,,,0
FCSA:DF_TRADE_COUNTRY_YR(5.1.0),AE,A,AED,FCSC,ANN_CNT,NOEXP,_Z,_Z,239,2024,0.00,,,,0
FCSA:DF_TRADE_COUNTRY_YR(5.1.0),AE,A,AED,FCSC,ANN_CNT,TTRADE,_Z,_Z,860,2017,1421120957.93,,,,0
FCSA:DF_TRADE_COUNTRY_YR(5.1.0),AE,A,AED,FCSC,ANN_CNT,TTRADE,_Z,_Z,860,2018,1189812361.78,,,,0
FCSA:DF_TRADE_COUNTRY_YR(5.1.0),AE,A,AED,FCSC,ANN_CNT,TTRADE,_Z,_Z,860,2019,2531415750.92,,,,0
FCSA:DF_TRADE_COUNTRY_YR(5.1.0),AE,A,AED,FCSC,ANN_CNT,TTRADE,_Z,_Z,860,2020,1461691643.58,,,,0
FCSA:DF_TRADE_COUNTRY_YR(5.1.0),AE,A,AED,FCSC,ANN_CNT,TTRADE,_Z,_Z,860,2021,1794108743.76,,,,0
FCSA:DF_TRADE_COUNTRY_YR(5.1.0),AE,A,AED,FCSC,ANN_CNT,TTRADE,_Z,_Z,860,2022,3706133195.63,,,,0
FCSA:DF_TRADE_COUNTRY_YR(5.1.0),AE,A,AED,FCSC,ANN_CNT,TTRADE,_Z,_Z,860,2023,6836519299.21,,,,0
FCSA:DF_TRADE_COUNTRY_YR(5.1.0),AE,A,AED,FCSC,ANN_CNT,TTRADE,_Z,_Z,860,2024,11281964543.88,,,,0
FCSA:DF_TRADE_COUNTRY_YR(5.1.0),AE,A,AED,FCSC,ANN_CNT,REEXP,_Z,_Z,740,2017,12730762.39,,,,0
FCSA:DF_TRADE_COUNTRY_YR(5.1.0),AE,A,AED,FCSC,ANN_CNT,REEXP,_Z,_Z,740,2018,10460375.97,,,,0
FCSA:DF_TRADE_COUNTRY_YR(5.1.0),AE,A,AED,FCSC,ANN_CNT,REEXP,_Z,_Z,740,2019,17952555.60,,,,0
FCSA:DF_TRADE_COUNTRY_YR(5.1.0),AE,A,AED,FCSC,ANN_CNT,REEXP,_Z,_Z,740,2020,9806257.15,,,,0
FCSA:DF_TRADE_COUNTRY_YR(5.1.0),AE,A,AED,FCSC,ANN_CNT,REEXP,_Z,_Z,740,2021,13023167.94,,,,0
FCSA:DF_TRADE_COUNTRY_YR(5.1.0),AE,A,AED,FCSC,ANN_CNT,REEXP,_Z,_Z,740,2022,12470736.76,,,,0
FCSA:DF_TRADE_COUNTRY_YR(5.1.0),AE,A,AED,FCSC,ANN_CNT,REEXP,_Z,_Z,740,2023,12151240.80,,,,0
FCSA:DF_TRADE_COUNTRY_YR(5.1.0),AE,A,AED,FCSC,ANN_CNT,REEXP,_Z,_Z,740,2024,12086663.01,,,,0
FCSA:DF_TRADE_COUNTRY_YR(5.1.0),AE,A,AED,FCSC,ANN_CNT,TTRADE,_Z,_Z,498,2017,30156315.67,,,,0
FCSA:DF_TRADE_COUNTRY_YR(5.1.0),AE,A,AED,FCSC,ANN_CNT,TTRADE,_Z,_Z,498,2018,28189435.48,,,,0
FCSA:DF_TRADE_COUNTRY_YR(5.1.0),AE,A,AED,FCSC,ANN_CNT,TTRADE,_Z,_Z,498,2019,40509040.77,,,,0
FCSA:DF_TRADE_COUNTRY_YR(5.1.0),AE,A,AED,FCSC,ANN_CNT,TTRADE,_Z,_Z,498,2020,22680378.18,,,,0
FCSA:DF_TRADE_COUNTRY_YR(5.1.0),AE,A,AED,FCSC,ANN_CNT,TTRADE,_Z,_Z,498,2021,25117886.24,,,,0
FCSA:DF_TRADE_COUNTRY_YR(5.1.0),AE,A,AED,FCSC,ANN_CNT,TTRADE,_Z,_Z,498,2022,55645533.72,,,,0
FCSA:DF_TRADE_COUNTRY_YR(5.1.0),AE,A,AED,FCSC,ANN_CNT,TTRADE,_Z,_Z,498,2023,49524996.21,,,,0
FCSA:DF_TRADE_COUNTRY_YR(5.1.0),AE,A,AED,FCSC,ANN_CNT,TTRADE,_Z,_Z,498,2024,67733679.10,,,,0
FCSA:DF_TRADE_COUNTRY_YR(5.1.0),AE,A,AED,FCSC,ANN_CNT,NOEXP,_Z,_Z,292,2017,167200.00,,,,0
FCSA:DF_TRADE_COUNTRY_YR(5.1.0),AE,A,AED,FCSC,ANN_CNT,NOEXP,_Z,_Z,292,2018,5877126.32,,,,0
FCSA:DF_TRADE_COUNTRY_YR(5.1.0),AE,A,AED,FCSC,ANN_CNT,NOEXP,_Z,_Z,292,2019,108981252.56,,,,0
FCSA:DF_TRADE_COUNTRY_YR(5.1.0),AE,A,AED,FCSC,ANN_CNT,NOEXP,_Z,_Z,292,2020,84488.43,,,,0
FCSA:DF_TRADE_COUNTRY_YR(5.1.0),AE,A,AED,FCSC,ANN_CNT,NOEXP,_Z,_Z,292,2021,61130.44,,,,0
FCSA:DF_TRADE_COUNTRY_YR(5.1.0),AE,A,AED,FCSC,ANN_CNT,NOEXP,_Z,_Z,292,2022,32607.82,,,,0
FCSA:DF_TRADE_COUNTRY_YR(5.1.0),AE,A,AED,FCSC,ANN_CNT,NOEXP,_Z,_Z,292,2023,4010.97,,,,0
FCSA:DF_TRADE_COUNTRY_YR(5.1.0),AE,A,AED,FCSC,ANN_CNT,NOEXP,_Z,_Z,292,2024,99391.44,,,,0
FCSA:DF_TRADE_COUNTRY_YR(5.1.0),AE,A,AED,FCSC,ANN_CNT,TTRADE,_Z,_Z,20,2017,10246048.50,,,,0
FCSA:DF_TRADE_COUNTRY_YR(5.1.0),AE,A,AED,FCSC,ANN_CNT,TTRADE,_Z,_Z,20,2018,1014143.77,,,,0
FCSA:DF_TRADE_COUNTRY_YR(5.1.0),AE,A,AED,FCSC,ANN_CNT,TTRADE,_Z,_Z,20,2019,1512300.96,,,,0
FCSA:DF_TRADE_COUNTRY_YR(5.1.0),AE,A,AED,FCSC,ANN_CNT,TTRADE,_Z,_Z,20,2020,13366170.22,,,,0
FCSA:DF_TRADE_COUNTRY_YR(5.1.0),AE,A,AED,FCSC,ANN_CNT,TTRADE,_Z,_Z,20,2021,24109063.27,,,,0
FCSA:DF_TRADE_COUNTRY_YR(5.1.0),AE,A,AED,FCSC,ANN_CNT,TTRADE,_Z,_Z,20,2022,8509179.27,,,,0
FCSA:DF_TRADE_COUNTRY_YR(5.1.0),AE,A,AED,FCSC,ANN_CNT,TTRADE,_Z,_Z,20,2023,1230685.80,,,,0
FCSA:DF_TRADE_COUNTRY_YR(5.1.0),AE,A,AED,FCSC,ANN_CNT,TTRADE,_Z,_Z,20,2024,8275268.01,,,,0
FCSA:DF_TRADE_COUNTRY_YR(5.1.0),AE,A,AED,FCSC,ANN_CNT,NOEXP,_Z,_Z,234,2017,0.00,,,,0
FCSA:DF_TRADE_COUNTRY_YR(5.1.0),AE,A,AED,FCSC,ANN_CNT,NOEXP,_Z,_Z,234,2018,0.00,,,,0
FCSA:DF_TRADE_COUNTRY_YR(5.1.0),AE,A,AED,FCSC,ANN_CNT,NOEXP,_Z,_Z,234,2019,0.00,,,,0
FCSA:DF_TRADE_COUNTRY_YR(5.1.0),AE,A,AED,FCSC,ANN_CNT,REEXP,_Z,_Z,581,2019,505809.67,,,,0
FCSA:DF_TRADE_COUNTRY_YR(5.1.0),AE,A,AED,FCSC,ANN_CNT,REEXP,_Z,_Z,581,2020,0.00,,,,0
FCSA:DF_TRADE_COUNTRY_YR(5.1.0),AE,A,AED,FCSC,ANN_CNT,REEXP,_Z,_Z,581,2021,0.00,,,,0
FCSA:DF_TRADE_COUNTRY_YR(5.1.0),AE,A,AED,FCSC,ANN_CNT,REEXP,_Z,_Z,581,2022,1124579.40,,,,0
FCSA:DF_TRADE_COUNTRY_YR(5.1.0),AE,A,AED,FCSC,ANN_CNT,REEXP,_Z,_Z,581,2023,2352.29,,,,0
FCSA:DF_TRADE_COUNTRY_YR(5.1.0),AE,A,AED,FCSC,ANN_CNT,REEXP,_Z,_Z,581,2024,376.69,,,,0
FCSA:DF_TRADE_COUNTRY_YR(5.1.0),AE,A,AED,FCSC,ANN_CNT,TTRADE,_Z,_Z,414,2017,25291901313.03,,,,0
FCSA:DF_TRADE_COUNTRY_YR(5.1.0),AE,A,AED,FCSC,ANN_CNT,TTRADE,_Z,_Z,414,2018,39255187493.50,,,,0
FCSA:DF_TRADE_COUNTRY_YR(5.1.0),AE,A,AED,FCSC,ANN_CNT,TTRADE,_Z,_Z,414,2019,38882645206.99,,,,0
FCSA:DF_TRADE_COUNTRY_YR(5.1.0),AE,A,AED,FCSC,ANN_CNT,TTRADE,_Z,_Z,414,2020,30019832396.45,,,,0
FCSA:DF_TRADE_COUNTRY_YR(5.1.0),AE,A,AED,FCSC,ANN_CNT,TTRADE,_Z,_Z,414,2021,38475261389.78,,,,0
FCSA:DF_TRADE_COUNTRY_YR(5.1.0),AE,A,AED,FCSC,ANN_CNT,TTRADE,_Z,_Z,414,2022,44106940574.92,,,,0
FCSA:DF_TRADE_COUNTRY_YR(5.1.0),AE,A,AED,FCSC,ANN_CNT,TTRADE,_Z,_Z,414,2023,45720447669.70,,,,0
FCSA:DF_TRADE_COUNTRY_YR(5.1.0),AE,A,AED,FCSC,ANN_CNT,TTRADE,_Z,_Z,414,2024,49909379137.20,,,,0
FCSA:DF_TRADE_COUNTRY_YR(5.1.0),AE,A,AED,FCSC,ANN_CNT,TNOEXP,_Z,_Z,246,2017,111709991.70,,,,0
FCSA:DF_TRADE_COUNTRY_YR(5.1.0),AE,A,AED,FCSC,ANN_CNT,TNOEXP,_Z,_Z,246,2018,67731360.88,,,,0
FCSA:DF_TRADE_COUNTRY_YR(5.1.0),AE,A,AED,FCSC,ANN_CNT,TNOEXP,_Z,_Z,246,2019,84724271.04,,,,0
FCSA:DF_TRADE_COUNTRY_YR(5.1.0),AE,A,AED,FCSC,ANN_CNT,TNOEXP,_Z,_Z,246,2020,53827216.13,,,,0
FCSA:DF_TRADE_COUNTRY_YR(5.1.0),AE,A,AED,FCSC,ANN_CNT,TNOEXP,_Z,_Z,246,2021,57170702.31,,,,0
FCSA:DF_TRADE_COUNTRY_YR(5.1.0),AE,A,AED,FCSC,ANN_CNT,TNOEXP,_Z,_Z,246,2022,104906045.90,,,,0
FCSA:DF_TRADE_COUNTRY_YR(5.1.0),AE,A,AED,FCSC,ANN_CNT,TNOEXP,_Z,_Z,246,2023,128288055.73,,,,0
FCSA:DF_TRADE_COUNTRY_YR(5.1.0),AE,A,AED,FCSC,ANN_CNT,TNOEXP,_Z,_Z,246,2024,52927648.20,,,,0
FCSA:DF_TRADE_COUNTRY_YR(5.1.0),AE,A,AED,FCSC,ANN_CNT,IMP,_Z,_Z,540,2017,321028.21,,,,0
FCSA:DF_TRADE_COUNTRY_YR(5.1.0),AE,A,AED,FCSC,ANN_CNT,IMP,_Z,_Z,540,2018,438559.49,,,,0
FCSA:DF_TRADE_COUNTRY_YR(5.1.0),AE,A,AED,FCSC,ANN_CNT,IMP,_Z,_Z,540,2019,675422.78,,,,0
FCSA:DF_TRADE_COUNTRY_YR(5.1.0),AE,A,AED,FCSC,ANN_CNT,IMP,_Z,_Z,540,2020,162069.60,,,,0
FCSA:DF_TRADE_COUNTRY_YR(5.1.0),AE,A,AED,FCSC,ANN_CNT,IMP,_Z,_Z,540,2021,740243.96,,,,0
FCSA:DF_TRADE_COUNTRY_YR(5.1.0),AE,A,AED,FCSC,ANN_CNT,IMP,_Z,_Z,540,2022,157627.52,,,,0
FCSA:DF_TRADE_COUNTRY_YR(5.1.0),AE,A,AED,FCSC,ANN_CNT,IMP,_Z,_Z,540,2023,134494.56,,,,0
FCSA:DF_TRADE_COUNTRY_YR(5.1.0),AE,A,AED,FCSC,ANN_CNT,IMP,_Z,_Z,540,2024,6935118.58,,,,0
FCSA:DF_TRADE_COUNTRY_YR(5.1.0),AE,A,AED,FCSC,ANN_CNT,REEXP,_Z,_Z,678,2017,3794320.34,,,,0
FCSA:DF_TRADE_COUNTRY_YR(5.1.0),AE,A,AED,FCSC,ANN_CNT,REEXP,_Z,_Z,678,2018,6793542.44,,,,0
FCSA:DF_TRADE_COUNTRY_YR(5.1.0),AE,A,AED,FCSC,ANN_CNT,REEXP,_Z,_Z,678,2019,6619490.59,,,,0
FCSA:DF_TRADE_COUNTRY_YR(5.1.0),AE,A,AED,FCSC,ANN_CNT,REEXP,_Z,_Z,678,2020,7260990.78,,,,0
FCSA:DF_TRADE_COUNTRY_YR(5.1.0),AE,A,AED,FCSC,ANN_CNT,REEXP,_Z,_Z,678,2021,4522874.06,,,,0
FCSA:DF_TRADE_COUNTRY_YR(5.1.0),AE,A,AED,FCSC,ANN_CNT,REEXP,_Z,_Z,678,2022,2159241.44,,,,0
FCSA:DF_TRADE_COUNTRY_YR(5.1.0),AE,A,AED,FCSC,ANN_CNT,REEXP,_Z,_Z,678,2023,1851677.08,,,,0
FCSA:DF_TRADE_COUNTRY_YR(5.1.0),AE,A,AED,FCSC,ANN_CNT,REEXP,_Z,_Z,678,2024,5289201.10,,,,0
FCSA:DF_TRADE_COUNTRY_YR(5.1.0),AE,A,AED,FCSC,ANN_CNT,NOEXP,_Z,_Z,74,2020,0.00,,,,0
FCSA:DF_TRADE_COUNTRY_YR(5.1.0),AE,A,AED,FCSC,ANN_CNT,NOEXP,_Z,_Z,74,2021,0.00,,,,0
FCSA:DF_TRADE_COUNTRY_YR(5.1.0),AE,A,AED,FCSC,ANN_CNT,NOEXP,_Z,_Z,74,2023,0.00,,,,0
FCSA:DF_TRADE_COUNTRY_YR(5.1.0),AE,A,AED,FCSC,ANN_CNT,NOEXP,_Z,_Z,74,2024,0.00,,,,0
FCSA:DF_TRADE_COUNTRY_YR(5.1.0),AE,A,AED,FCSC,ANN_CNT,REEXP,_Z,_Z,792,2017,4516256001.83,,,,0
FCSA:DF_TRADE_COUNTRY_YR(5.1.0),AE,A,AED,FCSC,ANN_CNT,REEXP,_Z,_Z,792,2018,4920328825.34,,,,0
FCSA:DF_TRADE_COUNTRY_YR(5.1.0),AE,A,AED,FCSC,ANN_CNT,REEXP,_Z,_Z,792,2019,5332133043.31,,,,0
FCSA:DF_TRADE_COUNTRY_YR(5.1.0),AE,A,AED,FCSC,ANN_CNT,REEXP,_Z,_Z,792,2020,3107963484.21,,,,0
FCSA:DF_TRADE_COUNTRY_YR(5.1.0),AE,A,AED,FCSC,ANN_CNT,REEXP,_Z,_Z,792,2021,4477490377.18,,,,0
FCSA:DF_TRADE_COUNTRY_YR(5.1.0),AE,A,AED,FCSC,ANN_CNT,REEXP,_Z,_Z,792,2022,8267957669.23,,,,0
FCSA:DF_TRADE_COUNTRY_YR(5.1.0),AE,A,AED,FCSC,ANN_CNT,REEXP,_Z,_Z,792,2023,21336623381.65,,,,0
FCSA:DF_TRADE_COUNTRY_YR(5.1.0),AE,A,AED,FCSC,ANN_CNT,REEXP,_Z,_Z,792,2024,18168660687.72,,,,0
FCSA:DF_TRADE_COUNTRY_YR(5.1.0),AE,A,AED,FCSC,ANN_CNT,REEXP,_Z,_Z,64,2017,26389813.95,,,,0
FCSA:DF_TRADE_COUNTRY_YR(5.1.0),AE,A,AED,FCSC,ANN_CNT,REEXP,_Z,_Z,64,2018,35173008.09,,,,0
FCSA:DF_TRADE_COUNTRY_YR(5.1.0),AE,A,AED,FCSC,ANN_CNT,REEXP,_Z,_Z,64,2019,43056524.26,,,,0
FCSA:DF_TRADE_COUNTRY_YR(5.1.0),AE,A,AED,FCSC,ANN_CNT,REEXP,_Z,_Z,64,2020,34496633.44,,,,0
FCSA:DF_TRADE_COUNTRY_YR(5.1.0),AE,A,AED,FCSC,ANN_CNT,REEXP,_Z,_Z,64,2021,44209206.58,,,,0
FCSA:DF_TRADE_COUNTRY_YR(5.1.0),AE,A,AED,FCSC,ANN_CNT,REEXP,_Z,_Z,64,2022,36791091.80,,,,0
FCSA:DF_TRADE_COUNTRY_YR(5.1.0),AE,A,AED,FCSC,ANN_CNT,REEXP,_Z,_Z,64,2023,17060356.23,,,,0
FCSA:DF_TRADE_COUNTRY_YR(5.1.0),AE,A,AED,FCSC,ANN_CNT,REEXP,_Z,_Z,64,2024,17813944.48,,,,0
FCSA:DF_TRADE_COUNTRY_YR(5.1.0),AE,A,AED,FCSC,ANN_CNT,REEXP,_Z,_Z,583,2017,0.00,,,,0
FCSA:DF_TRADE_COUNTRY_YR(5.1.0),AE,A,AED,FCSC,ANN_CNT,REEXP,_Z,_Z,583,2018,0.00,,,,0
FCSA:DF_TRADE_COUNTRY_YR(5.1.0),AE,A,AED,FCSC,ANN_CNT,REEXP,_Z,_Z,583,2019,16193.06,,,,0
FCSA:DF_TRADE_COUNTRY_YR(5.1.0),AE,A,AED,FCSC,ANN_CNT,REEXP,_Z,_Z,583,2020,0.00,,,,0
FCSA:DF_TRADE_COUNTRY_YR(5.1.0),AE,A,AED,FCSC,ANN_CNT,REEXP,_Z,_Z,583,2021,117246.85,,,,0
FCSA:DF_TRADE_COUNTRY_YR(5.1.0),AE,A,AED,FCSC,ANN_CNT,REEXP,_Z,_Z,583,2022,967275.09,,,,0
FCSA:DF_TRADE_COUNTRY_YR(5.1.0),AE,A,AED,FCSC,ANN_CNT,REEXP,_Z,_Z,583,2023,379280.42,,,,0
FCSA:DF_TRADE_COUNTRY_YR(5.1.0),AE,A,AED,FCSC,ANN_CNT,REEXP,_Z,_Z,583,2024,771254.46,,,,0
FCSA:DF_TRADE_COUNTRY_YR(5.1.0),AE,A,AED,FCSC,ANN_CNT,TTRADE,_Z,_Z,652,2020,116894.34,,,,0
FCSA:DF_TRADE_COUNTRY_YR(5.1.0),AE,A,AED,FCSC,ANN_CNT,TTRADE,_Z,_Z,652,2021,1364671.36,,,,0
FCSA:DF_TRADE_COUNTRY_YR(5.1.0),AE,A,AED,FCSC,ANN_CNT,TTRADE,_Z,_Z,652,2022,669060.79,,,,0
FCSA:DF_TRADE_COUNTRY_YR(5.1.0),AE,A,AED,FCSC,ANN_CNT,TTRADE,_Z,_Z,652,2023,1921423.93,,,,0
FCSA:DF_TRADE_COUNTRY_YR(5.1.0),AE,A,AED,FCSC,ANN_CNT,TTRADE,_Z,_Z,652,2024,3551007.15,,,,0
FCSA:DF_TRADE_COUNTRY_YR(5.1.0),AE,A,AED,FCSC,ANN_CNT,REEXP,_Z,_Z,248,2020,0.00,,,,0
FCSA:DF_TRADE_COUNTRY_YR(5.1.0),AE,A,AED,FCSC,ANN_CNT,REEXP,_Z,_Z,248,2021,790995.00,,,,0
FCSA:DF_TRADE_COUNTRY_YR(5.1.0),AE,A,AED,FCSC,ANN_CNT,REEXP,_Z,_Z,248,2022,0.00,,,,0
FCSA:DF_TRADE_COUNTRY_YR(5.1.0),AE,A,AED,FCSC,ANN_CNT,REEXP,_Z,_Z,248,2023,0.00,,,,0
FCSA:DF_TRADE_COUNTRY_YR(5.1.0),AE,A,AED,FCSC,ANN_CNT,REEXP,_Z,_Z,248,2024,963355.84,,,,0
FCSA:DF_TRADE_COUNTRY_YR(5.1.0),AE,A,AED,FCSC,ANN_CNT,REEXP,_Z,_Z,604,2017,20441832.08,,,,0
FCSA:DF_TRADE_COUNTRY_YR(5.1.0),AE,A,AED,FCSC,ANN_CNT,REEXP,_Z,_Z,604,2018,24602057.28,,,,0
FCSA:DF_TRADE_COUNTRY_YR(5.1.0),AE,A,AED,FCSC,ANN_CNT,REEXP,_Z,_Z,604,2019,21312144.72,,,,0
FCSA:DF_TRADE_COUNTRY_YR(5.1.0),AE,A,AED,FCSC,ANN_CNT,REEXP,_Z,_Z,604,2020,30652796.65,,,,0
FCSA:DF_TRADE_COUNTRY_YR(5.1.0),AE,A,AED,FCSC,ANN_CNT,REEXP,_Z,_Z,604,2021,52620100.91,,,,0
FCSA:DF_TRADE_COUNTRY_YR(5.1.0),AE,A,AED,FCSC,ANN_CNT,REEXP,_Z,_Z,604,2022,32360704.78,,,,0
FCSA:DF_TRADE_COUNTRY_YR(5.1.0),AE,A,AED,FCSC,ANN_CNT,REEXP,_Z,_Z,604,2023,48507694.17,,,,0
FCSA:DF_TRADE_COUNTRY_YR(5.1.0),AE,A,AED,FCSC,ANN_CNT,REEXP,_Z,_Z,604,2024,41845085.87,,,,0
FCSA:DF_TRADE_COUNTRY_YR(5.1.0),AE,A,AED,FCSC,ANN_CNT,REEXP,_Z,_Z,430,2017,73499991.27,,,,0
FCSA:DF_TRADE_COUNTRY_YR(5.1.0),AE,A,AED,FCSC,ANN_CNT,REEXP,_Z,_Z,430,2018,76033549.59,,,,0
FCSA:DF_TRADE_COUNTRY_YR(5.1.0),AE,A,AED,FCSC,ANN_CNT,REEXP,_Z,_Z,430,2019,69649342.55,,,,0
FCSA:DF_TRADE_COUNTRY_YR(5.1.0),AE,A,AED,FCSC,ANN_CNT,REEXP,_Z,_Z,430,2020,62192781.81,,,,0
FCSA:DF_TRADE_COUNTRY_YR(5.1.0),AE,A,AED,FCSC,ANN_CNT,REEXP,_Z,_Z,430,2021,114443560.56,,,,0
FCSA:DF_TRADE_COUNTRY_YR(5.1.0),AE,A,AED,FCSC,ANN_CNT,REEXP,_Z,_Z,430,2022,120169502.38,,,,0
FCSA:DF_TRADE_COUNTRY_YR(5.1.0),AE,A,AED,FCSC,ANN_CNT,REEXP,_Z,_Z,430,2023,123653733.48,,,,0
FCSA:DF_TRADE_COUNTRY_YR(5.1.0),AE,A,AED,FCSC,ANN_CNT,REEXP,_Z,_Z,430,2024,257685053.55,,,,0
FCSA:DF_TRADE_COUNTRY_YR(5.1.0),AE,A,AED,FCSC,ANN_CNT,IMP,_Z,_Z,499,2017,8613674.54,,,,0
FCSA:DF_TRADE_COUNTRY_YR(5.1.0),AE,A,AED,FCSC,ANN_CNT,IMP,_Z,_Z,499,2018,7721846.28,,,,0
FCSA:DF_TRADE_COUNTRY_YR(5.1.0),AE,A,AED,FCSC,ANN_CNT,IMP,_Z,_Z,499,2019,15508941.26,,,,0
FCSA:DF_TRADE_COUNTRY_YR(5.1.0),AE,A,AED,FCSC,ANN_CNT,IMP,_Z,_Z,499,2020,3497505.82,,,,0
FCSA:DF_TRADE_COUNTRY_YR(5.1.0),AE,A,AED,FCSC,ANN_CNT,IMP,_Z,_Z,499,2021,16263976.26,,,,0
FCSA:DF_TRADE_COUNTRY_YR(5.1.0),AE,A,AED,FCSC,ANN_CNT,IMP,_Z,_Z,499,2022,4708466.44,,,,0
FCSA:DF_TRADE_COUNTRY_YR(5.1.0),AE,A,AED,FCSC,ANN_CNT,IMP,_Z,_Z,499,2023,3633361.04,,,,0
FCSA:DF_TRADE_COUNTRY_YR(5.1.0),AE,A,AED,FCSC,ANN_CNT,IMP,_Z,_Z,499,2024,10591572.36,,,,0
FCSA:DF_TRADE_COUNTRY_YR(5.1.0),AE,A,AED,FCSC,ANN_CNT,TTRADE,_Z,_Z,748,2017,138146766.32,,,,0
FCSA:DF_TRADE_COUNTRY_YR(5.1.0),AE,A,AED,FCSC,ANN_CNT,TTRADE,_Z,_Z,748,2018,430433277.99,,,,0
FCSA:DF_TRADE_COUNTRY_YR(5.1.0),AE,A,AED,FCSC,ANN_CNT,TTRADE,_Z,_Z,748,2019,341946814.56,,,,0
FCSA:DF_TRADE_COUNTRY_YR(5.1.0),AE,A,AED,FCSC,ANN_CNT,TTRADE,_Z,_Z,748,2020,60598562.71,,,,0
FCSA:DF_TRADE_COUNTRY_YR(5.1.0),AE,A,AED,FCSC,ANN_CNT,TTRADE,_Z,_Z,748,2021,126099028.01,,,,0
FCSA:DF_TRADE_COUNTRY_YR(5.1.0),AE,A,AED,FCSC,ANN_CNT,TTRADE,_Z,_Z,748,2022,186266886.06,,,,0
FCSA:DF_TRADE_COUNTRY_YR(5.1.0),AE,A,AED,FCSC,ANN_CNT,TTRADE,_Z,_Z,748,2023,56172465.43,,,,0
FCSA:DF_TRADE_COUNTRY_YR(5.1.0),AE,A,AED,FCSC,ANN_CNT,TTRADE,_Z,_Z,748,2024,57092374.43,,,,0
FCSA:DF_TRADE_COUNTRY_YR(5.1.0),AE,A,AED,FCSC,ANN_CNT,IMP,_Z,_Z,474,2017,55448.18,,,,0
FCSA:DF_TRADE_COUNTRY_YR(5.1.0),AE,A,AED,FCSC,ANN_CNT,IMP,_Z,_Z,474,2018,39679.73,,,,0
FCSA:DF_TRADE_COUNTRY_YR(5.1.0),AE,A,AED,FCSC,ANN_CNT,IMP,_Z,_Z,474,2019,153241.00,,,,0
FCSA:DF_TRADE_COUNTRY_YR(5.1.0),AE,A,AED,FCSC,ANN_CNT,IMP,_Z,_Z,474,2020,394897.52,,,,0
FCSA:DF_TRADE_COUNTRY_YR(5.1.0),AE,A,AED,FCSC,ANN_CNT,IMP,_Z,_Z,474,2021,2924688.29,,,,0
FCSA:DF_TRADE_COUNTRY_YR(5.1.0),AE,A,AED,FCSC,ANN_CNT,IMP,_Z,_Z,474,2022,17069.82,,,,0
FCSA:DF_TRADE_COUNTRY_YR(5.1.0),AE,A,AED,FCSC,ANN_CNT,IMP,_Z,_Z,474,2023,137948.09,,,,0
FCSA:DF_TRADE_COUNTRY_YR(5.1.0),AE,A,AED,FCSC,ANN_CNT,IMP,_Z,_Z,474,2024,19835.42,,,,0
FCSA:DF_TRADE_COUNTRY_YR(5.1.0),AE,A,AED,FCSC,ANN_CNT,REEXP,_Z,_Z,250,2017,3173395073.86,,,,0
FCSA:DF_TRADE_COUNTRY_YR(5.1.0),AE,A,AED,FCSC,ANN_CNT,REEXP,_Z,_Z,250,2018,3519220323.43,,,,0
FCSA:DF_TRADE_COUNTRY_YR(5.1.0),AE,A,AED,FCSC,ANN_CNT,REEXP,_Z,_Z,250,2019,2347917879.69,,,,0
FCSA:DF_TRADE_COUNTRY_YR(5.1.0),AE,A,AED,FCSC,ANN_CNT,REEXP,_Z,_Z,250,2020,1820526894.89,,,,0
FCSA:DF_TRADE_COUNTRY_YR(5.1.0),AE,A,AED,FCSC,ANN_CNT,REEXP,_Z,_Z,250,2021,2315949744.47,,,,0
FCSA:DF_TRADE_COUNTRY_YR(5.1.0),AE,A,AED,FCSC,ANN_CNT,REEXP,_Z,_Z,250,2022,3871727649.00,,,,0
FCSA:DF_TRADE_COUNTRY_YR(5.1.0),AE,A,AED,FCSC,ANN_CNT,REEXP,_Z,_Z,250,2023,4206881867.25,,,,0
FCSA:DF_TRADE_COUNTRY_YR(5.1.0),AE,A,AED,FCSC,ANN_CNT,REEXP,_Z,_Z,250,2024,6621282668.12,,,,0
FCSA:DF_TRADE_COUNTRY_YR(5.1.0),AE,A,AED,FCSC,ANN_CNT,REEXP,_Z,_Z,300,2017,120764330.01,,,,0
FCSA:DF_TRADE_COUNTRY_YR(5.1.0),AE,A,AED,FCSC,ANN_CNT,REEXP,_Z,_Z,300,2018,243585655.07,,,,0
FCSA:DF_TRADE_COUNTRY_YR(5.1.0),AE,A,AED,FCSC,ANN_CNT,REEXP,_Z,_Z,300,2019,712195526.07,,,,0
FCSA:DF_TRADE_COUNTRY_YR(5.1.0),AE,A,AED,FCSC,ANN_CNT,REEXP,_Z,_Z,300,2020,245546992.20,,,,0
FCSA:DF_TRADE_COUNTRY_YR(5.1.0),AE,A,AED,FCSC,ANN_CNT,REEXP,_Z,_Z,300,2021,247216211.30,,,,0
FCSA:DF_TRADE_COUNTRY_YR(5.1.0),AE,A,AED,FCSC,ANN_CNT,REEXP,_Z,_Z,300,2022,354159732.69,,,,0
FCSA:DF_TRADE_COUNTRY_YR(5.1.0),AE,A,AED,FCSC,ANN_CNT,REEXP,_Z,_Z,300,2023,515695109.70,,,,0
FCSA:DF_TRADE_COUNTRY_YR(5.1.0),AE,A,AED,FCSC,ANN_CNT,REEXP,_Z,_Z,300,2024,457068043.60,,,,0
FCSA:DF_TRADE_COUNTRY_YR(5.1.0),AE,A,AED,FCSC,ANN_CNT,TNOEXP,_Z,_Z,694,2017,161992778.06,,,,0
FCSA:DF_TRADE_COUNTRY_YR(5.1.0),AE,A,AED,FCSC,ANN_CNT,TNOEXP,_Z,_Z,694,2018,145526647.08,,,,0
FCSA:DF_TRADE_COUNTRY_YR(5.1.0),AE,A,AED,FCSC,ANN_CNT,TNOEXP,_Z,_Z,694,2019,133478028.29,,,,0
FCSA:DF_TRADE_COUNTRY_YR(5.1.0),AE,A,AED,FCSC,ANN_CNT,TNOEXP,_Z,_Z,694,2020,192199126.67,,,,0
FCSA:DF_TRADE_COUNTRY_YR(5.1.0),AE,A,AED,FCSC,ANN_CNT,TNOEXP,_Z,_Z,694,2021,328040629.84,,,,0
FCSA:DF_TRADE_COUNTRY_YR(5.1.0),AE,A,AED,FCSC,ANN_CNT,TNOEXP,_Z,_Z,694,2022,322811739.05,,,,0
FCSA:DF_TRADE_COUNTRY_YR(5.1.0),AE,A,AED,FCSC,ANN_CNT,TNOEXP,_Z,_Z,694,2023,370570769.10,,,,0
FCSA:DF_TRADE_COUNTRY_YR(5.1.0),AE,A,AED,FCSC,ANN_CNT,TNOEXP,_Z,_Z,694,2024,359818745.49,,,,0
FCSA:DF_TRADE_COUNTRY_YR(5.1.0),AE,A,AED,FCSC,ANN_CNT,IMP,_Z,_Z,246,2017,1340857808.71,,,,0
FCSA:DF_TRADE_COUNTRY_YR(5.1.0),AE,A,AED,FCSC,ANN_CNT,IMP,_Z,_Z,246,2018,1196142251.61,,,,0
FCSA:DF_TRADE_COUNTRY_YR(5.1.0),AE,A,AED,FCSC,ANN_CNT,IMP,_Z,_Z,246,2019,1006288452.53,,,,0
FCSA:DF_TRADE_COUNTRY_YR(5.1.0),AE,A,AED,FCSC,ANN_CNT,IMP,_Z,_Z,246,2020,1051580283.79,,,,0
FCSA:DF_TRADE_COUNTRY_YR(5.1.0),AE,A,AED,FCSC,ANN_CNT,IMP,_Z,_Z,246,2021,962355739.28,,,,0
FCSA:DF_TRADE_COUNTRY_YR(5.1.0),AE,A,AED,FCSC,ANN_CNT,IMP,_Z,_Z,246,2022,1138826565.96,,,,0
FCSA:DF_TRADE_COUNTRY_YR(5.1.0),AE,A,AED,FCSC,ANN_CNT,IMP,_Z,_Z,246,2023,1202042041.14,,,,0
FCSA:DF_TRADE_COUNTRY_YR(5.1.0),AE,A,AED,FCSC,ANN_CNT,IMP,_Z,_Z,246,2024,1326536153.14,,,,0
FCSA:DF_TRADE_COUNTRY_YR(5.1.0),AE,A,AED,FCSC,ANN_CNT,TNOEXP,_Z,_Z,776,2017,1462666.12,,,,0
FCSA:DF_TRADE_COUNTRY_YR(5.1.0),AE,A,AED,FCSC,ANN_CNT,TNOEXP,_Z,_Z,776,2018,407849.57,,,,0
FCSA:DF_TRADE_COUNTRY_YR(5.1.0),AE,A,AED,FCSC,ANN_CNT,TNOEXP,_Z,_Z,776,2019,866453.23,,,,0
FCSA:DF_TRADE_COUNTRY_YR(5.1.0),AE,A,AED,FCSC,ANN_CNT,TNOEXP,_Z,_Z,776,2020,809855.66,,,,0
FCSA:DF_TRADE_COUNTRY_YR(5.1.0),AE,A,AED,FCSC,ANN_CNT,TNOEXP,_Z,_Z,776,2021,1893824.02,,,,0
FCSA:DF_TRADE_COUNTRY_YR(5.1.0),AE,A,AED,FCSC,ANN_CNT,TNOEXP,_Z,_Z,776,2022,3852824.03,,,,0
FCSA:DF_TRADE_COUNTRY_YR(5.1.0),AE,A,AED,FCSC,ANN_CNT,TNOEXP,_Z,_Z,776,2023,1108140.46,,,,0
FCSA:DF_TRADE_COUNTRY_YR(5.1.0),AE,A,AED,FCSC,ANN_CNT,TNOEXP,_Z,_Z,776,2024,930408.69,,,,0
FCSA:DF_TRADE_COUNTRY_YR(5.1.0),AE,A,AED,FCSC,ANN_CNT,NOEXP,_Z,_Z,136,2017,272186.33,,,,0
FCSA:DF_TRADE_COUNTRY_YR(5.1.0),AE,A,AED,FCSC,ANN_CNT,NOEXP,_Z,_Z,136,2018,357088.23,,,,0
FCSA:DF_TRADE_COUNTRY_YR(5.1.0),AE,A,AED,FCSC,ANN_CNT,NOEXP,_Z,_Z,136,2019,634747.21,,,,0
FCSA:DF_TRADE_COUNTRY_YR(5.1.0),AE,A,AED,FCSC,ANN_CNT,NOEXP,_Z,_Z,136,2020,491116.69,,,,0
FCSA:DF_TRADE_COUNTRY_YR(5.1.0),AE,A,AED,FCSC,ANN_CNT,NOEXP,_Z,_Z,136,2021,244870.51,,,,0
FCSA:DF_TRADE_COUNTRY_YR(5.1.0),AE,A,AED,FCSC,ANN_CNT,NOEXP,_Z,_Z,136,2022,537122.61,,,,0
FCSA:DF_TRADE_COUNTRY_YR(5.1.0),AE,A,AED,FCSC,ANN_CNT,NOEXP,_Z,_Z,136,2023,1494325.05,,,,0
FCSA:DF_TRADE_COUNTRY_YR(5.1.0),AE,A,AED,FCSC,ANN_CNT,NOEXP,_Z,_Z,136,2024,16916146.37,,,,0
FCSA:DF_TRADE_COUNTRY_YR(5.1.0),AE,A,AED,FCSC,ANN_CNT,REEXP,_Z,_Z,238,2018,80002.00,,,,0
FCSA:DF_TRADE_COUNTRY_YR(5.1.0),AE,A,AED,FCSC,ANN_CNT,REEXP,_Z,_Z,238,2019,0.00,,,,0
FCSA:DF_TRADE_COUNTRY_YR(5.1.0),AE,A,AED,FCSC,ANN_CNT,REEXP,_Z,_Z,238,2020,2583.28,,,,0
FCSA:DF_TRADE_COUNTRY_YR(5.1.0),AE,A,AED,FCSC,ANN_CNT,REEXP,_Z,_Z,238,2021,0.00,,,,0
FCSA:DF_TRADE_COUNTRY_YR(5.1.0),AE,A,AED,FCSC,ANN_CNT,REEXP,_Z,_Z,238,2022,11817.15,,,,0
FCSA:DF_TRADE_COUNTRY_YR(5.1.0),AE,A,AED,FCSC,ANN_CNT,REEXP,_Z,_Z,238,2023,2669.33,,,,0
FCSA:DF_TRADE_COUNTRY_YR(5.1.0),AE,A,AED,FCSC,ANN_CNT,REEXP,_Z,_Z,238,2024,0.00,,,,0
FCSA:DF_TRADE_COUNTRY_YR(5.1.0),AE,A,AED,FCSC,ANN_CNT,NOEXP,_Z,_Z,860,2017,99667798.75,,,,0
FCSA:DF_TRADE_COUNTRY_YR(5.1.0),AE,A,AED,FCSC,ANN_CNT,NOEXP,_Z,_Z,860,2018,478233210.18,,,,0
FCSA:DF_TRADE_COUNTRY_YR(5.1.0),AE,A,AED,FCSC,ANN_CNT,NOEXP,_Z,_Z,860,2019,234946503.66,,,,0
FCSA:DF_TRADE_COUNTRY_YR(5.1.0),AE,A,AED,FCSC,ANN_CNT,NOEXP,_Z,_Z,860,2020,101547748.00,,,,0
FCSA:DF_TRADE_COUNTRY_YR(5.1.0),AE,A,AED,FCSC,ANN_CNT,NOEXP,_Z,_Z,860,2021,112216198.03,,,,0
FCSA:DF_TRADE_COUNTRY_YR(5.1.0),AE,A,AED,FCSC,ANN_CNT,NOEXP,_Z,_Z,860,2022,344796311.76,,,,0
FCSA:DF_TRADE_COUNTRY_YR(5.1.0),AE,A,AED,FCSC,ANN_CNT,NOEXP,_Z,_Z,860,2023,608116375.74,,,,0
FCSA:DF_TRADE_COUNTRY_YR(5.1.0),AE,A,AED,FCSC,ANN_CNT,NOEXP,_Z,_Z,860,2024,973872591.14,,,,0
FCSA:DF_TRADE_COUNTRY_YR(5.1.0),AE,A,AED,FCSC,ANN_CNT,TNOEXP,_Z,_Z,100,2017,134344251.76,,,,0
FCSA:DF_TRADE_COUNTRY_YR(5.1.0),AE,A,AED,FCSC,ANN_CNT,TNOEXP,_Z,_Z,100,2018,239588763.96,,,,0
FCSA:DF_TRADE_COUNTRY_YR(5.1.0),AE,A,AED,FCSC,ANN_CNT,TNOEXP,_Z,_Z,100,2019,128106776.60,,,,0
FCSA:DF_TRADE_COUNTRY_YR(5.1.0),AE,A,AED,FCSC,ANN_CNT,TNOEXP,_Z,_Z,100,2020,149110162.56,,,,0
FCSA:DF_TRADE_COUNTRY_YR(5.1.0),AE,A,AED,FCSC,ANN_CNT,TNOEXP,_Z,_Z,100,2021,202707055.65,,,,0
FCSA:DF_TRADE_COUNTRY_YR(5.1.0),AE,A,AED,FCSC,ANN_CNT,TNOEXP,_Z,_Z,100,2022,217656529.01,,,,0
FCSA:DF_TRADE_COUNTRY_YR(5.1.0),AE,A,AED,FCSC,ANN_CNT,TNOEXP,_Z,_Z,100,2023,246050788.87,,,,0
FCSA:DF_TRADE_COUNTRY_YR(5.1.0),AE,A,AED,FCSC,ANN_CNT,TNOEXP,_Z,_Z,100,2024,229628940.01,,,,0
FCSA:DF_TRADE_COUNTRY_YR(5.1.0),AE,A,AED,FCSC,ANN_CNT,NOEXP,_Z,_Z,232,2017,56053257.24,,,,0
FCSA:DF_TRADE_COUNTRY_YR(5.1.0),AE,A,AED,FCSC,ANN_CNT,NOEXP,_Z,_Z,232,2018,39787894.51,,,,0
FCSA:DF_TRADE_COUNTRY_YR(5.1.0),AE,A,AED,FCSC,ANN_CNT,NOEXP,_Z,_Z,232,2019,50585140.87,,,,0
FCSA:DF_TRADE_COUNTRY_YR(5.1.0),AE,A,AED,FCSC,ANN_CNT,NOEXP,_Z,_Z,232,2020,65820890.77,,,,0
FCSA:DF_TRADE_COUNTRY_YR(5.1.0),AE,A,AED,FCSC,ANN_CNT,NOEXP,_Z,_Z,232,2021,89380376.50,,,,0
FCSA:DF_TRADE_COUNTRY_YR(5.1.0),AE,A,AED,FCSC,ANN_CNT,NOEXP,_Z,_Z,232,2022,125225095.44,,,,0
FCSA:DF_TRADE_COUNTRY_YR(5.1.0),AE,A,AED,FCSC,ANN_CNT,NOEXP,_Z,_Z,232,2023,144100470.85,,,,0
FCSA:DF_TRADE_COUNTRY_YR(5.1.0),AE,A,AED,FCSC,ANN_CNT,NOEXP,_Z,_Z,232,2024,182270548.53,,,,0
FCSA:DF_TRADE_COUNTRY_YR(5.1.0),AE,A,AED,FCSC,ANN_CNT,NOEXP,_Z,_Z,52,2017,82538.90,,,,0
FCSA:DF_TRADE_COUNTRY_YR(5.1.0),AE,A,AED,FCSC,ANN_CNT,NOEXP,_Z,_Z,52,2018,589713.26,,,,0
FCSA:DF_TRADE_COUNTRY_YR(5.1.0),AE,A,AED,FCSC,ANN_CNT,NOEXP,_Z,_Z,52,2019,8791484.45,,,,0
FCSA:DF_TRADE_COUNTRY_YR(5.1.0),AE,A,AED,FCSC,ANN_CNT,NOEXP,_Z,_Z,52,2020,1582448.57,,,,0
FCSA:DF_TRADE_COUNTRY_YR(5.1.0),AE,A,AED,FCSC,ANN_CNT,NOEXP,_Z,_Z,52,2021,850586.11,,,,0
FCSA:DF_TRADE_COUNTRY_YR(5.1.0),AE,A,AED,FCSC,ANN_CNT,NOEXP,_Z,_Z,52,2022,795053.47,,,,0
FCSA:DF_TRADE_COUNTRY_YR(5.1.0),AE,A,AED,FCSC,ANN_CNT,NOEXP,_Z,_Z,52,2023,3049859.81,,,,0
FCSA:DF_TRADE_COUNTRY_YR(5.1.0),AE,A,AED,FCSC,ANN_CNT,NOEXP,_Z,_Z,52,2024,2052012.11,,,,0
FCSA:DF_TRADE_COUNTRY_YR(5.1.0),AE,A,AED,FCSC,ANN_CNT,TTRADE,_Z,_Z,702,2017,16161203892.80,,,,0
FCSA:DF_TRADE_COUNTRY_YR(5.1.0),AE,A,AED,FCSC,ANN_CNT,TTRADE,_Z,_Z,702,2018,14464651961.03,,,,0
FCSA:DF_TRADE_COUNTRY_YR(5.1.0),AE,A,AED,FCSC,ANN_CNT,TTRADE,_Z,_Z,702,2019,18308818839.68,,,,0
FCSA:DF_TRADE_COUNTRY_YR(5.1.0),AE,A,AED,FCSC,ANN_CNT,TTRADE,_Z,_Z,702,2020,12193584432.59,,,,0
FCSA:DF_TRADE_COUNTRY_YR(5.1.0),AE,A,AED,FCSC,ANN_CNT,TTRADE,_Z,_Z,702,2021,15092158749.69,,,,0
FCSA:DF_TRADE_COUNTRY_YR(5.1.0),AE,A,AED,FCSC,ANN_CNT,TTRADE,_Z,_Z,702,2022,21212827471.01,,,,0
FCSA:DF_TRADE_COUNTRY_YR(5.1.0),AE,A,AED,FCSC,ANN_CNT,TTRADE,_Z,_Z,702,2023,21203124346.86,,,,0
FCSA:DF_TRADE_COUNTRY_YR(5.1.0),AE,A,AED,FCSC,ANN_CNT,TTRADE,_Z,_Z,702,2024,19155518178.22,,,,0
FCSA:DF_TRADE_COUNTRY_YR(5.1.0),AE,A,AED,FCSC,ANN_CNT,NOEXP,_Z,_Z,50,2017,1998271832.11,,,,0
FCSA:DF_TRADE_COUNTRY_YR(5.1.0),AE,A,AED,FCSC,ANN_CNT,NOEXP,_Z,_Z,50,2018,2661966574.70,,,,0
FCSA:DF_TRADE_COUNTRY_YR(5.1.0),AE,A,AED,FCSC,ANN_CNT,NOEXP,_Z,_Z,50,2019,3237058999.14,,,,0
FCSA:DF_TRADE_COUNTRY_YR(5.1.0),AE,A,AED,FCSC,ANN_CNT,NOEXP,_Z,_Z,50,2020,2911132407.16,,,,0
FCSA:DF_TRADE_COUNTRY_YR(5.1.0),AE,A,AED,FCSC,ANN_CNT,NOEXP,_Z,_Z,50,2021,3571289730.76,,,,0
FCSA:DF_TRADE_COUNTRY_YR(5.1.0),AE,A,AED,FCSC,ANN_CNT,NOEXP,_Z,_Z,50,2022,3995233374.10,,,,0
FCSA:DF_TRADE_COUNTRY_YR(5.1.0),AE,A,AED,FCSC,ANN_CNT,NOEXP,_Z,_Z,50,2023,4008357025.60,,,,0
FCSA:DF_TRADE_COUNTRY_YR(5.1.0),AE,A,AED,FCSC,ANN_CNT,NOEXP,_Z,_Z,50,2024,3820598839.14,,,,0
FCSA:DF_TRADE_COUNTRY_YR(5.1.0),AE,A,AED,FCSC,ANN_CNT,IMP,_Z,_Z,158,2017,6281969830.86,,,,0
FCSA:DF_TRADE_COUNTRY_YR(5.1.0),AE,A,AED,FCSC,ANN_CNT,IMP,_Z,_Z,158,2018,6038561311.38,,,,0
FCSA:DF_TRADE_COUNTRY_YR(5.1.0),AE,A,AED,FCSC,ANN_CNT,IMP,_Z,_Z,158,2019,6285781027.94,,,,0
FCSA:DF_TRADE_COUNTRY_YR(5.1.0),AE,A,AED,FCSC,ANN_CNT,IMP,_Z,_Z,158,2020,5148014791.51,,,,0
FCSA:DF_TRADE_COUNTRY_YR(5.1.0),AE,A,AED,FCSC,ANN_CNT,IMP,_Z,_Z,158,2021,6273398616.61,,,,0
FCSA:DF_TRADE_COUNTRY_YR(5.1.0),AE,A,AED,FCSC,ANN_CNT,IMP,_Z,_Z,158,2022,7498369427.30,,,,0
FCSA:DF_TRADE_COUNTRY_YR(5.1.0),AE,A,AED,FCSC,ANN_CNT,IMP,_Z,_Z,158,2023,7857948385.01,,,,0
FCSA:DF_TRADE_COUNTRY_YR(5.1.0),AE,A,AED,FCSC,ANN_CNT,IMP,_Z,_Z,158,2024,8273937954.02,,,,0
FCSA:DF_TRADE_COUNTRY_YR(5.1.0),AE,A,AED,FCSC,ANN_CNT,TNOEXP,_Z,_Z,724,2017,1319247524.57,,,,0
FCSA:DF_TRADE_COUNTRY_YR(5.1.0),AE,A,AED,FCSC,ANN_CNT,TNOEXP,_Z,_Z,724,2018,1956089950.80,,,,0
FCSA:DF_TRADE_COUNTRY_YR(5.1.0),AE,A,AED,FCSC,ANN_CNT,TNOEXP,_Z,_Z,724,2019,1553176286.27,,,,0
FCSA:DF_TRADE_COUNTRY_YR(5.1.0),AE,A,AED,FCSC,ANN_CNT,TNOEXP,_Z,_Z,724,2020,1232972917.75,,,,0
FCSA:DF_TRADE_COUNTRY_YR(5.1.0),AE,A,AED,FCSC,ANN_CNT,TNOEXP,_Z,_Z,724,2021,1934858606.10,,,,0
FCSA:DF_TRADE_COUNTRY_YR(5.1.0),AE,A,AED,FCSC,ANN_CNT,TNOEXP,_Z,_Z,724,2022,2071816031.17,,,,0
FCSA:DF_TRADE_COUNTRY_YR(5.1.0),AE,A,AED,FCSC,ANN_CNT,TNOEXP,_Z,_Z,724,2023,2043252192.98,,,,0
FCSA:DF_TRADE_COUNTRY_YR(5.1.0),AE,A,AED,FCSC,ANN_CNT,TNOEXP,_Z,_Z,724,2024,2153201017.50,,,,0
FCSA:DF_TRADE_COUNTRY_YR(5.1.0),AE,A,AED,FCSC,ANN_CNT,TTRADE,_Z,_Z,180,2017,1170196118.07,,,,0
FCSA:DF_TRADE_COUNTRY_YR(5.1.0),AE,A,AED,FCSC,ANN_CNT,TTRADE,_Z,_Z,180,2018,4064285643.98,,,,0
FCSA:DF_TRADE_COUNTRY_YR(5.1.0),AE,A,AED,FCSC,ANN_CNT,TTRADE,_Z,_Z,180,2019,4296077409.76,,,,0
FCSA:DF_TRADE_COUNTRY_YR(5.1.0),AE,A,AED,FCSC,ANN_CNT,TTRADE,_Z,_Z,180,2020,3894538130.83,,,,0
FCSA:DF_TRADE_COUNTRY_YR(5.1.0),AE,A,AED,FCSC,ANN_CNT,TTRADE,_Z,_Z,180,2021,5476742119.72,,,,0
FCSA:DF_TRADE_COUNTRY_YR(5.1.0),AE,A,AED,FCSC,ANN_CNT,TTRADE,_Z,_Z,180,2022,6200790878.13,,,,0
FCSA:DF_TRADE_COUNTRY_YR(5.1.0),AE,A,AED,FCSC,ANN_CNT,TTRADE,_Z,_Z,180,2023,7213668276.27,,,,0
FCSA:DF_TRADE_COUNTRY_YR(5.1.0),AE,A,AED,FCSC,ANN_CNT,TTRADE,_Z,_Z,180,2024,9259487486.48,,,,0
FCSA:DF_TRADE_COUNTRY_YR(5.1.0),AE,A,AED,FCSC,ANN_CNT,REEXP,_Z,_Z,454,2017,166224369.30,,,,0
FCSA:DF_TRADE_COUNTRY_YR(5.1.0),AE,A,AED,FCSC,ANN_CNT,REEXP,_Z,_Z,454,2018,219288933.59,,,,0
FCSA:DF_TRADE_COUNTRY_YR(5.1.0),AE,A,AED,FCSC,ANN_CNT,REEXP,_Z,_Z,454,2019,230045724.10,,,,0
FCSA:DF_TRADE_COUNTRY_YR(5.1.0),AE,A,AED,FCSC,ANN_CNT,REEXP,_Z,_Z,454,2020,232396331.57,,,,0
FCSA:DF_TRADE_COUNTRY_YR(5.1.0),AE,A,AED,FCSC,ANN_CNT,REEXP,_Z,_Z,454,2021,251430976.93,,,,0
FCSA:DF_TRADE_COUNTRY_YR(5.1.0),AE,A,AED,FCSC,ANN_CNT,REEXP,_Z,_Z,454,2022,196478298.67,,,,0
FCSA:DF_TRADE_COUNTRY_YR(5.1.0),AE,A,AED,FCSC,ANN_CNT,REEXP,_Z,_Z,454,2023,186958603.23,,,,0
FCSA:DF_TRADE_COUNTRY_YR(5.1.0),AE,A,AED,FCSC,ANN_CNT,REEXP,_Z,_Z,454,2024,234973135.53,,,,0
FCSA:DF_TRADE_COUNTRY_YR(5.1.0),AE,A,AED,FCSC,ANN_CNT,TTRADE,_Z,_Z,340,2017,57732796.42,,,,0
FCSA:DF_TRADE_COUNTRY_YR(5.1.0),AE,A,AED,FCSC,ANN_CNT,TTRADE,_Z,_Z,340,2018,59262297.17,,,,0
FCSA:DF_TRADE_COUNTRY_YR(5.1.0),AE,A,AED,FCSC,ANN_CNT,TTRADE,_Z,_Z,340,2019,51353416.13,,,,0
FCSA:DF_TRADE_COUNTRY_YR(5.1.0),AE,A,AED,FCSC,ANN_CNT,TTRADE,_Z,_Z,340,2020,39855972.84,,,,0
FCSA:DF_TRADE_COUNTRY_YR(5.1.0),AE,A,AED,FCSC,ANN_CNT,TTRADE,_Z,_Z,340,2021,46029119.17,,,,0
FCSA:DF_TRADE_COUNTRY_YR(5.1.0),AE,A,AED,FCSC,ANN_CNT,TTRADE,_Z,_Z,340,2022,90040378.12,,,,0
FCSA:DF_TRADE_COUNTRY_YR(5.1.0),AE,A,AED,FCSC,ANN_CNT,TTRADE,_Z,_Z,340,2023,81350603.02,,,,0
FCSA:DF_TRADE_COUNTRY_YR(5.1.0),AE,A,AED,FCSC,ANN_CNT,TTRADE,_Z,_Z,340,2024,143090873.85,,,,0
FCSA:DF_TRADE_COUNTRY_YR(5.1.0),AE,A,AED,FCSC,ANN_CNT,TTRADE,_Z,_Z,659,2017,257497.98,,,,0
FCSA:DF_TRADE_COUNTRY_YR(5.1.0),AE,A,AED,FCSC,ANN_CNT,TTRADE,_Z,_Z,659,2018,787066.10,,,,0
FCSA:DF_TRADE_COUNTRY_YR(5.1.0),AE,A,AED,FCSC,ANN_CNT,TTRADE,_Z,_Z,659,2019,412994.28,,,,0
FCSA:DF_TRADE_COUNTRY_YR(5.1.0),AE,A,AED,FCSC,ANN_CNT,TTRADE,_Z,_Z,659,2020,2103502.15,,,,0
FCSA:DF_TRADE_COUNTRY_YR(5.1.0),AE,A,AED,FCSC,ANN_CNT,TTRADE,_Z,_Z,659,2021,2231518.16,,,,0
FCSA:DF_TRADE_COUNTRY_YR(5.1.0),AE,A,AED,FCSC,ANN_CNT,TTRADE,_Z,_Z,659,2022,2685549.05,,,,0
FCSA:DF_TRADE_COUNTRY_YR(5.1.0),AE,A,AED,FCSC,ANN_CNT,TTRADE,_Z,_Z,659,2023,8585069.64,,,,0
FCSA:DF_TRADE_COUNTRY_YR(5.1.0),AE,A,AED,FCSC,ANN_CNT,TTRADE,_Z,_Z,659,2024,1313303.10,,,,0
FCSA:DF_TRADE_COUNTRY_YR(5.1.0),AE,A,AED,FCSC,ANN_CNT,TNOEXP,_Z,_Z,408,2017,22014.00,,,,0
FCSA:DF_TRADE_COUNTRY_YR(5.1.0),AE,A,AED,FCSC,ANN_CNT,TNOEXP,_Z,_Z,408,2018,2597958.00,,,,0
FCSA:DF_TRADE_COUNTRY_YR(5.1.0),AE,A,AED,FCSC,ANN_CNT,TNOEXP,_Z,_Z,408,2019,8397947.09,,,,0
FCSA:DF_TRADE_COUNTRY_YR(5.1.0),AE,A,AED,FCSC,ANN_CNT,TNOEXP,_Z,_Z,408,2020,2555084.45,,,,0
FCSA:DF_TRADE_COUNTRY_YR(5.1.0),AE,A,AED,FCSC,ANN_CNT,TNOEXP,_Z,_Z,408,2021,7855541.41,,,,0
FCSA:DF_TRADE_COUNTRY_YR(5.1.0),AE,A,AED,FCSC,ANN_CNT,TNOEXP,_Z,_Z,408,2022,0.00,,,,0
FCSA:DF_TRADE_COUNTRY_YR(5.1.0),AE,A,AED,FCSC,ANN_CNT,REEXP,_Z,_Z,86,2021,0.00,,,,0
FCSA:DF_TRADE_COUNTRY_YR(5.1.0),AE,A,AED,FCSC,ANN_CNT,REEXP,_Z,_Z,86,2022,14600.00,,,,0
FCSA:DF_TRADE_COUNTRY_YR(5.1.0),AE,A,AED,FCSC,ANN_CNT,REEXP,_Z,_Z,86,2023,0.00,,,,0
FCSA:DF_TRADE_COUNTRY_YR(5.1.0),AE,A,AED,FCSC,ANN_CNT,REEXP,_Z,_Z,86,2024,1000.00,,,,0
FCSA:DF_TRADE_COUNTRY_YR(5.1.0),AE,A,AED,FCSC,ANN_CNT,IMP,_Z,_Z,348,2017,1423130627.47,,,,0
FCSA:DF_TRADE_COUNTRY_YR(5.1.0),AE,A,AED,FCSC,ANN_CNT,IMP,_Z,_Z,348,2018,1315787363.29,,,,0
FCSA:DF_TRADE_COUNTRY_YR(5.1.0),AE,A,AED,FCSC,ANN_CNT,IMP,_Z,_Z,348,2019,1180364317.47,,,,0
FCSA:DF_TRADE_COUNTRY_YR(5.1.0),AE,A,AED,FCSC,ANN_CNT,IMP,_Z,_Z,348,2020,1390062673.31,,,,0
FCSA:DF_TRADE_COUNTRY_YR(5.1.0),AE,A,AED,FCSC,ANN_CNT,IMP,_Z,_Z,348,2021,1979705885.27,,,,0
FCSA:DF_TRADE_COUNTRY_YR(5.1.0),AE,A,AED,FCSC,ANN_CNT,IMP,_Z,_Z,348,2022,2887811443.34,,,,0
FCSA:DF_TRADE_COUNTRY_YR(5.1.0),AE,A,AED,FCSC,ANN_CNT,IMP,_Z,_Z,348,2023,3353024169.65,,,,0
FCSA:DF_TRADE_COUNTRY_YR(5.1.0),AE,A,AED,FCSC,ANN_CNT,IMP,_Z,_Z,348,2024,2444494302.21,,,,0
FCSA:DF_TRADE_COUNTRY_YR(5.1.0),AE,A,AED,FCSC,ANN_CNT,IMP,_Z,_Z,858,2017,64571865.72,,,,0
FCSA:DF_TRADE_COUNTRY_YR(5.1.0),AE,A,AED,FCSC,ANN_CNT,IMP,_Z,_Z,858,2018,28570516.67,,,,0
FCSA:DF_TRADE_COUNTRY_YR(5.1.0),AE,A,AED,FCSC,ANN_CNT,IMP,_Z,_Z,858,2019,92501829.64,,,,0
FCSA:DF_TRADE_COUNTRY_YR(5.1.0),AE,A,AED,FCSC,ANN_CNT,IMP,_Z,_Z,858,2020,70436364.06,,,,0
FCSA:DF_TRADE_COUNTRY_YR(5.1.0),AE,A,AED,FCSC,ANN_CNT,IMP,_Z,_Z,858,2021,31377252.60,,,,0
FCSA:DF_TRADE_COUNTRY_YR(5.1.0),AE,A,AED,FCSC,ANN_CNT,IMP,_Z,_Z,858,2022,127673125.81,,,,0
FCSA:DF_TRADE_COUNTRY_YR(5.1.0),AE,A,AED,FCSC,ANN_CNT,IMP,_Z,_Z,858,2023,78368009.25,,,,0
FCSA:DF_TRADE_COUNTRY_YR(5.1.0),AE,A,AED,FCSC,ANN_CNT,IMP,_Z,_Z,858,2024,163735095.80,,,,0
FCSA:DF_TRADE_COUNTRY_YR(5.1.0),AE,A,AED,FCSC,ANN_CNT,TNOEXP,_Z,_Z,674,2017,0.00,,,,0
FCSA:DF_TRADE_COUNTRY_YR(5.1.0),AE,A,AED,FCSC,ANN_CNT,TNOEXP,_Z,_Z,674,2018,12549.18,,,,0
FCSA:DF_TRADE_COUNTRY_YR(5.1.0),AE,A,AED,FCSC,ANN_CNT,TNOEXP,_Z,_Z,674,2019,15492614.72,,,,0
FCSA:DF_TRADE_COUNTRY_YR(5.1.0),AE,A,AED,FCSC,ANN_CNT,TNOEXP,_Z,_Z,674,2020,1000.00,,,,0
FCSA:DF_TRADE_COUNTRY_YR(5.1.0),AE,A,AED,FCSC,ANN_CNT,TNOEXP,_Z,_Z,674,2021,161586.10,,,,0
FCSA:DF_TRADE_COUNTRY_YR(5.1.0),AE,A,AED,FCSC,ANN_CNT,TNOEXP,_Z,_Z,674,2022,19750.00,,,,0
FCSA:DF_TRADE_COUNTRY_YR(5.1.0),AE,A,AED,FCSC,ANN_CNT,TNOEXP,_Z,_Z,674,2023,385873.20,,,,0
FCSA:DF_TRADE_COUNTRY_YR(5.1.0),AE,A,AED,FCSC,ANN_CNT,TNOEXP,_Z,_Z,674,2024,556226.95,,,,0
FCSA:DF_TRADE_COUNTRY_YR(5.1.0),AE,A,AED,FCSC,ANN_CNT,TNOEXP,_Z,_Z,876,2018,122420.11,,,,0
FCSA:DF_TRADE_COUNTRY_YR(5.1.0),AE,A,AED,FCSC,ANN_CNT,TNOEXP,_Z,_Z,876,2019,524734.23,,,,0
FCSA:DF_TRADE_COUNTRY_YR(5.1.0),AE,A,AED,FCSC,ANN_CNT,TNOEXP,_Z,_Z,876,2020,413691.62,,,,0
FCSA:DF_TRADE_COUNTRY_YR(5.1.0),AE,A,AED,FCSC,ANN_CNT,TNOEXP,_Z,_Z,876,2021,2785.82,,,,0
FCSA:DF_TRADE_COUNTRY_YR(5.1.0),AE,A,AED,FCSC,ANN_CNT,TNOEXP,_Z,_Z,876,2022,16652.78,,,,0
FCSA:DF_TRADE_COUNTRY_YR(5.1.0),AE,A,AED,FCSC,ANN_CNT,TNOEXP,_Z,_Z,876,2023,434710.08,,,,0
FCSA:DF_TRADE_COUNTRY_YR(5.1.0),AE,A,AED,FCSC,ANN_CNT,TNOEXP,_Z,_Z,876,2024,687573.67,,,,0
FCSA:DF_TRADE_COUNTRY_YR(5.1.0),AE,A,AED,FCSC,ANN_CNT,TTRADE,_Z,_Z,854,2017,272235658.06,,,,0
FCSA:DF_TRADE_COUNTRY_YR(5.1.0),AE,A,AED,FCSC,ANN_CNT,TTRADE,_Z,_Z,854,2018,274363767.94,,,,0
FCSA:DF_TRADE_COUNTRY_YR(5.1.0),AE,A,AED,FCSC,ANN_CNT,TTRADE,_Z,_Z,854,2019,316268292.37,,,,0
FCSA:DF_TRADE_COUNTRY_YR(5.1.0),AE,A,AED,FCSC,ANN_CNT,TTRADE,_Z,_Z,854,2020,331880004.79,,,,0
FCSA:DF_TRADE_COUNTRY_YR(5.1.0),AE,A,AED,FCSC,ANN_CNT,TTRADE,_Z,_Z,854,2021,445154730.19,,,,0
FCSA:DF_TRADE_COUNTRY_YR(5.1.0),AE,A,AED,FCSC,ANN_CNT,TTRADE,_Z,_Z,854,2022,2041639182.84,,,,0
FCSA:DF_TRADE_COUNTRY_YR(5.1.0),AE,A,AED,FCSC,ANN_CNT,TTRADE,_Z,_Z,854,2023,2125500201.50,,,,0
FCSA:DF_TRADE_COUNTRY_YR(5.1.0),AE,A,AED,FCSC,ANN_CNT,TTRADE,_Z,_Z,854,2024,6022913460.70,,,,0
FCSA:DF_TRADE_COUNTRY_YR(5.1.0),AE,A,AED,FCSC,ANN_CNT,IMP,_Z,_Z,716,2017,1346899625.94,,,,0
FCSA:DF_TRADE_COUNTRY_YR(5.1.0),AE,A,AED,FCSC,ANN_CNT,IMP,_Z,_Z,716,2018,3692166914.55,,,,0
FCSA:DF_TRADE_COUNTRY_YR(5.1.0),AE,A,AED,FCSC,ANN_CNT,IMP,_Z,_Z,716,2019,3311839770.37,,,,0
FCSA:DF_TRADE_COUNTRY_YR(5.1.0),AE,A,AED,FCSC,ANN_CNT,IMP,_Z,_Z,716,2020,5374647462.08,,,,0
FCSA:DF_TRADE_COUNTRY_YR(5.1.0),AE,A,AED,FCSC,ANN_CNT,IMP,_Z,_Z,716,2021,7709170807.06,,,,0
FCSA:DF_TRADE_COUNTRY_YR(5.1.0),AE,A,AED,FCSC,ANN_CNT,IMP,_Z,_Z,716,2022,9946848614.17,,,,0
FCSA:DF_TRADE_COUNTRY_YR(5.1.0),AE,A,AED,FCSC,ANN_CNT,IMP,_Z,_Z,716,2023,8534061708.57,,,,0
FCSA:DF_TRADE_COUNTRY_YR(5.1.0),AE,A,AED,FCSC,ANN_CNT,IMP,_Z,_Z,716,2024,11404945254.16,,,,0
FCSA:DF_TRADE_COUNTRY_YR(5.1.0),AE,A,AED,FCSC,ANN_CNT,TTRADE,_Z,_Z,203,2017,3974805406.91,,,,0
FCSA:DF_TRADE_COUNTRY_YR(5.1.0),AE,A,AED,FCSC,ANN_CNT,TTRADE,_Z,_Z,203,2018,3861776935.34,,,,0
FCSA:DF_TRADE_COUNTRY_YR(5.1.0),AE,A,AED,FCSC,ANN_CNT,TTRADE,_Z,_Z,203,2019,4428892999.99,,,,0
FCSA:DF_TRADE_COUNTRY_YR(5.1.0),AE,A,AED,FCSC,ANN_CNT,TTRADE,_Z,_Z,203,2020,3659318817.58,,,,0
FCSA:DF_TRADE_COUNTRY_YR(5.1.0),AE,A,AED,FCSC,ANN_CNT,TTRADE,_Z,_Z,203,2021,4256573432.60,,,,0
FCSA:DF_TRADE_COUNTRY_YR(5.1.0),AE,A,AED,FCSC,ANN_CNT,TTRADE,_Z,_Z,203,2022,4611517125.10,,,,0
FCSA:DF_TRADE_COUNTRY_YR(5.1.0),AE,A,AED,FCSC,ANN_CNT,TTRADE,_Z,_Z,203,2023,5341094628.37,,,,0
FCSA:DF_TRADE_COUNTRY_YR(5.1.0),AE,A,AED,FCSC,ANN_CNT,TTRADE,_Z,_Z,203,2024,5899358993.21,,,,0
FCSA:DF_TRADE_COUNTRY_YR(5.1.0),AE,A,AED,FCSC,ANN_CNT,TTRADE,_Z,_Z,666,2021,42298.63,,,,0
FCSA:DF_TRADE_COUNTRY_YR(5.1.0),AE,A,AED,FCSC,ANN_CNT,TTRADE,_Z,_Z,666,2022,232597.88,,,,0
FCSA:DF_TRADE_COUNTRY_YR(5.1.0),AE,A,AED,FCSC,ANN_CNT,TTRADE,_Z,_Z,666,2023,53566.00,,,,0
FCSA:DF_TRADE_COUNTRY_YR(5.1.0),AE,A,AED,FCSC,ANN_CNT,TTRADE,_Z,_Z,666,2024,9052.22,,,,0
FCSA:DF_TRADE_COUNTRY_YR(5.1.0),AE,A,AED,FCSC,ANN_CNT,REEXP,_Z,_Z,504,2017,498503766.32,,,,0
FCSA:DF_TRADE_COUNTRY_YR(5.1.0),AE,A,AED,FCSC,ANN_CNT,REEXP,_Z,_Z,504,2018,675224268.41,,,,0
FCSA:DF_TRADE_COUNTRY_YR(5.1.0),AE,A,AED,FCSC,ANN_CNT,REEXP,_Z,_Z,504,2019,983188946.57,,,,0
FCSA:DF_TRADE_COUNTRY_YR(5.1.0),AE,A,AED,FCSC,ANN_CNT,REEXP,_Z,_Z,504,2020,697107303.46,,,,0
FCSA:DF_TRADE_COUNTRY_YR(5.1.0),AE,A,AED,FCSC,ANN_CNT,REEXP,_Z,_Z,504,2021,643519503.69,,,,0
FCSA:DF_TRADE_COUNTRY_YR(5.1.0),AE,A,AED,FCSC,ANN_CNT,REEXP,_Z,_Z,504,2022,779571819.87,,,,0
FCSA:DF_TRADE_COUNTRY_YR(5.1.0),AE,A,AED,FCSC,ANN_CNT,REEXP,_Z,_Z,504,2023,758296494.39,,,,0
FCSA:DF_TRADE_COUNTRY_YR(5.1.0),AE,A,AED,FCSC,ANN_CNT,REEXP,_Z,_Z,504,2024,1040051065.58,,,,0
FCSA:DF_TRADE_COUNTRY_YR(5.1.0),AE,A,AED,FCSC,ANN_CNT,NOEXP,_Z,_Z,288,2017,381380875.32,,,,0
FCSA:DF_TRADE_COUNTRY_YR(5.1.0),AE,A,AED,FCSC,ANN_CNT,NOEXP,_Z,_Z,288,2018,437943056.23,,,,0
FCSA:DF_TRADE_COUNTRY_YR(5.1.0),AE,A,AED,FCSC,ANN_CNT,NOEXP,_Z,_Z,288,2019,473990213.44,,,,0
FCSA:DF_TRADE_COUNTRY_YR(5.1.0),AE,A,AED,FCSC,ANN_CNT,NOEXP,_Z,_Z,288,2020,473278565.75,,,,0
FCSA:DF_TRADE_COUNTRY_YR(5.1.0),AE,A,AED,FCSC,ANN_CNT,NOEXP,_Z,_Z,288,2021,665267224.83,,,,0
FCSA:DF_TRADE_COUNTRY_YR(5.1.0),AE,A,AED,FCSC,ANN_CNT,NOEXP,_Z,_Z,288,2022,631782654.19,,,,0
FCSA:DF_TRADE_COUNTRY_YR(5.1.0),AE,A,AED,FCSC,ANN_CNT,NOEXP,_Z,_Z,288,2023,787128244.65,,,,0
FCSA:DF_TRADE_COUNTRY_YR(5.1.0),AE,A,AED,FCSC,ANN_CNT,NOEXP,_Z,_Z,288,2024,839055063.97,,,,0
FCSA:DF_TRADE_COUNTRY_YR(5.1.0),AE,A,AED,FCSC,ANN_CNT,NOEXP,_Z,_Z,384,2017,143850854.00,,,,0
FCSA:DF_TRADE_COUNTRY_YR(5.1.0),AE,A,AED,FCSC,ANN_CNT,NOEXP,_Z,_Z,384,2018,158212396.95,,,,0
FCSA:DF_TRADE_COUNTRY_YR(5.1.0),AE,A,AED,FCSC,ANN_CNT,NOEXP,_Z,_Z,384,2019,144566712.30,,,,0
FCSA:DF_TRADE_COUNTRY_YR(5.1.0),AE,A,AED,FCSC,ANN_CNT,NOEXP,_Z,_Z,384,2020,158494875.13,,,,0
FCSA:DF_TRADE_COUNTRY_YR(5.1.0),AE,A,AED,FCSC,ANN_CNT,NOEXP,_Z,_Z,384,2021,289298173.80,,,,0
FCSA:DF_TRADE_COUNTRY_YR(5.1.0),AE,A,AED,FCSC,ANN_CNT,NOEXP,_Z,_Z,384,2022,387461516.47,,,,0
FCSA:DF_TRADE_COUNTRY_YR(5.1.0),AE,A,AED,FCSC,ANN_CNT,NOEXP,_Z,_Z,384,2023,478840364.52,,,,0
FCSA:DF_TRADE_COUNTRY_YR(5.1.0),AE,A,AED,FCSC,ANN_CNT,NOEXP,_Z,_Z,384,2024,455961970.63,,,,0
FCSA:DF_TRADE_COUNTRY_YR(5.1.0),AE,A,AED,FCSC,ANN_CNT,TTRADE,_Z,_Z,204,2017,2025577756.19,,,,0
FCSA:DF_TRADE_COUNTRY_YR(5.1.0),AE,A,AED,FCSC,ANN_CNT,TTRADE,_Z,_Z,204,2018,1520207601.13,,,,0
FCSA:DF_TRADE_COUNTRY_YR(5.1.0),AE,A,AED,FCSC,ANN_CNT,TTRADE,_Z,_Z,204,2019,2294119598.95,,,,0
FCSA:DF_TRADE_COUNTRY_YR(5.1.0),AE,A,AED,FCSC,ANN_CNT,TTRADE,_Z,_Z,204,2020,2372476414.55,,,,0
FCSA:DF_TRADE_COUNTRY_YR(5.1.0),AE,A,AED,FCSC,ANN_CNT,TTRADE,_Z,_Z,204,2021,3720402465.67,,,,0
FCSA:DF_TRADE_COUNTRY_YR(5.1.0),AE,A,AED,FCSC,ANN_CNT,TTRADE,_Z,_Z,204,2022,2255357585.09,,,,0
FCSA:DF_TRADE_COUNTRY_YR(5.1.0),AE,A,AED,FCSC,ANN_CNT,TTRADE,_Z,_Z,204,2023,4197583223.15,,,,0
FCSA:DF_TRADE_COUNTRY_YR(5.1.0),AE,A,AED,FCSC,ANN_CNT,TTRADE,_Z,_Z,204,2024,4783545009.95,,,,0
FCSA:DF_TRADE_COUNTRY_YR(5.1.0),AE,A,AED,FCSC,ANN_CNT,REEXP,_Z,_Z,533,2017,6361154.03,,,,0
FCSA:DF_TRADE_COUNTRY_YR(5.1.0),AE,A,AED,FCSC,ANN_CNT,REEXP,_Z,_Z,533,2018,9231241.61,,,,0
FCSA:DF_TRADE_COUNTRY_YR(5.1.0),AE,A,AED,FCSC,ANN_CNT,REEXP,_Z,_Z,533,2019,30327394.01,,,,0
FCSA:DF_TRADE_COUNTRY_YR(5.1.0),AE,A,AED,FCSC,ANN_CNT,REEXP,_Z,_Z,533,2020,16702893.93,,,,0
FCSA:DF_TRADE_COUNTRY_YR(5.1.0),AE,A,AED,FCSC,ANN_CNT,REEXP,_Z,_Z,533,2021,5728314.02,,,,0
FCSA:DF_TRADE_COUNTRY_YR(5.1.0),AE,A,AED,FCSC,ANN_CNT,REEXP,_Z,_Z,533,2022,5717972.68,,,,0
FCSA:DF_TRADE_COUNTRY_YR(5.1.0),AE,A,AED,FCSC,ANN_CNT,REEXP,_Z,_Z,533,2023,9731787.90,,,,0
FCSA:DF_TRADE_COUNTRY_YR(5.1.0),AE,A,AED,FCSC,ANN_CNT,REEXP,_Z,_Z,533,2024,10436724.47,,,,0
FCSA:DF_TRADE_COUNTRY_YR(5.1.0),AE,A,AED,FCSC,ANN_CNT,IMP,_Z,_Z,574,2017,0.00,,,,0
FCSA:DF_TRADE_COUNTRY_YR(5.1.0),AE,A,AED,FCSC,ANN_CNT,IMP,_Z,_Z,574,2018,0.00,,,,0
FCSA:DF_TRADE_COUNTRY_YR(5.1.0),AE,A,AED,FCSC,ANN_CNT,IMP,_Z,_Z,574,2019,0.00,,,,0
FCSA:DF_TRADE_COUNTRY_YR(5.1.0),AE,A,AED,FCSC,ANN_CNT,IMP,_Z,_Z,574,2020,57912.75,,,,0
FCSA:DF_TRADE_COUNTRY_YR(5.1.0),AE,A,AED,FCSC,ANN_CNT,IMP,_Z,_Z,574,2021,282855.58,,,,0
FCSA:DF_TRADE_COUNTRY_YR(5.1.0),AE,A,AED,FCSC,ANN_CNT,IMP,_Z,_Z,574,2022,596.00,,,,0
FCSA:DF_TRADE_COUNTRY_YR(5.1.0),AE,A,AED,FCSC,ANN_CNT,IMP,_Z,_Z,574,2023,38.78,,,,0
FCSA:DF_TRADE_COUNTRY_YR(5.1.0),AE,A,AED,FCSC,ANN_CNT,IMP,_Z,_Z,574,2024,597.82,,,,0
FCSA:DF_TRADE_COUNTRY_YR(5.1.0),AE,A,AED,FCSC,ANN_CNT,TNOEXP,_Z,_Z,32,2017,134560166.87,,,,0
FCSA:DF_TRADE_COUNTRY_YR(5.1.0),AE,A,AED,FCSC,ANN_CNT,TNOEXP,_Z,_Z,32,2018,192492566.03,,,,0
FCSA:DF_TRADE_COUNTRY_YR(5.1.0),AE,A,AED,FCSC,ANN_CNT,TNOEXP,_Z,_Z,32,2019,230649384.49,,,,0
FCSA:DF_TRADE_COUNTRY_YR(5.1.0),AE,A,AED,FCSC,ANN_CNT,TNOEXP,_Z,_Z,32,2020,131188657.29,,,,0
FCSA:DF_TRADE_COUNTRY_YR(5.1.0),AE,A,AED,FCSC,ANN_CNT,TNOEXP,_Z,_Z,32,2021,261644764.86,,,,0
FCSA:DF_TRADE_COUNTRY_YR(5.1.0),AE,A,AED,FCSC,ANN_CNT,TNOEXP,_Z,_Z,32,2022,302275918.01,,,,0
FCSA:DF_TRADE_COUNTRY_YR(5.1.0),AE,A,AED,FCSC,ANN_CNT,TNOEXP,_Z,_Z,32,2023,355270813.57,,,,0
FCSA:DF_TRADE_COUNTRY_YR(5.1.0),AE,A,AED,FCSC,ANN_CNT,TNOEXP,_Z,_Z,32,2024,465752262.05,,,,0
FCSA:DF_TRADE_COUNTRY_YR(5.1.0),AE,A,AED,FCSC,ANN_CNT,TTRADE,_Z,_Z,858,2017,160153417.64,,,,0
FCSA:DF_TRADE_COUNTRY_YR(5.1.0),AE,A,AED,FCSC,ANN_CNT,TTRADE,_Z,_Z,858,2018,154566407.43,,,,0
FCSA:DF_TRADE_COUNTRY_YR(5.1.0),AE,A,AED,FCSC,ANN_CNT,TTRADE,_Z,_Z,858,2019,161602643.24,,,,0
FCSA:DF_TRADE_COUNTRY_YR(5.1.0),AE,A,AED,FCSC,ANN_CNT,TTRADE,_Z,_Z,858,2020,104306949.59,,,,0
FCSA:DF_TRADE_COUNTRY_YR(5.1.0),AE,A,AED,FCSC,ANN_CNT,TTRADE,_Z,_Z,858,2021,72204609.20,,,,0
FCSA:DF_TRADE_COUNTRY_YR(5.1.0),AE,A,AED,FCSC,ANN_CNT,TTRADE,_Z,_Z,858,2022,152992032.79,,,,0
FCSA:DF_TRADE_COUNTRY_YR(5.1.0),AE,A,AED,FCSC,ANN_CNT,TTRADE,_Z,_Z,858,2023,116513255.53,,,,0
FCSA:DF_TRADE_COUNTRY_YR(5.1.0),AE,A,AED,FCSC,ANN_CNT,TTRADE,_Z,_Z,858,2024,279314705.08,,,,0
FCSA:DF_TRADE_COUNTRY_YR(5.1.0),AE,A,AED,FCSC,ANN_CNT,IMP,_Z,_Z,96,2017,1744500.19,,,,0
FCSA:DF_TRADE_COUNTRY_YR(5.1.0),AE,A,AED,FCSC,ANN_CNT,IMP,_Z,_Z,96,2018,1458445.44,,,,0
FCSA:DF_TRADE_COUNTRY_YR(5.1.0),AE,A,AED,FCSC,ANN_CNT,IMP,_Z,_Z,96,2019,906143.25,,,,0
FCSA:DF_TRADE_COUNTRY_YR(5.1.0),AE,A,AED,FCSC,ANN_CNT,IMP,_Z,_Z,96,2020,779884.88,,,,0
FCSA:DF_TRADE_COUNTRY_YR(5.1.0),AE,A,AED,FCSC,ANN_CNT,IMP,_Z,_Z,96,2021,3141951.10,,,,0
FCSA:DF_TRADE_COUNTRY_YR(5.1.0),AE,A,AED,FCSC,ANN_CNT,IMP,_Z,_Z,96,2022,2116604.42,,,,0
FCSA:DF_TRADE_COUNTRY_YR(5.1.0),AE,A,AED,FCSC,ANN_CNT,IMP,_Z,_Z,96,2023,1329683.33,,,,0
FCSA:DF_TRADE_COUNTRY_YR(5.1.0),AE,A,AED,FCSC,ANN_CNT,IMP,_Z,_Z,96,2024,1613961.97,,,,0
FCSA:DF_TRADE_COUNTRY_YR(5.1.0),AE,A,AED,FCSC,ANN_CNT,IMP,_Z,_Z,72,2017,5201825528.23,,,,0
FCSA:DF_TRADE_COUNTRY_YR(5.1.0),AE,A,AED,FCSC,ANN_CNT,IMP,_Z,_Z,72,2018,4382912959.29,,,,0
FCSA:DF_TRADE_COUNTRY_YR(5.1.0),AE,A,AED,FCSC,ANN_CNT,IMP,_Z,_Z,72,2019,4896699411.80,,,,0
FCSA:DF_TRADE_COUNTRY_YR(5.1.0),AE,A,AED,FCSC,ANN_CNT,IMP,_Z,_Z,72,2020,3911334188.28,,,,0
FCSA:DF_TRADE_COUNTRY_YR(5.1.0),AE,A,AED,FCSC,ANN_CNT,IMP,_Z,_Z,72,2021,7680390153.04,,,,0
FCSA:DF_TRADE_COUNTRY_YR(5.1.0),AE,A,AED,FCSC,ANN_CNT,IMP,_Z,_Z,72,2022,9218622504.07,,,,0
FCSA:DF_TRADE_COUNTRY_YR(5.1.0),AE,A,AED,FCSC,ANN_CNT,IMP,_Z,_Z,72,2023,6799866442.94,,,,0
FCSA:DF_TRADE_COUNTRY_YR(5.1.0),AE,A,AED,FCSC,ANN_CNT,IMP,_Z,_Z,72,2024,6224518106.96,,,,0
FCSA:DF_TRADE_COUNTRY_YR(5.1.0),AE,A,AED,FCSC,ANN_CNT,NOEXP,_Z,_Z,903,2017,0.00,,,,0
FCSA:DF_TRADE_COUNTRY_YR(5.1.0),AE,A,AED,FCSC,ANN_CNT,NOEXP,_Z,_Z,903,2018,0.00,,,,0
FCSA:DF_TRADE_COUNTRY_YR(5.1.0),AE,A,AED,FCSC,ANN_CNT,NOEXP,_Z,_Z,903,2019,0.00,,,,0
FCSA:DF_TRADE_COUNTRY_YR(5.1.0),AE,A,AED,FCSC,ANN_CNT,NOEXP,_Z,_Z,903,2020,289084.00,,,,0
FCSA:DF_TRADE_COUNTRY_YR(5.1.0),AE,A,AED,FCSC,ANN_CNT,NOEXP,_Z,_Z,903,2021,474702.00,,,,0
FCSA:DF_TRADE_COUNTRY_YR(5.1.0),AE,A,AED,FCSC,ANN_CNT,NOEXP,_Z,_Z,903,2022,6266.00,,,,0
FCSA:DF_TRADE_COUNTRY_YR(5.1.0),AE,A,AED,FCSC,ANN_CNT,NOEXP,_Z,_Z,903,2023,0.00,,,,0
FCSA:DF_TRADE_COUNTRY_YR(5.1.0),AE,A,AED,FCSC,ANN_CNT,NOEXP,_Z,_Z,903,2024,0.00,,,,0
FCSA:DF_TRADE_COUNTRY_YR(5.1.0),AE,A,AED,FCSC,ANN_CNT,TTRADE,_Z,_Z,462,2017,573497680.54,,,,0
FCSA:DF_TRADE_COUNTRY_YR(5.1.0),AE,A,AED,FCSC,ANN_CNT,TTRADE,_Z,_Z,462,2018,793141438.34,,,,0
FCSA:DF_TRADE_COUNTRY_YR(5.1.0),AE,A,AED,FCSC,ANN_CNT,TTRADE,_Z,_Z,462,2019,1906315148.36,,,,0
FCSA:DF_TRADE_COUNTRY_YR(5.1.0),AE,A,AED,FCSC,ANN_CNT,TTRADE,_Z,_Z,462,2020,700805473.51,,,,0
FCSA:DF_TRADE_COUNTRY_YR(5.1.0),AE,A,AED,FCSC,ANN_CNT,TTRADE,_Z,_Z,462,2021,1066019741.65,,,,0
FCSA:DF_TRADE_COUNTRY_YR(5.1.0),AE,A,AED,FCSC,ANN_CNT,TTRADE,_Z,_Z,462,2022,5438847101.73,,,,0
FCSA:DF_TRADE_COUNTRY_YR(5.1.0),AE,A,AED,FCSC,ANN_CNT,TTRADE,_Z,_Z,462,2023,3794953674.86,,,,0
FCSA:DF_TRADE_COUNTRY_YR(5.1.0),AE,A,AED,FCSC,ANN_CNT,TTRADE,_Z,_Z,462,2024,3474857256.71,,,,0
FCSA:DF_TRADE_COUNTRY_YR(5.1.0),AE,A,AED,FCSC,ANN_CNT,IMP,_Z,_Z,204,2017,1638933638.98,,,,0
FCSA:DF_TRADE_COUNTRY_YR(5.1.0),AE,A,AED,FCSC,ANN_CNT,IMP,_Z,_Z,204,2018,925489069.88,,,,0
FCSA:DF_TRADE_COUNTRY_YR(5.1.0),AE,A,AED,FCSC,ANN_CNT,IMP,_Z,_Z,204,2019,1668492177.93,,,,0
FCSA:DF_TRADE_COUNTRY_YR(5.1.0),AE,A,AED,FCSC,ANN_CNT,IMP,_Z,_Z,204,2020,1993561201.28,,,,0
FCSA:DF_TRADE_COUNTRY_YR(5.1.0),AE,A,AED,FCSC,ANN_CNT,IMP,_Z,_Z,204,2021,3062244729.88,,,,0
FCSA:DF_TRADE_COUNTRY_YR(5.1.0),AE,A,AED,FCSC,ANN_CNT,IMP,_Z,_Z,204,2022,1376314587.58,,,,0
FCSA:DF_TRADE_COUNTRY_YR(5.1.0),AE,A,AED,FCSC,ANN_CNT,IMP,_Z,_Z,204,2023,2958586078.18,,,,0
FCSA:DF_TRADE_COUNTRY_YR(5.1.0),AE,A,AED,FCSC,ANN_CNT,IMP,_Z,_Z,204,2024,3284778997.43,,,,0
FCSA:DF_TRADE_COUNTRY_YR(5.1.0),AE,A,AED,FCSC,ANN_CNT,TTRADE,_Z,_Z,226,2017,110796970.17,,,,0
FCSA:DF_TRADE_COUNTRY_YR(5.1.0),AE,A,AED,FCSC,ANN_CNT,TTRADE,_Z,_Z,226,2018,246498366.16,,,,0
FCSA:DF_TRADE_COUNTRY_YR(5.1.0),AE,A,AED,FCSC,ANN_CNT,TTRADE,_Z,_Z,226,2019,568775648.83,,,,0
FCSA:DF_TRADE_COUNTRY_YR(5.1.0),AE,A,AED,FCSC,ANN_CNT,TTRADE,_Z,_Z,226,2020,108613308.44,,,,0
FCSA:DF_TRADE_COUNTRY_YR(5.1.0),AE,A,AED,FCSC,ANN_CNT,TTRADE,_Z,_Z,226,2021,242789610.48,,,,0
FCSA:DF_TRADE_COUNTRY_YR(5.1.0),AE,A,AED,FCSC,ANN_CNT,TTRADE,_Z,_Z,226,2022,93355531.51,,,,0
FCSA:DF_TRADE_COUNTRY_YR(5.1.0),AE,A,AED,FCSC,ANN_CNT,TTRADE,_Z,_Z,226,2023,122569378.12,,,,0
FCSA:DF_TRADE_COUNTRY_YR(5.1.0),AE,A,AED,FCSC,ANN_CNT,TTRADE,_Z,_Z,226,2024,299290000.16,,,,0
FCSA:DF_TRADE_COUNTRY_YR(5.1.0),AE,A,AED,FCSC,ANN_CNT,TTRADE,_Z,_Z,901,2017,51800832.05,,,,0
FCSA:DF_TRADE_COUNTRY_YR(5.1.0),AE,A,AED,FCSC,ANN_CNT,TTRADE,_Z,_Z,901,2018,31385948.69,,,,0
FCSA:DF_TRADE_COUNTRY_YR(5.1.0),AE,A,AED,FCSC,ANN_CNT,TTRADE,_Z,_Z,901,2019,14755929.73,,,,0
FCSA:DF_TRADE_COUNTRY_YR(5.1.0),AE,A,AED,FCSC,ANN_CNT,TTRADE,_Z,_Z,901,2020,15527099.14,,,,0
FCSA:DF_TRADE_COUNTRY_YR(5.1.0),AE,A,AED,FCSC,ANN_CNT,TTRADE,_Z,_Z,901,2021,22931417.91,,,,0
FCSA:DF_TRADE_COUNTRY_YR(5.1.0),AE,A,AED,FCSC,ANN_CNT,TTRADE,_Z,_Z,901,2022,21360427.87,,,,0
FCSA:DF_TRADE_COUNTRY_YR(5.1.0),AE,A,AED,FCSC,ANN_CNT,TTRADE,_Z,_Z,901,2023,70704274.94,,,,0
FCSA:DF_TRADE_COUNTRY_YR(5.1.0),AE,A,AED,FCSC,ANN_CNT,TTRADE,_Z,_Z,901,2024,73259164.55,,,,0
FCSA:DF_TRADE_COUNTRY_YR(5.1.0),AE,A,AED,FCSC,ANN_CNT,REEXP,_Z,_Z,44,2017,4421402.00,,,,0
FCSA:DF_TRADE_COUNTRY_YR(5.1.0),AE,A,AED,FCSC,ANN_CNT,REEXP,_Z,_Z,44,2018,16946813.34,,,,0
FCSA:DF_TRADE_COUNTRY_YR(5.1.0),AE,A,AED,FCSC,ANN_CNT,REEXP,_Z,_Z,44,2019,7565591.50,,,,0
FCSA:DF_TRADE_COUNTRY_YR(5.1.0),AE,A,AED,FCSC,ANN_CNT,REEXP,_Z,_Z,44,2020,4688922.35,,,,0
FCSA:DF_TRADE_COUNTRY_YR(5.1.0),AE,A,AED,FCSC,ANN_CNT,REEXP,_Z,_Z,44,2021,1302490.05,,,,0
FCSA:DF_TRADE_COUNTRY_YR(5.1.0),AE,A,AED,FCSC,ANN_CNT,REEXP,_Z,_Z,44,2022,8877259.47,,,,0
FCSA:DF_TRADE_COUNTRY_YR(5.1.0),AE,A,AED,FCSC,ANN_CNT,REEXP,_Z,_Z,44,2023,2090408.25,,,,0
FCSA:DF_TRADE_COUNTRY_YR(5.1.0),AE,A,AED,FCSC,ANN_CNT,REEXP,_Z,_Z,44,2024,2623764.72,,,,0
FCSA:DF_TRADE_COUNTRY_YR(5.1.0),AE,A,AED,FCSC,ANN_CNT,IMP,_Z,_Z,31,2017,19893431.02,,,,0
FCSA:DF_TRADE_COUNTRY_YR(5.1.0),AE,A,AED,FCSC,ANN_CNT,IMP,_Z,_Z,31,2018,12956568.13,,,,0
FCSA:DF_TRADE_COUNTRY_YR(5.1.0),AE,A,AED,FCSC,ANN_CNT,IMP,_Z,_Z,31,2019,17788822.08,,,,0
FCSA:DF_TRADE_COUNTRY_YR(5.1.0),AE,A,AED,FCSC,ANN_CNT,IMP,_Z,_Z,31,2020,63688136.74,,,,0
FCSA:DF_TRADE_COUNTRY_YR(5.1.0),AE,A,AED,FCSC,ANN_CNT,IMP,_Z,_Z,31,2021,31580956.14,,,,0
FCSA:DF_TRADE_COUNTRY_YR(5.1.0),AE,A,AED,FCSC,ANN_CNT,IMP,_Z,_Z,31,2022,36789056.57,,,,0
FCSA:DF_TRADE_COUNTRY_YR(5.1.0),AE,A,AED,FCSC,ANN_CNT,IMP,_Z,_Z,31,2023,250802207.48,,,,0
FCSA:DF_TRADE_COUNTRY_YR(5.1.0),AE,A,AED,FCSC,ANN_CNT,IMP,_Z,_Z,31,2024,73604872.62,,,,0
FCSA:DF_TRADE_COUNTRY_YR(5.1.0),AE,A,AED,FCSC,ANN_CNT,TNOEXP,_Z,_Z,275,2017,23207352.43,,,,0
FCSA:DF_TRADE_COUNTRY_YR(5.1.0),AE,A,AED,FCSC,ANN_CNT,TNOEXP,_Z,_Z,275,2018,98527691.63,,,,0
FCSA:DF_TRADE_COUNTRY_YR(5.1.0),AE,A,AED,FCSC,ANN_CNT,TNOEXP,_Z,_Z,275,2019,108683945.14,,,,0
FCSA:DF_TRADE_COUNTRY_YR(5.1.0),AE,A,AED,FCSC,ANN_CNT,TNOEXP,_Z,_Z,275,2020,88233533.70,,,,0
FCSA:DF_TRADE_COUNTRY_YR(5.1.0),AE,A,AED,FCSC,ANN_CNT,TNOEXP,_Z,_Z,275,2021,229185586.23,,,,0
FCSA:DF_TRADE_COUNTRY_YR(5.1.0),AE,A,AED,FCSC,ANN_CNT,TNOEXP,_Z,_Z,275,2022,391055925.11,,,,0
FCSA:DF_TRADE_COUNTRY_YR(5.1.0),AE,A,AED,FCSC,ANN_CNT,TNOEXP,_Z,_Z,275,2023,502207354.79,,,,0
FCSA:DF_TRADE_COUNTRY_YR(5.1.0),AE,A,AED,FCSC,ANN_CNT,TNOEXP,_Z,_Z,275,2024,593378680.12,,,,0
FCSA:DF_TRADE_COUNTRY_YR(5.1.0),AE,A,AED,FCSC,ANN_CNT,REEXP,_Z,_Z,600,2017,57499911.43,,,,0
FCSA:DF_TRADE_COUNTRY_YR(5.1.0),AE,A,AED,FCSC,ANN_CNT,REEXP,_Z,_Z,600,2018,37555112.03,,,,0
FCSA:DF_TRADE_COUNTRY_YR(5.1.0),AE,A,AED,FCSC,ANN_CNT,REEXP,_Z,_Z,600,2019,7640657.54,,,,0
FCSA:DF_TRADE_COUNTRY_YR(5.1.0),AE,A,AED,FCSC,ANN_CNT,REEXP,_Z,_Z,600,2020,7439306.90,,,,0
FCSA:DF_TRADE_COUNTRY_YR(5.1.0),AE,A,AED,FCSC,ANN_CNT,REEXP,_Z,_Z,600,2021,34682107.86,,,,0
FCSA:DF_TRADE_COUNTRY_YR(5.1.0),AE,A,AED,FCSC,ANN_CNT,REEXP,_Z,_Z,600,2022,17427821.23,,,,0
FCSA:DF_TRADE_COUNTRY_YR(5.1.0),AE,A,AED,FCSC,ANN_CNT,REEXP,_Z,_Z,600,2023,21381797.20,,,,0
FCSA:DF_TRADE_COUNTRY_YR(5.1.0),AE,A,AED,FCSC,ANN_CNT,REEXP,_Z,_Z,600,2024,13815942.92,,,,0
FCSA:DF_TRADE_COUNTRY_YR(5.1.0),AE,A,AED,FCSC,ANN_CNT,NOEXP,_Z,_Z,624,2017,5765453.39,,,,0
FCSA:DF_TRADE_COUNTRY_YR(5.1.0),AE,A,AED,FCSC,ANN_CNT,NOEXP,_Z,_Z,624,2018,5348849.45,,,,0
FCSA:DF_TRADE_COUNTRY_YR(5.1.0),AE,A,AED,FCSC,ANN_CNT,NOEXP,_Z,_Z,624,2019,6261223.34,,,,0
FCSA:DF_TRADE_COUNTRY_YR(5.1.0),AE,A,AED,FCSC,ANN_CNT,NOEXP,_Z,_Z,624,2020,8384939.07,,,,0
FCSA:DF_TRADE_COUNTRY_YR(5.1.0),AE,A,AED,FCSC,ANN_CNT,NOEXP,_Z,_Z,624,2021,11379327.72,,,,0
FCSA:DF_TRADE_COUNTRY_YR(5.1.0),AE,A,AED,FCSC,ANN_CNT,NOEXP,_Z,_Z,624,2022,14487556.04,,,,0
FCSA:DF_TRADE_COUNTRY_YR(5.1.0),AE,A,AED,FCSC,ANN_CNT,NOEXP,_Z,_Z,624,2023,12698673.84,,,,0
FCSA:DF_TRADE_COUNTRY_YR(5.1.0),AE,A,AED,FCSC,ANN_CNT,NOEXP,_Z,_Z,624,2024,16452501.57,,,,0
FCSA:DF_TRADE_COUNTRY_YR(5.1.0),AE,A,AED,FCSC,ANN_CNT,IMP,_Z,_Z,8,2017,25499580.52,,,,0
FCSA:DF_TRADE_COUNTRY_YR(5.1.0),AE,A,AED,FCSC,ANN_CNT,IMP,_Z,_Z,8,2018,31081663.87,,,,0
FCSA:DF_TRADE_COUNTRY_YR(5.1.0),AE,A,AED,FCSC,ANN_CNT,IMP,_Z,_Z,8,2019,27037740.50,,,,0
FCSA:DF_TRADE_COUNTRY_YR(5.1.0),AE,A,AED,FCSC,ANN_CNT,IMP,_Z,_Z,8,2020,17014087.07,,,,0
FCSA:DF_TRADE_COUNTRY_YR(5.1.0),AE,A,AED,FCSC,ANN_CNT,IMP,_Z,_Z,8,2021,43209667.35,,,,0
FCSA:DF_TRADE_COUNTRY_YR(5.1.0),AE,A,AED,FCSC,ANN_CNT,IMP,_Z,_Z,8,2022,43005023.69,,,,0
FCSA:DF_TRADE_COUNTRY_YR(5.1.0),AE,A,AED,FCSC,ANN_CNT,IMP,_Z,_Z,8,2023,136425773.60,,,,0
FCSA:DF_TRADE_COUNTRY_YR(5.1.0),AE,A,AED,FCSC,ANN_CNT,IMP,_Z,_Z,8,2024,101853231.73,,,,0
FCSA:DF_TRADE_COUNTRY_YR(5.1.0),AE,A,AED,FCSC,ANN_CNT,TTRADE,_Z,_Z,796,2017,4421.15,,,,0
FCSA:DF_TRADE_COUNTRY_YR(5.1.0),AE,A,AED,FCSC,ANN_CNT,TTRADE,_Z,_Z,796,2018,159666.99,,,,0
FCSA:DF_TRADE_COUNTRY_YR(5.1.0),AE,A,AED,FCSC,ANN_CNT,TTRADE,_Z,_Z,796,2019,9337628.59,,,,0
FCSA:DF_TRADE_COUNTRY_YR(5.1.0),AE,A,AED,FCSC,ANN_CNT,TTRADE,_Z,_Z,796,2020,531841.39,,,,0
FCSA:DF_TRADE_COUNTRY_YR(5.1.0),AE,A,AED,FCSC,ANN_CNT,TTRADE,_Z,_Z,796,2021,105837.27,,,,0
FCSA:DF_TRADE_COUNTRY_YR(5.1.0),AE,A,AED,FCSC,ANN_CNT,TTRADE,_Z,_Z,796,2022,303676.50,,,,0
FCSA:DF_TRADE_COUNTRY_YR(5.1.0),AE,A,AED,FCSC,ANN_CNT,TTRADE,_Z,_Z,796,2023,12644405.54,,,,0
FCSA:DF_TRADE_COUNTRY_YR(5.1.0),AE,A,AED,FCSC,ANN_CNT,TTRADE,_Z,_Z,796,2024,16845339.13,,,,0
FCSA:DF_TRADE_COUNTRY_YR(5.1.0),AE,A,AED,FCSC,ANN_CNT,NOEXP,_Z,_Z,612,2020,0.00,,,,0
FCSA:DF_TRADE_COUNTRY_YR(5.1.0),AE,A,AED,FCSC,ANN_CNT,NOEXP,_Z,_Z,612,2021,224075.00,,,,0
FCSA:DF_TRADE_COUNTRY_YR(5.1.0),AE,A,AED,FCSC,ANN_CNT,NOEXP,_Z,_Z,612,2022,723958.00,,,,0
FCSA:DF_TRADE_COUNTRY_YR(5.1.0),AE,A,AED,FCSC,ANN_CNT,NOEXP,_Z,_Z,612,2023,273843.43,,,,0
FCSA:DF_TRADE_COUNTRY_YR(5.1.0),AE,A,AED,FCSC,ANN_CNT,NOEXP,_Z,_Z,612,2024,0.00,,,,0
FCSA:DF_TRADE_COUNTRY_YR(5.1.0),AE,A,AED,FCSC,ANN_CNT,TTRADE,_Z,_Z,262,2017,1600200957.56,,,,0
FCSA:DF_TRADE_COUNTRY_YR(5.1.0),AE,A,AED,FCSC,ANN_CNT,TTRADE,_Z,_Z,262,2018,3941727624.80,,,,0
FCSA:DF_TRADE_COUNTRY_YR(5.1.0),AE,A,AED,FCSC,ANN_CNT,TTRADE,_Z,_Z,262,2019,2898620697.35,,,,0
FCSA:DF_TRADE_COUNTRY_YR(5.1.0),AE,A,AED,FCSC,ANN_CNT,TTRADE,_Z,_Z,262,2020,2778313583.31,,,,0
FCSA:DF_TRADE_COUNTRY_YR(5.1.0),AE,A,AED,FCSC,ANN_CNT,TTRADE,_Z,_Z,262,2021,3814437394.59,,,,0
FCSA:DF_TRADE_COUNTRY_YR(5.1.0),AE,A,AED,FCSC,ANN_CNT,TTRADE,_Z,_Z,262,2022,6362680888.44,,,,0
FCSA:DF_TRADE_COUNTRY_YR(5.1.0),AE,A,AED,FCSC,ANN_CNT,TTRADE,_Z,_Z,262,2023,5220884565.82,,,,0
FCSA:DF_TRADE_COUNTRY_YR(5.1.0),AE,A,AED,FCSC,ANN_CNT,TTRADE,_Z,_Z,262,2024,6174527411.20,,,,0
FCSA:DF_TRADE_COUNTRY_YR(5.1.0),AE,A,AED,FCSC,ANN_CNT,IMP,_Z,_Z,270,2017,13528830.53,,,,0
FCSA:DF_TRADE_COUNTRY_YR(5.1.0),AE,A,AED,FCSC,ANN_CNT,IMP,_Z,_Z,270,2018,2702894.96,,,,0
FCSA:DF_TRADE_COUNTRY_YR(5.1.0),AE,A,AED,FCSC,ANN_CNT,IMP,_Z,_Z,270,2019,3851443.18,,,,0
FCSA:DF_TRADE_COUNTRY_YR(5.1.0),AE,A,AED,FCSC,ANN_CNT,IMP,_Z,_Z,270,2020,10124127.16,,,,0
FCSA:DF_TRADE_COUNTRY_YR(5.1.0),AE,A,AED,FCSC,ANN_CNT,IMP,_Z,_Z,270,2021,5399534.98,,,,0
FCSA:DF_TRADE_COUNTRY_YR(5.1.0),AE,A,AED,FCSC,ANN_CNT,IMP,_Z,_Z,270,2022,634419.39,,,,0
FCSA:DF_TRADE_COUNTRY_YR(5.1.0),AE,A,AED,FCSC,ANN_CNT,IMP,_Z,_Z,270,2023,6019236.29,,,,0
FCSA:DF_TRADE_COUNTRY_YR(5.1.0),AE,A,AED,FCSC,ANN_CNT,IMP,_Z,_Z,270,2024,24660694.14,,,,0
FCSA:DF_TRADE_COUNTRY_YR(5.1.0),AE,A,AED,FCSC,ANN_CNT,TTRADE,_Z,_Z,642,2017,2212949107.09,,,,0
FCSA:DF_TRADE_COUNTRY_YR(5.1.0),AE,A,AED,FCSC,ANN_CNT,TTRADE,_Z,_Z,642,2018,2104348351.27,,,,0
FCSA:DF_TRADE_COUNTRY_YR(5.1.0),AE,A,AED,FCSC,ANN_CNT,TTRADE,_Z,_Z,642,2019,1895162451.05,,,,0
FCSA:DF_TRADE_COUNTRY_YR(5.1.0),AE,A,AED,FCSC,ANN_CNT,TTRADE,_Z,_Z,642,2020,1617137559.08,,,,0
FCSA:DF_TRADE_COUNTRY_YR(5.1.0),AE,A,AED,FCSC,ANN_CNT,TTRADE,_Z,_Z,642,2021,2057296553.42,,,,0
FCSA:DF_TRADE_COUNTRY_YR(5.1.0),AE,A,AED,FCSC,ANN_CNT,TTRADE,_Z,_Z,642,2022,2959203136.66,,,,0
FCSA:DF_TRADE_COUNTRY_YR(5.1.0),AE,A,AED,FCSC,ANN_CNT,TTRADE,_Z,_Z,642,2023,3027616313.97,,,,0
FCSA:DF_TRADE_COUNTRY_YR(5.1.0),AE,A,AED,FCSC,ANN_CNT,TTRADE,_Z,_Z,642,2024,2917097865.27,,,,0
FCSA:DF_TRADE_COUNTRY_YR(5.1.0),AE,A,AED,FCSC,ANN_CNT,IMP,_Z,_Z,180,2017,574052260.91,,,,0
FCSA:DF_TRADE_COUNTRY_YR(5.1.0),AE,A,AED,FCSC,ANN_CNT,IMP,_Z,_Z,180,2018,3120914474.70,,,,0
FCSA:DF_TRADE_COUNTRY_YR(5.1.0),AE,A,AED,FCSC,ANN_CNT,IMP,_Z,_Z,180,2019,3233043771.75,,,,0
FCSA:DF_TRADE_COUNTRY_YR(5.1.0),AE,A,AED,FCSC,ANN_CNT,IMP,_Z,_Z,180,2020,2989631486.58,,,,0
FCSA:DF_TRADE_COUNTRY_YR(5.1.0),AE,A,AED,FCSC,ANN_CNT,IMP,_Z,_Z,180,2021,4203908429.11,,,,0
FCSA:DF_TRADE_COUNTRY_YR(5.1.0),AE,A,AED,FCSC,ANN_CNT,IMP,_Z,_Z,180,2022,4363452087.17,,,,0
FCSA:DF_TRADE_COUNTRY_YR(5.1.0),AE,A,AED,FCSC,ANN_CNT,IMP,_Z,_Z,180,2023,5333233038.17,,,,0
FCSA:DF_TRADE_COUNTRY_YR(5.1.0),AE,A,AED,FCSC,ANN_CNT,IMP,_Z,_Z,180,2024,7027280083.86,,,,0
FCSA:DF_TRADE_COUNTRY_YR(5.1.0),AE,A,AED,FCSC,ANN_CNT,REEXP,_Z,_Z,474,2017,6132255.67,,,,0
FCSA:DF_TRADE_COUNTRY_YR(5.1.0),AE,A,AED,FCSC,ANN_CNT,REEXP,_Z,_Z,474,2018,7063302.15,,,,0
FCSA:DF_TRADE_COUNTRY_YR(5.1.0),AE,A,AED,FCSC,ANN_CNT,REEXP,_Z,_Z,474,2019,4829768.21,,,,0
FCSA:DF_TRADE_COUNTRY_YR(5.1.0),AE,A,AED,FCSC,ANN_CNT,REEXP,_Z,_Z,474,2020,569057.37,,,,0
FCSA:DF_TRADE_COUNTRY_YR(5.1.0),AE,A,AED,FCSC,ANN_CNT,REEXP,_Z,_Z,474,2021,781212.09,,,,0
FCSA:DF_TRADE_COUNTRY_YR(5.1.0),AE,A,AED,FCSC,ANN_CNT,REEXP,_Z,_Z,474,2022,673762.98,,,,0
FCSA:DF_TRADE_COUNTRY_YR(5.1.0),AE,A,AED,FCSC,ANN_CNT,REEXP,_Z,_Z,474,2023,2420827.55,,,,0
FCSA:DF_TRADE_COUNTRY_YR(5.1.0),AE,A,AED,FCSC,ANN_CNT,REEXP,_Z,_Z,474,2024,1769365.10,,,,0
FCSA:DF_TRADE_COUNTRY_YR(5.1.0),AE,A,AED,FCSC,ANN_CNT,IMP,_Z,_Z,798,2017,610168.00,,,,0
FCSA:DF_TRADE_COUNTRY_YR(5.1.0),AE,A,AED,FCSC,ANN_CNT,IMP,_Z,_Z,798,2018,0.00,,,,0
FCSA:DF_TRADE_COUNTRY_YR(5.1.0),AE,A,AED,FCSC,ANN_CNT,IMP,_Z,_Z,798,2019,643.86,,,,0
FCSA:DF_TRADE_COUNTRY_YR(5.1.0),AE,A,AED,FCSC,ANN_CNT,IMP,_Z,_Z,798,2021,315258.18,,,,0
FCSA:DF_TRADE_COUNTRY_YR(5.1.0),AE,A,AED,FCSC,ANN_CNT,IMP,_Z,_Z,798,2022,79596.71,,,,0
FCSA:DF_TRADE_COUNTRY_YR(5.1.0),AE,A,AED,FCSC,ANN_CNT,IMP,_Z,_Z,798,2023,29631.92,,,,0
FCSA:DF_TRADE_COUNTRY_YR(5.1.0),AE,A,AED,FCSC,ANN_CNT,IMP,_Z,_Z,798,2024,15463.28,,,,0
FCSA:DF_TRADE_COUNTRY_YR(5.1.0),AE,A,AED,FCSC,ANN_CNT,NOEXP,_Z,_Z,512,2017,13573909632.97,,,,0
FCSA:DF_TRADE_COUNTRY_YR(5.1.0),AE,A,AED,FCSC,ANN_CNT,NOEXP,_Z,_Z,512,2018,17248625881.96,,,,0
FCSA:DF_TRADE_COUNTRY_YR(5.1.0),AE,A,AED,FCSC,ANN_CNT,NOEXP,_Z,_Z,512,2019,16221306108.78,,,,0
FCSA:DF_TRADE_COUNTRY_YR(5.1.0),AE,A,AED,FCSC,ANN_CNT,NOEXP,_Z,_Z,512,2020,12286681637.24,,,,0
FCSA:DF_TRADE_COUNTRY_YR(5.1.0),AE,A,AED,FCSC,ANN_CNT,NOEXP,_Z,_Z,512,2021,15794672640.43,,,,0
FCSA:DF_TRADE_COUNTRY_YR(5.1.0),AE,A,AED,FCSC,ANN_CNT,NOEXP,_Z,_Z,512,2022,21160055793.64,,,,0
FCSA:DF_TRADE_COUNTRY_YR(5.1.0),AE,A,AED,FCSC,ANN_CNT,NOEXP,_Z,_Z,512,2023,20920451044.02,,,,0
FCSA:DF_TRADE_COUNTRY_YR(5.1.0),AE,A,AED,FCSC,ANN_CNT,NOEXP,_Z,_Z,512,2024,17833875220.11,,,,0
FCSA:DF_TRADE_COUNTRY_YR(5.1.0),AE,A,AED,FCSC,ANN_CNT,REEXP,_Z,_Z,191,2017,15599900.54,,,,0
FCSA:DF_TRADE_COUNTRY_YR(5.1.0),AE,A,AED,FCSC,ANN_CNT,REEXP,_Z,_Z,191,2018,33058610.78,,,,0
FCSA:DF_TRADE_COUNTRY_YR(5.1.0),AE,A,AED,FCSC,ANN_CNT,REEXP,_Z,_Z,191,2019,12642107.91,,,,0
FCSA:DF_TRADE_COUNTRY_YR(5.1.0),AE,A,AED,FCSC,ANN_CNT,REEXP,_Z,_Z,191,2020,13168501.59,,,,0
FCSA:DF_TRADE_COUNTRY_YR(5.1.0),AE,A,AED,FCSC,ANN_CNT,REEXP,_Z,_Z,191,2021,35355298.90,,,,0
FCSA:DF_TRADE_COUNTRY_YR(5.1.0),AE,A,AED,FCSC,ANN_CNT,REEXP,_Z,_Z,191,2022,15747945.08,,,,0
FCSA:DF_TRADE_COUNTRY_YR(5.1.0),AE,A,AED,FCSC,ANN_CNT,REEXP,_Z,_Z,191,2023,57504394.00,,,,0
FCSA:DF_TRADE_COUNTRY_YR(5.1.0),AE,A,AED,FCSC,ANN_CNT,REEXP,_Z,_Z,191,2024,69456992.05,,,,0
FCSA:DF_TRADE_COUNTRY_YR(5.1.0),AE,A,AED,FCSC,ANN_CNT,TTRADE,_Z,_Z,268,2017,515010036.11,,,,0
FCSA:DF_TRADE_COUNTRY_YR(5.1.0),AE,A,AED,FCSC,ANN_CNT,TTRADE,_Z,_Z,268,2018,907560290.88,,,,0
FCSA:DF_TRADE_COUNTRY_YR(5.1.0),AE,A,AED,FCSC,ANN_CNT,TTRADE,_Z,_Z,268,2019,738599913.29,,,,0
FCSA:DF_TRADE_COUNTRY_YR(5.1.0),AE,A,AED,FCSC,ANN_CNT,TTRADE,_Z,_Z,268,2020,538309090.47,,,,0
FCSA:DF_TRADE_COUNTRY_YR(5.1.0),AE,A,AED,FCSC,ANN_CNT,TTRADE,_Z,_Z,268,2021,819480524.38,,,,0
FCSA:DF_TRADE_COUNTRY_YR(5.1.0),AE,A,AED,FCSC,ANN_CNT,TTRADE,_Z,_Z,268,2022,1765859360.42,,,,0
FCSA:DF_TRADE_COUNTRY_YR(5.1.0),AE,A,AED,FCSC,ANN_CNT,TTRADE,_Z,_Z,268,2023,1898832259.76,,,,0
FCSA:DF_TRADE_COUNTRY_YR(5.1.0),AE,A,AED,FCSC,ANN_CNT,TTRADE,_Z,_Z,268,2024,2952403000.11,,,,0
FCSA:DF_TRADE_COUNTRY_YR(5.1.0),AE,A,AED,FCSC,ANN_CNT,NOEXP,_Z,_Z,70,2017,1390988.69,,,,0
FCSA:DF_TRADE_COUNTRY_YR(5.1.0),AE,A,AED,FCSC,ANN_CNT,NOEXP,_Z,_Z,70,2018,2719126.67,,,,0
FCSA:DF_TRADE_COUNTRY_YR(5.1.0),AE,A,AED,FCSC,ANN_CNT,NOEXP,_Z,_Z,70,2019,4333643.42,,,,0
FCSA:DF_TRADE_COUNTRY_YR(5.1.0),AE,A,AED,FCSC,ANN_CNT,NOEXP,_Z,_Z,70,2020,2680080.88,,,,0
FCSA:DF_TRADE_COUNTRY_YR(5.1.0),AE,A,AED,FCSC,ANN_CNT,NOEXP,_Z,_Z,70,2021,6010331.01,,,,0
FCSA:DF_TRADE_COUNTRY_YR(5.1.0),AE,A,AED,FCSC,ANN_CNT,NOEXP,_Z,_Z,70,2022,22715504.50,,,,0
FCSA:DF_TRADE_COUNTRY_YR(5.1.0),AE,A,AED,FCSC,ANN_CNT,NOEXP,_Z,_Z,70,2023,18558505.67,,,,0
FCSA:DF_TRADE_COUNTRY_YR(5.1.0),AE,A,AED,FCSC,ANN_CNT,NOEXP,_Z,_Z,70,2024,39810807.74,,,,0
FCSA:DF_TRADE_COUNTRY_YR(5.1.0),AE,A,AED,FCSC,ANN_CNT,IMP,_Z,_Z,670,2017,0.00,,,,0
FCSA:DF_TRADE_COUNTRY_YR(5.1.0),AE,A,AED,FCSC,ANN_CNT,IMP,_Z,_Z,670,2018,0.00,,,,0
FCSA:DF_TRADE_COUNTRY_YR(5.1.0),AE,A,AED,FCSC,ANN_CNT,IMP,_Z,_Z,670,2019,0.00,,,,0
FCSA:DF_TRADE_COUNTRY_YR(5.1.0),AE,A,AED,FCSC,ANN_CNT,IMP,_Z,_Z,670,2020,5630.82,,,,0
FCSA:DF_TRADE_COUNTRY_YR(5.1.0),AE,A,AED,FCSC,ANN_CNT,IMP,_Z,_Z,670,2021,749010.92,,,,0
FCSA:DF_TRADE_COUNTRY_YR(5.1.0),AE,A,AED,FCSC,ANN_CNT,IMP,_Z,_Z,670,2022,550242.34,,,,0
FCSA:DF_TRADE_COUNTRY_YR(5.1.0),AE,A,AED,FCSC,ANN_CNT,IMP,_Z,_Z,670,2023,422008.00,,,,0
FCSA:DF_TRADE_COUNTRY_YR(5.1.0),AE,A,AED,FCSC,ANN_CNT,IMP,_Z,_Z,670,2024,2296150.04,,,,0
FCSA:DF_TRADE_COUNTRY_YR(5.1.0),AE,A,AED,FCSC,ANN_CNT,TTRADE,_Z,_Z,891,2022,9650.00,,,,0
FCSA:DF_TRADE_COUNTRY_YR(5.1.0),AE,A,AED,FCSC,ANN_CNT,TTRADE,_Z,_Z,891,2023,5471820.00,,,,0
FCSA:DF_TRADE_COUNTRY_YR(5.1.0),AE,A,AED,FCSC,ANN_CNT,TTRADE,_Z,_Z,891,2024,144582.00,,,,0
FCSA:DF_TRADE_COUNTRY_YR(5.1.0),AE,A,AED,FCSC,ANN_CNT,REEXP,_Z,_Z,404,2017,5127431416.05,,,,0
FCSA:DF_TRADE_COUNTRY_YR(5.1.0),AE,A,AED,FCSC,ANN_CNT,REEXP,_Z,_Z,404,2018,4399075872.14,,,,0
FCSA:DF_TRADE_COUNTRY_YR(5.1.0),AE,A,AED,FCSC,ANN_CNT,REEXP,_Z,_Z,404,2019,5507799976.18,,,,0
FCSA:DF_TRADE_COUNTRY_YR(5.1.0),AE,A,AED,FCSC,ANN_CNT,REEXP,_Z,_Z,404,2020,3469815175.67,,,,0
FCSA:DF_TRADE_COUNTRY_YR(5.1.0),AE,A,AED,FCSC,ANN_CNT,REEXP,_Z,_Z,404,2021,3558587241.58,,,,0
FCSA:DF_TRADE_COUNTRY_YR(5.1.0),AE,A,AED,FCSC,ANN_CNT,REEXP,_Z,_Z,404,2022,3575517338.10,,,,0
FCSA:DF_TRADE_COUNTRY_YR(5.1.0),AE,A,AED,FCSC,ANN_CNT,REEXP,_Z,_Z,404,2023,3296332831.41,,,,0
FCSA:DF_TRADE_COUNTRY_YR(5.1.0),AE,A,AED,FCSC,ANN_CNT,REEXP,_Z,_Z,404,2024,3936232636.17,,,,0
FCSA:DF_TRADE_COUNTRY_YR(5.1.0),AE,A,AED,FCSC,ANN_CNT,NOEXP,_Z,_Z,398,2017,527330866.11,,,,0
FCSA:DF_TRADE_COUNTRY_YR(5.1.0),AE,A,AED,FCSC,ANN_CNT,NOEXP,_Z,_Z,398,2018,321717744.37,,,,0
FCSA:DF_TRADE_COUNTRY_YR(5.1.0),AE,A,AED,FCSC,ANN_CNT,NOEXP,_Z,_Z,398,2019,282705675.99,,,,0
FCSA:DF_TRADE_COUNTRY_YR(5.1.0),AE,A,AED,FCSC,ANN_CNT,NOEXP,_Z,_Z,398,2020,132816200.87,,,,0
FCSA:DF_TRADE_COUNTRY_YR(5.1.0),AE,A,AED,FCSC,ANN_CNT,NOEXP,_Z,_Z,398,2021,236599625.50,,,,0
FCSA:DF_TRADE_COUNTRY_YR(5.1.0),AE,A,AED,FCSC,ANN_CNT,NOEXP,_Z,_Z,398,2022,245599362.46,,,,0
FCSA:DF_TRADE_COUNTRY_YR(5.1.0),AE,A,AED,FCSC,ANN_CNT,NOEXP,_Z,_Z,398,2023,412907848.42,,,,0
FCSA:DF_TRADE_COUNTRY_YR(5.1.0),AE,A,AED,FCSC,ANN_CNT,NOEXP,_Z,_Z,398,2024,531595893.67,,,,0
FCSA:DF_TRADE_COUNTRY_YR(5.1.0),AE,A,AED,FCSC,ANN_CNT,TTRADE,_Z,_Z,218,2017,271419679.57,,,,0
FCSA:DF_TRADE_COUNTRY_YR(5.1.0),AE,A,AED,FCSC,ANN_CNT,TTRADE,_Z,_Z,218,2018,417260124.81,,,,0
FCSA:DF_TRADE_COUNTRY_YR(5.1.0),AE,A,AED,FCSC,ANN_CNT,TTRADE,_Z,_Z,218,2019,400102487.36,,,,0
FCSA:DF_TRADE_COUNTRY_YR(5.1.0),AE,A,AED,FCSC,ANN_CNT,TTRADE,_Z,_Z,218,2020,459905707.71,,,,0
FCSA:DF_TRADE_COUNTRY_YR(5.1.0),AE,A,AED,FCSC,ANN_CNT,TTRADE,_Z,_Z,218,2021,890549898.64,,,,0
FCSA:DF_TRADE_COUNTRY_YR(5.1.0),AE,A,AED,FCSC,ANN_CNT,TTRADE,_Z,_Z,218,2022,1411736966.46,,,,0
FCSA:DF_TRADE_COUNTRY_YR(5.1.0),AE,A,AED,FCSC,ANN_CNT,TTRADE,_Z,_Z,218,2023,2481479702.96,,,,0
FCSA:DF_TRADE_COUNTRY_YR(5.1.0),AE,A,AED,FCSC,ANN_CNT,TTRADE,_Z,_Z,218,2024,1330201115.14,,,,0
FCSA:DF_TRADE_COUNTRY_YR(5.1.0),AE,A,AED,FCSC,ANN_CNT,REEXP,_Z,_Z,630,2017,48058124.08,,,,0
FCSA:DF_TRADE_COUNTRY_YR(5.1.0),AE,A,AED,FCSC,ANN_CNT,REEXP,_Z,_Z,630,2018,7130327.99,,,,0
FCSA:DF_TRADE_COUNTRY_YR(5.1.0),AE,A,AED,FCSC,ANN_CNT,REEXP,_Z,_Z,630,2019,9890150.80,,,,0
FCSA:DF_TRADE_COUNTRY_YR(5.1.0),AE,A,AED,FCSC,ANN_CNT,REEXP,_Z,_Z,630,2020,44842600.91,,,,0
FCSA:DF_TRADE_COUNTRY_YR(5.1.0),AE,A,AED,FCSC,ANN_CNT,REEXP,_Z,_Z,630,2021,25060882.85,,,,0
FCSA:DF_TRADE_COUNTRY_YR(5.1.0),AE,A,AED,FCSC,ANN_CNT,REEXP,_Z,_Z,630,2022,9224816.50,,,,0
FCSA:DF_TRADE_COUNTRY_YR(5.1.0),AE,A,AED,FCSC,ANN_CNT,REEXP,_Z,_Z,630,2023,4465945.27,,,,0
FCSA:DF_TRADE_COUNTRY_YR(5.1.0),AE,A,AED,FCSC,ANN_CNT,REEXP,_Z,_Z,630,2024,2255557.75,,,,0
FCSA:DF_TRADE_COUNTRY_YR(5.1.0),AE,A,AED,FCSC,ANN_CNT,REEXP,_Z,_Z,748,2017,100560098.29,,,,0
FCSA:DF_TRADE_COUNTRY_YR(5.1.0),AE,A,AED,FCSC,ANN_CNT,REEXP,_Z,_Z,748,2018,160738017.92,,,,0
FCSA:DF_TRADE_COUNTRY_YR(5.1.0),AE,A,AED,FCSC,ANN_CNT,REEXP,_Z,_Z,748,2019,30089555.09,,,,0
FCSA:DF_TRADE_COUNTRY_YR(5.1.0),AE,A,AED,FCSC,ANN_CNT,REEXP,_Z,_Z,748,2020,12889764.12,,,,0
FCSA:DF_TRADE_COUNTRY_YR(5.1.0),AE,A,AED,FCSC,ANN_CNT,REEXP,_Z,_Z,748,2021,16907471.81,,,,0
FCSA:DF_TRADE_COUNTRY_YR(5.1.0),AE,A,AED,FCSC,ANN_CNT,REEXP,_Z,_Z,748,2022,36499966.37,,,,0
FCSA:DF_TRADE_COUNTRY_YR(5.1.0),AE,A,AED,FCSC,ANN_CNT,REEXP,_Z,_Z,748,2023,15802263.17,,,,0
FCSA:DF_TRADE_COUNTRY_YR(5.1.0),AE,A,AED,FCSC,ANN_CNT,REEXP,_Z,_Z,748,2024,9917378.13,,,,0
FCSA:DF_TRADE_COUNTRY_YR(5.1.0),AE,A,AED,FCSC,ANN_CNT,IMP,_Z,_Z,840,2017,84910741423.22,,,,0
FCSA:DF_TRADE_COUNTRY_YR(5.1.0),AE,A,AED,FCSC,ANN_CNT,IMP,_Z,_Z,840,2018,76372656946.32,,,,0
FCSA:DF_TRADE_COUNTRY_YR(5.1.0),AE,A,AED,FCSC,ANN_CNT,IMP,_Z,_Z,840,2019,73115426312.64,,,,0
FCSA:DF_TRADE_COUNTRY_YR(5.1.0),AE,A,AED,FCSC,ANN_CNT,IMP,_Z,_Z,840,2020,60551540967.67,,,,0
FCSA:DF_TRADE_COUNTRY_YR(5.1.0),AE,A,AED,FCSC,ANN_CNT,IMP,_Z,_Z,840,2021,61856174017.11,,,,0
FCSA:DF_TRADE_COUNTRY_YR(5.1.0),AE,A,AED,FCSC,ANN_CNT,IMP,_Z,_Z,840,2022,78525901672.90,,,,0
FCSA:DF_TRADE_COUNTRY_YR(5.1.0),AE,A,AED,FCSC,ANN_CNT,IMP,_Z,_Z,840,2023,98517042746.92,,,,0
FCSA:DF_TRADE_COUNTRY_YR(5.1.0),AE,A,AED,FCSC,ANN_CNT,IMP,_Z,_Z,840,2024,96696500825.19,,,,0
FCSA:DF_TRADE_COUNTRY_YR(5.1.0),AE,A,AED,FCSC,ANN_CNT,TNOEXP,_Z,_Z,484,2017,414560789.04,,,,0
FCSA:DF_TRADE_COUNTRY_YR(5.1.0),AE,A,AED,FCSC,ANN_CNT,TNOEXP,_Z,_Z,484,2018,319617437.12,,,,0
FCSA:DF_TRADE_COUNTRY_YR(5.1.0),AE,A,AED,FCSC,ANN_CNT,TNOEXP,_Z,_Z,484,2019,409562304.28,,,,0
FCSA:DF_TRADE_COUNTRY_YR(5.1.0),AE,A,AED,FCSC,ANN_CNT,TNOEXP,_Z,_Z,484,2020,480065474.43,,,,0
FCSA:DF_TRADE_COUNTRY_YR(5.1.0),AE,A,AED,FCSC,ANN_CNT,TNOEXP,_Z,_Z,484,2021,1080558694.26,,,,0
FCSA:DF_TRADE_COUNTRY_YR(5.1.0),AE,A,AED,FCSC,ANN_CNT,TNOEXP,_Z,_Z,484,2022,1772813027.36,,,,0
FCSA:DF_TRADE_COUNTRY_YR(5.1.0),AE,A,AED,FCSC,ANN_CNT,TNOEXP,_Z,_Z,484,2023,1632890796.06,,,,0
FCSA:DF_TRADE_COUNTRY_YR(5.1.0),AE,A,AED,FCSC,ANN_CNT,TNOEXP,_Z,_Z,484,2024,1577095675.35,,,,0
FCSA:DF_TRADE_COUNTRY_YR(5.1.0),AE,A,AED,FCSC,ANN_CNT,NOEXP,_Z,_Z,175,2017,22396488.53,,,,0
FCSA:DF_TRADE_COUNTRY_YR(5.1.0),AE,A,AED,FCSC,ANN_CNT,NOEXP,_Z,_Z,175,2018,21541852.61,,,,0
FCSA:DF_TRADE_COUNTRY_YR(5.1.0),AE,A,AED,FCSC,ANN_CNT,NOEXP,_Z,_Z,175,2019,23869174.19,,,,0
FCSA:DF_TRADE_COUNTRY_YR(5.1.0),AE,A,AED,FCSC,ANN_CNT,NOEXP,_Z,_Z,175,2020,32574523.75,,,,0
FCSA:DF_TRADE_COUNTRY_YR(5.1.0),AE,A,AED,FCSC,ANN_CNT,NOEXP,_Z,_Z,175,2021,51903729.19,,,,0
FCSA:DF_TRADE_COUNTRY_YR(5.1.0),AE,A,AED,FCSC,ANN_CNT,NOEXP,_Z,_Z,175,2022,51600447.11,,,,0
FCSA:DF_TRADE_COUNTRY_YR(5.1.0),AE,A,AED,FCSC,ANN_CNT,NOEXP,_Z,_Z,175,2023,60786369.18,,,,0
FCSA:DF_TRADE_COUNTRY_YR(5.1.0),AE,A,AED,FCSC,ANN_CNT,NOEXP,_Z,_Z,175,2024,62332777.07,,,,0
FCSA:DF_TRADE_COUNTRY_YR(5.1.0),AE,A,AED,FCSC,ANN_CNT,NOEXP,_Z,_Z,275,2017,14615113.48,,,,0
FCSA:DF_TRADE_COUNTRY_YR(5.1.0),AE,A,AED,FCSC,ANN_CNT,NOEXP,_Z,_Z,275,2018,70200223.36,,,,0
FCSA:DF_TRADE_COUNTRY_YR(5.1.0),AE,A,AED,FCSC,ANN_CNT,NOEXP,_Z,_Z,275,2019,71965814.98,,,,0
FCSA:DF_TRADE_COUNTRY_YR(5.1.0),AE,A,AED,FCSC,ANN_CNT,NOEXP,_Z,_Z,275,2020,71798113.46,,,,0
FCSA:DF_TRADE_COUNTRY_YR(5.1.0),AE,A,AED,FCSC,ANN_CNT,NOEXP,_Z,_Z,275,2021,158396775.40,,,,0
FCSA:DF_TRADE_COUNTRY_YR(5.1.0),AE,A,AED,FCSC,ANN_CNT,NOEXP,_Z,_Z,275,2022,287701694.98,,,,0
FCSA:DF_TRADE_COUNTRY_YR(5.1.0),AE,A,AED,FCSC,ANN_CNT,NOEXP,_Z,_Z,275,2023,319916606.81,,,,0
FCSA:DF_TRADE_COUNTRY_YR(5.1.0),AE,A,AED,FCSC,ANN_CNT,NOEXP,_Z,_Z,275,2024,373562639.11,,,,0
FCSA:DF_TRADE_COUNTRY_YR(5.1.0),AE,A,AED,FCSC,ANN_CNT,REEXP,_Z,_Z,831,2017,0.00,,,,0
FCSA:DF_TRADE_COUNTRY_YR(5.1.0),AE,A,AED,FCSC,ANN_CNT,REEXP,_Z,_Z,831,2018,2777.87,,,,0
FCSA:DF_TRADE_COUNTRY_YR(5.1.0),AE,A,AED,FCSC,ANN_CNT,REEXP,_Z,_Z,831,2019,10562.66,,,,0
FCSA:DF_TRADE_COUNTRY_YR(5.1.0),AE,A,AED,FCSC,ANN_CNT,REEXP,_Z,_Z,831,2020,5933.76,,,,0
FCSA:DF_TRADE_COUNTRY_YR(5.1.0),AE,A,AED,FCSC,ANN_CNT,REEXP,_Z,_Z,831,2021,83275.96,,,,0
FCSA:DF_TRADE_COUNTRY_YR(5.1.0),AE,A,AED,FCSC,ANN_CNT,REEXP,_Z,_Z,831,2022,27853.19,,,,0
FCSA:DF_TRADE_COUNTRY_YR(5.1.0),AE,A,AED,FCSC,ANN_CNT,REEXP,_Z,_Z,831,2023,57192.05,,,,0
FCSA:DF_TRADE_COUNTRY_YR(5.1.0),AE,A,AED,FCSC,ANN_CNT,REEXP,_Z,_Z,831,2024,82442.42,,,,0
FCSA:DF_TRADE_COUNTRY_YR(5.1.0),AE,A,AED,FCSC,ANN_CNT,TNOEXP,_Z,_Z,16,2017,25908.00,,,,0
FCSA:DF_TRADE_COUNTRY_YR(5.1.0),AE,A,AED,FCSC,ANN_CNT,TNOEXP,_Z,_Z,16,2018,0.00,,,,0
FCSA:DF_TRADE_COUNTRY_YR(5.1.0),AE,A,AED,FCSC,ANN_CNT,TNOEXP,_Z,_Z,16,2019,1185721.35,,,,0
FCSA:DF_TRADE_COUNTRY_YR(5.1.0),AE,A,AED,FCSC,ANN_CNT,TNOEXP,_Z,_Z,16,2020,587077.91,,,,0
FCSA:DF_TRADE_COUNTRY_YR(5.1.0),AE,A,AED,FCSC,ANN_CNT,TNOEXP,_Z,_Z,16,2021,250057.80,,,,0
FCSA:DF_TRADE_COUNTRY_YR(5.1.0),AE,A,AED,FCSC,ANN_CNT,TNOEXP,_Z,_Z,16,2022,471447.22,,,,0
FCSA:DF_TRADE_COUNTRY_YR(5.1.0),AE,A,AED,FCSC,ANN_CNT,TNOEXP,_Z,_Z,16,2023,702069.67,,,,0
FCSA:DF_TRADE_COUNTRY_YR(5.1.0),AE,A,AED,FCSC,ANN_CNT,TNOEXP,_Z,_Z,16,2024,1318139.13,,,,0
FCSA:DF_TRADE_COUNTRY_YR(5.1.0),AE,A,AED,FCSC,ANN_CNT,TNOEXP,_Z,_Z,10,2017,0.00,,,,0
FCSA:DF_TRADE_COUNTRY_YR(5.1.0),AE,A,AED,FCSC,ANN_CNT,TNOEXP,_Z,_Z,10,2018,0.00,,,,0
FCSA:DF_TRADE_COUNTRY_YR(5.1.0),AE,A,AED,FCSC,ANN_CNT,TNOEXP,_Z,_Z,10,2019,0.00,,,,0
FCSA:DF_TRADE_COUNTRY_YR(5.1.0),AE,A,AED,FCSC,ANN_CNT,TNOEXP,_Z,_Z,10,2020,194990.00,,,,0
FCSA:DF_TRADE_COUNTRY_YR(5.1.0),AE,A,AED,FCSC,ANN_CNT,TNOEXP,_Z,_Z,10,2021,0.00,,,,0
FCSA:DF_TRADE_COUNTRY_YR(5.1.0),AE,A,AED,FCSC,ANN_CNT,TNOEXP,_Z,_Z,10,2022,0.00,,,,0
FCSA:DF_TRADE_COUNTRY_YR(5.1.0),AE,A,AED,FCSC,ANN_CNT,TNOEXP,_Z,_Z,10,2023,0.00,,,,0
FCSA:DF_TRADE_COUNTRY_YR(5.1.0),AE,A,AED,FCSC,ANN_CNT,TNOEXP,_Z,_Z,10,2024,0.00,,,,0
FCSA:DF_TRADE_COUNTRY_YR(5.1.0),AE,A,AED,FCSC,ANN_CNT,TNOEXP,_Z,_Z,336,2018,0.00,,,,0
FCSA:DF_TRADE_COUNTRY_YR(5.1.0),AE,A,AED,FCSC,ANN_CNT,TNOEXP,_Z,_Z,336,2022,172272.00,,,,0
FCSA:DF_TRADE_COUNTRY_YR(5.1.0),AE,A,AED,FCSC,ANN_CNT,TNOEXP,_Z,_Z,336,2024,0.00,,,,0
FCSA:DF_TRADE_COUNTRY_YR(5.1.0),AE,A,AED,FCSC,ANN_CNT,REEXP,_Z,_Z,652,2020,72816.38,,,,0
FCSA:DF_TRADE_COUNTRY_YR(5.1.0),AE,A,AED,FCSC,ANN_CNT,REEXP,_Z,_Z,652,2021,1319936.15,,,,0
FCSA:DF_TRADE_COUNTRY_YR(5.1.0),AE,A,AED,FCSC,ANN_CNT,REEXP,_Z,_Z,652,2022,461269.39,,,,0
FCSA:DF_TRADE_COUNTRY_YR(5.1.0),AE,A,AED,FCSC,ANN_CNT,REEXP,_Z,_Z,652,2023,1450529.39,,,,0
FCSA:DF_TRADE_COUNTRY_YR(5.1.0),AE,A,AED,FCSC,ANN_CNT,REEXP,_Z,_Z,652,2024,2381836.82,,,,0
FCSA:DF_TRADE_COUNTRY_YR(5.1.0),AE,A,AED,FCSC,ANN_CNT,IMP,_Z,_Z,792,2017,27951248338.53,,,,0
FCSA:DF_TRADE_COUNTRY_YR(5.1.0),AE,A,AED,FCSC,ANN_CNT,IMP,_Z,_Z,792,2018,12665753244.84,,,,0
FCSA:DF_TRADE_COUNTRY_YR(5.1.0),AE,A,AED,FCSC,ANN_CNT,IMP,_Z,_Z,792,2019,12985346684.18,,,,0
FCSA:DF_TRADE_COUNTRY_YR(5.1.0),AE,A,AED,FCSC,ANN_CNT,IMP,_Z,_Z,792,2020,11167356836.29,,,,0
FCSA:DF_TRADE_COUNTRY_YR(5.1.0),AE,A,AED,FCSC,ANN_CNT,IMP,_Z,_Z,792,2021,35185789692.91,,,,0
FCSA:DF_TRADE_COUNTRY_YR(5.1.0),AE,A,AED,FCSC,ANN_CNT,IMP,_Z,_Z,792,2022,35272998871.71,,,,0
FCSA:DF_TRADE_COUNTRY_YR(5.1.0),AE,A,AED,FCSC,ANN_CNT,IMP,_Z,_Z,792,2023,64840999224.09,,,,0
FCSA:DF_TRADE_COUNTRY_YR(5.1.0),AE,A,AED,FCSC,ANN_CNT,IMP,_Z,_Z,792,2024,71258806442.68,,,,0
FCSA:DF_TRADE_COUNTRY_YR(5.1.0),AE,A,AED,FCSC,ANN_CNT,TNOEXP,_Z,_Z,682,2017,53853011203.76,,,,0
FCSA:DF_TRADE_COUNTRY_YR(5.1.0),AE,A,AED,FCSC,ANN_CNT,TNOEXP,_Z,_Z,682,2018,79591468018.51,,,,0
FCSA:DF_TRADE_COUNTRY_YR(5.1.0),AE,A,AED,FCSC,ANN_CNT,TNOEXP,_Z,_Z,682,2019,88115539386.25,,,,0
FCSA:DF_TRADE_COUNTRY_YR(5.1.0),AE,A,AED,FCSC,ANN_CNT,TNOEXP,_Z,_Z,682,2020,80136553652.30,,,,0
FCSA:DF_TRADE_COUNTRY_YR(5.1.0),AE,A,AED,FCSC,ANN_CNT,TNOEXP,_Z,_Z,682,2021,97556394158.53,,,,0
FCSA:DF_TRADE_COUNTRY_YR(5.1.0),AE,A,AED,FCSC,ANN_CNT,TNOEXP,_Z,_Z,682,2022,103194765029.61,,,,0
FCSA:DF_TRADE_COUNTRY_YR(5.1.0),AE,A,AED,FCSC,ANN_CNT,TNOEXP,_Z,_Z,682,2023,108209329377.53,,,,0
FCSA:DF_TRADE_COUNTRY_YR(5.1.0),AE,A,AED,FCSC,ANN_CNT,TNOEXP,_Z,_Z,682,2024,120316161429.88,,,,0
FCSA:DF_TRADE_COUNTRY_YR(5.1.0),AE,A,AED,FCSC,ANN_CNT,REEXP,_Z,_Z,499,2017,53990606.11,,,,0
FCSA:DF_TRADE_COUNTRY_YR(5.1.0),AE,A,AED,FCSC,ANN_CNT,REEXP,_Z,_Z,499,2018,55947476.18,,,,0
FCSA:DF_TRADE_COUNTRY_YR(5.1.0),AE,A,AED,FCSC,ANN_CNT,REEXP,_Z,_Z,499,2019,41422707.90,,,,0
FCSA:DF_TRADE_COUNTRY_YR(5.1.0),AE,A,AED,FCSC,ANN_CNT,REEXP,_Z,_Z,499,2020,21510655.36,,,,0
FCSA:DF_TRADE_COUNTRY_YR(5.1.0),AE,A,AED,FCSC,ANN_CNT,REEXP,_Z,_Z,499,2021,28438456.69,,,,0
FCSA:DF_TRADE_COUNTRY_YR(5.1.0),AE,A,AED,FCSC,ANN_CNT,REEXP,_Z,_Z,499,2022,12718052.00,,,,0
FCSA:DF_TRADE_COUNTRY_YR(5.1.0),AE,A,AED,FCSC,ANN_CNT,REEXP,_Z,_Z,499,2023,24103357.43,,,,0
FCSA:DF_TRADE_COUNTRY_YR(5.1.0),AE,A,AED,FCSC,ANN_CNT,REEXP,_Z,_Z,499,2024,86262021.35,,,,0
FCSA:DF_TRADE_COUNTRY_YR(5.1.0),AE,A,AED,FCSC,ANN_CNT,TTRADE,_Z,_Z,64,2017,34329478.67,,,,0
FCSA:DF_TRADE_COUNTRY_YR(5.1.0),AE,A,AED,FCSC,ANN_CNT,TTRADE,_Z,_Z,64,2018,35763362.32,,,,0
FCSA:DF_TRADE_COUNTRY_YR(5.1.0),AE,A,AED,FCSC,ANN_CNT,TTRADE,_Z,_Z,64,2019,43688487.26,,,,0
FCSA:DF_TRADE_COUNTRY_YR(5.1.0),AE,A,AED,FCSC,ANN_CNT,TTRADE,_Z,_Z,64,2020,34644648.14,,,,0
FCSA:DF_TRADE_COUNTRY_YR(5.1.0),AE,A,AED,FCSC,ANN_CNT,TTRADE,_Z,_Z,64,2021,44965825.41,,,,0
FCSA:DF_TRADE_COUNTRY_YR(5.1.0),AE,A,AED,FCSC,ANN_CNT,TTRADE,_Z,_Z,64,2022,36940286.88,,,,0
FCSA:DF_TRADE_COUNTRY_YR(5.1.0),AE,A,AED,FCSC,ANN_CNT,TTRADE,_Z,_Z,64,2023,17350056.24,,,,0
FCSA:DF_TRADE_COUNTRY_YR(5.1.0),AE,A,AED,FCSC,ANN_CNT,TTRADE,_Z,_Z,64,2024,18218250.09,,,,0
FCSA:DF_TRADE_COUNTRY_YR(5.1.0),AE,A,AED,FCSC,ANN_CNT,NOEXP,_Z,_Z,638,2017,7496182.81,,,,0
FCSA:DF_TRADE_COUNTRY_YR(5.1.0),AE,A,AED,FCSC,ANN_CNT,NOEXP,_Z,_Z,638,2018,8815992.58,,,,0
FCSA:DF_TRADE_COUNTRY_YR(5.1.0),AE,A,AED,FCSC,ANN_CNT,NOEXP,_Z,_Z,638,2019,11990474.09,,,,0
FCSA:DF_TRADE_COUNTRY_YR(5.1.0),AE,A,AED,FCSC,ANN_CNT,NOEXP,_Z,_Z,638,2020,9876752.02,,,,0
FCSA:DF_TRADE_COUNTRY_YR(5.1.0),AE,A,AED,FCSC,ANN_CNT,NOEXP,_Z,_Z,638,2021,18366238.50,,,,0
FCSA:DF_TRADE_COUNTRY_YR(5.1.0),AE,A,AED,FCSC,ANN_CNT,NOEXP,_Z,_Z,638,2022,23075673.68,,,,0
FCSA:DF_TRADE_COUNTRY_YR(5.1.0),AE,A,AED,FCSC,ANN_CNT,NOEXP,_Z,_Z,638,2023,10637382.31,,,,0
FCSA:DF_TRADE_COUNTRY_YR(5.1.0),AE,A,AED,FCSC,ANN_CNT,NOEXP,_Z,_Z,638,2024,944898553.83,,,,0
FCSA:DF_TRADE_COUNTRY_YR(5.1.0),AE,A,AED,FCSC,ANN_CNT,REEXP,_Z,_Z,304,2017,0.00,,,,0
FCSA:DF_TRADE_COUNTRY_YR(5.1.0),AE,A,AED,FCSC,ANN_CNT,REEXP,_Z,_Z,304,2018,0.00,,,,0
FCSA:DF_TRADE_COUNTRY_YR(5.1.0),AE,A,AED,FCSC,ANN_CNT,REEXP,_Z,_Z,304,2019,0.00,,,,0
FCSA:DF_TRADE_COUNTRY_YR(5.1.0),AE,A,AED,FCSC,ANN_CNT,REEXP,_Z,_Z,304,2020,13671.37,,,,0
FCSA:DF_TRADE_COUNTRY_YR(5.1.0),AE,A,AED,FCSC,ANN_CNT,REEXP,_Z,_Z,304,2021,111680.17,,,,0
FCSA:DF_TRADE_COUNTRY_YR(5.1.0),AE,A,AED,FCSC,ANN_CNT,REEXP,_Z,_Z,304,2022,83355.54,,,,0
FCSA:DF_TRADE_COUNTRY_YR(5.1.0),AE,A,AED,FCSC,ANN_CNT,REEXP,_Z,_Z,304,2023,195714.99,,,,0
FCSA:DF_TRADE_COUNTRY_YR(5.1.0),AE,A,AED,FCSC,ANN_CNT,REEXP,_Z,_Z,304,2024,32492.63,,,,0
FCSA:DF_TRADE_COUNTRY_YR(5.1.0),AE,A,AED,FCSC,ANN_CNT,NOEXP,_Z,_Z,800,2017,79995925.67,,,,0
FCSA:DF_TRADE_COUNTRY_YR(5.1.0),AE,A,AED,FCSC,ANN_CNT,NOEXP,_Z,_Z,800,2018,130296089.51,,,,0
FCSA:DF_TRADE_COUNTRY_YR(5.1.0),AE,A,AED,FCSC,ANN_CNT,NOEXP,_Z,_Z,800,2019,134144366.11,,,,0
FCSA:DF_TRADE_COUNTRY_YR(5.1.0),AE,A,AED,FCSC,ANN_CNT,NOEXP,_Z,_Z,800,2020,195325770.40,,,,0
FCSA:DF_TRADE_COUNTRY_YR(5.1.0),AE,A,AED,FCSC,ANN_CNT,NOEXP,_Z,_Z,800,2021,216435843.97,,,,0
FCSA:DF_TRADE_COUNTRY_YR(5.1.0),AE,A,AED,FCSC,ANN_CNT,NOEXP,_Z,_Z,800,2022,286759492.35,,,,0
FCSA:DF_TRADE_COUNTRY_YR(5.1.0),AE,A,AED,FCSC,ANN_CNT,NOEXP,_Z,_Z,800,2023,250623044.60,,,,0
FCSA:DF_TRADE_COUNTRY_YR(5.1.0),AE,A,AED,FCSC,ANN_CNT,NOEXP,_Z,_Z,800,2024,268763075.02,,,,0
FCSA:DF_TRADE_COUNTRY_YR(5.1.0),AE,A,AED,FCSC,ANN_CNT,TNOEXP,_Z,_Z,478,2017,285406401.14,,,,0
FCSA:DF_TRADE_COUNTRY_YR(5.1.0),AE,A,AED,FCSC,ANN_CNT,TNOEXP,_Z,_Z,478,2018,384202827.75,,,,0
FCSA:DF_TRADE_COUNTRY_YR(5.1.0),AE,A,AED,FCSC,ANN_CNT,TNOEXP,_Z,_Z,478,2019,508508693.43,,,,0
FCSA:DF_TRADE_COUNTRY_YR(5.1.0),AE,A,AED,FCSC,ANN_CNT,TNOEXP,_Z,_Z,478,2020,668456068.10,,,,0
FCSA:DF_TRADE_COUNTRY_YR(5.1.0),AE,A,AED,FCSC,ANN_CNT,TNOEXP,_Z,_Z,478,2021,816421217.05,,,,0
FCSA:DF_TRADE_COUNTRY_YR(5.1.0),AE,A,AED,FCSC,ANN_CNT,TNOEXP,_Z,_Z,478,2022,828287023.05,,,,0
FCSA:DF_TRADE_COUNTRY_YR(5.1.0),AE,A,AED,FCSC,ANN_CNT,TNOEXP,_Z,_Z,478,2023,856717690.60,,,,0
FCSA:DF_TRADE_COUNTRY_YR(5.1.0),AE,A,AED,FCSC,ANN_CNT,TNOEXP,_Z,_Z,478,2024,1015829818.97,,,,0
FCSA:DF_TRADE_COUNTRY_YR(5.1.0),AE,A,AED,FCSC,ANN_CNT,NOEXP,_Z,_Z,598,2017,13364579.45,,,,0
FCSA:DF_TRADE_COUNTRY_YR(5.1.0),AE,A,AED,FCSC,ANN_CNT,NOEXP,_Z,_Z,598,2018,16784294.44,,,,0
FCSA:DF_TRADE_COUNTRY_YR(5.1.0),AE,A,AED,FCSC,ANN_CNT,NOEXP,_Z,_Z,598,2019,18831303.96,,,,0
FCSA:DF_TRADE_COUNTRY_YR(5.1.0),AE,A,AED,FCSC,ANN_CNT,NOEXP,_Z,_Z,598,2020,14756451.89,,,,0
FCSA:DF_TRADE_COUNTRY_YR(5.1.0),AE,A,AED,FCSC,ANN_CNT,NOEXP,_Z,_Z,598,2021,8334322.64,,,,0
FCSA:DF_TRADE_COUNTRY_YR(5.1.0),AE,A,AED,FCSC,ANN_CNT,NOEXP,_Z,_Z,598,2022,11968370.74,,,,0
FCSA:DF_TRADE_COUNTRY_YR(5.1.0),AE,A,AED,FCSC,ANN_CNT,NOEXP,_Z,_Z,598,2023,13757953.76,,,,0
FCSA:DF_TRADE_COUNTRY_YR(5.1.0),AE,A,AED,FCSC,ANN_CNT,NOEXP,_Z,_Z,598,2024,11727936.53,,,,0
FCSA:DF_TRADE_COUNTRY_YR(5.1.0),AE,A,AED,FCSC,ANN_CNT,IMP,_Z,_Z,233,2017,165728411.50,,,,0
FCSA:DF_TRADE_COUNTRY_YR(5.1.0),AE,A,AED,FCSC,ANN_CNT,IMP,_Z,_Z,233,2018,215413651.20,,,,0
FCSA:DF_TRADE_COUNTRY_YR(5.1.0),AE,A,AED,FCSC,ANN_CNT,IMP,_Z,_Z,233,2019,241010285.19,,,,0
FCSA:DF_TRADE_COUNTRY_YR(5.1.0),AE,A,AED,FCSC,ANN_CNT,IMP,_Z,_Z,233,2020,215480366.97,,,,0
FCSA:DF_TRADE_COUNTRY_YR(5.1.0),AE,A,AED,FCSC,ANN_CNT,IMP,_Z,_Z,233,2021,214476624.66,,,,0
FCSA:DF_TRADE_COUNTRY_YR(5.1.0),AE,A,AED,FCSC,ANN_CNT,IMP,_Z,_Z,233,2022,272806000.68,,,,0
FCSA:DF_TRADE_COUNTRY_YR(5.1.0),AE,A,AED,FCSC,ANN_CNT,IMP,_Z,_Z,233,2023,396912480.34,,,,0
FCSA:DF_TRADE_COUNTRY_YR(5.1.0),AE,A,AED,FCSC,ANN_CNT,IMP,_Z,_Z,233,2024,432070595.97,,,,0
FCSA:DF_TRADE_COUNTRY_YR(5.1.0),AE,A,AED,FCSC,ANN_CNT,REEXP,_Z,_Z,334,2023,0.00,,,,0
FCSA:DF_TRADE_COUNTRY_YR(5.1.0),AE,A,AED,FCSC,ANN_CNT,REEXP,_Z,_Z,334,2024,0.00,,,,0
FCSA:DF_TRADE_COUNTRY_YR(5.1.0),AE,A,AED,FCSC,ANN_CNT,REEXP,_Z,_Z,99999,2017,1694407092.20,,,,0
FCSA:DF_TRADE_COUNTRY_YR(5.1.0),AE,A,AED,FCSC,ANN_CNT,REEXP,_Z,_Z,99999,2018,1556070.14,,,,0
FCSA:DF_TRADE_COUNTRY_YR(5.1.0),AE,A,AED,FCSC,ANN_CNT,REEXP,_Z,_Z,99999,2019,48301224.33,,,,0
FCSA:DF_TRADE_COUNTRY_YR(5.1.0),AE,A,AED,FCSC,ANN_CNT,REEXP,_Z,_Z,99999,2020,386270099.70,,,,0
FCSA:DF_TRADE_COUNTRY_YR(5.1.0),AE,A,AED,FCSC,ANN_CNT,REEXP,_Z,_Z,99999,2021,590523233.76,,,,0
FCSA:DF_TRADE_COUNTRY_YR(5.1.0),AE,A,AED,FCSC,ANN_CNT,IMP,_Z,_Z,862,2017,3790191386.56,,,,0
FCSA:DF_TRADE_COUNTRY_YR(5.1.0),AE,A,AED,FCSC,ANN_CNT,IMP,_Z,_Z,862,2018,6603916652.27,,,,0
FCSA:DF_TRADE_COUNTRY_YR(5.1.0),AE,A,AED,FCSC,ANN_CNT,IMP,_Z,_Z,862,2019,463136507.72,,,,0
FCSA:DF_TRADE_COUNTRY_YR(5.1.0),AE,A,AED,FCSC,ANN_CNT,IMP,_Z,_Z,862,2020,62871093.76,,,,0
FCSA:DF_TRADE_COUNTRY_YR(5.1.0),AE,A,AED,FCSC,ANN_CNT,IMP,_Z,_Z,862,2021,47039375.63,,,,0
FCSA:DF_TRADE_COUNTRY_YR(5.1.0),AE,A,AED,FCSC,ANN_CNT,IMP,_Z,_Z,862,2022,64537944.79,,,,0
FCSA:DF_TRADE_COUNTRY_YR(5.1.0),AE,A,AED,FCSC,ANN_CNT,IMP,_Z,_Z,862,2023,67182704.60,,,,0
FCSA:DF_TRADE_COUNTRY_YR(5.1.0),AE,A,AED,FCSC,ANN_CNT,IMP,_Z,_Z,862,2024,236490409.80,,,,0
FCSA:DF_TRADE_COUNTRY_YR(5.1.0),AE,A,AED,FCSC,ANN_CNT,NOEXP,_Z,_Z,442,2017,5060185.44,,,,0
FCSA:DF_TRADE_COUNTRY_YR(5.1.0),AE,A,AED,FCSC,ANN_CNT,NOEXP,_Z,_Z,442,2018,4351274.15,,,,0
FCSA:DF_TRADE_COUNTRY_YR(5.1.0),AE,A,AED,FCSC,ANN_CNT,NOEXP,_Z,_Z,442,2019,3284128.22,,,,0
FCSA:DF_TRADE_COUNTRY_YR(5.1.0),AE,A,AED,FCSC,ANN_CNT,NOEXP,_Z,_Z,442,2020,2533614.79,,,,0
FCSA:DF_TRADE_COUNTRY_YR(5.1.0),AE,A,AED,FCSC,ANN_CNT,NOEXP,_Z,_Z,442,2021,10546315.43,,,,0
FCSA:DF_TRADE_COUNTRY_YR(5.1.0),AE,A,AED,FCSC,ANN_CNT,NOEXP,_Z,_Z,442,2022,33925736.14,,,,0
FCSA:DF_TRADE_COUNTRY_YR(5.1.0),AE,A,AED,FCSC,ANN_CNT,NOEXP,_Z,_Z,442,2023,8754950.31,,,,0
FCSA:DF_TRADE_COUNTRY_YR(5.1.0),AE,A,AED,FCSC,ANN_CNT,NOEXP,_Z,_Z,442,2024,21403100.04,,,,0
FCSA:DF_TRADE_COUNTRY_YR(5.1.0),AE,A,AED,FCSC,ANN_CNT,TNOEXP,_Z,_Z,418,2017,5687119.41,,,,0
FCSA:DF_TRADE_COUNTRY_YR(5.1.0),AE,A,AED,FCSC,ANN_CNT,TNOEXP,_Z,_Z,418,2018,5014556.09,,,,0
FCSA:DF_TRADE_COUNTRY_YR(5.1.0),AE,A,AED,FCSC,ANN_CNT,TNOEXP,_Z,_Z,418,2019,16268019.46,,,,0
FCSA:DF_TRADE_COUNTRY_YR(5.1.0),AE,A,AED,FCSC,ANN_CNT,TNOEXP,_Z,_Z,418,2020,160571812.57,,,,0
FCSA:DF_TRADE_COUNTRY_YR(5.1.0),AE,A,AED,FCSC,ANN_CNT,TNOEXP,_Z,_Z,418,2021,10312758.61,,,,0
FCSA:DF_TRADE_COUNTRY_YR(5.1.0),AE,A,AED,FCSC,ANN_CNT,TNOEXP,_Z,_Z,418,2022,13722741.72,,,,0
FCSA:DF_TRADE_COUNTRY_YR(5.1.0),AE,A,AED,FCSC,ANN_CNT,TNOEXP,_Z,_Z,418,2023,42602537.23,,,,0
FCSA:DF_TRADE_COUNTRY_YR(5.1.0),AE,A,AED,FCSC,ANN_CNT,TNOEXP,_Z,_Z,418,2024,10597190.20,,,,0
FCSA:DF_TRADE_COUNTRY_YR(5.1.0),AE,A,AED,FCSC,ANN_CNT,IMP,_Z,_Z,404,2017,1105117636.21,,,,0
FCSA:DF_TRADE_COUNTRY_YR(5.1.0),AE,A,AED,FCSC,ANN_CNT,IMP,_Z,_Z,404,2018,1281378312.70,,,,0
FCSA:DF_TRADE_COUNTRY_YR(5.1.0),AE,A,AED,FCSC,ANN_CNT,IMP,_Z,_Z,404,2019,1324599512.38,,,,0
FCSA:DF_TRADE_COUNTRY_YR(5.1.0),AE,A,AED,FCSC,ANN_CNT,IMP,_Z,_Z,404,2020,1099802810.34,,,,0
FCSA:DF_TRADE_COUNTRY_YR(5.1.0),AE,A,AED,FCSC,ANN_CNT,IMP,_Z,_Z,404,2021,1438204024.32,,,,0
FCSA:DF_TRADE_COUNTRY_YR(5.1.0),AE,A,AED,FCSC,ANN_CNT,IMP,_Z,_Z,404,2022,2347260207.30,,,,0
FCSA:DF_TRADE_COUNTRY_YR(5.1.0),AE,A,AED,FCSC,ANN_CNT,IMP,_Z,_Z,404,2023,3088745727.28,,,,0
FCSA:DF_TRADE_COUNTRY_YR(5.1.0),AE,A,AED,FCSC,ANN_CNT,IMP,_Z,_Z,404,2024,4295430182.54,,,,0
FCSA:DF_TRADE_COUNTRY_YR(5.1.0),AE,A,AED,FCSC,ANN_CNT,NOEXP,_Z,_Z,724,2017,846255738.20,,,,0
FCSA:DF_TRADE_COUNTRY_YR(5.1.0),AE,A,AED,FCSC,ANN_CNT,NOEXP,_Z,_Z,724,2018,852876412.12,,,,0
FCSA:DF_TRADE_COUNTRY_YR(5.1.0),AE,A,AED,FCSC,ANN_CNT,NOEXP,_Z,_Z,724,2019,813608754.82,,,,0
FCSA:DF_TRADE_COUNTRY_YR(5.1.0),AE,A,AED,FCSC,ANN_CNT,NOEXP,_Z,_Z,724,2020,611046975.66,,,,0
FCSA:DF_TRADE_COUNTRY_YR(5.1.0),AE,A,AED,FCSC,ANN_CNT,NOEXP,_Z,_Z,724,2021,1282422892.86,,,,0
FCSA:DF_TRADE_COUNTRY_YR(5.1.0),AE,A,AED,FCSC,ANN_CNT,NOEXP,_Z,_Z,724,2022,1337921777.72,,,,0
FCSA:DF_TRADE_COUNTRY_YR(5.1.0),AE,A,AED,FCSC,ANN_CNT,NOEXP,_Z,_Z,724,2023,1204322531.97,,,,0
FCSA:DF_TRADE_COUNTRY_YR(5.1.0),AE,A,AED,FCSC,ANN_CNT,NOEXP,_Z,_Z,724,2024,1299377061.41,,,,0
FCSA:DF_TRADE_COUNTRY_YR(5.1.0),AE,A,AED,FCSC,ANN_CNT,TNOEXP,_Z,_Z,578,2017,390653625.89,,,,0
FCSA:DF_TRADE_COUNTRY_YR(5.1.0),AE,A,AED,FCSC,ANN_CNT,TNOEXP,_Z,_Z,578,2018,126316330.02,,,,0
FCSA:DF_TRADE_COUNTRY_YR(5.1.0),AE,A,AED,FCSC,ANN_CNT,TNOEXP,_Z,_Z,578,2019,232911705.06,,,,0
FCSA:DF_TRADE_COUNTRY_YR(5.1.0),AE,A,AED,FCSC,ANN_CNT,TNOEXP,_Z,_Z,578,2020,322385569.18,,,,0
FCSA:DF_TRADE_COUNTRY_YR(5.1.0),AE,A,AED,FCSC,ANN_CNT,TNOEXP,_Z,_Z,578,2021,360716432.52,,,,0
FCSA:DF_TRADE_COUNTRY_YR(5.1.0),AE,A,AED,FCSC,ANN_CNT,TNOEXP,_Z,_Z,578,2022,306135710.51,,,,0
FCSA:DF_TRADE_COUNTRY_YR(5.1.0),AE,A,AED,FCSC,ANN_CNT,TNOEXP,_Z,_Z,578,2023,304444776.31,,,,0
FCSA:DF_TRADE_COUNTRY_YR(5.1.0),AE,A,AED,FCSC,ANN_CNT,TNOEXP,_Z,_Z,578,2024,421791408.64,,,,0
FCSA:DF_TRADE_COUNTRY_YR(5.1.0),AE,A,AED,FCSC,ANN_CNT,TNOEXP,_Z,_Z,887,2017,1475688288.59,,,,0
FCSA:DF_TRADE_COUNTRY_YR(5.1.0),AE,A,AED,FCSC,ANN_CNT,TNOEXP,_Z,_Z,887,2018,2826105972.62,,,,0
FCSA:DF_TRADE_COUNTRY_YR(5.1.0),AE,A,AED,FCSC,ANN_CNT,TNOEXP,_Z,_Z,887,2019,3373760259.75,,,,0
FCSA:DF_TRADE_COUNTRY_YR(5.1.0),AE,A,AED,FCSC,ANN_CNT,TNOEXP,_Z,_Z,887,2020,4324585467.63,,,,0
FCSA:DF_TRADE_COUNTRY_YR(5.1.0),AE,A,AED,FCSC,ANN_CNT,TNOEXP,_Z,_Z,887,2021,5099591024.12,,,,0
FCSA:DF_TRADE_COUNTRY_YR(5.1.0),AE,A,AED,FCSC,ANN_CNT,TNOEXP,_Z,_Z,887,2022,5694870115.21,,,,0
FCSA:DF_TRADE_COUNTRY_YR(5.1.0),AE,A,AED,FCSC,ANN_CNT,TNOEXP,_Z,_Z,887,2023,6359655354.06,,,,0
FCSA:DF_TRADE_COUNTRY_YR(5.1.0),AE,A,AED,FCSC,ANN_CNT,TNOEXP,_Z,_Z,887,2024,7080721617.83,,,,0
FCSA:DF_TRADE_COUNTRY_YR(5.1.0),AE,A,AED,FCSC,ANN_CNT,TNOEXP,_Z,_Z,40,2017,368829215.08,,,,0
FCSA:DF_TRADE_COUNTRY_YR(5.1.0),AE,A,AED,FCSC,ANN_CNT,TNOEXP,_Z,_Z,40,2018,245183045.75,,,,0
FCSA:DF_TRADE_COUNTRY_YR(5.1.0),AE,A,AED,FCSC,ANN_CNT,TNOEXP,_Z,_Z,40,2019,309117781.27,,,,0
FCSA:DF_TRADE_COUNTRY_YR(5.1.0),AE,A,AED,FCSC,ANN_CNT,TNOEXP,_Z,_Z,40,2020,311470872.73,,,,0
FCSA:DF_TRADE_COUNTRY_YR(5.1.0),AE,A,AED,FCSC,ANN_CNT,TNOEXP,_Z,_Z,40,2021,573126822.31,,,,0
FCSA:DF_TRADE_COUNTRY_YR(5.1.0),AE,A,AED,FCSC,ANN_CNT,TNOEXP,_Z,_Z,40,2022,378627721.71,,,,0
FCSA:DF_TRADE_COUNTRY_YR(5.1.0),AE,A,AED,FCSC,ANN_CNT,TNOEXP,_Z,_Z,40,2023,423100448.32,,,,0
FCSA:DF_TRADE_COUNTRY_YR(5.1.0),AE,A,AED,FCSC,ANN_CNT,TNOEXP,_Z,_Z,40,2024,872081608.26,,,,0
FCSA:DF_TRADE_COUNTRY_YR(5.1.0),AE,A,AED,FCSC,ANN_CNT,TNOEXP,_Z,_Z,316,2017,11317800.03,,,,0
FCSA:DF_TRADE_COUNTRY_YR(5.1.0),AE,A,AED,FCSC,ANN_CNT,TNOEXP,_Z,_Z,316,2018,11572061.94,,,,0
FCSA:DF_TRADE_COUNTRY_YR(5.1.0),AE,A,AED,FCSC,ANN_CNT,TNOEXP,_Z,_Z,316,2019,2972189.59,,,,0
FCSA:DF_TRADE_COUNTRY_YR(5.1.0),AE,A,AED,FCSC,ANN_CNT,TNOEXP,_Z,_Z,316,2020,3315876.56,,,,0
FCSA:DF_TRADE_COUNTRY_YR(5.1.0),AE,A,AED,FCSC,ANN_CNT,TNOEXP,_Z,_Z,316,2021,3964018.36,,,,0
FCSA:DF_TRADE_COUNTRY_YR(5.1.0),AE,A,AED,FCSC,ANN_CNT,TNOEXP,_Z,_Z,316,2022,935839.43,,,,0
FCSA:DF_TRADE_COUNTRY_YR(5.1.0),AE,A,AED,FCSC,ANN_CNT,TNOEXP,_Z,_Z,316,2023,2356305.43,,,,0
FCSA:DF_TRADE_COUNTRY_YR(5.1.0),AE,A,AED,FCSC,ANN_CNT,TNOEXP,_Z,_Z,316,2024,3170137.39,,,,0
FCSA:DF_TRADE_COUNTRY_YR(5.1.0),AE,A,AED,FCSC,ANN_CNT,REEXP,_Z,_Z,796,2017,0.00,,,,0
FCSA:DF_TRADE_COUNTRY_YR(5.1.0),AE,A,AED,FCSC,ANN_CNT,REEXP,_Z,_Z,796,2018,153817.10,,,,0
FCSA:DF_TRADE_COUNTRY_YR(5.1.0),AE,A,AED,FCSC,ANN_CNT,REEXP,_Z,_Z,796,2019,1107913.36,,,,0
FCSA:DF_TRADE_COUNTRY_YR(5.1.0),AE,A,AED,FCSC,ANN_CNT,REEXP,_Z,_Z,796,2020,463609.67,,,,0
FCSA:DF_TRADE_COUNTRY_YR(5.1.0),AE,A,AED,FCSC,ANN_CNT,REEXP,_Z,_Z,796,2021,100117.18,,,,0
FCSA:DF_TRADE_COUNTRY_YR(5.1.0),AE,A,AED,FCSC,ANN_CNT,REEXP,_Z,_Z,796,2022,276698.44,,,,0
FCSA:DF_TRADE_COUNTRY_YR(5.1.0),AE,A,AED,FCSC,ANN_CNT,REEXP,_Z,_Z,796,2023,4874037.10,,,,0
FCSA:DF_TRADE_COUNTRY_YR(5.1.0),AE,A,AED,FCSC,ANN_CNT,REEXP,_Z,_Z,796,2024,8766370.77,,,,0
FCSA:DF_TRADE_COUNTRY_YR(5.1.0),AE,A,AED,FCSC,ANN_CNT,NOEXP,_Z,_Z,674,2017,0.00,,,,0
FCSA:DF_TRADE_COUNTRY_YR(5.1.0),AE,A,AED,FCSC,ANN_CNT,NOEXP,_Z,_Z,674,2018,0.00,,,,0
FCSA:DF_TRADE_COUNTRY_YR(5.1.0),AE,A,AED,FCSC,ANN_CNT,NOEXP,_Z,_Z,674,2019,15492614.72,,,,0
FCSA:DF_TRADE_COUNTRY_YR(5.1.0),AE,A,AED,FCSC,ANN_CNT,NOEXP,_Z,_Z,674,2020,1000.00,,,,0
FCSA:DF_TRADE_COUNTRY_YR(5.1.0),AE,A,AED,FCSC,ANN_CNT,NOEXP,_Z,_Z,674,2021,0.00,,,,0
FCSA:DF_TRADE_COUNTRY_YR(5.1.0),AE,A,AED,FCSC,ANN_CNT,NOEXP,_Z,_Z,674,2022,19750.00,,,,0
FCSA:DF_TRADE_COUNTRY_YR(5.1.0),AE,A,AED,FCSC,ANN_CNT,NOEXP,_Z,_Z,674,2023,144390.00,,,,0
FCSA:DF_TRADE_COUNTRY_YR(5.1.0),AE,A,AED,FCSC,ANN_CNT,NOEXP,_Z,_Z,674,2024,542008.90,,,,0
FCSA:DF_TRADE_COUNTRY_YR(5.1.0),AE,A,AED,FCSC,ANN_CNT,TTRADE,_Z,_Z,86,2021,28173.14,,,,0
FCSA:DF_TRADE_COUNTRY_YR(5.1.0),AE,A,AED,FCSC,ANN_CNT,TTRADE,_Z,_Z,86,2022,14600.00,,,,0
FCSA:DF_TRADE_COUNTRY_YR(5.1.0),AE,A,AED,FCSC,ANN_CNT,TTRADE,_Z,_Z,86,2023,4539267.24,,,,0
FCSA:DF_TRADE_COUNTRY_YR(5.1.0),AE,A,AED,FCSC,ANN_CNT,TTRADE,_Z,_Z,86,2024,14610.38,,,,0
FCSA:DF_TRADE_COUNTRY_YR(5.1.0),AE,A,AED,FCSC,ANN_CNT,NOEXP,_Z,_Z,710,2017,1220749776.57,,,,0
FCSA:DF_TRADE_COUNTRY_YR(5.1.0),AE,A,AED,FCSC,ANN_CNT,NOEXP,_Z,_Z,710,2018,1179928638.72,,,,0
FCSA:DF_TRADE_COUNTRY_YR(5.1.0),AE,A,AED,FCSC,ANN_CNT,NOEXP,_Z,_Z,710,2019,1313581561.65,,,,0
FCSA:DF_TRADE_COUNTRY_YR(5.1.0),AE,A,AED,FCSC,ANN_CNT,NOEXP,_Z,_Z,710,2020,955733494.15,,,,0
FCSA:DF_TRADE_COUNTRY_YR(5.1.0),AE,A,AED,FCSC,ANN_CNT,NOEXP,_Z,_Z,710,2021,2133787508.49,,,,0
FCSA:DF_TRADE_COUNTRY_YR(5.1.0),AE,A,AED,FCSC,ANN_CNT,NOEXP,_Z,_Z,710,2022,2706379818.68,,,,0
FCSA:DF_TRADE_COUNTRY_YR(5.1.0),AE,A,AED,FCSC,ANN_CNT,NOEXP,_Z,_Z,710,2023,3699874215.27,,,,0
FCSA:DF_TRADE_COUNTRY_YR(5.1.0),AE,A,AED,FCSC,ANN_CNT,NOEXP,_Z,_Z,710,2024,3328853697.09,,,,0
FCSA:DF_TRADE_COUNTRY_YR(5.1.0),AE,A,AED,FCSC,ANN_CNT,REEXP,_Z,_Z,524,2017,481132393.88,,,,0
FCSA:DF_TRADE_COUNTRY_YR(5.1.0),AE,A,AED,FCSC,ANN_CNT,REEXP,_Z,_Z,524,2018,473515482.01,,,,0
FCSA:DF_TRADE_COUNTRY_YR(5.1.0),AE,A,AED,FCSC,ANN_CNT,REEXP,_Z,_Z,524,2019,242297088.07,,,,0
FCSA:DF_TRADE_COUNTRY_YR(5.1.0),AE,A,AED,FCSC,ANN_CNT,REEXP,_Z,_Z,524,2020,152362774.59,,,,0
FCSA:DF_TRADE_COUNTRY_YR(5.1.0),AE,A,AED,FCSC,ANN_CNT,REEXP,_Z,_Z,524,2021,334018146.08,,,,0
FCSA:DF_TRADE_COUNTRY_YR(5.1.0),AE,A,AED,FCSC,ANN_CNT,REEXP,_Z,_Z,524,2022,193539612.83,,,,0
FCSA:DF_TRADE_COUNTRY_YR(5.1.0),AE,A,AED,FCSC,ANN_CNT,REEXP,_Z,_Z,524,2023,222170959.39,,,,0
FCSA:DF_TRADE_COUNTRY_YR(5.1.0),AE,A,AED,FCSC,ANN_CNT,REEXP,_Z,_Z,524,2024,215749308.61,,,,0
FCSA:DF_TRADE_COUNTRY_YR(5.1.0),AE,A,AED,FCSC,ANN_CNT,TTRADE,_Z,_Z,308,2017,18073253.68,,,,0
FCSA:DF_TRADE_COUNTRY_YR(5.1.0),AE,A,AED,FCSC,ANN_CNT,TTRADE,_Z,_Z,308,2018,9351714.30,,,,0
FCSA:DF_TRADE_COUNTRY_YR(5.1.0),AE,A,AED,FCSC,ANN_CNT,TTRADE,_Z,_Z,308,2019,2132691.08,,,,0
FCSA:DF_TRADE_COUNTRY_YR(5.1.0),AE,A,AED,FCSC,ANN_CNT,TTRADE,_Z,_Z,308,2020,5985216.51,,,,0
FCSA:DF_TRADE_COUNTRY_YR(5.1.0),AE,A,AED,FCSC,ANN_CNT,TTRADE,_Z,_Z,308,2021,8746963.10,,,,0
FCSA:DF_TRADE_COUNTRY_YR(5.1.0),AE,A,AED,FCSC,ANN_CNT,TTRADE,_Z,_Z,308,2022,6980807.66,,,,0
FCSA:DF_TRADE_COUNTRY_YR(5.1.0),AE,A,AED,FCSC,ANN_CNT,TTRADE,_Z,_Z,308,2023,5747882.85,,,,0
FCSA:DF_TRADE_COUNTRY_YR(5.1.0),AE,A,AED,FCSC,ANN_CNT,TTRADE,_Z,_Z,308,2024,10649971.06,,,,0
FCSA:DF_TRADE_COUNTRY_YR(5.1.0),AE,A,AED,FCSC,ANN_CNT,TTRADE,_Z,_Z,44,2017,11132158.36,,,,0
FCSA:DF_TRADE_COUNTRY_YR(5.1.0),AE,A,AED,FCSC,ANN_CNT,TTRADE,_Z,_Z,44,2018,26042714.78,,,,0
FCSA:DF_TRADE_COUNTRY_YR(5.1.0),AE,A,AED,FCSC,ANN_CNT,TTRADE,_Z,_Z,44,2019,22355720.24,,,,0
FCSA:DF_TRADE_COUNTRY_YR(5.1.0),AE,A,AED,FCSC,ANN_CNT,TTRADE,_Z,_Z,44,2020,8328180.99,,,,0
FCSA:DF_TRADE_COUNTRY_YR(5.1.0),AE,A,AED,FCSC,ANN_CNT,TTRADE,_Z,_Z,44,2021,6157693.21,,,,0
FCSA:DF_TRADE_COUNTRY_YR(5.1.0),AE,A,AED,FCSC,ANN_CNT,TTRADE,_Z,_Z,44,2022,21648082.67,,,,0
FCSA:DF_TRADE_COUNTRY_YR(5.1.0),AE,A,AED,FCSC,ANN_CNT,TTRADE,_Z,_Z,44,2023,5751830.78,,,,0
FCSA:DF_TRADE_COUNTRY_YR(5.1.0),AE,A,AED,FCSC,ANN_CNT,TTRADE,_Z,_Z,44,2024,4774396.92,,,,0
FCSA:DF_TRADE_COUNTRY_YR(5.1.0),AE,A,AED,FCSC,ANN_CNT,NOEXP,_Z,_Z,768,2017,38581568.06,,,,0
FCSA:DF_TRADE_COUNTRY_YR(5.1.0),AE,A,AED,FCSC,ANN_CNT,NOEXP,_Z,_Z,768,2018,73926151.18,,,,0
FCSA:DF_TRADE_COUNTRY_YR(5.1.0),AE,A,AED,FCSC,ANN_CNT,NOEXP,_Z,_Z,768,2019,88458299.50,,,,0
FCSA:DF_TRADE_COUNTRY_YR(5.1.0),AE,A,AED,FCSC,ANN_CNT,NOEXP,_Z,_Z,768,2020,102640600.92,,,,0
FCSA:DF_TRADE_COUNTRY_YR(5.1.0),AE,A,AED,FCSC,ANN_CNT,NOEXP,_Z,_Z,768,2021,157242688.17,,,,0
FCSA:DF_TRADE_COUNTRY_YR(5.1.0),AE,A,AED,FCSC,ANN_CNT,NOEXP,_Z,_Z,768,2022,586395236.17,,,,0
FCSA:DF_TRADE_COUNTRY_YR(5.1.0),AE,A,AED,FCSC,ANN_CNT,NOEXP,_Z,_Z,768,2023,153615699.85,,,,0
FCSA:DF_TRADE_COUNTRY_YR(5.1.0),AE,A,AED,FCSC,ANN_CNT,NOEXP,_Z,_Z,768,2024,205799792.48,,,,0
FCSA:DF_TRADE_COUNTRY_YR(5.1.0),AE,A,AED,FCSC,ANN_CNT,REEXP,_Z,_Z,530,2017,3596815.89,,,,0
FCSA:DF_TRADE_COUNTRY_YR(5.1.0),AE,A,AED,FCSC,ANN_CNT,REEXP,_Z,_Z,530,2018,3198279.84,,,,0
FCSA:DF_TRADE_COUNTRY_YR(5.1.0),AE,A,AED,FCSC,ANN_CNT,REEXP,_Z,_Z,530,2019,3432927.66,,,,0
FCSA:DF_TRADE_COUNTRY_YR(5.1.0),AE,A,AED,FCSC,ANN_CNT,REEXP,_Z,_Z,530,2020,1637252.30,,,,0
FCSA:DF_TRADE_COUNTRY_YR(5.1.0),AE,A,AED,FCSC,ANN_CNT,REEXP,_Z,_Z,530,2021,156137.86,,,,0
FCSA:DF_TRADE_COUNTRY_YR(5.1.0),AE,A,AED,FCSC,ANN_CNT,REEXP,_Z,_Z,530,2022,795423.01,,,,0
FCSA:DF_TRADE_COUNTRY_YR(5.1.0),AE,A,AED,FCSC,ANN_CNT,REEXP,_Z,_Z,530,2023,6657425.52,,,,0
FCSA:DF_TRADE_COUNTRY_YR(5.1.0),AE,A,AED,FCSC,ANN_CNT,REEXP,_Z,_Z,530,2024,690924.37,,,,0
FCSA:DF_TRADE_COUNTRY_YR(5.1.0),AE,A,AED,FCSC,ANN_CNT,IMP,_Z,_Z,312,2017,179.37,,,,0
FCSA:DF_TRADE_COUNTRY_YR(5.1.0),AE,A,AED,FCSC,ANN_CNT,IMP,_Z,_Z,312,2018,1675.00,,,,0
FCSA:DF_TRADE_COUNTRY_YR(5.1.0),AE,A,AED,FCSC,ANN_CNT,IMP,_Z,_Z,312,2019,452470.95,,,,0
FCSA:DF_TRADE_COUNTRY_YR(5.1.0),AE,A,AED,FCSC,ANN_CNT,IMP,_Z,_Z,312,2020,30644.66,,,,0
FCSA:DF_TRADE_COUNTRY_YR(5.1.0),AE,A,AED,FCSC,ANN_CNT,IMP,_Z,_Z,312,2021,14906.20,,,,0
FCSA:DF_TRADE_COUNTRY_YR(5.1.0),AE,A,AED,FCSC,ANN_CNT,IMP,_Z,_Z,312,2022,566758.61,,,,0
FCSA:DF_TRADE_COUNTRY_YR(5.1.0),AE,A,AED,FCSC,ANN_CNT,IMP,_Z,_Z,312,2023,857129.00,,,,0
FCSA:DF_TRADE_COUNTRY_YR(5.1.0),AE,A,AED,FCSC,ANN_CNT,IMP,_Z,_Z,312,2024,135565.45,,,,0
FCSA:DF_TRADE_COUNTRY_YR(5.1.0),AE,A,AED,FCSC,ANN_CNT,REEXP,_Z,_Z,882,2017,2070.26,,,,0
FCSA:DF_TRADE_COUNTRY_YR(5.1.0),AE,A,AED,FCSC,ANN_CNT,REEXP,_Z,_Z,882,2018,22688.88,,,,0
FCSA:DF_TRADE_COUNTRY_YR(5.1.0),AE,A,AED,FCSC,ANN_CNT,REEXP,_Z,_Z,882,2019,127333.87,,,,0
FCSA:DF_TRADE_COUNTRY_YR(5.1.0),AE,A,AED,FCSC,ANN_CNT,REEXP,_Z,_Z,882,2020,9756.46,,,,0
FCSA:DF_TRADE_COUNTRY_YR(5.1.0),AE,A,AED,FCSC,ANN_CNT,REEXP,_Z,_Z,882,2021,94458.69,,,,0
FCSA:DF_TRADE_COUNTRY_YR(5.1.0),AE,A,AED,FCSC,ANN_CNT,REEXP,_Z,_Z,882,2022,1803525.08,,,,0
FCSA:DF_TRADE_COUNTRY_YR(5.1.0),AE,A,AED,FCSC,ANN_CNT,REEXP,_Z,_Z,882,2023,8035.05,,,,0
FCSA:DF_TRADE_COUNTRY_YR(5.1.0),AE,A,AED,FCSC,ANN_CNT,REEXP,_Z,_Z,480,2017,218426447.54,,,,0
FCSA:DF_TRADE_COUNTRY_YR(5.1.0),AE,A,AED,FCSC,ANN_CNT,REEXP,_Z,_Z,480,2018,246193167.18,,,,0
FCSA:DF_TRADE_COUNTRY_YR(5.1.0),AE,A,AED,FCSC,ANN_CNT,REEXP,_Z,_Z,480,2019,291579710.74,,,,0
FCSA:DF_TRADE_COUNTRY_YR(5.1.0),AE,A,AED,FCSC,ANN_CNT,REEXP,_Z,_Z,480,2020,198519640.93,,,,0
FCSA:DF_TRADE_COUNTRY_YR(5.1.0),AE,A,AED,FCSC,ANN_CNT,REEXP,_Z,_Z,480,2021,218903420.43,,,,0
FCSA:DF_TRADE_COUNTRY_YR(5.1.0),AE,A,AED,FCSC,ANN_CNT,REEXP,_Z,_Z,480,2022,299073366.40,,,,0
FCSA:DF_TRADE_COUNTRY_YR(5.1.0),AE,A,AED,FCSC,ANN_CNT,REEXP,_Z,_Z,480,2023,384096986.14,,,,0
FCSA:DF_TRADE_COUNTRY_YR(5.1.0),AE,A,AED,FCSC,ANN_CNT,REEXP,_Z,_Z,480,2024,468622543.99,,,,0
FCSA:DF_TRADE_COUNTRY_YR(5.1.0),AE,A,AED,FCSC,ANN_CNT,TNOEXP,_Z,_Z,428,2017,127923359.55,,,,0
FCSA:DF_TRADE_COUNTRY_YR(5.1.0),AE,A,AED,FCSC,ANN_CNT,TNOEXP,_Z,_Z,428,2018,165538576.42,,,,0
FCSA:DF_TRADE_COUNTRY_YR(5.1.0),AE,A,AED,FCSC,ANN_CNT,TNOEXP,_Z,_Z,428,2019,143237446.68,,,,0
FCSA:DF_TRADE_COUNTRY_YR(5.1.0),AE,A,AED,FCSC,ANN_CNT,TNOEXP,_Z,_Z,428,2020,122496378.97,,,,0
FCSA:DF_TRADE_COUNTRY_YR(5.1.0),AE,A,AED,FCSC,ANN_CNT,TNOEXP,_Z,_Z,428,2021,134372751.31,,,,0
FCSA:DF_TRADE_COUNTRY_YR(5.1.0),AE,A,AED,FCSC,ANN_CNT,TNOEXP,_Z,_Z,428,2022,105759444.15,,,,0
FCSA:DF_TRADE_COUNTRY_YR(5.1.0),AE,A,AED,FCSC,ANN_CNT,TNOEXP,_Z,_Z,428,2023,286748355.91,,,,0
FCSA:DF_TRADE_COUNTRY_YR(5.1.0),AE,A,AED,FCSC,ANN_CNT,TNOEXP,_Z,_Z,428,2024,146987576.97,,,,0
FCSA:DF_TRADE_COUNTRY_YR(5.1.0),AE,A,AED,FCSC,ANN_CNT,TNOEXP,_Z,_Z,850,2017,50032103.55,,,,0
FCSA:DF_TRADE_COUNTRY_YR(5.1.0),AE,A,AED,FCSC,ANN_CNT,TNOEXP,_Z,_Z,850,2018,6937235.14,,,,0
FCSA:DF_TRADE_COUNTRY_YR(5.1.0),AE,A,AED,FCSC,ANN_CNT,TNOEXP,_Z,_Z,850,2019,8678851.45,,,,0
FCSA:DF_TRADE_COUNTRY_YR(5.1.0),AE,A,AED,FCSC,ANN_CNT,TNOEXP,_Z,_Z,850,2020,1055936.46,,,,0
FCSA:DF_TRADE_COUNTRY_YR(5.1.0),AE,A,AED,FCSC,ANN_CNT,TNOEXP,_Z,_Z,850,2021,834777.98,,,,0
FCSA:DF_TRADE_COUNTRY_YR(5.1.0),AE,A,AED,FCSC,ANN_CNT,TNOEXP,_Z,_Z,850,2022,1310848.29,,,,0
FCSA:DF_TRADE_COUNTRY_YR(5.1.0),AE,A,AED,FCSC,ANN_CNT,TNOEXP,_Z,_Z,850,2023,1641095.30,,,,0
FCSA:DF_TRADE_COUNTRY_YR(5.1.0),AE,A,AED,FCSC,ANN_CNT,TNOEXP,_Z,_Z,850,2024,540370.18,,,,0
FCSA:DF_TRADE_COUNTRY_YR(5.1.0),AE,A,AED,FCSC,ANN_CNT,IMP,_Z,_Z,586,2017,2724081199.69,,,,0
FCSA:DF_TRADE_COUNTRY_YR(5.1.0),AE,A,AED,FCSC,ANN_CNT,IMP,_Z,_Z,586,2018,2773218772.60,,,,0
FCSA:DF_TRADE_COUNTRY_YR(5.1.0),AE,A,AED,FCSC,ANN_CNT,IMP,_Z,_Z,586,2019,3152234247.66,,,,0
FCSA:DF_TRADE_COUNTRY_YR(5.1.0),AE,A,AED,FCSC,ANN_CNT,IMP,_Z,_Z,586,2020,3339294478.72,,,,0
FCSA:DF_TRADE_COUNTRY_YR(5.1.0),AE,A,AED,FCSC,ANN_CNT,IMP,_Z,_Z,586,2021,4128668032.96,,,,0
FCSA:DF_TRADE_COUNTRY_YR(5.1.0),AE,A,AED,FCSC,ANN_CNT,IMP,_Z,_Z,586,2022,10506476773.75,,,,0
FCSA:DF_TRADE_COUNTRY_YR(5.1.0),AE,A,AED,FCSC,ANN_CNT,IMP,_Z,_Z,586,2023,13430240942.76,,,,0
FCSA:DF_TRADE_COUNTRY_YR(5.1.0),AE,A,AED,FCSC,ANN_CNT,IMP,_Z,_Z,586,2024,10177395196.87,,,,0
FCSA:DF_TRADE_COUNTRY_YR(5.1.0),AE,A,AED,FCSC,ANN_CNT,TTRADE,_Z,_Z,360,2017,7875905933.68,,,,0
FCSA:DF_TRADE_COUNTRY_YR(5.1.0),AE,A,AED,FCSC,ANN_CNT,TTRADE,_Z,_Z,360,2018,8105146375.96,,,,0
FCSA:DF_TRADE_COUNTRY_YR(5.1.0),AE,A,AED,FCSC,ANN_CNT,TTRADE,_Z,_Z,360,2019,9741908933.72,,,,0
FCSA:DF_TRADE_COUNTRY_YR(5.1.0),AE,A,AED,FCSC,ANN_CNT,TTRADE,_Z,_Z,360,2020,7068681275.15,,,,0
FCSA:DF_TRADE_COUNTRY_YR(5.1.0),AE,A,AED,FCSC,ANN_CNT,TTRADE,_Z,_Z,360,2021,11442722788.96,,,,0
FCSA:DF_TRADE_COUNTRY_YR(5.1.0),AE,A,AED,FCSC,ANN_CNT,TTRADE,_Z,_Z,360,2022,14997166450.88,,,,0
FCSA:DF_TRADE_COUNTRY_YR(5.1.0),AE,A,AED,FCSC,ANN_CNT,TTRADE,_Z,_Z,360,2023,16824732432.26,,,,0
FCSA:DF_TRADE_COUNTRY_YR(5.1.0),AE,A,AED,FCSC,ANN_CNT,TTRADE,_Z,_Z,360,2024,20046994834.03,,,,0
FCSA:DF_TRADE_COUNTRY_YR(5.1.0),AE,A,AED,FCSC,ANN_CNT,IMP,_Z,_Z,466,2017,1423255812.26,,,,0
FCSA:DF_TRADE_COUNTRY_YR(5.1.0),AE,A,AED,FCSC,ANN_CNT,IMP,_Z,_Z,466,2018,4895254629.20,,,,0
FCSA:DF_TRADE_COUNTRY_YR(5.1.0),AE,A,AED,FCSC,ANN_CNT,IMP,_Z,_Z,466,2019,11821171328.19,,,,0
FCSA:DF_TRADE_COUNTRY_YR(5.1.0),AE,A,AED,FCSC,ANN_CNT,IMP,_Z,_Z,466,2020,10832545906.60,,,,0
FCSA:DF_TRADE_COUNTRY_YR(5.1.0),AE,A,AED,FCSC,ANN_CNT,IMP,_Z,_Z,466,2021,26909205190.07,,,,0
FCSA:DF_TRADE_COUNTRY_YR(5.1.0),AE,A,AED,FCSC,ANN_CNT,IMP,_Z,_Z,466,2022,20472983109.83,,,,0
FCSA:DF_TRADE_COUNTRY_YR(5.1.0),AE,A,AED,FCSC,ANN_CNT,IMP,_Z,_Z,466,2023,17744494859.16,,,,0
FCSA:DF_TRADE_COUNTRY_YR(5.1.0),AE,A,AED,FCSC,ANN_CNT,IMP,_Z,_Z,466,2024,23638184674.65,,,,0
FCSA:DF_TRADE_COUNTRY_YR(5.1.0),AE,A,AED,FCSC,ANN_CNT,NOEXP,_Z,_Z,32,2017,26351612.18,,,,0
FCSA:DF_TRADE_COUNTRY_YR(5.1.0),AE,A,AED,FCSC,ANN_CNT,NOEXP,_Z,_Z,32,2018,56592528.86,,,,0
FCSA:DF_TRADE_COUNTRY_YR(5.1.0),AE,A,AED,FCSC,ANN_CNT,NOEXP,_Z,_Z,32,2019,125934223.62,,,,0
FCSA:DF_TRADE_COUNTRY_YR(5.1.0),AE,A,AED,FCSC,ANN_CNT,NOEXP,_Z,_Z,32,2020,56665874.17,,,,0
FCSA:DF_TRADE_COUNTRY_YR(5.1.0),AE,A,AED,FCSC,ANN_CNT,NOEXP,_Z,_Z,32,2021,92442100.82,,,,0
FCSA:DF_TRADE_COUNTRY_YR(5.1.0),AE,A,AED,FCSC,ANN_CNT,NOEXP,_Z,_Z,32,2022,154849723.54,,,,0
FCSA:DF_TRADE_COUNTRY_YR(5.1.0),AE,A,AED,FCSC,ANN_CNT,NOEXP,_Z,_Z,32,2023,80061049.30,,,,0
FCSA:DF_TRADE_COUNTRY_YR(5.1.0),AE,A,AED,FCSC,ANN_CNT,NOEXP,_Z,_Z,32,2024,171940692.46,,,,0
FCSA:DF_TRADE_COUNTRY_YR(5.1.0),AE,A,AED,FCSC,ANN_CNT,IMP,_Z,_Z,417,2017,213444394.92,,,,0
FCSA:DF_TRADE_COUNTRY_YR(5.1.0),AE,A,AED,FCSC,ANN_CNT,IMP,_Z,_Z,417,2018,25670007.99,,,,0
FCSA:DF_TRADE_COUNTRY_YR(5.1.0),AE,A,AED,FCSC,ANN_CNT,IMP,_Z,_Z,417,2019,19826909.04,,,,0
FCSA:DF_TRADE_COUNTRY_YR(5.1.0),AE,A,AED,FCSC,ANN_CNT,IMP,_Z,_Z,417,2020,230576777.16,,,,0
FCSA:DF_TRADE_COUNTRY_YR(5.1.0),AE,A,AED,FCSC,ANN_CNT,IMP,_Z,_Z,417,2021,595741966.38,,,,0
FCSA:DF_TRADE_COUNTRY_YR(5.1.0),AE,A,AED,FCSC,ANN_CNT,IMP,_Z,_Z,417,2022,708677206.60,,,,0
FCSA:DF_TRADE_COUNTRY_YR(5.1.0),AE,A,AED,FCSC,ANN_CNT,IMP,_Z,_Z,417,2023,3402859178.03,,,,0
FCSA:DF_TRADE_COUNTRY_YR(5.1.0),AE,A,AED,FCSC,ANN_CNT,IMP,_Z,_Z,417,2024,2302497851.94,,,,0
FCSA:DF_TRADE_COUNTRY_YR(5.1.0),AE,A,AED,FCSC,ANN_CNT,NOEXP,_Z,_Z,296,2017,58665.37,,,,0
FCSA:DF_TRADE_COUNTRY_YR(5.1.0),AE,A,AED,FCSC,ANN_CNT,NOEXP,_Z,_Z,296,2018,0.00,,,,0
FCSA:DF_TRADE_COUNTRY_YR(5.1.0),AE,A,AED,FCSC,ANN_CNT,NOEXP,_Z,_Z,296,2019,0.00,,,,0
FCSA:DF_TRADE_COUNTRY_YR(5.1.0),AE,A,AED,FCSC,ANN_CNT,NOEXP,_Z,_Z,296,2020,86127.40,,,,0
FCSA:DF_TRADE_COUNTRY_YR(5.1.0),AE,A,AED,FCSC,ANN_CNT,NOEXP,_Z,_Z,296,2021,99531.73,,,,0
FCSA:DF_TRADE_COUNTRY_YR(5.1.0),AE,A,AED,FCSC,ANN_CNT,NOEXP,_Z,_Z,296,2022,95032.34,,,,0
FCSA:DF_TRADE_COUNTRY_YR(5.1.0),AE,A,AED,FCSC,ANN_CNT,NOEXP,_Z,_Z,296,2023,201799.52,,,,0
FCSA:DF_TRADE_COUNTRY_YR(5.1.0),AE,A,AED,FCSC,ANN_CNT,NOEXP,_Z,_Z,296,2024,239869.85,,,,0
FCSA:DF_TRADE_COUNTRY_YR(5.1.0),AE,A,AED,FCSC,ANN_CNT,NOEXP,_Z,_Z,876,2018,0.00,,,,0
FCSA:DF_TRADE_COUNTRY_YR(5.1.0),AE,A,AED,FCSC,ANN_CNT,NOEXP,_Z,_Z,876,2019,5449.89,,,,0
FCSA:DF_TRADE_COUNTRY_YR(5.1.0),AE,A,AED,FCSC,ANN_CNT,NOEXP,_Z,_Z,876,2020,3200.00,,,,0
FCSA:DF_TRADE_COUNTRY_YR(5.1.0),AE,A,AED,FCSC,ANN_CNT,NOEXP,_Z,_Z,876,2021,0.00,,,,0
FCSA:DF_TRADE_COUNTRY_YR(5.1.0),AE,A,AED,FCSC,ANN_CNT,NOEXP,_Z,_Z,876,2022,0.00,,,,0
FCSA:DF_TRADE_COUNTRY_YR(5.1.0),AE,A,AED,FCSC,ANN_CNT,NOEXP,_Z,_Z,876,2023,359545.38,,,,0
FCSA:DF_TRADE_COUNTRY_YR(5.1.0),AE,A,AED,FCSC,ANN_CNT,NOEXP,_Z,_Z,876,2024,0.00,,,,0
FCSA:DF_TRADE_COUNTRY_YR(5.1.0),AE,A,AED,FCSC,ANN_CNT,TNOEXP,_Z,_Z,OTH,2022,172807105.24,,,,0
FCSA:DF_TRADE_COUNTRY_YR(5.1.0),AE,A,AED,FCSC,ANN_CNT,TNOEXP,_Z,_Z,OTH,2023,150656498.01,,,,0
FCSA:DF_TRADE_COUNTRY_YR(5.1.0),AE,A,AED,FCSC,ANN_CNT,TNOEXP,_Z,_Z,OTH,2024,58350.00,,,,0
FCSA:DF_TRADE_COUNTRY_YR(5.1.0),AE,A,AED,FCSC,ANN_CNT,REEXP,_Z,_Z,312,2017,1922178.50,,,,0
FCSA:DF_TRADE_COUNTRY_YR(5.1.0),AE,A,AED,FCSC,ANN_CNT,REEXP,_Z,_Z,312,2018,3026838.25,,,,0
FCSA:DF_TRADE_COUNTRY_YR(5.1.0),AE,A,AED,FCSC,ANN_CNT,REEXP,_Z,_Z,312,2019,2186274.83,,,,0
FCSA:DF_TRADE_COUNTRY_YR(5.1.0),AE,A,AED,FCSC,ANN_CNT,REEXP,_Z,_Z,312,2020,1181510.86,,,,0
FCSA:DF_TRADE_COUNTRY_YR(5.1.0),AE,A,AED,FCSC,ANN_CNT,REEXP,_Z,_Z,312,2021,3020451.65,,,,0
FCSA:DF_TRADE_COUNTRY_YR(5.1.0),AE,A,AED,FCSC,ANN_CNT,REEXP,_Z,_Z,312,2022,2484564.05,,,,0
FCSA:DF_TRADE_COUNTRY_YR(5.1.0),AE,A,AED,FCSC,ANN_CNT,REEXP,_Z,_Z,312,2023,2777034.72,,,,0
FCSA:DF_TRADE_COUNTRY_YR(5.1.0),AE,A,AED,FCSC,ANN_CNT,REEXP,_Z,_Z,312,2024,2626007.45,,,,0
FCSA:DF_TRADE_COUNTRY_YR(5.1.0),AE,A,AED,FCSC,ANN_CNT,TTRADE,_Z,_Z,16,2017,450960.00,,,,0
FCSA:DF_TRADE_COUNTRY_YR(5.1.0),AE,A,AED,FCSC,ANN_CNT,TTRADE,_Z,_Z,16,2018,560594.56,,,,0
FCSA:DF_TRADE_COUNTRY_YR(5.1.0),AE,A,AED,FCSC,ANN_CNT,TTRADE,_Z,_Z,16,2019,1207196.35,,,,0
FCSA:DF_TRADE_COUNTRY_YR(5.1.0),AE,A,AED,FCSC,ANN_CNT,TTRADE,_Z,_Z,16,2020,1258054.04,,,,0
FCSA:DF_TRADE_COUNTRY_YR(5.1.0),AE,A,AED,FCSC,ANN_CNT,TTRADE,_Z,_Z,16,2021,879025.88,,,,0
FCSA:DF_TRADE_COUNTRY_YR(5.1.0),AE,A,AED,FCSC,ANN_CNT,TTRADE,_Z,_Z,16,2022,927633.95,,,,0
FCSA:DF_TRADE_COUNTRY_YR(5.1.0),AE,A,AED,FCSC,ANN_CNT,TTRADE,_Z,_Z,16,2023,5850947.42,,,,0
FCSA:DF_TRADE_COUNTRY_YR(5.1.0),AE,A,AED,FCSC,ANN_CNT,TTRADE,_Z,_Z,16,2024,18389432.10,,,,0
FCSA:DF_TRADE_COUNTRY_YR(5.1.0),AE,A,AED,FCSC,ANN_CNT,NOEXP,_Z,_Z,654,2017,0.00,,,,0
FCSA:DF_TRADE_COUNTRY_YR(5.1.0),AE,A,AED,FCSC,ANN_CNT,NOEXP,_Z,_Z,654,2018,0.00,,,,0
FCSA:DF_TRADE_COUNTRY_YR(5.1.0),AE,A,AED,FCSC,ANN_CNT,NOEXP,_Z,_Z,654,2019,0.00,,,,0
FCSA:DF_TRADE_COUNTRY_YR(5.1.0),AE,A,AED,FCSC,ANN_CNT,NOEXP,_Z,_Z,654,2020,188092.50,,,,0
FCSA:DF_TRADE_COUNTRY_YR(5.1.0),AE,A,AED,FCSC,ANN_CNT,NOEXP,_Z,_Z,654,2021,0.00,,,,0
FCSA:DF_TRADE_COUNTRY_YR(5.1.0),AE,A,AED,FCSC,ANN_CNT,NOEXP,_Z,_Z,654,2022,0.00,,,,0
FCSA:DF_TRADE_COUNTRY_YR(5.1.0),AE,A,AED,FCSC,ANN_CNT,NOEXP,_Z,_Z,654,2023,0.00,,,,0
FCSA:DF_TRADE_COUNTRY_YR(5.1.0),AE,A,AED,FCSC,ANN_CNT,NOEXP,_Z,_Z,654,2024,0.00,,,,0
FCSA:DF_TRADE_COUNTRY_YR(5.1.0),AE,A,AED,FCSC,ANN_CNT,TTRADE,_Z,_Z,336,2018,7420.00,,,,0
FCSA:DF_TRADE_COUNTRY_YR(5.1.0),AE,A,AED,FCSC,ANN_CNT,TTRADE,_Z,_Z,336,2022,172272.00,,,,0
FCSA:DF_TRADE_COUNTRY_YR(5.1.0),AE,A,AED,FCSC,ANN_CNT,TTRADE,_Z,_Z,336,2024,21259.22,,,,0
FCSA:DF_TRADE_COUNTRY_YR(5.1.0),AE,A,AED,FCSC,ANN_CNT,IMP,_Z,_Z,48,2017,8468741579.96,,,,0
FCSA:DF_TRADE_COUNTRY_YR(5.1.0),AE,A,AED,FCSC,ANN_CNT,IMP,_Z,_Z,48,2018,12018549190.30,,,,0
FCSA:DF_TRADE_COUNTRY_YR(5.1.0),AE,A,AED,FCSC,ANN_CNT,IMP,_Z,_Z,48,2019,15739839660.74,,,,0
FCSA:DF_TRADE_COUNTRY_YR(5.1.0),AE,A,AED,FCSC,ANN_CNT,IMP,_Z,_Z,48,2020,9074597738.17,,,,0
FCSA:DF_TRADE_COUNTRY_YR(5.1.0),AE,A,AED,FCSC,ANN_CNT,IMP,_Z,_Z,48,2021,10124507573.65,,,,0
FCSA:DF_TRADE_COUNTRY_YR(5.1.0),AE,A,AED,FCSC,ANN_CNT,IMP,_Z,_Z,48,2022,9862868028.53,,,,0
FCSA:DF_TRADE_COUNTRY_YR(5.1.0),AE,A,AED,FCSC,ANN_CNT,IMP,_Z,_Z,48,2023,10401669071.29,,,,0
FCSA:DF_TRADE_COUNTRY_YR(5.1.0),AE,A,AED,FCSC,ANN_CNT,IMP,_Z,_Z,48,2024,16718888885.50,,,,0
FCSA:DF_TRADE_COUNTRY_YR(5.1.0),AE,A,AED,FCSC,ANN_CNT,TTRADE,_Z,_Z,364,2017,62893007783.03,,,,0
FCSA:DF_TRADE_COUNTRY_YR(5.1.0),AE,A,AED,FCSC,ANN_CNT,TTRADE,_Z,_Z,364,2018,56078189675.21,,,,0
FCSA:DF_TRADE_COUNTRY_YR(5.1.0),AE,A,AED,FCSC,ANN_CNT,TTRADE,_Z,_Z,364,2019,30551950423.00,,,,0
FCSA:DF_TRADE_COUNTRY_YR(5.1.0),AE,A,AED,FCSC,ANN_CNT,TTRADE,_Z,_Z,364,2020,17963611657.21,,,,0
FCSA:DF_TRADE_COUNTRY_YR(5.1.0),AE,A,AED,FCSC,ANN_CNT,TTRADE,_Z,_Z,364,2021,25498175981.27,,,,0
FCSA:DF_TRADE_COUNTRY_YR(5.1.0),AE,A,AED,FCSC,ANN_CNT,TTRADE,_Z,_Z,364,2022,26411847951.55,,,,0
FCSA:DF_TRADE_COUNTRY_YR(5.1.0),AE,A,AED,FCSC,ANN_CNT,TTRADE,_Z,_Z,364,2023,22942456643.84,,,,0
FCSA:DF_TRADE_COUNTRY_YR(5.1.0),AE,A,AED,FCSC,ANN_CNT,TTRADE,_Z,_Z,364,2024,24303297245.62,,,,0
FCSA:DF_TRADE_COUNTRY_YR(5.1.0),AE,A,AED,FCSC,ANN_CNT,TTRADE,_Z,_Z,344,2017,32523139012.17,,,,0
FCSA:DF_TRADE_COUNTRY_YR(5.1.0),AE,A,AED,FCSC,ANN_CNT,TTRADE,_Z,_Z,344,2018,35868373339.37,,,,0
FCSA:DF_TRADE_COUNTRY_YR(5.1.0),AE,A,AED,FCSC,ANN_CNT,TTRADE,_Z,_Z,344,2019,30671077312.16,,,,0
FCSA:DF_TRADE_COUNTRY_YR(5.1.0),AE,A,AED,FCSC,ANN_CNT,TTRADE,_Z,_Z,344,2020,33187263451.89,,,,0
FCSA:DF_TRADE_COUNTRY_YR(5.1.0),AE,A,AED,FCSC,ANN_CNT,TTRADE,_Z,_Z,344,2021,44074807035.52,,,,0
FCSA:DF_TRADE_COUNTRY_YR(5.1.0),AE,A,AED,FCSC,ANN_CNT,TTRADE,_Z,_Z,344,2022,43975381444.21,,,,0
FCSA:DF_TRADE_COUNTRY_YR(5.1.0),AE,A,AED,FCSC,ANN_CNT,TTRADE,_Z,_Z,344,2023,66828359166.72,,,,0
FCSA:DF_TRADE_COUNTRY_YR(5.1.0),AE,A,AED,FCSC,ANN_CNT,TTRADE,_Z,_Z,344,2024,79318203783.01,,,,0
FCSA:DF_TRADE_COUNTRY_YR(5.1.0),AE,A,AED,FCSC,ANN_CNT,IMP,_Z,_Z,99999,2017,137168685.36,,,,0
FCSA:DF_TRADE_COUNTRY_YR(5.1.0),AE,A,AED,FCSC,ANN_CNT,IMP,_Z,_Z,99999,2018,276463021.91,,,,0
FCSA:DF_TRADE_COUNTRY_YR(5.1.0),AE,A,AED,FCSC,ANN_CNT,IMP,_Z,_Z,99999,2019,301754805.13,,,,0
FCSA:DF_TRADE_COUNTRY_YR(5.1.0),AE,A,AED,FCSC,ANN_CNT,IMP,_Z,_Z,99999,2020,124945207.09,,,,0
FCSA:DF_TRADE_COUNTRY_YR(5.1.0),AE,A,AED,FCSC,ANN_CNT,IMP,_Z,_Z,99999,2021,186282468.01,,,,0
FCSA:DF_TRADE_COUNTRY_YR(5.1.0),AE,A,AED,FCSC,ANN_CNT,NOEXP,_Z,_Z,752,2017,88787630.85,,,,0
FCSA:DF_TRADE_COUNTRY_YR(5.1.0),AE,A,AED,FCSC,ANN_CNT,NOEXP,_Z,_Z,752,2018,59286233.83,,,,0
FCSA:DF_TRADE_COUNTRY_YR(5.1.0),AE,A,AED,FCSC,ANN_CNT,NOEXP,_Z,_Z,752,2019,63643423.24,,,,0
FCSA:DF_TRADE_COUNTRY_YR(5.1.0),AE,A,AED,FCSC,ANN_CNT,NOEXP,_Z,_Z,752,2020,63129616.52,,,,0
FCSA:DF_TRADE_COUNTRY_YR(5.1.0),AE,A,AED,FCSC,ANN_CNT,NOEXP,_Z,_Z,752,2021,142238400.40,,,,0
FCSA:DF_TRADE_COUNTRY_YR(5.1.0),AE,A,AED,FCSC,ANN_CNT,NOEXP,_Z,_Z,752,2022,143184177.68,,,,0
FCSA:DF_TRADE_COUNTRY_YR(5.1.0),AE,A,AED,FCSC,ANN_CNT,NOEXP,_Z,_Z,752,2023,200418087.67,,,,0
FCSA:DF_TRADE_COUNTRY_YR(5.1.0),AE,A,AED,FCSC,ANN_CNT,NOEXP,_Z,_Z,752,2024,100338308.76,,,,0
FCSA:DF_TRADE_COUNTRY_YR(5.1.0),AE,A,AED,FCSC,ANN_CNT,TTRADE,_Z,_Z,233,2017,224629503.99,,,,0
FCSA:DF_TRADE_COUNTRY_YR(5.1.0),AE,A,AED,FCSC,ANN_CNT,TTRADE,_Z,_Z,233,2018,278311425.81,,,,0
FCSA:DF_TRADE_COUNTRY_YR(5.1.0),AE,A,AED,FCSC,ANN_CNT,TTRADE,_Z,_Z,233,2019,339078724.98,,,,0
FCSA:DF_TRADE_COUNTRY_YR(5.1.0),AE,A,AED,FCSC,ANN_CNT,TTRADE,_Z,_Z,233,2020,295030024.67,,,,0
FCSA:DF_TRADE_COUNTRY_YR(5.1.0),AE,A,AED,FCSC,ANN_CNT,TTRADE,_Z,_Z,233,2021,486885954.12,,,,0
FCSA:DF_TRADE_COUNTRY_YR(5.1.0),AE,A,AED,FCSC,ANN_CNT,TTRADE,_Z,_Z,233,2022,367639912.39,,,,0
FCSA:DF_TRADE_COUNTRY_YR(5.1.0),AE,A,AED,FCSC,ANN_CNT,TTRADE,_Z,_Z,233,2023,549418367.32,,,,0
FCSA:DF_TRADE_COUNTRY_YR(5.1.0),AE,A,AED,FCSC,ANN_CNT,TTRADE,_Z,_Z,233,2024,585841958.54,,,,0
FCSA:DF_TRADE_COUNTRY_YR(5.1.0),AE,A,AED,FCSC,ANN_CNT,IMP,_Z,_Z,678,2017,0.00,,,,0
FCSA:DF_TRADE_COUNTRY_YR(5.1.0),AE,A,AED,FCSC,ANN_CNT,IMP,_Z,_Z,678,2018,1136.00,,,,0
FCSA:DF_TRADE_COUNTRY_YR(5.1.0),AE,A,AED,FCSC,ANN_CNT,IMP,_Z,_Z,678,2019,3674.00,,,,0
FCSA:DF_TRADE_COUNTRY_YR(5.1.0),AE,A,AED,FCSC,ANN_CNT,IMP,_Z,_Z,678,2020,889928.30,,,,0
FCSA:DF_TRADE_COUNTRY_YR(5.1.0),AE,A,AED,FCSC,ANN_CNT,IMP,_Z,_Z,678,2021,450513.98,,,,0
FCSA:DF_TRADE_COUNTRY_YR(5.1.0),AE,A,AED,FCSC,ANN_CNT,IMP,_Z,_Z,678,2022,180893.74,,,,0
FCSA:DF_TRADE_COUNTRY_YR(5.1.0),AE,A,AED,FCSC,ANN_CNT,IMP,_Z,_Z,678,2023,7173744.53,,,,0
FCSA:DF_TRADE_COUNTRY_YR(5.1.0),AE,A,AED,FCSC,ANN_CNT,IMP,_Z,_Z,678,2024,1045.75,,,,0
FCSA:DF_TRADE_COUNTRY_YR(5.1.0),AE,A,AED,FCSC,ANN_CNT,IMP,_Z,_Z,418,2017,83826507.06,,,,0
FCSA:DF_TRADE_COUNTRY_YR(5.1.0),AE,A,AED,FCSC,ANN_CNT,IMP,_Z,_Z,418,2018,105482804.49,,,,0
FCSA:DF_TRADE_COUNTRY_YR(5.1.0),AE,A,AED,FCSC,ANN_CNT,IMP,_Z,_Z,418,2019,36098690.89,,,,0
FCSA:DF_TRADE_COUNTRY_YR(5.1.0),AE,A,AED,FCSC,ANN_CNT,IMP,_Z,_Z,418,2020,22923836.60,,,,0
FCSA:DF_TRADE_COUNTRY_YR(5.1.0),AE,A,AED,FCSC,ANN_CNT,IMP,_Z,_Z,418,2021,35044911.94,,,,0
FCSA:DF_TRADE_COUNTRY_YR(5.1.0),AE,A,AED,FCSC,ANN_CNT,IMP,_Z,_Z,418,2022,36962098.79,,,,0
FCSA:DF_TRADE_COUNTRY_YR(5.1.0),AE,A,AED,FCSC,ANN_CNT,IMP,_Z,_Z,418,2023,56911242.91,,,,0
FCSA:DF_TRADE_COUNTRY_YR(5.1.0),AE,A,AED,FCSC,ANN_CNT,IMP,_Z,_Z,418,2024,51230124.14,,,,0
FCSA:DF_TRADE_COUNTRY_YR(5.1.0),AE,A,AED,FCSC,ANN_CNT,REEXP,_Z,_Z,20,2017,360538.31,,,,0
FCSA:DF_TRADE_COUNTRY_YR(5.1.0),AE,A,AED,FCSC,ANN_CNT,REEXP,_Z,_Z,20,2018,86109.43,,,,0
FCSA:DF_TRADE_COUNTRY_YR(5.1.0),AE,A,AED,FCSC,ANN_CNT,REEXP,_Z,_Z,20,2019,4884.05,,,,0
FCSA:DF_TRADE_COUNTRY_YR(5.1.0),AE,A,AED,FCSC,ANN_CNT,REEXP,_Z,_Z,20,2020,119015.83,,,,0
FCSA:DF_TRADE_COUNTRY_YR(5.1.0),AE,A,AED,FCSC,ANN_CNT,REEXP,_Z,_Z,20,2021,150008.50,,,,0
FCSA:DF_TRADE_COUNTRY_YR(5.1.0),AE,A,AED,FCSC,ANN_CNT,REEXP,_Z,_Z,20,2022,211529.88,,,,0
FCSA:DF_TRADE_COUNTRY_YR(5.1.0),AE,A,AED,FCSC,ANN_CNT,REEXP,_Z,_Z,20,2023,19831.24,,,,0
FCSA:DF_TRADE_COUNTRY_YR(5.1.0),AE,A,AED,FCSC,ANN_CNT,REEXP,_Z,_Z,20,2024,20706.72,,,,0
FCSA:DF_TRADE_COUNTRY_YR(5.1.0),AE,A,AED,FCSC,ANN_CNT,REEXP,_Z,_Z,584,2017,1612987.10,,,,0
FCSA:DF_TRADE_COUNTRY_YR(5.1.0),AE,A,AED,FCSC,ANN_CNT,REEXP,_Z,_Z,584,2018,1066000.00,,,,0
FCSA:DF_TRADE_COUNTRY_YR(5.1.0),AE,A,AED,FCSC,ANN_CNT,REEXP,_Z,_Z,584,2019,1093858.01,,,,0
FCSA:DF_TRADE_COUNTRY_YR(5.1.0),AE,A,AED,FCSC,ANN_CNT,REEXP,_Z,_Z,584,2020,1143168.00,,,,0
FCSA:DF_TRADE_COUNTRY_YR(5.1.0),AE,A,AED,FCSC,ANN_CNT,REEXP,_Z,_Z,584,2021,2587497.19,,,,0
FCSA:DF_TRADE_COUNTRY_YR(5.1.0),AE,A,AED,FCSC,ANN_CNT,REEXP,_Z,_Z,584,2022,3237040.93,,,,0
FCSA:DF_TRADE_COUNTRY_YR(5.1.0),AE,A,AED,FCSC,ANN_CNT,REEXP,_Z,_Z,584,2023,4421087.45,,,,0
FCSA:DF_TRADE_COUNTRY_YR(5.1.0),AE,A,AED,FCSC,ANN_CNT,REEXP,_Z,_Z,584,2024,4311589.31,,,,0
FCSA:DF_TRADE_COUNTRY_YR(5.1.0),AE,A,AED,FCSC,ANN_CNT,TNOEXP,_Z,_Z,458,2017,2688647332.71,,,,0
FCSA:DF_TRADE_COUNTRY_YR(5.1.0),AE,A,AED,FCSC,ANN_CNT,TNOEXP,_Z,_Z,458,2018,3388893083.80,,,,0
FCSA:DF_TRADE_COUNTRY_YR(5.1.0),AE,A,AED,FCSC,ANN_CNT,TNOEXP,_Z,_Z,458,2019,4086067508.56,,,,0
FCSA:DF_TRADE_COUNTRY_YR(5.1.0),AE,A,AED,FCSC,ANN_CNT,TNOEXP,_Z,_Z,458,2020,5060040826.09,,,,0
FCSA:DF_TRADE_COUNTRY_YR(5.1.0),AE,A,AED,FCSC,ANN_CNT,TNOEXP,_Z,_Z,458,2021,6291711763.43,,,,0
FCSA:DF_TRADE_COUNTRY_YR(5.1.0),AE,A,AED,FCSC,ANN_CNT,TNOEXP,_Z,_Z,458,2022,6681227716.83,,,,0
FCSA:DF_TRADE_COUNTRY_YR(5.1.0),AE,A,AED,FCSC,ANN_CNT,TNOEXP,_Z,_Z,458,2023,7011569917.32,,,,0
FCSA:DF_TRADE_COUNTRY_YR(5.1.0),AE,A,AED,FCSC,ANN_CNT,TNOEXP,_Z,_Z,458,2024,8837750369.87,,,,0
FCSA:DF_TRADE_COUNTRY_YR(5.1.0),AE,A,AED,FCSC,ANN_CNT,IMP,_Z,_Z,218,2017,238269186.23,,,,0
FCSA:DF_TRADE_COUNTRY_YR(5.1.0),AE,A,AED,FCSC,ANN_CNT,IMP,_Z,_Z,218,2018,367301942.37,,,,0
FCSA:DF_TRADE_COUNTRY_YR(5.1.0),AE,A,AED,FCSC,ANN_CNT,IMP,_Z,_Z,218,2019,345578683.74,,,,0
FCSA:DF_TRADE_COUNTRY_YR(5.1.0),AE,A,AED,FCSC,ANN_CNT,IMP,_Z,_Z,218,2020,409577801.34,,,,0
FCSA:DF_TRADE_COUNTRY_YR(5.1.0),AE,A,AED,FCSC,ANN_CNT,IMP,_Z,_Z,218,2021,755922707.21,,,,0
FCSA:DF_TRADE_COUNTRY_YR(5.1.0),AE,A,AED,FCSC,ANN_CNT,IMP,_Z,_Z,218,2022,1242331345.80,,,,0
FCSA:DF_TRADE_COUNTRY_YR(5.1.0),AE,A,AED,FCSC,ANN_CNT,IMP,_Z,_Z,218,2023,2334789617.00,,,,0
FCSA:DF_TRADE_COUNTRY_YR(5.1.0),AE,A,AED,FCSC,ANN_CNT,IMP,_Z,_Z,218,2024,1159189706.45,,,,0
FCSA:DF_TRADE_COUNTRY_YR(5.1.0),AE,A,AED,FCSC,ANN_CNT,TNOEXP,_Z,_Z,44,2017,5223099.36,,,,0
FCSA:DF_TRADE_COUNTRY_YR(5.1.0),AE,A,AED,FCSC,ANN_CNT,TNOEXP,_Z,_Z,44,2018,17953475.93,,,,0
FCSA:DF_TRADE_COUNTRY_YR(5.1.0),AE,A,AED,FCSC,ANN_CNT,TNOEXP,_Z,_Z,44,2019,8878495.46,,,,0
FCSA:DF_TRADE_COUNTRY_YR(5.1.0),AE,A,AED,FCSC,ANN_CNT,TNOEXP,_Z,_Z,44,2020,4924122.87,,,,0
FCSA:DF_TRADE_COUNTRY_YR(5.1.0),AE,A,AED,FCSC,ANN_CNT,TNOEXP,_Z,_Z,44,2021,2064233.93,,,,0
FCSA:DF_TRADE_COUNTRY_YR(5.1.0),AE,A,AED,FCSC,ANN_CNT,TNOEXP,_Z,_Z,44,2022,12920183.82,,,,0
FCSA:DF_TRADE_COUNTRY_YR(5.1.0),AE,A,AED,FCSC,ANN_CNT,TNOEXP,_Z,_Z,44,2023,5004864.17,,,,0
FCSA:DF_TRADE_COUNTRY_YR(5.1.0),AE,A,AED,FCSC,ANN_CNT,TNOEXP,_Z,_Z,44,2024,3788050.75,,,,0
FCSA:DF_TRADE_COUNTRY_YR(5.1.0),AE,A,AED,FCSC,ANN_CNT,TTRADE,_Z,_Z,60,2017,5786397.82,,,,0
FCSA:DF_TRADE_COUNTRY_YR(5.1.0),AE,A,AED,FCSC,ANN_CNT,TTRADE,_Z,_Z,60,2018,8171722.05,,,,0
FCSA:DF_TRADE_COUNTRY_YR(5.1.0),AE,A,AED,FCSC,ANN_CNT,TTRADE,_Z,_Z,60,2019,9329937.52,,,,0
FCSA:DF_TRADE_COUNTRY_YR(5.1.0),AE,A,AED,FCSC,ANN_CNT,TTRADE,_Z,_Z,60,2020,4321770.64,,,,0
FCSA:DF_TRADE_COUNTRY_YR(5.1.0),AE,A,AED,FCSC,ANN_CNT,TTRADE,_Z,_Z,60,2021,2311805.98,,,,0
FCSA:DF_TRADE_COUNTRY_YR(5.1.0),AE,A,AED,FCSC,ANN_CNT,TTRADE,_Z,_Z,60,2022,572315.18,,,,0
FCSA:DF_TRADE_COUNTRY_YR(5.1.0),AE,A,AED,FCSC,ANN_CNT,TTRADE,_Z,_Z,60,2023,499783.58,,,,0
FCSA:DF_TRADE_COUNTRY_YR(5.1.0),AE,A,AED,FCSC,ANN_CNT,TTRADE,_Z,_Z,60,2024,912170.26,,,,0
FCSA:DF_TRADE_COUNTRY_YR(5.1.0),AE,A,AED,FCSC,ANN_CNT,IMP,_Z,_Z,535,2023,716.95,,,,0
FCSA:DF_TRADE_COUNTRY_YR(5.1.0),AE,A,AED,FCSC,ANN_CNT,IMP,_Z,_Z,535,2024,641087.14,,,,0
FCSA:DF_TRADE_COUNTRY_YR(5.1.0),AE,A,AED,FCSC,ANN_CNT,REEXP,_Z,_Z,528,2017,3402160259.89,,,,0
FCSA:DF_TRADE_COUNTRY_YR(5.1.0),AE,A,AED,FCSC,ANN_CNT,REEXP,_Z,_Z,528,2018,4036648317.03,,,,0
FCSA:DF_TRADE_COUNTRY_YR(5.1.0),AE,A,AED,FCSC,ANN_CNT,REEXP,_Z,_Z,528,2019,4192158518.65,,,,0
FCSA:DF_TRADE_COUNTRY_YR(5.1.0),AE,A,AED,FCSC,ANN_CNT,REEXP,_Z,_Z,528,2020,4218131306.39,,,,0
FCSA:DF_TRADE_COUNTRY_YR(5.1.0),AE,A,AED,FCSC,ANN_CNT,REEXP,_Z,_Z,528,2021,6209538835.22,,,,0
FCSA:DF_TRADE_COUNTRY_YR(5.1.0),AE,A,AED,FCSC,ANN_CNT,REEXP,_Z,_Z,528,2022,4828971329.05,,,,0
FCSA:DF_TRADE_COUNTRY_YR(5.1.0),AE,A,AED,FCSC,ANN_CNT,REEXP,_Z,_Z,528,2023,8734110962.93,,,,0
FCSA:DF_TRADE_COUNTRY_YR(5.1.0),AE,A,AED,FCSC,ANN_CNT,REEXP,_Z,_Z,528,2024,6950329432.25,,,,0
FCSA:DF_TRADE_COUNTRY_YR(5.1.0),AE,A,AED,FCSC,ANN_CNT,TNOEXP,_Z,_Z,508,2017,1383515805.77,,,,0
FCSA:DF_TRADE_COUNTRY_YR(5.1.0),AE,A,AED,FCSC,ANN_CNT,TNOEXP,_Z,_Z,508,2018,1076739980.27,,,,0
FCSA:DF_TRADE_COUNTRY_YR(5.1.0),AE,A,AED,FCSC,ANN_CNT,TNOEXP,_Z,_Z,508,2019,960291852.17,,,,0
FCSA:DF_TRADE_COUNTRY_YR(5.1.0),AE,A,AED,FCSC,ANN_CNT,TNOEXP,_Z,_Z,508,2020,1170235524.49,,,,0
FCSA:DF_TRADE_COUNTRY_YR(5.1.0),AE,A,AED,FCSC,ANN_CNT,TNOEXP,_Z,_Z,508,2021,1527067072.92,,,,0
FCSA:DF_TRADE_COUNTRY_YR(5.1.0),AE,A,AED,FCSC,ANN_CNT,TNOEXP,_Z,_Z,508,2022,1797574715.40,,,,0
FCSA:DF_TRADE_COUNTRY_YR(5.1.0),AE,A,AED,FCSC,ANN_CNT,TNOEXP,_Z,_Z,508,2023,1469569675.31,,,,0
FCSA:DF_TRADE_COUNTRY_YR(5.1.0),AE,A,AED,FCSC,ANN_CNT,TNOEXP,_Z,_Z,508,2024,1232617639.18,,,,0
FCSA:DF_TRADE_COUNTRY_YR(5.1.0),AE,A,AED,FCSC,ANN_CNT,REEXP,_Z,_Z,214,2017,19996992.91,,,,0
FCSA:DF_TRADE_COUNTRY_YR(5.1.0),AE,A,AED,FCSC,ANN_CNT,REEXP,_Z,_Z,214,2018,14968510.35,,,,0
FCSA:DF_TRADE_COUNTRY_YR(5.1.0),AE,A,AED,FCSC,ANN_CNT,REEXP,_Z,_Z,214,2019,19473266.65,,,,0
FCSA:DF_TRADE_COUNTRY_YR(5.1.0),AE,A,AED,FCSC,ANN_CNT,REEXP,_Z,_Z,214,2020,13920010.76,,,,0
FCSA:DF_TRADE_COUNTRY_YR(5.1.0),AE,A,AED,FCSC,ANN_CNT,REEXP,_Z,_Z,214,2021,39213942.90,,,,0
FCSA:DF_TRADE_COUNTRY_YR(5.1.0),AE,A,AED,FCSC,ANN_CNT,REEXP,_Z,_Z,214,2022,108953019.51,,,,0
FCSA:DF_TRADE_COUNTRY_YR(5.1.0),AE,A,AED,FCSC,ANN_CNT,REEXP,_Z,_Z,214,2023,95096271.00,,,,0
FCSA:DF_TRADE_COUNTRY_YR(5.1.0),AE,A,AED,FCSC,ANN_CNT,REEXP,_Z,_Z,214,2024,89988493.92,,,,0
FCSA:DF_TRADE_COUNTRY_YR(5.1.0),AE,A,AED,FCSC,ANN_CNT,TTRADE,_Z,_Z,332,2017,31343443.80,,,,0
FCSA:DF_TRADE_COUNTRY_YR(5.1.0),AE,A,AED,FCSC,ANN_CNT,TTRADE,_Z,_Z,332,2018,36242693.27,,,,0
FCSA:DF_TRADE_COUNTRY_YR(5.1.0),AE,A,AED,FCSC,ANN_CNT,TTRADE,_Z,_Z,332,2019,46130296.84,,,,0
FCSA:DF_TRADE_COUNTRY_YR(5.1.0),AE,A,AED,FCSC,ANN_CNT,TTRADE,_Z,_Z,332,2020,32951148.87,,,,0
FCSA:DF_TRADE_COUNTRY_YR(5.1.0),AE,A,AED,FCSC,ANN_CNT,TTRADE,_Z,_Z,332,2021,50330263.74,,,,0
FCSA:DF_TRADE_COUNTRY_YR(5.1.0),AE,A,AED,FCSC,ANN_CNT,TTRADE,_Z,_Z,332,2022,55725452.47,,,,0
FCSA:DF_TRADE_COUNTRY_YR(5.1.0),AE,A,AED,FCSC,ANN_CNT,TTRADE,_Z,_Z,332,2023,55168845.91,,,,0
FCSA:DF_TRADE_COUNTRY_YR(5.1.0),AE,A,AED,FCSC,ANN_CNT,TTRADE,_Z,_Z,332,2024,41627794.47,,,,0
FCSA:DF_TRADE_COUNTRY_YR(5.1.0),AE,A,AED,FCSC,ANN_CNT,REEXP,_Z,_Z,756,2017,9847692812.25,,,,0
FCSA:DF_TRADE_COUNTRY_YR(5.1.0),AE,A,AED,FCSC,ANN_CNT,REEXP,_Z,_Z,756,2018,26617253512.14,,,,0
FCSA:DF_TRADE_COUNTRY_YR(5.1.0),AE,A,AED,FCSC,ANN_CNT,REEXP,_Z,_Z,756,2019,29238465474.52,,,,0
FCSA:DF_TRADE_COUNTRY_YR(5.1.0),AE,A,AED,FCSC,ANN_CNT,REEXP,_Z,_Z,756,2020,7004614208.53,,,,0
FCSA:DF_TRADE_COUNTRY_YR(5.1.0),AE,A,AED,FCSC,ANN_CNT,REEXP,_Z,_Z,756,2021,4075405897.47,,,,0
FCSA:DF_TRADE_COUNTRY_YR(5.1.0),AE,A,AED,FCSC,ANN_CNT,REEXP,_Z,_Z,756,2022,4744087177.15,,,,0
FCSA:DF_TRADE_COUNTRY_YR(5.1.0),AE,A,AED,FCSC,ANN_CNT,REEXP,_Z,_Z,756,2023,5426076052.51,,,,0
FCSA:DF_TRADE_COUNTRY_YR(5.1.0),AE,A,AED,FCSC,ANN_CNT,REEXP,_Z,_Z,756,2024,3890148193.37,,,,0
FCSA:DF_TRADE_COUNTRY_YR(5.1.0),AE,A,AED,FCSC,ANN_CNT,TNOEXP,_Z,_Z,566,2017,2247705323.03,,,,0
FCSA:DF_TRADE_COUNTRY_YR(5.1.0),AE,A,AED,FCSC,ANN_CNT,TNOEXP,_Z,_Z,566,2018,3405145319.57,,,,0
FCSA:DF_TRADE_COUNTRY_YR(5.1.0),AE,A,AED,FCSC,ANN_CNT,TNOEXP,_Z,_Z,566,2019,3960845366.75,,,,0
FCSA:DF_TRADE_COUNTRY_YR(5.1.0),AE,A,AED,FCSC,ANN_CNT,TNOEXP,_Z,_Z,566,2020,3689820651.53,,,,0
FCSA:DF_TRADE_COUNTRY_YR(5.1.0),AE,A,AED,FCSC,ANN_CNT,TNOEXP,_Z,_Z,566,2021,5044772060.49,,,,0
FCSA:DF_TRADE_COUNTRY_YR(5.1.0),AE,A,AED,FCSC,ANN_CNT,TNOEXP,_Z,_Z,566,2022,6208379007.12,,,,0
FCSA:DF_TRADE_COUNTRY_YR(5.1.0),AE,A,AED,FCSC,ANN_CNT,TNOEXP,_Z,_Z,566,2023,5199792075.13,,,,0
FCSA:DF_TRADE_COUNTRY_YR(5.1.0),AE,A,AED,FCSC,ANN_CNT,TNOEXP,_Z,_Z,566,2024,5186565702.97,,,,0
FCSA:DF_TRADE_COUNTRY_YR(5.1.0),AE,A,AED,FCSC,ANN_CNT,TNOEXP,_Z,_Z,178,2017,356839454.05,,,,0
FCSA:DF_TRADE_COUNTRY_YR(5.1.0),AE,A,AED,FCSC,ANN_CNT,TNOEXP,_Z,_Z,178,2018,542044973.50,,,,0
FCSA:DF_TRADE_COUNTRY_YR(5.1.0),AE,A,AED,FCSC,ANN_CNT,TNOEXP,_Z,_Z,178,2019,539739096.80,,,,0
FCSA:DF_TRADE_COUNTRY_YR(5.1.0),AE,A,AED,FCSC,ANN_CNT,TNOEXP,_Z,_Z,178,2020,458795375.72,,,,0
FCSA:DF_TRADE_COUNTRY_YR(5.1.0),AE,A,AED,FCSC,ANN_CNT,TNOEXP,_Z,_Z,178,2021,700948039.81,,,,0
FCSA:DF_TRADE_COUNTRY_YR(5.1.0),AE,A,AED,FCSC,ANN_CNT,TNOEXP,_Z,_Z,178,2022,847340564.98,,,,0
FCSA:DF_TRADE_COUNTRY_YR(5.1.0),AE,A,AED,FCSC,ANN_CNT,TNOEXP,_Z,_Z,178,2023,1071696003.07,,,,0
FCSA:DF_TRADE_COUNTRY_YR(5.1.0),AE,A,AED,FCSC,ANN_CNT,TNOEXP,_Z,_Z,178,2024,1576481392.74,,,,0
FCSA:DF_TRADE_COUNTRY_YR(5.1.0),AE,A,AED,FCSC,ANN_CNT,TNOEXP,_Z,_Z,417,2017,926142321.71,,,,0
FCSA:DF_TRADE_COUNTRY_YR(5.1.0),AE,A,AED,FCSC,ANN_CNT,TNOEXP,_Z,_Z,417,2018,3708576269.22,,,,0
FCSA:DF_TRADE_COUNTRY_YR(5.1.0),AE,A,AED,FCSC,ANN_CNT,TNOEXP,_Z,_Z,417,2019,3358799591.50,,,,0
FCSA:DF_TRADE_COUNTRY_YR(5.1.0),AE,A,AED,FCSC,ANN_CNT,TNOEXP,_Z,_Z,417,2020,2852957916.12,,,,0
FCSA:DF_TRADE_COUNTRY_YR(5.1.0),AE,A,AED,FCSC,ANN_CNT,TNOEXP,_Z,_Z,417,2021,2412365414.50,,,,0
FCSA:DF_TRADE_COUNTRY_YR(5.1.0),AE,A,AED,FCSC,ANN_CNT,TNOEXP,_Z,_Z,417,2022,5128031603.53,,,,0
FCSA:DF_TRADE_COUNTRY_YR(5.1.0),AE,A,AED,FCSC,ANN_CNT,TNOEXP,_Z,_Z,417,2023,6349554624.51,,,,0
FCSA:DF_TRADE_COUNTRY_YR(5.1.0),AE,A,AED,FCSC,ANN_CNT,TNOEXP,_Z,_Z,417,2024,7271398630.61,,,,0
FCSA:DF_TRADE_COUNTRY_YR(5.1.0),AE,A,AED,FCSC,ANN_CNT,NOEXP,_Z,_Z,776,2017,1139924.12,,,,0
FCSA:DF_TRADE_COUNTRY_YR(5.1.0),AE,A,AED,FCSC,ANN_CNT,NOEXP,_Z,_Z,776,2018,268132.13,,,,0
FCSA:DF_TRADE_COUNTRY_YR(5.1.0),AE,A,AED,FCSC,ANN_CNT,NOEXP,_Z,_Z,776,2019,642739.52,,,,0
FCSA:DF_TRADE_COUNTRY_YR(5.1.0),AE,A,AED,FCSC,ANN_CNT,NOEXP,_Z,_Z,776,2020,421336.81,,,,0
FCSA:DF_TRADE_COUNTRY_YR(5.1.0),AE,A,AED,FCSC,ANN_CNT,NOEXP,_Z,_Z,776,2021,611415.12,,,,0
FCSA:DF_TRADE_COUNTRY_YR(5.1.0),AE,A,AED,FCSC,ANN_CNT,NOEXP,_Z,_Z,776,2022,474025.08,,,,0
FCSA:DF_TRADE_COUNTRY_YR(5.1.0),AE,A,AED,FCSC,ANN_CNT,NOEXP,_Z,_Z,776,2023,667697.12,,,,0
FCSA:DF_TRADE_COUNTRY_YR(5.1.0),AE,A,AED,FCSC,ANN_CNT,NOEXP,_Z,_Z,776,2024,775594.09,,,,0
FCSA:DF_TRADE_COUNTRY_YR(5.1.0),AE,A,AED,FCSC,ANN_CNT,NOEXP,_Z,_Z,132,2017,624146.18,,,,0
FCSA:DF_TRADE_COUNTRY_YR(5.1.0),AE,A,AED,FCSC,ANN_CNT,NOEXP,_Z,_Z,132,2018,109037.62,,,,0
FCSA:DF_TRADE_COUNTRY_YR(5.1.0),AE,A,AED,FCSC,ANN_CNT,NOEXP,_Z,_Z,132,2019,1026407.86,,,,0
FCSA:DF_TRADE_COUNTRY_YR(5.1.0),AE,A,AED,FCSC,ANN_CNT,NOEXP,_Z,_Z,132,2020,1983596.28,,,,0
FCSA:DF_TRADE_COUNTRY_YR(5.1.0),AE,A,AED,FCSC,ANN_CNT,NOEXP,_Z,_Z,132,2021,264586.98,,,,0
FCSA:DF_TRADE_COUNTRY_YR(5.1.0),AE,A,AED,FCSC,ANN_CNT,NOEXP,_Z,_Z,132,2022,472012.21,,,,0
FCSA:DF_TRADE_COUNTRY_YR(5.1.0),AE,A,AED,FCSC,ANN_CNT,NOEXP,_Z,_Z,132,2023,844914.87,,,,0
FCSA:DF_TRADE_COUNTRY_YR(5.1.0),AE,A,AED,FCSC,ANN_CNT,NOEXP,_Z,_Z,132,2024,15989299.33,,,,0
FCSA:DF_TRADE_COUNTRY_YR(5.1.0),AE,A,AED,FCSC,ANN_CNT,TNOEXP,_Z,_Z,832,2017,737425.04,,,,0
FCSA:DF_TRADE_COUNTRY_YR(5.1.0),AE,A,AED,FCSC,ANN_CNT,TNOEXP,_Z,_Z,832,2018,18239.56,,,,0
FCSA:DF_TRADE_COUNTRY_YR(5.1.0),AE,A,AED,FCSC,ANN_CNT,TNOEXP,_Z,_Z,832,2019,191583.68,,,,0
FCSA:DF_TRADE_COUNTRY_YR(5.1.0),AE,A,AED,FCSC,ANN_CNT,TNOEXP,_Z,_Z,832,2020,1568405.90,,,,0
FCSA:DF_TRADE_COUNTRY_YR(5.1.0),AE,A,AED,FCSC,ANN_CNT,TNOEXP,_Z,_Z,832,2021,2798803.75,,,,0
FCSA:DF_TRADE_COUNTRY_YR(5.1.0),AE,A,AED,FCSC,ANN_CNT,TNOEXP,_Z,_Z,832,2022,1885354.43,,,,0
FCSA:DF_TRADE_COUNTRY_YR(5.1.0),AE,A,AED,FCSC,ANN_CNT,TNOEXP,_Z,_Z,832,2023,90325.95,,,,0
FCSA:DF_TRADE_COUNTRY_YR(5.1.0),AE,A,AED,FCSC,ANN_CNT,TNOEXP,_Z,_Z,832,2024,9148345.59,,,,0
FCSA:DF_TRADE_COUNTRY_YR(5.1.0),AE,A,AED,FCSC,ANN_CNT,TTRADE,_Z,_Z,250,2017,26847239953.04,,,,0
FCSA:DF_TRADE_COUNTRY_YR(5.1.0),AE,A,AED,FCSC,ANN_CNT,TTRADE,_Z,_Z,250,2018,27974595684.68,,,,0
FCSA:DF_TRADE_COUNTRY_YR(5.1.0),AE,A,AED,FCSC,ANN_CNT,TTRADE,_Z,_Z,250,2019,27621566175.96,,,,0
FCSA:DF_TRADE_COUNTRY_YR(5.1.0),AE,A,AED,FCSC,ANN_CNT,TTRADE,_Z,_Z,250,2020,19737511533.46,,,,0
FCSA:DF_TRADE_COUNTRY_YR(5.1.0),AE,A,AED,FCSC,ANN_CNT,TTRADE,_Z,_Z,250,2021,25202674387.30,,,,0
FCSA:DF_TRADE_COUNTRY_YR(5.1.0),AE,A,AED,FCSC,ANN_CNT,TTRADE,_Z,_Z,250,2022,30363913669.74,,,,0
FCSA:DF_TRADE_COUNTRY_YR(5.1.0),AE,A,AED,FCSC,ANN_CNT,TTRADE,_Z,_Z,250,2023,36263295329.11,,,,0
FCSA:DF_TRADE_COUNTRY_YR(5.1.0),AE,A,AED,FCSC,ANN_CNT,TTRADE,_Z,_Z,250,2024,44494501460.38,,,,0
FCSA:DF_TRADE_COUNTRY_YR(5.1.0),AE,A,AED,FCSC,ANN_CNT,NOEXP,_Z,_Z,578,2017,295599736.65,,,,0
FCSA:DF_TRADE_COUNTRY_YR(5.1.0),AE,A,AED,FCSC,ANN_CNT,NOEXP,_Z,_Z,578,2018,47253852.85,,,,0
FCSA:DF_TRADE_COUNTRY_YR(5.1.0),AE,A,AED,FCSC,ANN_CNT,NOEXP,_Z,_Z,578,2019,47698130.60,,,,0
FCSA:DF_TRADE_COUNTRY_YR(5.1.0),AE,A,AED,FCSC,ANN_CNT,NOEXP,_Z,_Z,578,2020,84260025.91,,,,0
FCSA:DF_TRADE_COUNTRY_YR(5.1.0),AE,A,AED,FCSC,ANN_CNT,NOEXP,_Z,_Z,578,2021,166933371.96,,,,0
FCSA:DF_TRADE_COUNTRY_YR(5.1.0),AE,A,AED,FCSC,ANN_CNT,NOEXP,_Z,_Z,578,2022,107690175.79,,,,0
FCSA:DF_TRADE_COUNTRY_YR(5.1.0),AE,A,AED,FCSC,ANN_CNT,NOEXP,_Z,_Z,578,2023,110979933.19,,,,0
FCSA:DF_TRADE_COUNTRY_YR(5.1.0),AE,A,AED,FCSC,ANN_CNT,NOEXP,_Z,_Z,578,2024,232960425.35,,,,0
FCSA:DF_TRADE_COUNTRY_YR(5.1.0),AE,A,AED,FCSC,ANN_CNT,IMP,_Z,_Z,212,2017,772038.36,,,,0
FCSA:DF_TRADE_COUNTRY_YR(5.1.0),AE,A,AED,FCSC,ANN_CNT,IMP,_Z,_Z,212,2018,427056.13,,,,0
FCSA:DF_TRADE_COUNTRY_YR(5.1.0),AE,A,AED,FCSC,ANN_CNT,IMP,_Z,_Z,212,2019,688685.33,,,,0
FCSA:DF_TRADE_COUNTRY_YR(5.1.0),AE,A,AED,FCSC,ANN_CNT,IMP,_Z,_Z,212,2020,315883.07,,,,0
FCSA:DF_TRADE_COUNTRY_YR(5.1.0),AE,A,AED,FCSC,ANN_CNT,IMP,_Z,_Z,212,2021,773219.27,,,,0
FCSA:DF_TRADE_COUNTRY_YR(5.1.0),AE,A,AED,FCSC,ANN_CNT,IMP,_Z,_Z,212,2022,719466.28,,,,0
FCSA:DF_TRADE_COUNTRY_YR(5.1.0),AE,A,AED,FCSC,ANN_CNT,IMP,_Z,_Z,212,2023,800077.08,,,,0
FCSA:DF_TRADE_COUNTRY_YR(5.1.0),AE,A,AED,FCSC,ANN_CNT,IMP,_Z,_Z,212,2024,5169425.63,,,,0
FCSA:DF_TRADE_COUNTRY_YR(5.1.0),AE,A,AED,FCSC,ANN_CNT,IMP,_Z,_Z,260,2018,21523.00,,,,0
FCSA:DF_TRADE_COUNTRY_YR(5.1.0),AE,A,AED,FCSC,ANN_CNT,IMP,_Z,_Z,260,2023,1229.16,,,,0
FCSA:DF_TRADE_COUNTRY_YR(5.1.0),AE,A,AED,FCSC,ANN_CNT,IMP,_Z,_Z,260,2024,71775.15,,,,0
FCSA:DF_TRADE_COUNTRY_YR(5.1.0),AE,A,AED,FCSC,ANN_CNT,IMP,_Z,_Z,238,2018,31175.90,,,,0
FCSA:DF_TRADE_COUNTRY_YR(5.1.0),AE,A,AED,FCSC,ANN_CNT,IMP,_Z,_Z,238,2019,136371.62,,,,0
FCSA:DF_TRADE_COUNTRY_YR(5.1.0),AE,A,AED,FCSC,ANN_CNT,IMP,_Z,_Z,238,2020,1058741.04,,,,0
FCSA:DF_TRADE_COUNTRY_YR(5.1.0),AE,A,AED,FCSC,ANN_CNT,IMP,_Z,_Z,238,2021,1819517.85,,,,0
FCSA:DF_TRADE_COUNTRY_YR(5.1.0),AE,A,AED,FCSC,ANN_CNT,IMP,_Z,_Z,238,2022,1159319.17,,,,0
FCSA:DF_TRADE_COUNTRY_YR(5.1.0),AE,A,AED,FCSC,ANN_CNT,IMP,_Z,_Z,238,2023,1320008.88,,,,0
FCSA:DF_TRADE_COUNTRY_YR(5.1.0),AE,A,AED,FCSC,ANN_CNT,IMP,_Z,_Z,238,2024,353571.24,,,,0
FCSA:DF_TRADE_COUNTRY_YR(5.1.0),AE,A,AED,FCSC,ANN_CNT,TTRADE,_Z,_Z,400,2017,6959001553.56,,,,0
FCSA:DF_TRADE_COUNTRY_YR(5.1.0),AE,A,AED,FCSC,ANN_CNT,TTRADE,_Z,_Z,400,2018,9441011491.09,,,,0
FCSA:DF_TRADE_COUNTRY_YR(5.1.0),AE,A,AED,FCSC,ANN_CNT,TTRADE,_Z,_Z,400,2019,10414749798.76,,,,0
FCSA:DF_TRADE_COUNTRY_YR(5.1.0),AE,A,AED,FCSC,ANN_CNT,TTRADE,_Z,_Z,400,2020,7978237098.56,,,,0
FCSA:DF_TRADE_COUNTRY_YR(5.1.0),AE,A,AED,FCSC,ANN_CNT,TTRADE,_Z,_Z,400,2021,11151545789.88,,,,0
FCSA:DF_TRADE_COUNTRY_YR(5.1.0),AE,A,AED,FCSC,ANN_CNT,TTRADE,_Z,_Z,400,2022,16437727364.39,,,,0
FCSA:DF_TRADE_COUNTRY_YR(5.1.0),AE,A,AED,FCSC,ANN_CNT,TTRADE,_Z,_Z,400,2023,15385383199.62,,,,0
FCSA:DF_TRADE_COUNTRY_YR(5.1.0),AE,A,AED,FCSC,ANN_CNT,TTRADE,_Z,_Z,400,2024,20307468965.47,,,,0
FCSA:DF_TRADE_COUNTRY_YR(5.1.0),AE,A,AED,FCSC,ANN_CNT,TTRADE,_Z,_Z,422,2017,7233431879.83,,,,0
FCSA:DF_TRADE_COUNTRY_YR(5.1.0),AE,A,AED,FCSC,ANN_CNT,TTRADE,_Z,_Z,422,2018,9670846939.66,,,,0
FCSA:DF_TRADE_COUNTRY_YR(5.1.0),AE,A,AED,FCSC,ANN_CNT,TTRADE,_Z,_Z,422,2019,8569342458.94,,,,0
FCSA:DF_TRADE_COUNTRY_YR(5.1.0),AE,A,AED,FCSC,ANN_CNT,TTRADE,_Z,_Z,422,2020,7083740794.57,,,,0
FCSA:DF_TRADE_COUNTRY_YR(5.1.0),AE,A,AED,FCSC,ANN_CNT,TTRADE,_Z,_Z,422,2021,9119492491.53,,,,0
FCSA:DF_TRADE_COUNTRY_YR(5.1.0),AE,A,AED,FCSC,ANN_CNT,TTRADE,_Z,_Z,422,2022,10507082680.82,,,,0
FCSA:DF_TRADE_COUNTRY_YR(5.1.0),AE,A,AED,FCSC,ANN_CNT,TTRADE,_Z,_Z,422,2023,9730283433.36,,,,0
FCSA:DF_TRADE_COUNTRY_YR(5.1.0),AE,A,AED,FCSC,ANN_CNT,TTRADE,_Z,_Z,422,2024,11508754019.52,,,,0
FCSA:DF_TRADE_COUNTRY_YR(5.1.0),AE,A,AED,FCSC,ANN_CNT,TNOEXP,_Z,_Z,124,2017,1096496957.47,,,,0
FCSA:DF_TRADE_COUNTRY_YR(5.1.0),AE,A,AED,FCSC,ANN_CNT,TNOEXP,_Z,_Z,124,2018,1095867443.94,,,,0
FCSA:DF_TRADE_COUNTRY_YR(5.1.0),AE,A,AED,FCSC,ANN_CNT,TNOEXP,_Z,_Z,124,2019,1321308753.76,,,,0
FCSA:DF_TRADE_COUNTRY_YR(5.1.0),AE,A,AED,FCSC,ANN_CNT,TNOEXP,_Z,_Z,124,2020,1258265898.07,,,,0
FCSA:DF_TRADE_COUNTRY_YR(5.1.0),AE,A,AED,FCSC,ANN_CNT,TNOEXP,_Z,_Z,124,2021,2436970433.46,,,,0
FCSA:DF_TRADE_COUNTRY_YR(5.1.0),AE,A,AED,FCSC,ANN_CNT,TNOEXP,_Z,_Z,124,2022,3471352369.98,,,,0
FCSA:DF_TRADE_COUNTRY_YR(5.1.0),AE,A,AED,FCSC,ANN_CNT,TNOEXP,_Z,_Z,124,2023,3477452693.63,,,,0
FCSA:DF_TRADE_COUNTRY_YR(5.1.0),AE,A,AED,FCSC,ANN_CNT,TNOEXP,_Z,_Z,124,2024,3533049270.05,,,,0
FCSA:DF_TRADE_COUNTRY_YR(5.1.0),AE,A,AED,FCSC,ANN_CNT,TTRADE,_Z,_Z,583,2017,234357.79,,,,0
FCSA:DF_TRADE_COUNTRY_YR(5.1.0),AE,A,AED,FCSC,ANN_CNT,TTRADE,_Z,_Z,583,2018,568027.72,,,,0
FCSA:DF_TRADE_COUNTRY_YR(5.1.0),AE,A,AED,FCSC,ANN_CNT,TTRADE,_Z,_Z,583,2019,580793.66,,,,0
FCSA:DF_TRADE_COUNTRY_YR(5.1.0),AE,A,AED,FCSC,ANN_CNT,TTRADE,_Z,_Z,583,2020,175551.13,,,,0
FCSA:DF_TRADE_COUNTRY_YR(5.1.0),AE,A,AED,FCSC,ANN_CNT,TTRADE,_Z,_Z,583,2021,1393736.66,,,,0
FCSA:DF_TRADE_COUNTRY_YR(5.1.0),AE,A,AED,FCSC,ANN_CNT,TTRADE,_Z,_Z,583,2022,968815.09,,,,0
FCSA:DF_TRADE_COUNTRY_YR(5.1.0),AE,A,AED,FCSC,ANN_CNT,TTRADE,_Z,_Z,583,2023,1028158.56,,,,0
FCSA:DF_TRADE_COUNTRY_YR(5.1.0),AE,A,AED,FCSC,ANN_CNT,TTRADE,_Z,_Z,583,2024,4714105.56,,,,0
FCSA:DF_TRADE_COUNTRY_YR(5.1.0),AE,A,AED,FCSC,ANN_CNT,TTRADE,_Z,_Z,772,2017,362286.10,,,,0
FCSA:DF_TRADE_COUNTRY_YR(5.1.0),AE,A,AED,FCSC,ANN_CNT,TTRADE,_Z,_Z,772,2018,39448.69,,,,0
FCSA:DF_TRADE_COUNTRY_YR(5.1.0),AE,A,AED,FCSC,ANN_CNT,TTRADE,_Z,_Z,772,2019,63830.38,,,,0
FCSA:DF_TRADE_COUNTRY_YR(5.1.0),AE,A,AED,FCSC,ANN_CNT,TTRADE,_Z,_Z,772,2020,96181.09,,,,0
FCSA:DF_TRADE_COUNTRY_YR(5.1.0),AE,A,AED,FCSC,ANN_CNT,TTRADE,_Z,_Z,772,2021,182032.76,,,,0
FCSA:DF_TRADE_COUNTRY_YR(5.1.0),AE,A,AED,FCSC,ANN_CNT,TTRADE,_Z,_Z,772,2022,296011.02,,,,0
FCSA:DF_TRADE_COUNTRY_YR(5.1.0),AE,A,AED,FCSC,ANN_CNT,TTRADE,_Z,_Z,772,2023,842363.90,,,,0
FCSA:DF_TRADE_COUNTRY_YR(5.1.0),AE,A,AED,FCSC,ANN_CNT,TTRADE,_Z,_Z,772,2024,1521810.33,,,,0
FCSA:DF_TRADE_COUNTRY_YR(5.1.0),AE,A,AED,FCSC,ANN_CNT,TNOEXP,_Z,_Z,31,2017,983013530.82,,,,0
FCSA:DF_TRADE_COUNTRY_YR(5.1.0),AE,A,AED,FCSC,ANN_CNT,TNOEXP,_Z,_Z,31,2018,961019394.42,,,,0
FCSA:DF_TRADE_COUNTRY_YR(5.1.0),AE,A,AED,FCSC,ANN_CNT,TNOEXP,_Z,_Z,31,2019,1254771891.44,,,,0
FCSA:DF_TRADE_COUNTRY_YR(5.1.0),AE,A,AED,FCSC,ANN_CNT,TNOEXP,_Z,_Z,31,2020,1785313917.66,,,,0
FCSA:DF_TRADE_COUNTRY_YR(5.1.0),AE,A,AED,FCSC,ANN_CNT,TNOEXP,_Z,_Z,31,2021,2440560733.32,,,,0
FCSA:DF_TRADE_COUNTRY_YR(5.1.0),AE,A,AED,FCSC,ANN_CNT,TNOEXP,_Z,_Z,31,2022,3560843850.33,,,,0
FCSA:DF_TRADE_COUNTRY_YR(5.1.0),AE,A,AED,FCSC,ANN_CNT,TNOEXP,_Z,_Z,31,2023,5777504362.72,,,,0
FCSA:DF_TRADE_COUNTRY_YR(5.1.0),AE,A,AED,FCSC,ANN_CNT,TNOEXP,_Z,_Z,31,2024,8139450079.74,,,,0
FCSA:DF_TRADE_COUNTRY_YR(5.1.0),AE,A,AED,FCSC,ANN_CNT,IMP,_Z,_Z,108,2017,273840132.47,,,,0
FCSA:DF_TRADE_COUNTRY_YR(5.1.0),AE,A,AED,FCSC,ANN_CNT,IMP,_Z,_Z,108,2018,421636722.88,,,,0
FCSA:DF_TRADE_COUNTRY_YR(5.1.0),AE,A,AED,FCSC,ANN_CNT,IMP,_Z,_Z,108,2019,528267250.59,,,,0
FCSA:DF_TRADE_COUNTRY_YR(5.1.0),AE,A,AED,FCSC,ANN_CNT,IMP,_Z,_Z,108,2020,267978595.02,,,,0
FCSA:DF_TRADE_COUNTRY_YR(5.1.0),AE,A,AED,FCSC,ANN_CNT,IMP,_Z,_Z,108,2021,210757133.27,,,,0
FCSA:DF_TRADE_COUNTRY_YR(5.1.0),AE,A,AED,FCSC,ANN_CNT,IMP,_Z,_Z,108,2022,198197229.89,,,,0
FCSA:DF_TRADE_COUNTRY_YR(5.1.0),AE,A,AED,FCSC,ANN_CNT,IMP,_Z,_Z,108,2023,431479932.77,,,,0
FCSA:DF_TRADE_COUNTRY_YR(5.1.0),AE,A,AED,FCSC,ANN_CNT,IMP,_Z,_Z,108,2024,184340729.83,,,,0
FCSA:DF_TRADE_COUNTRY_YR(5.1.0),AE,A,AED,FCSC,ANN_CNT,NOEXP,_Z,_Z,90,2017,646275.00,,,,0
FCSA:DF_TRADE_COUNTRY_YR(5.1.0),AE,A,AED,FCSC,ANN_CNT,NOEXP,_Z,_Z,90,2018,0.00,,,,0
FCSA:DF_TRADE_COUNTRY_YR(5.1.0),AE,A,AED,FCSC,ANN_CNT,NOEXP,_Z,_Z,90,2019,3737047.13,,,,0
FCSA:DF_TRADE_COUNTRY_YR(5.1.0),AE,A,AED,FCSC,ANN_CNT,NOEXP,_Z,_Z,90,2020,945345.00,,,,0
FCSA:DF_TRADE_COUNTRY_YR(5.1.0),AE,A,AED,FCSC,ANN_CNT,NOEXP,_Z,_Z,90,2021,2346674.10,,,,0
FCSA:DF_TRADE_COUNTRY_YR(5.1.0),AE,A,AED,FCSC,ANN_CNT,NOEXP,_Z,_Z,90,2022,2724533.83,,,,0
FCSA:DF_TRADE_COUNTRY_YR(5.1.0),AE,A,AED,FCSC,ANN_CNT,NOEXP,_Z,_Z,90,2023,5502386.83,,,,0
FCSA:DF_TRADE_COUNTRY_YR(5.1.0),AE,A,AED,FCSC,ANN_CNT,NOEXP,_Z,_Z,90,2024,129796.30,,,,0
FCSA:DF_TRADE_COUNTRY_YR(5.1.0),AE,A,AED,FCSC,ANN_CNT,IMP,_Z,_Z,398,2017,440324293.52,,,,0
FCSA:DF_TRADE_COUNTRY_YR(5.1.0),AE,A,AED,FCSC,ANN_CNT,IMP,_Z,_Z,398,2018,614904807.13,,,,0
FCSA:DF_TRADE_COUNTRY_YR(5.1.0),AE,A,AED,FCSC,ANN_CNT,IMP,_Z,_Z,398,2019,796141007.88,,,,0
FCSA:DF_TRADE_COUNTRY_YR(5.1.0),AE,A,AED,FCSC,ANN_CNT,IMP,_Z,_Z,398,2020,851155083.54,,,,0
FCSA:DF_TRADE_COUNTRY_YR(5.1.0),AE,A,AED,FCSC,ANN_CNT,IMP,_Z,_Z,398,2021,2039526561.20,,,,0
FCSA:DF_TRADE_COUNTRY_YR(5.1.0),AE,A,AED,FCSC,ANN_CNT,IMP,_Z,_Z,398,2022,1552221866.36,,,,0
FCSA:DF_TRADE_COUNTRY_YR(5.1.0),AE,A,AED,FCSC,ANN_CNT,IMP,_Z,_Z,398,2023,602570964.76,,,,0
FCSA:DF_TRADE_COUNTRY_YR(5.1.0),AE,A,AED,FCSC,ANN_CNT,IMP,_Z,_Z,398,2024,1482759426.60,,,,0
FCSA:DF_TRADE_COUNTRY_YR(5.1.0),AE,A,AED,FCSC,ANN_CNT,TTRADE,_Z,_Z,694,2017,206976805.76,,,,0
FCSA:DF_TRADE_COUNTRY_YR(5.1.0),AE,A,AED,FCSC,ANN_CNT,TTRADE,_Z,_Z,694,2018,220628489.59,,,,0
FCSA:DF_TRADE_COUNTRY_YR(5.1.0),AE,A,AED,FCSC,ANN_CNT,TTRADE,_Z,_Z,694,2019,289099021.12,,,,0
FCSA:DF_TRADE_COUNTRY_YR(5.1.0),AE,A,AED,FCSC,ANN_CNT,TTRADE,_Z,_Z,694,2020,296332033.68,,,,0
FCSA:DF_TRADE_COUNTRY_YR(5.1.0),AE,A,AED,FCSC,ANN_CNT,TTRADE,_Z,_Z,694,2021,584468575.44,,,,0
FCSA:DF_TRADE_COUNTRY_YR(5.1.0),AE,A,AED,FCSC,ANN_CNT,TTRADE,_Z,_Z,694,2022,560027438.36,,,,0
FCSA:DF_TRADE_COUNTRY_YR(5.1.0),AE,A,AED,FCSC,ANN_CNT,TTRADE,_Z,_Z,694,2023,545969932.89,,,,0
FCSA:DF_TRADE_COUNTRY_YR(5.1.0),AE,A,AED,FCSC,ANN_CNT,TTRADE,_Z,_Z,694,2024,643185545.59,,,,0
FCSA:DF_TRADE_COUNTRY_YR(5.1.0),AE,A,AED,FCSC,ANN_CNT,REEXP,_Z,_Z,540,2017,2282184.49,,,,0
FCSA:DF_TRADE_COUNTRY_YR(5.1.0),AE,A,AED,FCSC,ANN_CNT,REEXP,_Z,_Z,540,2018,2561590.05,,,,0
FCSA:DF_TRADE_COUNTRY_YR(5.1.0),AE,A,AED,FCSC,ANN_CNT,REEXP,_Z,_Z,540,2019,2405063.36,,,,0
FCSA:DF_TRADE_COUNTRY_YR(5.1.0),AE,A,AED,FCSC,ANN_CNT,REEXP,_Z,_Z,540,2020,31550801.37,,,,0
FCSA:DF_TRADE_COUNTRY_YR(5.1.0),AE,A,AED,FCSC,ANN_CNT,REEXP,_Z,_Z,540,2021,1872862.41,,,,0
FCSA:DF_TRADE_COUNTRY_YR(5.1.0),AE,A,AED,FCSC,ANN_CNT,REEXP,_Z,_Z,540,2022,1508399.66,,,,0
FCSA:DF_TRADE_COUNTRY_YR(5.1.0),AE,A,AED,FCSC,ANN_CNT,REEXP,_Z,_Z,540,2023,8151887.82,,,,0
FCSA:DF_TRADE_COUNTRY_YR(5.1.0),AE,A,AED,FCSC,ANN_CNT,REEXP,_Z,_Z,540,2024,2378659.22,,,,0
FCSA:DF_TRADE_COUNTRY_YR(5.1.0),AE,A,AED,FCSC,ANN_CNT,REEXP,_Z,_Z,558,2017,5786272.60,,,,0
FCSA:DF_TRADE_COUNTRY_YR(5.1.0),AE,A,AED,FCSC,ANN_CNT,REEXP,_Z,_Z,558,2018,4335187.15,,,,0
FCSA:DF_TRADE_COUNTRY_YR(5.1.0),AE,A,AED,FCSC,ANN_CNT,REEXP,_Z,_Z,558,2019,4932588.20,,,,0
FCSA:DF_TRADE_COUNTRY_YR(5.1.0),AE,A,AED,FCSC,ANN_CNT,REEXP,_Z,_Z,558,2020,3966568.62,,,,0
FCSA:DF_TRADE_COUNTRY_YR(5.1.0),AE,A,AED,FCSC,ANN_CNT,REEXP,_Z,_Z,558,2021,5149438.66,,,,0
FCSA:DF_TRADE_COUNTRY_YR(5.1.0),AE,A,AED,FCSC,ANN_CNT,REEXP,_Z,_Z,558,2022,13766652.84,,,,0
FCSA:DF_TRADE_COUNTRY_YR(5.1.0),AE,A,AED,FCSC,ANN_CNT,REEXP,_Z,_Z,558,2023,23383340.25,,,,0
FCSA:DF_TRADE_COUNTRY_YR(5.1.0),AE,A,AED,FCSC,ANN_CNT,REEXP,_Z,_Z,558,2024,9382683.34,,,,0
FCSA:DF_TRADE_COUNTRY_YR(5.1.0),AE,A,AED,FCSC,ANN_CNT,TTRADE,_Z,_Z,392,2017,58036418733.00,,,,0
FCSA:DF_TRADE_COUNTRY_YR(5.1.0),AE,A,AED,FCSC,ANN_CNT,TTRADE,_Z,_Z,392,2018,54258257255.41,,,,0
FCSA:DF_TRADE_COUNTRY_YR(5.1.0),AE,A,AED,FCSC,ANN_CNT,TTRADE,_Z,_Z,392,2019,53755324495.61,,,,0
FCSA:DF_TRADE_COUNTRY_YR(5.1.0),AE,A,AED,FCSC,ANN_CNT,TTRADE,_Z,_Z,392,2020,39929652999.37,,,,0
FCSA:DF_TRADE_COUNTRY_YR(5.1.0),AE,A,AED,FCSC,ANN_CNT,TTRADE,_Z,_Z,392,2021,49195076700.84,,,,0
FCSA:DF_TRADE_COUNTRY_YR(5.1.0),AE,A,AED,FCSC,ANN_CNT,TTRADE,_Z,_Z,392,2022,54118945542.25,,,,0
FCSA:DF_TRADE_COUNTRY_YR(5.1.0),AE,A,AED,FCSC,ANN_CNT,TTRADE,_Z,_Z,392,2023,63532382108.61,,,,0
FCSA:DF_TRADE_COUNTRY_YR(5.1.0),AE,A,AED,FCSC,ANN_CNT,TTRADE,_Z,_Z,392,2024,64088062421.04,,,,0
FCSA:DF_TRADE_COUNTRY_YR(5.1.0),AE,A,AED,FCSC,ANN_CNT,NOEXP,_Z,_Z,148,2017,85123399.05,,,,0
FCSA:DF_TRADE_COUNTRY_YR(5.1.0),AE,A,AED,FCSC,ANN_CNT,NOEXP,_Z,_Z,148,2018,92401646.47,,,,0
FCSA:DF_TRADE_COUNTRY_YR(5.1.0),AE,A,AED,FCSC,ANN_CNT,NOEXP,_Z,_Z,148,2019,222002630.74,,,,0
FCSA:DF_TRADE_COUNTRY_YR(5.1.0),AE,A,AED,FCSC,ANN_CNT,NOEXP,_Z,_Z,148,2020,288688317.77,,,,0
FCSA:DF_TRADE_COUNTRY_YR(5.1.0),AE,A,AED,FCSC,ANN_CNT,NOEXP,_Z,_Z,148,2021,388434686.84,,,,0
FCSA:DF_TRADE_COUNTRY_YR(5.1.0),AE,A,AED,FCSC,ANN_CNT,NOEXP,_Z,_Z,148,2022,450162396.41,,,,0
FCSA:DF_TRADE_COUNTRY_YR(5.1.0),AE,A,AED,FCSC,ANN_CNT,NOEXP,_Z,_Z,148,2023,586047061.46,,,,0
FCSA:DF_TRADE_COUNTRY_YR(5.1.0),AE,A,AED,FCSC,ANN_CNT,NOEXP,_Z,_Z,148,2024,703501370.14,,,,0
FCSA:DF_TRADE_COUNTRY_YR(5.1.0),AE,A,AED,FCSC,ANN_CNT,IMP,_Z,_Z,90,2017,528841.90,,,,0
FCSA:DF_TRADE_COUNTRY_YR(5.1.0),AE,A,AED,FCSC,ANN_CNT,IMP,_Z,_Z,90,2018,443209.53,,,,0
FCSA:DF_TRADE_COUNTRY_YR(5.1.0),AE,A,AED,FCSC,ANN_CNT,IMP,_Z,_Z,90,2019,665.01,,,,0
FCSA:DF_TRADE_COUNTRY_YR(5.1.0),AE,A,AED,FCSC,ANN_CNT,IMP,_Z,_Z,90,2020,1525197.38,,,,0
FCSA:DF_TRADE_COUNTRY_YR(5.1.0),AE,A,AED,FCSC,ANN_CNT,IMP,_Z,_Z,90,2021,3252747.97,,,,0
FCSA:DF_TRADE_COUNTRY_YR(5.1.0),AE,A,AED,FCSC,ANN_CNT,IMP,_Z,_Z,90,2022,663538.15,,,,0
FCSA:DF_TRADE_COUNTRY_YR(5.1.0),AE,A,AED,FCSC,ANN_CNT,IMP,_Z,_Z,90,2023,1327495.97,,,,0
FCSA:DF_TRADE_COUNTRY_YR(5.1.0),AE,A,AED,FCSC,ANN_CNT,IMP,_Z,_Z,90,2024,430916.81,,,,0
FCSA:DF_TRADE_COUNTRY_YR(5.1.0),AE,A,AED,FCSC,ANN_CNT,REEXP,_Z,_Z,258,2017,2045709.52,,,,0
FCSA:DF_TRADE_COUNTRY_YR(5.1.0),AE,A,AED,FCSC,ANN_CNT,REEXP,_Z,_Z,258,2018,1609840.06,,,,0
FCSA:DF_TRADE_COUNTRY_YR(5.1.0),AE,A,AED,FCSC,ANN_CNT,REEXP,_Z,_Z,258,2019,2030103.36,,,,0
FCSA:DF_TRADE_COUNTRY_YR(5.1.0),AE,A,AED,FCSC,ANN_CNT,REEXP,_Z,_Z,258,2020,927972.02,,,,0
FCSA:DF_TRADE_COUNTRY_YR(5.1.0),AE,A,AED,FCSC,ANN_CNT,REEXP,_Z,_Z,258,2021,5255685.91,,,,0
FCSA:DF_TRADE_COUNTRY_YR(5.1.0),AE,A,AED,FCSC,ANN_CNT,REEXP,_Z,_Z,258,2022,1672294.08,,,,0
FCSA:DF_TRADE_COUNTRY_YR(5.1.0),AE,A,AED,FCSC,ANN_CNT,REEXP,_Z,_Z,258,2023,1773804.23,,,,0
FCSA:DF_TRADE_COUNTRY_YR(5.1.0),AE,A,AED,FCSC,ANN_CNT,REEXP,_Z,_Z,258,2024,993233.47,,,,0
FCSA:DF_TRADE_COUNTRY_YR(5.1.0),AE,A,AED,FCSC,ANN_CNT,NOEXP,_Z,_Z,474,2017,131912.00,,,,0
FCSA:DF_TRADE_COUNTRY_YR(5.1.0),AE,A,AED,FCSC,ANN_CNT,NOEXP,_Z,_Z,474,2018,267256.52,,,,0
FCSA:DF_TRADE_COUNTRY_YR(5.1.0),AE,A,AED,FCSC,ANN_CNT,NOEXP,_Z,_Z,474,2019,1427076.11,,,,0
FCSA:DF_TRADE_COUNTRY_YR(5.1.0),AE,A,AED,FCSC,ANN_CNT,NOEXP,_Z,_Z,474,2020,128060.51,,,,0
FCSA:DF_TRADE_COUNTRY_YR(5.1.0),AE,A,AED,FCSC,ANN_CNT,NOEXP,_Z,_Z,474,2021,110110.07,,,,0
FCSA:DF_TRADE_COUNTRY_YR(5.1.0),AE,A,AED,FCSC,ANN_CNT,NOEXP,_Z,_Z,474,2022,167487.09,,,,0
FCSA:DF_TRADE_COUNTRY_YR(5.1.0),AE,A,AED,FCSC,ANN_CNT,NOEXP,_Z,_Z,474,2023,1670276.35,,,,0
FCSA:DF_TRADE_COUNTRY_YR(5.1.0),AE,A,AED,FCSC,ANN_CNT,NOEXP,_Z,_Z,474,2024,916173.74,,,,0
FCSA:DF_TRADE_COUNTRY_YR(5.1.0),AE,A,AED,FCSC,ANN_CNT,REEXP,_Z,_Z,674,2017,0.00,,,,0
FCSA:DF_TRADE_COUNTRY_YR(5.1.0),AE,A,AED,FCSC,ANN_CNT,REEXP,_Z,_Z,674,2018,12549.18,,,,0
FCSA:DF_TRADE_COUNTRY_YR(5.1.0),AE,A,AED,FCSC,ANN_CNT,REEXP,_Z,_Z,674,2019,0.00,,,,0
FCSA:DF_TRADE_COUNTRY_YR(5.1.0),AE,A,AED,FCSC,ANN_CNT,REEXP,_Z,_Z,674,2020,0.00,,,,0
FCSA:DF_TRADE_COUNTRY_YR(5.1.0),AE,A,AED,FCSC,ANN_CNT,REEXP,_Z,_Z,674,2021,161586.10,,,,0
FCSA:DF_TRADE_COUNTRY_YR(5.1.0),AE,A,AED,FCSC,ANN_CNT,REEXP,_Z,_Z,674,2022,0.00,,,,0
FCSA:DF_TRADE_COUNTRY_YR(5.1.0),AE,A,AED,FCSC,ANN_CNT,REEXP,_Z,_Z,674,2023,241483.20,,,,0
FCSA:DF_TRADE_COUNTRY_YR(5.1.0),AE,A,AED,FCSC,ANN_CNT,REEXP,_Z,_Z,674,2024,14218.05,,,,0
FCSA:DF_TRADE_COUNTRY_YR(5.1.0),AE,A,AED,FCSC,ANN_CNT,REEXP,_Z,_Z,234,2017,96940.87,,,,0
FCSA:DF_TRADE_COUNTRY_YR(5.1.0),AE,A,AED,FCSC,ANN_CNT,REEXP,_Z,_Z,234,2018,1767104.45,,,,0
FCSA:DF_TRADE_COUNTRY_YR(5.1.0),AE,A,AED,FCSC,ANN_CNT,REEXP,_Z,_Z,234,2019,370165.00,,,,0
FCSA:DF_TRADE_COUNTRY_YR(5.1.0),AE,A,AED,FCSC,ANN_CNT,REEXP,_Z,_Z,634,2017,4872166986.67,,,,0
FCSA:DF_TRADE_COUNTRY_YR(5.1.0),AE,A,AED,FCSC,ANN_CNT,REEXP,_Z,_Z,634,2018,1919811.66,,,,0
FCSA:DF_TRADE_COUNTRY_YR(5.1.0),AE,A,AED,FCSC,ANN_CNT,REEXP,_Z,_Z,634,2019,8833.10,,,,0
FCSA:DF_TRADE_COUNTRY_YR(5.1.0),AE,A,AED,FCSC,ANN_CNT,REEXP,_Z,_Z,634,2020,1630566.72,,,,0
FCSA:DF_TRADE_COUNTRY_YR(5.1.0),AE,A,AED,FCSC,ANN_CNT,REEXP,_Z,_Z,634,2021,8514288848.28,,,,0
FCSA:DF_TRADE_COUNTRY_YR(5.1.0),AE,A,AED,FCSC,ANN_CNT,REEXP,_Z,_Z,634,2022,19051772903.18,,,,0
FCSA:DF_TRADE_COUNTRY_YR(5.1.0),AE,A,AED,FCSC,ANN_CNT,REEXP,_Z,_Z,634,2023,24730151108.72,,,,0
FCSA:DF_TRADE_COUNTRY_YR(5.1.0),AE,A,AED,FCSC,ANN_CNT,REEXP,_Z,_Z,634,2024,24264707601.34,,,,0
FCSA:DF_TRADE_COUNTRY_YR(5.1.0),AE,A,AED,FCSC,ANN_CNT,IMP,_Z,_Z,804,2017,1945416164.84,,,,0
FCSA:DF_TRADE_COUNTRY_YR(5.1.0),AE,A,AED,FCSC,ANN_CNT,IMP,_Z,_Z,804,2018,2271996887.01,,,,0
FCSA:DF_TRADE_COUNTRY_YR(5.1.0),AE,A,AED,FCSC,ANN_CNT,IMP,_Z,_Z,804,2019,2235927261.07,,,,0
FCSA:DF_TRADE_COUNTRY_YR(5.1.0),AE,A,AED,FCSC,ANN_CNT,IMP,_Z,_Z,804,2020,1930286086.70,,,,0
FCSA:DF_TRADE_COUNTRY_YR(5.1.0),AE,A,AED,FCSC,ANN_CNT,IMP,_Z,_Z,804,2021,2347274133.15,,,,0
FCSA:DF_TRADE_COUNTRY_YR(5.1.0),AE,A,AED,FCSC,ANN_CNT,IMP,_Z,_Z,804,2022,1238905013.55,,,,0
FCSA:DF_TRADE_COUNTRY_YR(5.1.0),AE,A,AED,FCSC,ANN_CNT,IMP,_Z,_Z,804,2023,970653441.42,,,,0
FCSA:DF_TRADE_COUNTRY_YR(5.1.0),AE,A,AED,FCSC,ANN_CNT,IMP,_Z,_Z,804,2024,1139390360.21,,,,0
FCSA:DF_TRADE_COUNTRY_YR(5.1.0),AE,A,AED,FCSC,ANN_CNT,IMP,_Z,_Z,760,2017,163516388.32,,,,0
FCSA:DF_TRADE_COUNTRY_YR(5.1.0),AE,A,AED,FCSC,ANN_CNT,IMP,_Z,_Z,760,2018,147892674.34,,,,0
FCSA:DF_TRADE_COUNTRY_YR(5.1.0),AE,A,AED,FCSC,ANN_CNT,IMP,_Z,_Z,760,2019,201778629.30,,,,0
FCSA:DF_TRADE_COUNTRY_YR(5.1.0),AE,A,AED,FCSC,ANN_CNT,IMP,_Z,_Z,760,2020,176225114.06,,,,0
FCSA:DF_TRADE_COUNTRY_YR(5.1.0),AE,A,AED,FCSC,ANN_CNT,IMP,_Z,_Z,760,2021,187524510.59,,,,0
FCSA:DF_TRADE_COUNTRY_YR(5.1.0),AE,A,AED,FCSC,ANN_CNT,IMP,_Z,_Z,760,2022,204947782.03,,,,0
FCSA:DF_TRADE_COUNTRY_YR(5.1.0),AE,A,AED,FCSC,ANN_CNT,IMP,_Z,_Z,760,2023,253786350.29,,,,0
FCSA:DF_TRADE_COUNTRY_YR(5.1.0),AE,A,AED,FCSC,ANN_CNT,IMP,_Z,_Z,760,2024,312089771.85,,,,0
FCSA:DF_TRADE_COUNTRY_YR(5.1.0),AE,A,AED,FCSC,ANN_CNT,REEXP,_Z,_Z,462,2017,333227166.73,,,,0
FCSA:DF_TRADE_COUNTRY_YR(5.1.0),AE,A,AED,FCSC,ANN_CNT,REEXP,_Z,_Z,462,2018,531480805.45,,,,0
FCSA:DF_TRADE_COUNTRY_YR(5.1.0),AE,A,AED,FCSC,ANN_CNT,REEXP,_Z,_Z,462,2019,1021603099.32,,,,0
FCSA:DF_TRADE_COUNTRY_YR(5.1.0),AE,A,AED,FCSC,ANN_CNT,REEXP,_Z,_Z,462,2020,387182651.71,,,,0
FCSA:DF_TRADE_COUNTRY_YR(5.1.0),AE,A,AED,FCSC,ANN_CNT,REEXP,_Z,_Z,462,2021,713072660.22,,,,0
FCSA:DF_TRADE_COUNTRY_YR(5.1.0),AE,A,AED,FCSC,ANN_CNT,REEXP,_Z,_Z,462,2022,4985450886.90,,,,0
FCSA:DF_TRADE_COUNTRY_YR(5.1.0),AE,A,AED,FCSC,ANN_CNT,REEXP,_Z,_Z,462,2023,2910474987.96,,,,0
FCSA:DF_TRADE_COUNTRY_YR(5.1.0),AE,A,AED,FCSC,ANN_CNT,REEXP,_Z,_Z,462,2024,2557433953.40,,,,0
FCSA:DF_TRADE_COUNTRY_YR(5.1.0),AE,A,AED,FCSC,ANN_CNT,TNOEXP,_Z,_Z,208,2017,276152582.56,,,,0
FCSA:DF_TRADE_COUNTRY_YR(5.1.0),AE,A,AED,FCSC,ANN_CNT,TNOEXP,_Z,_Z,208,2018,182811499.79,,,,0
FCSA:DF_TRADE_COUNTRY_YR(5.1.0),AE,A,AED,FCSC,ANN_CNT,TNOEXP,_Z,_Z,208,2019,237491184.64,,,,0
FCSA:DF_TRADE_COUNTRY_YR(5.1.0),AE,A,AED,FCSC,ANN_CNT,TNOEXP,_Z,_Z,208,2020,227342520.33,,,,0
FCSA:DF_TRADE_COUNTRY_YR(5.1.0),AE,A,AED,FCSC,ANN_CNT,TNOEXP,_Z,_Z,208,2021,338536170.99,,,,0
FCSA:DF_TRADE_COUNTRY_YR(5.1.0),AE,A,AED,FCSC,ANN_CNT,TNOEXP,_Z,_Z,208,2022,296186296.39,,,,0
FCSA:DF_TRADE_COUNTRY_YR(5.1.0),AE,A,AED,FCSC,ANN_CNT,TNOEXP,_Z,_Z,208,2023,331777669.85,,,,0
FCSA:DF_TRADE_COUNTRY_YR(5.1.0),AE,A,AED,FCSC,ANN_CNT,TNOEXP,_Z,_Z,208,2024,284158396.17,,,,0
FCSA:DF_TRADE_COUNTRY_YR(5.1.0),AE,A,AED,FCSC,ANN_CNT,TNOEXP,_Z,_Z,116,2017,319356609.22,,,,0
FCSA:DF_TRADE_COUNTRY_YR(5.1.0),AE,A,AED,FCSC,ANN_CNT,TNOEXP,_Z,_Z,116,2018,428523557.34,,,,0
FCSA:DF_TRADE_COUNTRY_YR(5.1.0),AE,A,AED,FCSC,ANN_CNT,TNOEXP,_Z,_Z,116,2019,469609501.66,,,,0
FCSA:DF_TRADE_COUNTRY_YR(5.1.0),AE,A,AED,FCSC,ANN_CNT,TNOEXP,_Z,_Z,116,2020,390439020.23,,,,0
FCSA:DF_TRADE_COUNTRY_YR(5.1.0),AE,A,AED,FCSC,ANN_CNT,TNOEXP,_Z,_Z,116,2021,413566140.92,,,,0
FCSA:DF_TRADE_COUNTRY_YR(5.1.0),AE,A,AED,FCSC,ANN_CNT,TNOEXP,_Z,_Z,116,2022,468696608.49,,,,0
FCSA:DF_TRADE_COUNTRY_YR(5.1.0),AE,A,AED,FCSC,ANN_CNT,TNOEXP,_Z,_Z,116,2023,274679608.32,,,,0
FCSA:DF_TRADE_COUNTRY_YR(5.1.0),AE,A,AED,FCSC,ANN_CNT,TNOEXP,_Z,_Z,116,2024,262438706.06,,,,0
FCSA:DF_TRADE_COUNTRY_YR(5.1.0),AE,A,AED,FCSC,ANN_CNT,IMP,_Z,_Z,620,2017,1165074346.27,,,,0
FCSA:DF_TRADE_COUNTRY_YR(5.1.0),AE,A,AED,FCSC,ANN_CNT,IMP,_Z,_Z,620,2018,1065819389.62,,,,0
FCSA:DF_TRADE_COUNTRY_YR(5.1.0),AE,A,AED,FCSC,ANN_CNT,IMP,_Z,_Z,620,2019,1209218055.93,,,,0
FCSA:DF_TRADE_COUNTRY_YR(5.1.0),AE,A,AED,FCSC,ANN_CNT,IMP,_Z,_Z,620,2020,904730477.82,,,,0
FCSA:DF_TRADE_COUNTRY_YR(5.1.0),AE,A,AED,FCSC,ANN_CNT,IMP,_Z,_Z,620,2021,1162545695.57,,,,0
FCSA:DF_TRADE_COUNTRY_YR(5.1.0),AE,A,AED,FCSC,ANN_CNT,IMP,_Z,_Z,620,2022,1217281625.06,,,,0
FCSA:DF_TRADE_COUNTRY_YR(5.1.0),AE,A,AED,FCSC,ANN_CNT,IMP,_Z,_Z,620,2023,1508159535.79,,,,0
FCSA:DF_TRADE_COUNTRY_YR(5.1.0),AE,A,AED,FCSC,ANN_CNT,IMP,_Z,_Z,620,2024,1654182675.75,,,,0
FCSA:DF_TRADE_COUNTRY_YR(5.1.0),AE,A,AED,FCSC,ANN_CNT,TNOEXP,_Z,_Z,624,2017,19598367.96,,,,0
FCSA:DF_TRADE_COUNTRY_YR(5.1.0),AE,A,AED,FCSC,ANN_CNT,TNOEXP,_Z,_Z,624,2018,18386629.61,,,,0
FCSA:DF_TRADE_COUNTRY_YR(5.1.0),AE,A,AED,FCSC,ANN_CNT,TNOEXP,_Z,_Z,624,2019,19058642.18,,,,0
FCSA:DF_TRADE_COUNTRY_YR(5.1.0),AE,A,AED,FCSC,ANN_CNT,TNOEXP,_Z,_Z,624,2020,27009768.24,,,,0
FCSA:DF_TRADE_COUNTRY_YR(5.1.0),AE,A,AED,FCSC,ANN_CNT,TNOEXP,_Z,_Z,624,2021,24054694.88,,,,0
FCSA:DF_TRADE_COUNTRY_YR(5.1.0),AE,A,AED,FCSC,ANN_CNT,TNOEXP,_Z,_Z,624,2022,21911549.30,,,,0
FCSA:DF_TRADE_COUNTRY_YR(5.1.0),AE,A,AED,FCSC,ANN_CNT,TNOEXP,_Z,_Z,624,2023,18133023.70,,,,0
FCSA:DF_TRADE_COUNTRY_YR(5.1.0),AE,A,AED,FCSC,ANN_CNT,TNOEXP,_Z,_Z,624,2024,27047048.74,,,,0
FCSA:DF_TRADE_COUNTRY_YR(5.1.0),AE,A,AED,FCSC,ANN_CNT,TTRADE,_Z,_Z,72,2017,5656841278.94,,,,0
FCSA:DF_TRADE_COUNTRY_YR(5.1.0),AE,A,AED,FCSC,ANN_CNT,TTRADE,_Z,_Z,72,2018,4562262031.18,,,,0
FCSA:DF_TRADE_COUNTRY_YR(5.1.0),AE,A,AED,FCSC,ANN_CNT,TTRADE,_Z,_Z,72,2019,5053294352.17,,,,0
FCSA:DF_TRADE_COUNTRY_YR(5.1.0),AE,A,AED,FCSC,ANN_CNT,TTRADE,_Z,_Z,72,2020,4909958305.46,,,,0
FCSA:DF_TRADE_COUNTRY_YR(5.1.0),AE,A,AED,FCSC,ANN_CNT,TTRADE,_Z,_Z,72,2021,9093313393.97,,,,0
FCSA:DF_TRADE_COUNTRY_YR(5.1.0),AE,A,AED,FCSC,ANN_CNT,TTRADE,_Z,_Z,72,2022,9711638764.09,,,,0
FCSA:DF_TRADE_COUNTRY_YR(5.1.0),AE,A,AED,FCSC,ANN_CNT,TTRADE,_Z,_Z,72,2023,7447455357.34,,,,0
FCSA:DF_TRADE_COUNTRY_YR(5.1.0),AE,A,AED,FCSC,ANN_CNT,TTRADE,_Z,_Z,72,2024,6593331854.82,,,,0
FCSA:DF_TRADE_COUNTRY_YR(5.1.0),AE,A,AED,FCSC,ANN_CNT,TNOEXP,_Z,_Z,670,2017,554079.97,,,,0
FCSA:DF_TRADE_COUNTRY_YR(5.1.0),AE,A,AED,FCSC,ANN_CNT,TNOEXP,_Z,_Z,670,2018,196561.43,,,,0
FCSA:DF_TRADE_COUNTRY_YR(5.1.0),AE,A,AED,FCSC,ANN_CNT,TNOEXP,_Z,_Z,670,2019,199205.78,,,,0
FCSA:DF_TRADE_COUNTRY_YR(5.1.0),AE,A,AED,FCSC,ANN_CNT,TNOEXP,_Z,_Z,670,2020,384749.06,,,,0
FCSA:DF_TRADE_COUNTRY_YR(5.1.0),AE,A,AED,FCSC,ANN_CNT,TNOEXP,_Z,_Z,670,2021,391551.57,,,,0
FCSA:DF_TRADE_COUNTRY_YR(5.1.0),AE,A,AED,FCSC,ANN_CNT,TNOEXP,_Z,_Z,670,2022,1694655.35,,,,0
FCSA:DF_TRADE_COUNTRY_YR(5.1.0),AE,A,AED,FCSC,ANN_CNT,TNOEXP,_Z,_Z,670,2023,566387.33,,,,0
FCSA:DF_TRADE_COUNTRY_YR(5.1.0),AE,A,AED,FCSC,ANN_CNT,TNOEXP,_Z,_Z,670,2024,1666202.62,,,,0
FCSA:DF_TRADE_COUNTRY_YR(5.1.0),AE,A,AED,FCSC,ANN_CNT,REEXP,_Z,_Z,686,2017,1283840582.35,,,,0
FCSA:DF_TRADE_COUNTRY_YR(5.1.0),AE,A,AED,FCSC,ANN_CNT,REEXP,_Z,_Z,686,2018,1421208892.64,,,,0
FCSA:DF_TRADE_COUNTRY_YR(5.1.0),AE,A,AED,FCSC,ANN_CNT,REEXP,_Z,_Z,686,2019,1344399101.86,,,,0
FCSA:DF_TRADE_COUNTRY_YR(5.1.0),AE,A,AED,FCSC,ANN_CNT,REEXP,_Z,_Z,686,2020,1405434029.35,,,,0
FCSA:DF_TRADE_COUNTRY_YR(5.1.0),AE,A,AED,FCSC,ANN_CNT,REEXP,_Z,_Z,686,2021,1957462623.83,,,,0
FCSA:DF_TRADE_COUNTRY_YR(5.1.0),AE,A,AED,FCSC,ANN_CNT,REEXP,_Z,_Z,686,2022,1742950822.00,,,,0
FCSA:DF_TRADE_COUNTRY_YR(5.1.0),AE,A,AED,FCSC,ANN_CNT,REEXP,_Z,_Z,686,2023,1704362988.22,,,,0
FCSA:DF_TRADE_COUNTRY_YR(5.1.0),AE,A,AED,FCSC,ANN_CNT,REEXP,_Z,_Z,686,2024,1747953731.88,,,,0
FCSA:DF_TRADE_COUNTRY_YR(5.1.0),AE,A,AED,FCSC,ANN_CNT,TTRADE,_Z,_Z,716,2017,1564362077.64,,,,0
FCSA:DF_TRADE_COUNTRY_YR(5.1.0),AE,A,AED,FCSC,ANN_CNT,TTRADE,_Z,_Z,716,2018,4090562271.47,,,,0
FCSA:DF_TRADE_COUNTRY_YR(5.1.0),AE,A,AED,FCSC,ANN_CNT,TTRADE,_Z,_Z,716,2019,3722956612.07,,,,0
FCSA:DF_TRADE_COUNTRY_YR(5.1.0),AE,A,AED,FCSC,ANN_CNT,TTRADE,_Z,_Z,716,2020,5813468458.06,,,,0
FCSA:DF_TRADE_COUNTRY_YR(5.1.0),AE,A,AED,FCSC,ANN_CNT,TTRADE,_Z,_Z,716,2021,8476985605.50,,,,0
FCSA:DF_TRADE_COUNTRY_YR(5.1.0),AE,A,AED,FCSC,ANN_CNT,TTRADE,_Z,_Z,716,2022,11314735218.07,,,,0
FCSA:DF_TRADE_COUNTRY_YR(5.1.0),AE,A,AED,FCSC,ANN_CNT,TTRADE,_Z,_Z,716,2023,9515148205.36,,,,0
FCSA:DF_TRADE_COUNTRY_YR(5.1.0),AE,A,AED,FCSC,ANN_CNT,TTRADE,_Z,_Z,716,2024,12192539399.49,,,,0
FCSA:DF_TRADE_COUNTRY_YR(5.1.0),AE,A,AED,FCSC,ANN_CNT,NOEXP,_Z,_Z,268,2017,26628664.78,,,,0
FCSA:DF_TRADE_COUNTRY_YR(5.1.0),AE,A,AED,FCSC,ANN_CNT,NOEXP,_Z,_Z,268,2018,351585568.08,,,,0
FCSA:DF_TRADE_COUNTRY_YR(5.1.0),AE,A,AED,FCSC,ANN_CNT,NOEXP,_Z,_Z,268,2019,108496760.01,,,,0
FCSA:DF_TRADE_COUNTRY_YR(5.1.0),AE,A,AED,FCSC,ANN_CNT,NOEXP,_Z,_Z,268,2020,43177395.79,,,,0
FCSA:DF_TRADE_COUNTRY_YR(5.1.0),AE,A,AED,FCSC,ANN_CNT,NOEXP,_Z,_Z,268,2021,103839434.19,,,,0
FCSA:DF_TRADE_COUNTRY_YR(5.1.0),AE,A,AED,FCSC,ANN_CNT,NOEXP,_Z,_Z,268,2022,473157135.26,,,,0
FCSA:DF_TRADE_COUNTRY_YR(5.1.0),AE,A,AED,FCSC,ANN_CNT,NOEXP,_Z,_Z,268,2023,470114085.46,,,,0
FCSA:DF_TRADE_COUNTRY_YR(5.1.0),AE,A,AED,FCSC,ANN_CNT,NOEXP,_Z,_Z,268,2024,1174996814.53,,,,0
FCSA:DF_TRADE_COUNTRY_YR(5.1.0),AE,A,AED,FCSC,ANN_CNT,NOEXP,_Z,_Z,492,2017,1879867.70,,,,0
FCSA:DF_TRADE_COUNTRY_YR(5.1.0),AE,A,AED,FCSC,ANN_CNT,NOEXP,_Z,_Z,492,2018,1719268.64,,,,0
FCSA:DF_TRADE_COUNTRY_YR(5.1.0),AE,A,AED,FCSC,ANN_CNT,NOEXP,_Z,_Z,492,2019,3514655.53,,,,0
FCSA:DF_TRADE_COUNTRY_YR(5.1.0),AE,A,AED,FCSC,ANN_CNT,NOEXP,_Z,_Z,492,2020,0.00,,,,0
FCSA:DF_TRADE_COUNTRY_YR(5.1.0),AE,A,AED,FCSC,ANN_CNT,NOEXP,_Z,_Z,492,2021,1661.85,,,,0
FCSA:DF_TRADE_COUNTRY_YR(5.1.0),AE,A,AED,FCSC,ANN_CNT,NOEXP,_Z,_Z,492,2022,275569.73,,,,0
FCSA:DF_TRADE_COUNTRY_YR(5.1.0),AE,A,AED,FCSC,ANN_CNT,NOEXP,_Z,_Z,492,2023,9410255.17,,,,0
FCSA:DF_TRADE_COUNTRY_YR(5.1.0),AE,A,AED,FCSC,ANN_CNT,NOEXP,_Z,_Z,492,2024,3052854.81,,,,0
FCSA:DF_TRADE_COUNTRY_YR(5.1.0),AE,A,AED,FCSC,ANN_CNT,TNOEXP,_Z,_Z,162,2017,187208.49,,,,0
FCSA:DF_TRADE_COUNTRY_YR(5.1.0),AE,A,AED,FCSC,ANN_CNT,TNOEXP,_Z,_Z,162,2018,0.00,,,,0
FCSA:DF_TRADE_COUNTRY_YR(5.1.0),AE,A,AED,FCSC,ANN_CNT,TNOEXP,_Z,_Z,162,2019,0.00,,,,0
FCSA:DF_TRADE_COUNTRY_YR(5.1.0),AE,A,AED,FCSC,ANN_CNT,TNOEXP,_Z,_Z,162,2020,0.00,,,,0
FCSA:DF_TRADE_COUNTRY_YR(5.1.0),AE,A,AED,FCSC,ANN_CNT,TNOEXP,_Z,_Z,162,2021,0.00,,,,0
FCSA:DF_TRADE_COUNTRY_YR(5.1.0),AE,A,AED,FCSC,ANN_CNT,TNOEXP,_Z,_Z,162,2022,204624.00,,,,0
FCSA:DF_TRADE_COUNTRY_YR(5.1.0),AE,A,AED,FCSC,ANN_CNT,TNOEXP,_Z,_Z,162,2023,0.00,,,,0
FCSA:DF_TRADE_COUNTRY_YR(5.1.0),AE,A,AED,FCSC,ANN_CNT,TNOEXP,_Z,_Z,162,2024,0.00,,,,0
FCSA:DF_TRADE_COUNTRY_YR(5.1.0),AE,A,AED,FCSC,ANN_CNT,TNOEXP,_Z,_Z,756,2017,13539408161.30,,,,0
FCSA:DF_TRADE_COUNTRY_YR(5.1.0),AE,A,AED,FCSC,ANN_CNT,TNOEXP,_Z,_Z,756,2018,34571455433.57,,,,0
FCSA:DF_TRADE_COUNTRY_YR(5.1.0),AE,A,AED,FCSC,ANN_CNT,TNOEXP,_Z,_Z,756,2019,50152469068.92,,,,0
FCSA:DF_TRADE_COUNTRY_YR(5.1.0),AE,A,AED,FCSC,ANN_CNT,TNOEXP,_Z,_Z,756,2020,36233267270.69,,,,0
FCSA:DF_TRADE_COUNTRY_YR(5.1.0),AE,A,AED,FCSC,ANN_CNT,TNOEXP,_Z,_Z,756,2021,31405121678.92,,,,0
FCSA:DF_TRADE_COUNTRY_YR(5.1.0),AE,A,AED,FCSC,ANN_CNT,TNOEXP,_Z,_Z,756,2022,35814942474.57,,,,0
FCSA:DF_TRADE_COUNTRY_YR(5.1.0),AE,A,AED,FCSC,ANN_CNT,TNOEXP,_Z,_Z,756,2023,40730115898.73,,,,0
FCSA:DF_TRADE_COUNTRY_YR(5.1.0),AE,A,AED,FCSC,ANN_CNT,TNOEXP,_Z,_Z,756,2024,49562487786.64,,,,0
FCSA:DF_TRADE_COUNTRY_YR(5.1.0),AE,A,AED,FCSC,ANN_CNT,REEXP,_Z,_Z,417,2017,900035182.16,,,,0
FCSA:DF_TRADE_COUNTRY_YR(5.1.0),AE,A,AED,FCSC,ANN_CNT,REEXP,_Z,_Z,417,2018,3687554778.04,,,,0
FCSA:DF_TRADE_COUNTRY_YR(5.1.0),AE,A,AED,FCSC,ANN_CNT,REEXP,_Z,_Z,417,2019,3333931102.92,,,,0
FCSA:DF_TRADE_COUNTRY_YR(5.1.0),AE,A,AED,FCSC,ANN_CNT,REEXP,_Z,_Z,417,2020,2812886202.11,,,,0
FCSA:DF_TRADE_COUNTRY_YR(5.1.0),AE,A,AED,FCSC,ANN_CNT,REEXP,_Z,_Z,417,2021,2202136900.15,,,,0
FCSA:DF_TRADE_COUNTRY_YR(5.1.0),AE,A,AED,FCSC,ANN_CNT,REEXP,_Z,_Z,417,2022,4500695791.84,,,,0
FCSA:DF_TRADE_COUNTRY_YR(5.1.0),AE,A,AED,FCSC,ANN_CNT,REEXP,_Z,_Z,417,2023,5364859943.48,,,,0
FCSA:DF_TRADE_COUNTRY_YR(5.1.0),AE,A,AED,FCSC,ANN_CNT,REEXP,_Z,_Z,417,2024,5237796648.47,,,,0
FCSA:DF_TRADE_COUNTRY_YR(5.1.0),AE,A,AED,FCSC,ANN_CNT,REEXP,_Z,_Z,276,2017,3983089922.50,,,,0
FCSA:DF_TRADE_COUNTRY_YR(5.1.0),AE,A,AED,FCSC,ANN_CNT,REEXP,_Z,_Z,276,2018,5289295539.11,,,,0
FCSA:DF_TRADE_COUNTRY_YR(5.1.0),AE,A,AED,FCSC,ANN_CNT,REEXP,_Z,_Z,276,2019,6400165231.18,,,,0
FCSA:DF_TRADE_COUNTRY_YR(5.1.0),AE,A,AED,FCSC,ANN_CNT,REEXP,_Z,_Z,276,2020,3240469976.32,,,,0
FCSA:DF_TRADE_COUNTRY_YR(5.1.0),AE,A,AED,FCSC,ANN_CNT,REEXP,_Z,_Z,276,2021,3371117692.04,,,,0
FCSA:DF_TRADE_COUNTRY_YR(5.1.0),AE,A,AED,FCSC,ANN_CNT,REEXP,_Z,_Z,276,2022,3485566926.25,,,,0
FCSA:DF_TRADE_COUNTRY_YR(5.1.0),AE,A,AED,FCSC,ANN_CNT,REEXP,_Z,_Z,276,2023,4962396098.74,,,,0
FCSA:DF_TRADE_COUNTRY_YR(5.1.0),AE,A,AED,FCSC,ANN_CNT,REEXP,_Z,_Z,276,2024,3759967787.47,,,,0
FCSA:DF_TRADE_COUNTRY_YR(5.1.0),AE,A,AED,FCSC,ANN_CNT,TTRADE,_Z,_Z,124,2017,8154141205.40,,,,0
FCSA:DF_TRADE_COUNTRY_YR(5.1.0),AE,A,AED,FCSC,ANN_CNT,TTRADE,_Z,_Z,124,2018,7684305934.18,,,,0
FCSA:DF_TRADE_COUNTRY_YR(5.1.0),AE,A,AED,FCSC,ANN_CNT,TTRADE,_Z,_Z,124,2019,7910716864.61,,,,0
FCSA:DF_TRADE_COUNTRY_YR(5.1.0),AE,A,AED,FCSC,ANN_CNT,TTRADE,_Z,_Z,124,2020,7942997575.35,,,,0
FCSA:DF_TRADE_COUNTRY_YR(5.1.0),AE,A,AED,FCSC,ANN_CNT,TTRADE,_Z,_Z,124,2021,12650902687.02,,,,0
FCSA:DF_TRADE_COUNTRY_YR(5.1.0),AE,A,AED,FCSC,ANN_CNT,TTRADE,_Z,_Z,124,2022,14995780695.83,,,,0
FCSA:DF_TRADE_COUNTRY_YR(5.1.0),AE,A,AED,FCSC,ANN_CNT,TTRADE,_Z,_Z,124,2023,12953068623.57,,,,0
FCSA:DF_TRADE_COUNTRY_YR(5.1.0),AE,A,AED,FCSC,ANN_CNT,TTRADE,_Z,_Z,124,2024,12748113213.04,,,,0
FCSA:DF_TRADE_COUNTRY_YR(5.1.0),AE,A,AED,FCSC,ANN_CNT,TNOEXP,_Z,_Z,780,2017,112806574.90,,,,0
FCSA:DF_TRADE_COUNTRY_YR(5.1.0),AE,A,AED,FCSC,ANN_CNT,TNOEXP,_Z,_Z,780,2018,67436555.91,,,,0
FCSA:DF_TRADE_COUNTRY_YR(5.1.0),AE,A,AED,FCSC,ANN_CNT,TNOEXP,_Z,_Z,780,2019,129449179.41,,,,0
FCSA:DF_TRADE_COUNTRY_YR(5.1.0),AE,A,AED,FCSC,ANN_CNT,TNOEXP,_Z,_Z,780,2020,107653643.58,,,,0
FCSA:DF_TRADE_COUNTRY_YR(5.1.0),AE,A,AED,FCSC,ANN_CNT,TNOEXP,_Z,_Z,780,2021,49560621.00,,,,0
FCSA:DF_TRADE_COUNTRY_YR(5.1.0),AE,A,AED,FCSC,ANN_CNT,TNOEXP,_Z,_Z,780,2022,119084627.58,,,,0
FCSA:DF_TRADE_COUNTRY_YR(5.1.0),AE,A,AED,FCSC,ANN_CNT,TNOEXP,_Z,_Z,780,2023,49651858.12,,,,0
FCSA:DF_TRADE_COUNTRY_YR(5.1.0),AE,A,AED,FCSC,ANN_CNT,TNOEXP,_Z,_Z,780,2024,72207890.58,,,,0
FCSA:DF_TRADE_COUNTRY_YR(5.1.0),AE,A,AED,FCSC,ANN_CNT,TTRADE,_Z,_Z,800,2017,2048948477.87,,,,0
FCSA:DF_TRADE_COUNTRY_YR(5.1.0),AE,A,AED,FCSC,ANN_CNT,TTRADE,_Z,_Z,800,2018,5132012351.09,,,,0
FCSA:DF_TRADE_COUNTRY_YR(5.1.0),AE,A,AED,FCSC,ANN_CNT,TTRADE,_Z,_Z,800,2019,7322504495.80,,,,0
FCSA:DF_TRADE_COUNTRY_YR(5.1.0),AE,A,AED,FCSC,ANN_CNT,TTRADE,_Z,_Z,800,2020,6973282214.64,,,,0
FCSA:DF_TRADE_COUNTRY_YR(5.1.0),AE,A,AED,FCSC,ANN_CNT,TTRADE,_Z,_Z,800,2021,8427341750.31,,,,0
FCSA:DF_TRADE_COUNTRY_YR(5.1.0),AE,A,AED,FCSC,ANN_CNT,TTRADE,_Z,_Z,800,2022,5617906502.97,,,,0
FCSA:DF_TRADE_COUNTRY_YR(5.1.0),AE,A,AED,FCSC,ANN_CNT,TTRADE,_Z,_Z,800,2023,4502058456.84,,,,0
FCSA:DF_TRADE_COUNTRY_YR(5.1.0),AE,A,AED,FCSC,ANN_CNT,TTRADE,_Z,_Z,800,2024,10029117112.92,,,,0
FCSA:DF_TRADE_COUNTRY_YR(5.1.0),AE,A,AED,FCSC,ANN_CNT,IMP,_Z,_Z,478,2017,277267144.42,,,,0
FCSA:DF_TRADE_COUNTRY_YR(5.1.0),AE,A,AED,FCSC,ANN_CNT,IMP,_Z,_Z,478,2018,235190835.29,,,,0
FCSA:DF_TRADE_COUNTRY_YR(5.1.0),AE,A,AED,FCSC,ANN_CNT,IMP,_Z,_Z,478,2019,37072115.49,,,,0
FCSA:DF_TRADE_COUNTRY_YR(5.1.0),AE,A,AED,FCSC,ANN_CNT,IMP,_Z,_Z,478,2020,14009121.94,,,,0
FCSA:DF_TRADE_COUNTRY_YR(5.1.0),AE,A,AED,FCSC,ANN_CNT,IMP,_Z,_Z,478,2021,38257400.55,,,,0
FCSA:DF_TRADE_COUNTRY_YR(5.1.0),AE,A,AED,FCSC,ANN_CNT,IMP,_Z,_Z,478,2022,1369927897.59,,,,0
FCSA:DF_TRADE_COUNTRY_YR(5.1.0),AE,A,AED,FCSC,ANN_CNT,IMP,_Z,_Z,478,2023,870190565.92,,,,0
FCSA:DF_TRADE_COUNTRY_YR(5.1.0),AE,A,AED,FCSC,ANN_CNT,IMP,_Z,_Z,478,2024,509267700.52,,,,0
FCSA:DF_TRADE_COUNTRY_YR(5.1.0),AE,A,AED,FCSC,ANN_CNT,TTRADE,_Z,_Z,598,2017,26893292.44,,,,0
FCSA:DF_TRADE_COUNTRY_YR(5.1.0),AE,A,AED,FCSC,ANN_CNT,TTRADE,_Z,_Z,598,2018,35538721.80,,,,0
FCSA:DF_TRADE_COUNTRY_YR(5.1.0),AE,A,AED,FCSC,ANN_CNT,TTRADE,_Z,_Z,598,2019,36003623.45,,,,0
FCSA:DF_TRADE_COUNTRY_YR(5.1.0),AE,A,AED,FCSC,ANN_CNT,TTRADE,_Z,_Z,598,2020,129418332.12,,,,0
FCSA:DF_TRADE_COUNTRY_YR(5.1.0),AE,A,AED,FCSC,ANN_CNT,TTRADE,_Z,_Z,598,2021,306773741.28,,,,0
FCSA:DF_TRADE_COUNTRY_YR(5.1.0),AE,A,AED,FCSC,ANN_CNT,TTRADE,_Z,_Z,598,2022,278067703.39,,,,0
FCSA:DF_TRADE_COUNTRY_YR(5.1.0),AE,A,AED,FCSC,ANN_CNT,TTRADE,_Z,_Z,598,2023,167252721.90,,,,0
FCSA:DF_TRADE_COUNTRY_YR(5.1.0),AE,A,AED,FCSC,ANN_CNT,TTRADE,_Z,_Z,598,2024,234446751.54,,,,0
FCSA:DF_TRADE_COUNTRY_YR(5.1.0),AE,A,AED,FCSC,ANN_CNT,NOEXP,_Z,_Z,140,2017,7021015.17,,,,0
FCSA:DF_TRADE_COUNTRY_YR(5.1.0),AE,A,AED,FCSC,ANN_CNT,NOEXP,_Z,_Z,140,2018,7120722.50,,,,0
FCSA:DF_TRADE_COUNTRY_YR(5.1.0),AE,A,AED,FCSC,ANN_CNT,NOEXP,_Z,_Z,140,2019,13156172.32,,,,0
FCSA:DF_TRADE_COUNTRY_YR(5.1.0),AE,A,AED,FCSC,ANN_CNT,NOEXP,_Z,_Z,140,2020,26870555.43,,,,0
FCSA:DF_TRADE_COUNTRY_YR(5.1.0),AE,A,AED,FCSC,ANN_CNT,NOEXP,_Z,_Z,140,2021,25150156.76,,,,0
FCSA:DF_TRADE_COUNTRY_YR(5.1.0),AE,A,AED,FCSC,ANN_CNT,NOEXP,_Z,_Z,140,2022,40298439.05,,,,0
FCSA:DF_TRADE_COUNTRY_YR(5.1.0),AE,A,AED,FCSC,ANN_CNT,NOEXP,_Z,_Z,140,2023,36567176.25,,,,0
FCSA:DF_TRADE_COUNTRY_YR(5.1.0),AE,A,AED,FCSC,ANN_CNT,NOEXP,_Z,_Z,140,2024,54711387.79,,,,0
FCSA:DF_TRADE_COUNTRY_YR(5.1.0),AE,A,AED,FCSC,ANN_CNT,TNOEXP,_Z,_Z,772,2017,3693.00,,,,0
FCSA:DF_TRADE_COUNTRY_YR(5.1.0),AE,A,AED,FCSC,ANN_CNT,TNOEXP,_Z,_Z,772,2018,0.00,,,,0
FCSA:DF_TRADE_COUNTRY_YR(5.1.0),AE,A,AED,FCSC,ANN_CNT,TNOEXP,_Z,_Z,772,2019,0.00,,,,0
FCSA:DF_TRADE_COUNTRY_YR(5.1.0),AE,A,AED,FCSC,ANN_CNT,TNOEXP,_Z,_Z,772,2020,0.00,,,,0
FCSA:DF_TRADE_COUNTRY_YR(5.1.0),AE,A,AED,FCSC,ANN_CNT,TNOEXP,_Z,_Z,772,2021,0.00,,,,0
FCSA:DF_TRADE_COUNTRY_YR(5.1.0),AE,A,AED,FCSC,ANN_CNT,TNOEXP,_Z,_Z,772,2022,0.00,,,,0
FCSA:DF_TRADE_COUNTRY_YR(5.1.0),AE,A,AED,FCSC,ANN_CNT,TNOEXP,_Z,_Z,772,2023,0.00,,,,0
FCSA:DF_TRADE_COUNTRY_YR(5.1.0),AE,A,AED,FCSC,ANN_CNT,TNOEXP,_Z,_Z,772,2024,45000.00,,,,0
FCSA:DF_TRADE_COUNTRY_YR(5.1.0),AE,A,AED,FCSC,ANN_CNT,TNOEXP,_Z,_Z,652,2020,86196.12,,,,0
FCSA:DF_TRADE_COUNTRY_YR(5.1.0),AE,A,AED,FCSC,ANN_CNT,TNOEXP,_Z,_Z,652,2021,1363635.45,,,,0
FCSA:DF_TRADE_COUNTRY_YR(5.1.0),AE,A,AED,FCSC,ANN_CNT,TNOEXP,_Z,_Z,652,2022,535807.20,,,,0
FCSA:DF_TRADE_COUNTRY_YR(5.1.0),AE,A,AED,FCSC,ANN_CNT,TNOEXP,_Z,_Z,652,2023,1602217.85,,,,0
FCSA:DF_TRADE_COUNTRY_YR(5.1.0),AE,A,AED,FCSC,ANN_CNT,TNOEXP,_Z,_Z,652,2024,3148879.67,,,,0
FCSA:DF_TRADE_COUNTRY_YR(5.1.0),AE,A,AED,FCSC,ANN_CNT,REEXP,_Z,_Z,74,2020,1132.12,,,,0
FCSA:DF_TRADE_COUNTRY_YR(5.1.0),AE,A,AED,FCSC,ANN_CNT,REEXP,_Z,_Z,74,2021,0.00,,,,0
FCSA:DF_TRADE_COUNTRY_YR(5.1.0),AE,A,AED,FCSC,ANN_CNT,REEXP,_Z,_Z,74,2023,0.00,,,,0
FCSA:DF_TRADE_COUNTRY_YR(5.1.0),AE,A,AED,FCSC,ANN_CNT,REEXP,_Z,_Z,74,2024,0.00,,,,0
FCSA:DF_TRADE_COUNTRY_YR(5.1.0),AE,A,AED,FCSC,ANN_CNT,TNOEXP,_Z,_Z,533,2017,25032708.40,,,,0
FCSA:DF_TRADE_COUNTRY_YR(5.1.0),AE,A,AED,FCSC,ANN_CNT,TNOEXP,_Z,_Z,533,2018,10819325.76,,,,0
FCSA:DF_TRADE_COUNTRY_YR(5.1.0),AE,A,AED,FCSC,ANN_CNT,TNOEXP,_Z,_Z,533,2019,38544544.46,,,,0
FCSA:DF_TRADE_COUNTRY_YR(5.1.0),AE,A,AED,FCSC,ANN_CNT,TNOEXP,_Z,_Z,533,2020,51731674.81,,,,0
FCSA:DF_TRADE_COUNTRY_YR(5.1.0),AE,A,AED,FCSC,ANN_CNT,TNOEXP,_Z,_Z,533,2021,32019317.88,,,,0
FCSA:DF_TRADE_COUNTRY_YR(5.1.0),AE,A,AED,FCSC,ANN_CNT,TNOEXP,_Z,_Z,533,2022,52560796.29,,,,0
FCSA:DF_TRADE_COUNTRY_YR(5.1.0),AE,A,AED,FCSC,ANN_CNT,TNOEXP,_Z,_Z,533,2023,41411839.21,,,,0
FCSA:DF_TRADE_COUNTRY_YR(5.1.0),AE,A,AED,FCSC,ANN_CNT,TNOEXP,_Z,_Z,533,2024,21869879.25,,,,0
FCSA:DF_TRADE_COUNTRY_YR(5.1.0),AE,A,AED,FCSC,ANN_CNT,REEXP,_Z,_Z,242,2017,5225548.34,,,,0
FCSA:DF_TRADE_COUNTRY_YR(5.1.0),AE,A,AED,FCSC,ANN_CNT,REEXP,_Z,_Z,242,2018,17657968.49,,,,0
FCSA:DF_TRADE_COUNTRY_YR(5.1.0),AE,A,AED,FCSC,ANN_CNT,REEXP,_Z,_Z,242,2019,5150797.77,,,,0
FCSA:DF_TRADE_COUNTRY_YR(5.1.0),AE,A,AED,FCSC,ANN_CNT,REEXP,_Z,_Z,242,2020,9466749.76,,,,0
FCSA:DF_TRADE_COUNTRY_YR(5.1.0),AE,A,AED,FCSC,ANN_CNT,REEXP,_Z,_Z,242,2021,7318387.12,,,,0
FCSA:DF_TRADE_COUNTRY_YR(5.1.0),AE,A,AED,FCSC,ANN_CNT,REEXP,_Z,_Z,242,2022,11681859.31,,,,0
FCSA:DF_TRADE_COUNTRY_YR(5.1.0),AE,A,AED,FCSC,ANN_CNT,REEXP,_Z,_Z,242,2023,27214433.55,,,,0
FCSA:DF_TRADE_COUNTRY_YR(5.1.0),AE,A,AED,FCSC,ANN_CNT,REEXP,_Z,_Z,242,2024,8815629.64,,,,0
FCSA:DF_TRADE_COUNTRY_YR(5.1.0),AE,A,AED,FCSC,ANN_CNT,TNOEXP,_Z,_Z,60,2017,5039848.63,,,,0
FCSA:DF_TRADE_COUNTRY_YR(5.1.0),AE,A,AED,FCSC,ANN_CNT,TNOEXP,_Z,_Z,60,2018,8165863.83,,,,0
FCSA:DF_TRADE_COUNTRY_YR(5.1.0),AE,A,AED,FCSC,ANN_CNT,TNOEXP,_Z,_Z,60,2019,9301216.99,,,,0
FCSA:DF_TRADE_COUNTRY_YR(5.1.0),AE,A,AED,FCSC,ANN_CNT,TNOEXP,_Z,_Z,60,2020,4204830.68,,,,0
FCSA:DF_TRADE_COUNTRY_YR(5.1.0),AE,A,AED,FCSC,ANN_CNT,TNOEXP,_Z,_Z,60,2021,2017779.61,,,,0
FCSA:DF_TRADE_COUNTRY_YR(5.1.0),AE,A,AED,FCSC,ANN_CNT,TNOEXP,_Z,_Z,60,2022,477440.23,,,,0
FCSA:DF_TRADE_COUNTRY_YR(5.1.0),AE,A,AED,FCSC,ANN_CNT,TNOEXP,_Z,_Z,60,2023,415591.65,,,,0
FCSA:DF_TRADE_COUNTRY_YR(5.1.0),AE,A,AED,FCSC,ANN_CNT,TNOEXP,_Z,_Z,60,2024,804847.80,,,,0
FCSA:DF_TRADE_COUNTRY_YR(5.1.0),AE,A,AED,FCSC,ANN_CNT,NOEXP,_Z,_Z,48,2017,3999964269.45,,,,0
FCSA:DF_TRADE_COUNTRY_YR(5.1.0),AE,A,AED,FCSC,ANN_CNT,NOEXP,_Z,_Z,48,2018,6619786949.37,,,,0
FCSA:DF_TRADE_COUNTRY_YR(5.1.0),AE,A,AED,FCSC,ANN_CNT,NOEXP,_Z,_Z,48,2019,5007409082.60,,,,0
FCSA:DF_TRADE_COUNTRY_YR(5.1.0),AE,A,AED,FCSC,ANN_CNT,NOEXP,_Z,_Z,48,2020,3588110526.25,,,,0
FCSA:DF_TRADE_COUNTRY_YR(5.1.0),AE,A,AED,FCSC,ANN_CNT,NOEXP,_Z,_Z,48,2021,4924753026.61,,,,0
FCSA:DF_TRADE_COUNTRY_YR(5.1.0),AE,A,AED,FCSC,ANN_CNT,NOEXP,_Z,_Z,48,2022,5857124695.76,,,,0
FCSA:DF_TRADE_COUNTRY_YR(5.1.0),AE,A,AED,FCSC,ANN_CNT,NOEXP,_Z,_Z,48,2023,6865634867.42,,,,0
FCSA:DF_TRADE_COUNTRY_YR(5.1.0),AE,A,AED,FCSC,ANN_CNT,NOEXP,_Z,_Z,48,2024,6101566992.99,,,,0
FCSA:DF_TRADE_COUNTRY_YR(5.1.0),AE,A,AED,FCSC,ANN_CNT,IMP,_Z,_Z,752,2017,3656924261.11,,,,0
FCSA:DF_TRADE_COUNTRY_YR(5.1.0),AE,A,AED,FCSC,ANN_CNT,IMP,_Z,_Z,752,2018,3306802774.75,,,,0
FCSA:DF_TRADE_COUNTRY_YR(5.1.0),AE,A,AED,FCSC,ANN_CNT,IMP,_Z,_Z,752,2019,3798936042.03,,,,0
FCSA:DF_TRADE_COUNTRY_YR(5.1.0),AE,A,AED,FCSC,ANN_CNT,IMP,_Z,_Z,752,2020,3631335800.41,,,,0
FCSA:DF_TRADE_COUNTRY_YR(5.1.0),AE,A,AED,FCSC,ANN_CNT,IMP,_Z,_Z,752,2021,4237869241.91,,,,0
FCSA:DF_TRADE_COUNTRY_YR(5.1.0),AE,A,AED,FCSC,ANN_CNT,IMP,_Z,_Z,752,2022,4535542779.53,,,,0
FCSA:DF_TRADE_COUNTRY_YR(5.1.0),AE,A,AED,FCSC,ANN_CNT,IMP,_Z,_Z,752,2023,5614245704.67,,,,0
FCSA:DF_TRADE_COUNTRY_YR(5.1.0),AE,A,AED,FCSC,ANN_CNT,IMP,_Z,_Z,752,2024,6146923319.11,,,,0
FCSA:DF_TRADE_COUNTRY_YR(5.1.0),AE,A,AED,FCSC,ANN_CNT,IMP,_Z,_Z,428,2017,85131881.92,,,,0
FCSA:DF_TRADE_COUNTRY_YR(5.1.0),AE,A,AED,FCSC,ANN_CNT,IMP,_Z,_Z,428,2018,86690324.92,,,,0
FCSA:DF_TRADE_COUNTRY_YR(5.1.0),AE,A,AED,FCSC,ANN_CNT,IMP,_Z,_Z,428,2019,119725472.83,,,,0
FCSA:DF_TRADE_COUNTRY_YR(5.1.0),AE,A,AED,FCSC,ANN_CNT,IMP,_Z,_Z,428,2020,266963675.88,,,,0
FCSA:DF_TRADE_COUNTRY_YR(5.1.0),AE,A,AED,FCSC,ANN_CNT,IMP,_Z,_Z,428,2021,105297305.63,,,,0
FCSA:DF_TRADE_COUNTRY_YR(5.1.0),AE,A,AED,FCSC,ANN_CNT,IMP,_Z,_Z,428,2022,126983638.71,,,,0
FCSA:DF_TRADE_COUNTRY_YR(5.1.0),AE,A,AED,FCSC,ANN_CNT,IMP,_Z,_Z,428,2023,183938685.18,,,,0
FCSA:DF_TRADE_COUNTRY_YR(5.1.0),AE,A,AED,FCSC,ANN_CNT,IMP,_Z,_Z,428,2024,230160293.78,,,,0
FCSA:DF_TRADE_COUNTRY_YR(5.1.0),AE,A,AED,FCSC,ANN_CNT,TNOEXP,_Z,_Z,233,2017,58901092.49,,,,0
FCSA:DF_TRADE_COUNTRY_YR(5.1.0),AE,A,AED,FCSC,ANN_CNT,TNOEXP,_Z,_Z,233,2018,62897774.61,,,,0
FCSA:DF_TRADE_COUNTRY_YR(5.1.0),AE,A,AED,FCSC,ANN_CNT,TNOEXP,_Z,_Z,233,2019,98068439.79,,,,0
FCSA:DF_TRADE_COUNTRY_YR(5.1.0),AE,A,AED,FCSC,ANN_CNT,TNOEXP,_Z,_Z,233,2020,79549657.70,,,,0
FCSA:DF_TRADE_COUNTRY_YR(5.1.0),AE,A,AED,FCSC,ANN_CNT,TNOEXP,_Z,_Z,233,2021,272409329.46,,,,0
FCSA:DF_TRADE_COUNTRY_YR(5.1.0),AE,A,AED,FCSC,ANN_CNT,TNOEXP,_Z,_Z,233,2022,94833911.71,,,,0
FCSA:DF_TRADE_COUNTRY_YR(5.1.0),AE,A,AED,FCSC,ANN_CNT,TNOEXP,_Z,_Z,233,2023,152505886.98,,,,0
FCSA:DF_TRADE_COUNTRY_YR(5.1.0),AE,A,AED,FCSC,ANN_CNT,TNOEXP,_Z,_Z,233,2024,153771362.57,,,,0
FCSA:DF_TRADE_COUNTRY_YR(5.1.0),AE,A,AED,FCSC,ANN_CNT,NOEXP,_Z,_Z,581,2019,0.00,,,,0
FCSA:DF_TRADE_COUNTRY_YR(5.1.0),AE,A,AED,FCSC,ANN_CNT,NOEXP,_Z,_Z,581,2020,0.00,,,,0
FCSA:DF_TRADE_COUNTRY_YR(5.1.0),AE,A,AED,FCSC,ANN_CNT,NOEXP,_Z,_Z,581,2021,0.00,,,,0
FCSA:DF_TRADE_COUNTRY_YR(5.1.0),AE,A,AED,FCSC,ANN_CNT,NOEXP,_Z,_Z,581,2022,0.00,,,,0
FCSA:DF_TRADE_COUNTRY_YR(5.1.0),AE,A,AED,FCSC,ANN_CNT,NOEXP,_Z,_Z,581,2023,0.00,,,,0
FCSA:DF_TRADE_COUNTRY_YR(5.1.0),AE,A,AED,FCSC,ANN_CNT,NOEXP,_Z,_Z,581,2024,6930089.25,,,,0
FCSA:DF_TRADE_COUNTRY_YR(5.1.0),AE,A,AED,FCSC,ANN_CNT,REEXP,_Z,_Z,891,2022,0.00,,,,0
FCSA:DF_TRADE_COUNTRY_YR(5.1.0),AE,A,AED,FCSC,ANN_CNT,REEXP,_Z,_Z,891,2023,14888.00,,,,0
FCSA:DF_TRADE_COUNTRY_YR(5.1.0),AE,A,AED,FCSC,ANN_CNT,REEXP,_Z,_Z,891,2024,64582.00,,,,0
FCSA:DF_TRADE_COUNTRY_YR(5.1.0),AE,A,AED,FCSC,ANN_CNT,IMP,_Z,_Z,578,2017,1951008222.45,,,,0
FCSA:DF_TRADE_COUNTRY_YR(5.1.0),AE,A,AED,FCSC,ANN_CNT,IMP,_Z,_Z,578,2018,1126795477.16,,,,0
FCSA:DF_TRADE_COUNTRY_YR(5.1.0),AE,A,AED,FCSC,ANN_CNT,IMP,_Z,_Z,578,2019,1502875202.77,,,,0
FCSA:DF_TRADE_COUNTRY_YR(5.1.0),AE,A,AED,FCSC,ANN_CNT,IMP,_Z,_Z,578,2020,1012523100.98,,,,0
FCSA:DF_TRADE_COUNTRY_YR(5.1.0),AE,A,AED,FCSC,ANN_CNT,IMP,_Z,_Z,578,2021,1005563030.14,,,,0
FCSA:DF_TRADE_COUNTRY_YR(5.1.0),AE,A,AED,FCSC,ANN_CNT,IMP,_Z,_Z,578,2022,990316920.87,,,,0
FCSA:DF_TRADE_COUNTRY_YR(5.1.0),AE,A,AED,FCSC,ANN_CNT,IMP,_Z,_Z,578,2023,1536965985.70,,,,0
FCSA:DF_TRADE_COUNTRY_YR(5.1.0),AE,A,AED,FCSC,ANN_CNT,IMP,_Z,_Z,578,2024,1353196879.43,,,,0
FCSA:DF_TRADE_COUNTRY_YR(5.1.0),AE,A,AED,FCSC,ANN_CNT,TNOEXP,_Z,_Z,854,2017,245560137.38,,,,0
FCSA:DF_TRADE_COUNTRY_YR(5.1.0),AE,A,AED,FCSC,ANN_CNT,TNOEXP,_Z,_Z,854,2018,255543491.61,,,,0
FCSA:DF_TRADE_COUNTRY_YR(5.1.0),AE,A,AED,FCSC,ANN_CNT,TNOEXP,_Z,_Z,854,2019,296692177.10,,,,0
FCSA:DF_TRADE_COUNTRY_YR(5.1.0),AE,A,AED,FCSC,ANN_CNT,TNOEXP,_Z,_Z,854,2020,304138401.76,,,,0
FCSA:DF_TRADE_COUNTRY_YR(5.1.0),AE,A,AED,FCSC,ANN_CNT,TNOEXP,_Z,_Z,854,2021,380488422.44,,,,0
FCSA:DF_TRADE_COUNTRY_YR(5.1.0),AE,A,AED,FCSC,ANN_CNT,TNOEXP,_Z,_Z,854,2022,403341523.34,,,,0
FCSA:DF_TRADE_COUNTRY_YR(5.1.0),AE,A,AED,FCSC,ANN_CNT,TNOEXP,_Z,_Z,854,2023,394355098.08,,,,0
FCSA:DF_TRADE_COUNTRY_YR(5.1.0),AE,A,AED,FCSC,ANN_CNT,TNOEXP,_Z,_Z,854,2024,474290024.32,,,,0
FCSA:DF_TRADE_COUNTRY_YR(5.1.0),AE,A,AED,FCSC,ANN_CNT,IMP,_Z,_Z,426,2017,210132161.14,,,,0
FCSA:DF_TRADE_COUNTRY_YR(5.1.0),AE,A,AED,FCSC,ANN_CNT,IMP,_Z,_Z,426,2018,203589392.77,,,,0
FCSA:DF_TRADE_COUNTRY_YR(5.1.0),AE,A,AED,FCSC,ANN_CNT,IMP,_Z,_Z,426,2019,147408419.18,,,,0
FCSA:DF_TRADE_COUNTRY_YR(5.1.0),AE,A,AED,FCSC,ANN_CNT,IMP,_Z,_Z,426,2020,103025333.03,,,,0
FCSA:DF_TRADE_COUNTRY_YR(5.1.0),AE,A,AED,FCSC,ANN_CNT,IMP,_Z,_Z,426,2021,192466769.09,,,,0
FCSA:DF_TRADE_COUNTRY_YR(5.1.0),AE,A,AED,FCSC,ANN_CNT,IMP,_Z,_Z,426,2022,270045667.42,,,,0
FCSA:DF_TRADE_COUNTRY_YR(5.1.0),AE,A,AED,FCSC,ANN_CNT,IMP,_Z,_Z,426,2023,349884969.82,,,,0
FCSA:DF_TRADE_COUNTRY_YR(5.1.0),AE,A,AED,FCSC,ANN_CNT,IMP,_Z,_Z,426,2024,443723515.84,,,,0
FCSA:DF_TRADE_COUNTRY_YR(5.1.0),AE,A,AED,FCSC,ANN_CNT,IMP,_Z,_Z,659,2017,0.00,,,,0
FCSA:DF_TRADE_COUNTRY_YR(5.1.0),AE,A,AED,FCSC,ANN_CNT,IMP,_Z,_Z,659,2018,42395.85,,,,0
FCSA:DF_TRADE_COUNTRY_YR(5.1.0),AE,A,AED,FCSC,ANN_CNT,IMP,_Z,_Z,659,2019,0.00,,,,0
FCSA:DF_TRADE_COUNTRY_YR(5.1.0),AE,A,AED,FCSC,ANN_CNT,IMP,_Z,_Z,659,2020,3286.52,,,,0
FCSA:DF_TRADE_COUNTRY_YR(5.1.0),AE,A,AED,FCSC,ANN_CNT,IMP,_Z,_Z,659,2021,531532.82,,,,0
FCSA:DF_TRADE_COUNTRY_YR(5.1.0),AE,A,AED,FCSC,ANN_CNT,IMP,_Z,_Z,659,2022,536243.65,,,,0
FCSA:DF_TRADE_COUNTRY_YR(5.1.0),AE,A,AED,FCSC,ANN_CNT,IMP,_Z,_Z,659,2023,390386.34,,,,0
FCSA:DF_TRADE_COUNTRY_YR(5.1.0),AE,A,AED,FCSC,ANN_CNT,IMP,_Z,_Z,659,2024,77741.35,,,,0
FCSA:DF_TRADE_COUNTRY_YR(5.1.0),AE,A,AED,FCSC,ANN_CNT,REEXP,_Z,_Z,292,2017,1326975.06,,,,0
FCSA:DF_TRADE_COUNTRY_YR(5.1.0),AE,A,AED,FCSC,ANN_CNT,REEXP,_Z,_Z,292,2018,896066.74,,,,0
FCSA:DF_TRADE_COUNTRY_YR(5.1.0),AE,A,AED,FCSC,ANN_CNT,REEXP,_Z,_Z,292,2019,362769.77,,,,0
FCSA:DF_TRADE_COUNTRY_YR(5.1.0),AE,A,AED,FCSC,ANN_CNT,REEXP,_Z,_Z,292,2020,544879.68,,,,0
FCSA:DF_TRADE_COUNTRY_YR(5.1.0),AE,A,AED,FCSC,ANN_CNT,REEXP,_Z,_Z,292,2021,2896363.34,,,,0
FCSA:DF_TRADE_COUNTRY_YR(5.1.0),AE,A,AED,FCSC,ANN_CNT,REEXP,_Z,_Z,292,2022,1159892.95,,,,0
FCSA:DF_TRADE_COUNTRY_YR(5.1.0),AE,A,AED,FCSC,ANN_CNT,REEXP,_Z,_Z,292,2023,1591672.28,,,,0
FCSA:DF_TRADE_COUNTRY_YR(5.1.0),AE,A,AED,FCSC,ANN_CNT,REEXP,_Z,_Z,292,2024,698616.95,,,,0
FCSA:DF_TRADE_COUNTRY_YR(5.1.0),AE,A,AED,FCSC,ANN_CNT,TTRADE,_Z,_Z,292,2017,1494175.06,,,,0
FCSA:DF_TRADE_COUNTRY_YR(5.1.0),AE,A,AED,FCSC,ANN_CNT,TTRADE,_Z,_Z,292,2018,6800261.73,,,,0
FCSA:DF_TRADE_COUNTRY_YR(5.1.0),AE,A,AED,FCSC,ANN_CNT,TTRADE,_Z,_Z,292,2019,109344022.33,,,,0
FCSA:DF_TRADE_COUNTRY_YR(5.1.0),AE,A,AED,FCSC,ANN_CNT,TTRADE,_Z,_Z,292,2020,693804.90,,,,0
FCSA:DF_TRADE_COUNTRY_YR(5.1.0),AE,A,AED,FCSC,ANN_CNT,TTRADE,_Z,_Z,292,2021,3017479.24,,,,0
FCSA:DF_TRADE_COUNTRY_YR(5.1.0),AE,A,AED,FCSC,ANN_CNT,TTRADE,_Z,_Z,292,2022,1208197.72,,,,0
FCSA:DF_TRADE_COUNTRY_YR(5.1.0),AE,A,AED,FCSC,ANN_CNT,TTRADE,_Z,_Z,292,2023,1617892.04,,,,0
FCSA:DF_TRADE_COUNTRY_YR(5.1.0),AE,A,AED,FCSC,ANN_CNT,TTRADE,_Z,_Z,292,2024,824371.53,,,,0
FCSA:DF_TRADE_COUNTRY_YR(5.1.0),AE,A,AED,FCSC,ANN_CNT,NOEXP,_Z,_Z,438,2017,0.00,,,,0
FCSA:DF_TRADE_COUNTRY_YR(5.1.0),AE,A,AED,FCSC,ANN_CNT,NOEXP,_Z,_Z,438,2018,11302.00,,,,0
FCSA:DF_TRADE_COUNTRY_YR(5.1.0),AE,A,AED,FCSC,ANN_CNT,NOEXP,_Z,_Z,438,2019,8650.12,,,,0
FCSA:DF_TRADE_COUNTRY_YR(5.1.0),AE,A,AED,FCSC,ANN_CNT,NOEXP,_Z,_Z,438,2020,0.00,,,,0
FCSA:DF_TRADE_COUNTRY_YR(5.1.0),AE,A,AED,FCSC,ANN_CNT,NOEXP,_Z,_Z,438,2021,9380000.00,,,,0
FCSA:DF_TRADE_COUNTRY_YR(5.1.0),AE,A,AED,FCSC,ANN_CNT,NOEXP,_Z,_Z,438,2022,0.00,,,,0
FCSA:DF_TRADE_COUNTRY_YR(5.1.0),AE,A,AED,FCSC,ANN_CNT,NOEXP,_Z,_Z,438,2023,58319.87,,,,0
FCSA:DF_TRADE_COUNTRY_YR(5.1.0),AE,A,AED,FCSC,ANN_CNT,NOEXP,_Z,_Z,438,2024,0.00,,,,0
FCSA:DF_TRADE_COUNTRY_YR(5.1.0),AE,A,AED,FCSC,ANN_CNT,IMP,_Z,_Z,92,2017,842779.62,,,,0
FCSA:DF_TRADE_COUNTRY_YR(5.1.0),AE,A,AED,FCSC,ANN_CNT,IMP,_Z,_Z,92,2018,49585.46,,,,0
FCSA:DF_TRADE_COUNTRY_YR(5.1.0),AE,A,AED,FCSC,ANN_CNT,IMP,_Z,_Z,92,2019,9718.00,,,,0
FCSA:DF_TRADE_COUNTRY_YR(5.1.0),AE,A,AED,FCSC,ANN_CNT,IMP,_Z,_Z,92,2020,67939.11,,,,0
FCSA:DF_TRADE_COUNTRY_YR(5.1.0),AE,A,AED,FCSC,ANN_CNT,IMP,_Z,_Z,92,2021,3324.72,,,,0
FCSA:DF_TRADE_COUNTRY_YR(5.1.0),AE,A,AED,FCSC,ANN_CNT,IMP,_Z,_Z,92,2022,18286.19,,,,0
FCSA:DF_TRADE_COUNTRY_YR(5.1.0),AE,A,AED,FCSC,ANN_CNT,IMP,_Z,_Z,92,2023,6031.47,,,,0
FCSA:DF_TRADE_COUNTRY_YR(5.1.0),AE,A,AED,FCSC,ANN_CNT,IMP,_Z,_Z,92,2024,1371929.52,,,,0
FCSA:DF_TRADE_COUNTRY_YR(5.1.0),AE,A,AED,FCSC,ANN_CNT,NOEXP,_Z,_Z,830,2017,0.00,,,,0
FCSA:DF_TRADE_COUNTRY_YR(5.1.0),AE,A,AED,FCSC,ANN_CNT,NOEXP,_Z,_Z,830,2018,0.00,,,,0
FCSA:DF_TRADE_COUNTRY_YR(5.1.0),AE,A,AED,FCSC,ANN_CNT,NOEXP,_Z,_Z,830,2019,0.00,,,,0
FCSA:DF_TRADE_COUNTRY_YR(5.1.0),AE,A,AED,FCSC,ANN_CNT,NOEXP,_Z,_Z,830,2020,0.00,,,,0
FCSA:DF_TRADE_COUNTRY_YR(5.1.0),AE,A,AED,FCSC,ANN_CNT,NOEXP,_Z,_Z,830,2021,0.00,,,,0
FCSA:DF_TRADE_COUNTRY_YR(5.1.0),AE,A,AED,FCSC,ANN_CNT,NOEXP,_Z,_Z,830,2022,0.00,,,,0
FCSA:DF_TRADE_COUNTRY_YR(5.1.0),AE,A,AED,FCSC,ANN_CNT,NOEXP,_Z,_Z,830,2023,0.00,,,,0
FCSA:DF_TRADE_COUNTRY_YR(5.1.0),AE,A,AED,FCSC,ANN_CNT,NOEXP,_Z,_Z,830,2024,0.00,,,,0
FCSA:DF_TRADE_COUNTRY_YR(5.1.0),AE,A,AED,FCSC,ANN_CNT,IMP,_Z,_Z,316,2017,1465.00,,,,0
FCSA:DF_TRADE_COUNTRY_YR(5.1.0),AE,A,AED,FCSC,ANN_CNT,IMP,_Z,_Z,316,2018,20000.00,,,,0
FCSA:DF_TRADE_COUNTRY_YR(5.1.0),AE,A,AED,FCSC,ANN_CNT,IMP,_Z,_Z,316,2019,6331.80,,,,0
FCSA:DF_TRADE_COUNTRY_YR(5.1.0),AE,A,AED,FCSC,ANN_CNT,IMP,_Z,_Z,316,2020,3285.18,,,,0
FCSA:DF_TRADE_COUNTRY_YR(5.1.0),AE,A,AED,FCSC,ANN_CNT,IMP,_Z,_Z,316,2021,16700.12,,,,0
FCSA:DF_TRADE_COUNTRY_YR(5.1.0),AE,A,AED,FCSC,ANN_CNT,IMP,_Z,_Z,316,2022,9336.95,,,,0
FCSA:DF_TRADE_COUNTRY_YR(5.1.0),AE,A,AED,FCSC,ANN_CNT,IMP,_Z,_Z,316,2023,1315.45,,,,0
FCSA:DF_TRADE_COUNTRY_YR(5.1.0),AE,A,AED,FCSC,ANN_CNT,IMP,_Z,_Z,316,2024,223991.26,,,,0
FCSA:DF_TRADE_COUNTRY_YR(5.1.0),AE,A,AED,FCSC,ANN_CNT,TNOEXP,_Z,_Z,392,2017,6684643892.68,,,,0
FCSA:DF_TRADE_COUNTRY_YR(5.1.0),AE,A,AED,FCSC,ANN_CNT,TNOEXP,_Z,_Z,392,2018,3548690902.30,,,,0
FCSA:DF_TRADE_COUNTRY_YR(5.1.0),AE,A,AED,FCSC,ANN_CNT,TNOEXP,_Z,_Z,392,2019,7430663867.53,,,,0
FCSA:DF_TRADE_COUNTRY_YR(5.1.0),AE,A,AED,FCSC,ANN_CNT,TNOEXP,_Z,_Z,392,2020,5200882744.31,,,,0
FCSA:DF_TRADE_COUNTRY_YR(5.1.0),AE,A,AED,FCSC,ANN_CNT,TNOEXP,_Z,_Z,392,2021,9313522209.48,,,,0
FCSA:DF_TRADE_COUNTRY_YR(5.1.0),AE,A,AED,FCSC,ANN_CNT,TNOEXP,_Z,_Z,392,2022,10011853095.29,,,,0
FCSA:DF_TRADE_COUNTRY_YR(5.1.0),AE,A,AED,FCSC,ANN_CNT,TNOEXP,_Z,_Z,392,2023,7813220971.24,,,,0
FCSA:DF_TRADE_COUNTRY_YR(5.1.0),AE,A,AED,FCSC,ANN_CNT,TNOEXP,_Z,_Z,392,2024,5466044679.12,,,,0
FCSA:DF_TRADE_COUNTRY_YR(5.1.0),AE,A,AED,FCSC,ANN_CNT,IMP,_Z,_Z,288,2017,2877630939.14,,,,0
FCSA:DF_TRADE_COUNTRY_YR(5.1.0),AE,A,AED,FCSC,ANN_CNT,IMP,_Z,_Z,288,2018,2907790057.53,,,,0
FCSA:DF_TRADE_COUNTRY_YR(5.1.0),AE,A,AED,FCSC,ANN_CNT,IMP,_Z,_Z,288,2019,4795255234.79,,,,0
FCSA:DF_TRADE_COUNTRY_YR(5.1.0),AE,A,AED,FCSC,ANN_CNT,IMP,_Z,_Z,288,2020,6012283053.48,,,,0
FCSA:DF_TRADE_COUNTRY_YR(5.1.0),AE,A,AED,FCSC,ANN_CNT,IMP,_Z,_Z,288,2021,6369714591.75,,,,0
FCSA:DF_TRADE_COUNTRY_YR(5.1.0),AE,A,AED,FCSC,ANN_CNT,IMP,_Z,_Z,288,2022,17345428993.02,,,,0
FCSA:DF_TRADE_COUNTRY_YR(5.1.0),AE,A,AED,FCSC,ANN_CNT,IMP,_Z,_Z,288,2023,11950326054.64,,,,0
FCSA:DF_TRADE_COUNTRY_YR(5.1.0),AE,A,AED,FCSC,ANN_CNT,IMP,_Z,_Z,288,2024,22339180832.92,,,,0
FCSA:DF_TRADE_COUNTRY_YR(5.1.0),AE,A,AED,FCSC,ANN_CNT,TTRADE,_Z,_Z,372,2017,2788502141.61,,,,0
FCSA:DF_TRADE_COUNTRY_YR(5.1.0),AE,A,AED,FCSC,ANN_CNT,TTRADE,_Z,_Z,372,2018,2503005451.37,,,,0
FCSA:DF_TRADE_COUNTRY_YR(5.1.0),AE,A,AED,FCSC,ANN_CNT,TTRADE,_Z,_Z,372,2019,2548434735.29,,,,0
FCSA:DF_TRADE_COUNTRY_YR(5.1.0),AE,A,AED,FCSC,ANN_CNT,TTRADE,_Z,_Z,372,2020,2742386889.89,,,,0
FCSA:DF_TRADE_COUNTRY_YR(5.1.0),AE,A,AED,FCSC,ANN_CNT,TTRADE,_Z,_Z,372,2021,3100319535.41,,,,0
FCSA:DF_TRADE_COUNTRY_YR(5.1.0),AE,A,AED,FCSC,ANN_CNT,TTRADE,_Z,_Z,372,2022,3679074126.10,,,,0
FCSA:DF_TRADE_COUNTRY_YR(5.1.0),AE,A,AED,FCSC,ANN_CNT,TTRADE,_Z,_Z,372,2023,4007239058.01,,,,0
FCSA:DF_TRADE_COUNTRY_YR(5.1.0),AE,A,AED,FCSC,ANN_CNT,TTRADE,_Z,_Z,372,2024,670072233.11,,,,0
FCSA:DF_TRADE_COUNTRY_YR(5.1.0),AE,A,AED,FCSC,ANN_CNT,REEXP,_Z,_Z,226,2017,51292118.65,,,,0
FCSA:DF_TRADE_COUNTRY_YR(5.1.0),AE,A,AED,FCSC,ANN_CNT,REEXP,_Z,_Z,226,2018,66320426.78,,,,0
FCSA:DF_TRADE_COUNTRY_YR(5.1.0),AE,A,AED,FCSC,ANN_CNT,REEXP,_Z,_Z,226,2019,172291372.53,,,,0
FCSA:DF_TRADE_COUNTRY_YR(5.1.0),AE,A,AED,FCSC,ANN_CNT,REEXP,_Z,_Z,226,2020,79290245.44,,,,0
FCSA:DF_TRADE_COUNTRY_YR(5.1.0),AE,A,AED,FCSC,ANN_CNT,REEXP,_Z,_Z,226,2021,74062361.25,,,,0
FCSA:DF_TRADE_COUNTRY_YR(5.1.0),AE,A,AED,FCSC,ANN_CNT,REEXP,_Z,_Z,226,2022,60994667.01,,,,0
FCSA:DF_TRADE_COUNTRY_YR(5.1.0),AE,A,AED,FCSC,ANN_CNT,REEXP,_Z,_Z,226,2023,75696725.59,,,,0
FCSA:DF_TRADE_COUNTRY_YR(5.1.0),AE,A,AED,FCSC,ANN_CNT,REEXP,_Z,_Z,226,2024,71249776.19,,,,0
FCSA:DF_TRADE_COUNTRY_YR(5.1.0),AE,A,AED,FCSC,ANN_CNT,NOEXP,_Z,_Z,854,2017,132051954.71,,,,0
FCSA:DF_TRADE_COUNTRY_YR(5.1.0),AE,A,AED,FCSC,ANN_CNT,NOEXP,_Z,_Z,854,2018,144331529.02,,,,0
FCSA:DF_TRADE_COUNTRY_YR(5.1.0),AE,A,AED,FCSC,ANN_CNT,NOEXP,_Z,_Z,854,2019,133867275.51,,,,0
FCSA:DF_TRADE_COUNTRY_YR(5.1.0),AE,A,AED,FCSC,ANN_CNT,NOEXP,_Z,_Z,854,2020,100474380.75,,,,0
FCSA:DF_TRADE_COUNTRY_YR(5.1.0),AE,A,AED,FCSC,ANN_CNT,NOEXP,_Z,_Z,854,2021,95698461.22,,,,0
FCSA:DF_TRADE_COUNTRY_YR(5.1.0),AE,A,AED,FCSC,ANN_CNT,NOEXP,_Z,_Z,854,2022,119793278.72,,,,0
FCSA:DF_TRADE_COUNTRY_YR(5.1.0),AE,A,AED,FCSC,ANN_CNT,NOEXP,_Z,_Z,854,2023,151040980.68,,,,0
FCSA:DF_TRADE_COUNTRY_YR(5.1.0),AE,A,AED,FCSC,ANN_CNT,NOEXP,_Z,_Z,854,2024,125142125.42,,,,0
FCSA:DF_TRADE_COUNTRY_YR(5.1.0),AE,A,AED,FCSC,ANN_CNT,TNOEXP,_Z,_Z,203,2017,352775073.41,,,,0
FCSA:DF_TRADE_COUNTRY_YR(5.1.0),AE,A,AED,FCSC,ANN_CNT,TNOEXP,_Z,_Z,203,2018,487112887.65,,,,0
FCSA:DF_TRADE_COUNTRY_YR(5.1.0),AE,A,AED,FCSC,ANN_CNT,TNOEXP,_Z,_Z,203,2019,1232709355.53,,,,0
FCSA:DF_TRADE_COUNTRY_YR(5.1.0),AE,A,AED,FCSC,ANN_CNT,TNOEXP,_Z,_Z,203,2020,768971405.21,,,,0
FCSA:DF_TRADE_COUNTRY_YR(5.1.0),AE,A,AED,FCSC,ANN_CNT,TNOEXP,_Z,_Z,203,2021,1241059695.52,,,,0
FCSA:DF_TRADE_COUNTRY_YR(5.1.0),AE,A,AED,FCSC,ANN_CNT,TNOEXP,_Z,_Z,203,2022,930366835.01,,,,0
FCSA:DF_TRADE_COUNTRY_YR(5.1.0),AE,A,AED,FCSC,ANN_CNT,TNOEXP,_Z,_Z,203,2023,1296873750.64,,,,0
FCSA:DF_TRADE_COUNTRY_YR(5.1.0),AE,A,AED,FCSC,ANN_CNT,TNOEXP,_Z,_Z,203,2024,1482027286.64,,,,0
FCSA:DF_TRADE_COUNTRY_YR(5.1.0),AE,A,AED,FCSC,ANN_CNT,NOEXP,_Z,_Z,192,2017,4737149.79,,,,0
FCSA:DF_TRADE_COUNTRY_YR(5.1.0),AE,A,AED,FCSC,ANN_CNT,NOEXP,_Z,_Z,192,2018,4622575.36,,,,0
FCSA:DF_TRADE_COUNTRY_YR(5.1.0),AE,A,AED,FCSC,ANN_CNT,NOEXP,_Z,_Z,192,2019,227124.98,,,,0
FCSA:DF_TRADE_COUNTRY_YR(5.1.0),AE,A,AED,FCSC,ANN_CNT,NOEXP,_Z,_Z,192,2020,198616.96,,,,0
FCSA:DF_TRADE_COUNTRY_YR(5.1.0),AE,A,AED,FCSC,ANN_CNT,NOEXP,_Z,_Z,192,2021,496025.46,,,,0
FCSA:DF_TRADE_COUNTRY_YR(5.1.0),AE,A,AED,FCSC,ANN_CNT,NOEXP,_Z,_Z,192,2022,5514442.70,,,,0
FCSA:DF_TRADE_COUNTRY_YR(5.1.0),AE,A,AED,FCSC,ANN_CNT,NOEXP,_Z,_Z,192,2023,4690124.81,,,,0
FCSA:DF_TRADE_COUNTRY_YR(5.1.0),AE,A,AED,FCSC,ANN_CNT,NOEXP,_Z,_Z,192,2024,13646804.10,,,,0
FCSA:DF_TRADE_COUNTRY_YR(5.1.0),AE,A,AED,FCSC,ANN_CNT,NOEXP,_Z,_Z,662,2017,203614.34,,,,0
FCSA:DF_TRADE_COUNTRY_YR(5.1.0),AE,A,AED,FCSC,ANN_CNT,NOEXP,_Z,_Z,662,2018,15584.75,,,,0
FCSA:DF_TRADE_COUNTRY_YR(5.1.0),AE,A,AED,FCSC,ANN_CNT,NOEXP,_Z,_Z,662,2019,84201.90,,,,0
FCSA:DF_TRADE_COUNTRY_YR(5.1.0),AE,A,AED,FCSC,ANN_CNT,NOEXP,_Z,_Z,662,2020,415484.39,,,,0
FCSA:DF_TRADE_COUNTRY_YR(5.1.0),AE,A,AED,FCSC,ANN_CNT,NOEXP,_Z,_Z,662,2021,221285.63,,,,0
FCSA:DF_TRADE_COUNTRY_YR(5.1.0),AE,A,AED,FCSC,ANN_CNT,NOEXP,_Z,_Z,662,2022,264073.81,,,,0
FCSA:DF_TRADE_COUNTRY_YR(5.1.0),AE,A,AED,FCSC,ANN_CNT,NOEXP,_Z,_Z,662,2023,126402.08,,,,0
FCSA:DF_TRADE_COUNTRY_YR(5.1.0),AE,A,AED,FCSC,ANN_CNT,NOEXP,_Z,_Z,662,2024,416144.60,,,,0
FCSA:DF_TRADE_COUNTRY_YR(5.1.0),AE,A,AED,FCSC,ANN_CNT,REEXP,_Z,_Z,162,2017,187208.49,,,,0
FCSA:DF_TRADE_COUNTRY_YR(5.1.0),AE,A,AED,FCSC,ANN_CNT,REEXP,_Z,_Z,162,2018,0.00,,,,0
FCSA:DF_TRADE_COUNTRY_YR(5.1.0),AE,A,AED,FCSC,ANN_CNT,REEXP,_Z,_Z,162,2019,0.00,,,,0
FCSA:DF_TRADE_COUNTRY_YR(5.1.0),AE,A,AED,FCSC,ANN_CNT,REEXP,_Z,_Z,162,2020,0.00,,,,0
FCSA:DF_TRADE_COUNTRY_YR(5.1.0),AE,A,AED,FCSC,ANN_CNT,REEXP,_Z,_Z,162,2021,0.00,,,,0
FCSA:DF_TRADE_COUNTRY_YR(5.1.0),AE,A,AED,FCSC,ANN_CNT,REEXP,_Z,_Z,162,2022,204624.00,,,,0
FCSA:DF_TRADE_COUNTRY_YR(5.1.0),AE,A,AED,FCSC,ANN_CNT,REEXP,_Z,_Z,162,2023,0.00,,,,0
FCSA:DF_TRADE_COUNTRY_YR(5.1.0),AE,A,AED,FCSC,ANN_CNT,REEXP,_Z,_Z,162,2024,0.00,,,,0
FCSA:DF_TRADE_COUNTRY_YR(5.1.0),AE,A,AED,FCSC,ANN_CNT,REEXP,_Z,_Z,208,2017,201424664.06,,,,0
FCSA:DF_TRADE_COUNTRY_YR(5.1.0),AE,A,AED,FCSC,ANN_CNT,REEXP,_Z,_Z,208,2018,140714331.77,,,,0
FCSA:DF_TRADE_COUNTRY_YR(5.1.0),AE,A,AED,FCSC,ANN_CNT,REEXP,_Z,_Z,208,2019,201190688.27,,,,0
FCSA:DF_TRADE_COUNTRY_YR(5.1.0),AE,A,AED,FCSC,ANN_CNT,REEXP,_Z,_Z,208,2020,197445974.51,,,,0
FCSA:DF_TRADE_COUNTRY_YR(5.1.0),AE,A,AED,FCSC,ANN_CNT,REEXP,_Z,_Z,208,2021,290692961.53,,,,0
FCSA:DF_TRADE_COUNTRY_YR(5.1.0),AE,A,AED,FCSC,ANN_CNT,REEXP,_Z,_Z,208,2022,220381394.08,,,,0
FCSA:DF_TRADE_COUNTRY_YR(5.1.0),AE,A,AED,FCSC,ANN_CNT,REEXP,_Z,_Z,208,2023,255916586.89,,,,0
FCSA:DF_TRADE_COUNTRY_YR(5.1.0),AE,A,AED,FCSC,ANN_CNT,REEXP,_Z,_Z,208,2024,201574860.68,,,,0
FCSA:DF_TRADE_COUNTRY_YR(5.1.0),AE,A,AED,FCSC,ANN_CNT,IMP,_Z,_Z,600,2017,84925459.71,,,,0
FCSA:DF_TRADE_COUNTRY_YR(5.1.0),AE,A,AED,FCSC,ANN_CNT,IMP,_Z,_Z,600,2018,138381305.24,,,,0
FCSA:DF_TRADE_COUNTRY_YR(5.1.0),AE,A,AED,FCSC,ANN_CNT,IMP,_Z,_Z,600,2019,151877885.74,,,,0
FCSA:DF_TRADE_COUNTRY_YR(5.1.0),AE,A,AED,FCSC,ANN_CNT,IMP,_Z,_Z,600,2020,71616879.01,,,,0
FCSA:DF_TRADE_COUNTRY_YR(5.1.0),AE,A,AED,FCSC,ANN_CNT,IMP,_Z,_Z,600,2021,31813535.05,,,,0
FCSA:DF_TRADE_COUNTRY_YR(5.1.0),AE,A,AED,FCSC,ANN_CNT,IMP,_Z,_Z,600,2022,156623448.74,,,,0
FCSA:DF_TRADE_COUNTRY_YR(5.1.0),AE,A,AED,FCSC,ANN_CNT,IMP,_Z,_Z,600,2023,541628582.18,,,,0
FCSA:DF_TRADE_COUNTRY_YR(5.1.0),AE,A,AED,FCSC,ANN_CNT,IMP,_Z,_Z,600,2024,459865196.38,,,,0
FCSA:DF_TRADE_COUNTRY_YR(5.1.0),AE,A,AED,FCSC,ANN_CNT,REEXP,_Z,_Z,320,2017,9591032.52,,,,0
FCSA:DF_TRADE_COUNTRY_YR(5.1.0),AE,A,AED,FCSC,ANN_CNT,REEXP,_Z,_Z,320,2018,9592908.08,,,,0
FCSA:DF_TRADE_COUNTRY_YR(5.1.0),AE,A,AED,FCSC,ANN_CNT,REEXP,_Z,_Z,320,2019,17133710.64,,,,0
FCSA:DF_TRADE_COUNTRY_YR(5.1.0),AE,A,AED,FCSC,ANN_CNT,REEXP,_Z,_Z,320,2020,19816889.90,,,,0
FCSA:DF_TRADE_COUNTRY_YR(5.1.0),AE,A,AED,FCSC,ANN_CNT,REEXP,_Z,_Z,320,2021,23799207.14,,,,0
FCSA:DF_TRADE_COUNTRY_YR(5.1.0),AE,A,AED,FCSC,ANN_CNT,REEXP,_Z,_Z,320,2022,22266790.27,,,,0
FCSA:DF_TRADE_COUNTRY_YR(5.1.0),AE,A,AED,FCSC,ANN_CNT,REEXP,_Z,_Z,320,2023,20657894.11,,,,0
FCSA:DF_TRADE_COUNTRY_YR(5.1.0),AE,A,AED,FCSC,ANN_CNT,REEXP,_Z,_Z,320,2024,27730506.15,,,,0
FCSA:DF_TRADE_COUNTRY_YR(5.1.0),AE,A,AED,FCSC,ANN_CNT,TTRADE,_Z,_Z,320,2017,314273368.35,,,,0
FCSA:DF_TRADE_COUNTRY_YR(5.1.0),AE,A,AED,FCSC,ANN_CNT,TTRADE,_Z,_Z,320,2018,332392199.53,,,,0
FCSA:DF_TRADE_COUNTRY_YR(5.1.0),AE,A,AED,FCSC,ANN_CNT,TTRADE,_Z,_Z,320,2019,479819057.02,,,,0
FCSA:DF_TRADE_COUNTRY_YR(5.1.0),AE,A,AED,FCSC,ANN_CNT,TTRADE,_Z,_Z,320,2020,554210451.73,,,,0
FCSA:DF_TRADE_COUNTRY_YR(5.1.0),AE,A,AED,FCSC,ANN_CNT,TTRADE,_Z,_Z,320,2021,424812099.88,,,,0
FCSA:DF_TRADE_COUNTRY_YR(5.1.0),AE,A,AED,FCSC,ANN_CNT,TTRADE,_Z,_Z,320,2022,390752892.14,,,,0
FCSA:DF_TRADE_COUNTRY_YR(5.1.0),AE,A,AED,FCSC,ANN_CNT,TTRADE,_Z,_Z,320,2023,446034598.98,,,,0
FCSA:DF_TRADE_COUNTRY_YR(5.1.0),AE,A,AED,FCSC,ANN_CNT,TTRADE,_Z,_Z,320,2024,699248678.58,,,,0
FCSA:DF_TRADE_COUNTRY_YR(5.1.0),AE,A,AED,FCSC,ANN_CNT,TTRADE,_Z,_Z,442,2017,329815601.10,,,,0
FCSA:DF_TRADE_COUNTRY_YR(5.1.0),AE,A,AED,FCSC,ANN_CNT,TTRADE,_Z,_Z,442,2018,336690446.90,,,,0
FCSA:DF_TRADE_COUNTRY_YR(5.1.0),AE,A,AED,FCSC,ANN_CNT,TTRADE,_Z,_Z,442,2019,442649599.06,,,,0
FCSA:DF_TRADE_COUNTRY_YR(5.1.0),AE,A,AED,FCSC,ANN_CNT,TTRADE,_Z,_Z,442,2020,336930884.43,,,,0
FCSA:DF_TRADE_COUNTRY_YR(5.1.0),AE,A,AED,FCSC,ANN_CNT,TTRADE,_Z,_Z,442,2021,234718365.73,,,,0
FCSA:DF_TRADE_COUNTRY_YR(5.1.0),AE,A,AED,FCSC,ANN_CNT,TTRADE,_Z,_Z,442,2022,311669063.19,,,,0
FCSA:DF_TRADE_COUNTRY_YR(5.1.0),AE,A,AED,FCSC,ANN_CNT,TTRADE,_Z,_Z,442,2023,1042166238.42,,,,0
FCSA:DF_TRADE_COUNTRY_YR(5.1.0),AE,A,AED,FCSC,ANN_CNT,TTRADE,_Z,_Z,442,2024,426709874.90,,,,0
FCSA:DF_TRADE_COUNTRY_YR(5.1.0),AE,A,AED,FCSC,ANN_CNT,TTRADE,_Z,_Z,670,2017,554079.97,,,,0
FCSA:DF_TRADE_COUNTRY_YR(5.1.0),AE,A,AED,FCSC,ANN_CNT,TTRADE,_Z,_Z,670,2018,196561.43,,,,0
FCSA:DF_TRADE_COUNTRY_YR(5.1.0),AE,A,AED,FCSC,ANN_CNT,TTRADE,_Z,_Z,670,2019,199205.78,,,,0
FCSA:DF_TRADE_COUNTRY_YR(5.1.0),AE,A,AED,FCSC,ANN_CNT,TTRADE,_Z,_Z,670,2020,390379.88,,,,0
FCSA:DF_TRADE_COUNTRY_YR(5.1.0),AE,A,AED,FCSC,ANN_CNT,TTRADE,_Z,_Z,670,2021,1140562.49,,,,0
FCSA:DF_TRADE_COUNTRY_YR(5.1.0),AE,A,AED,FCSC,ANN_CNT,TTRADE,_Z,_Z,670,2022,2244897.69,,,,0
FCSA:DF_TRADE_COUNTRY_YR(5.1.0),AE,A,AED,FCSC,ANN_CNT,TTRADE,_Z,_Z,670,2023,988395.33,,,,0
FCSA:DF_TRADE_COUNTRY_YR(5.1.0),AE,A,AED,FCSC,ANN_CNT,TTRADE,_Z,_Z,670,2024,3962352.66,,,,0
FCSA:DF_TRADE_COUNTRY_YR(5.1.0),AE,A,AED,FCSC,ANN_CNT,TNOEXP,_Z,_Z,312,2017,2009368.69,,,,0
FCSA:DF_TRADE_COUNTRY_YR(5.1.0),AE,A,AED,FCSC,ANN_CNT,TNOEXP,_Z,_Z,312,2018,3138216.66,,,,0
FCSA:DF_TRADE_COUNTRY_YR(5.1.0),AE,A,AED,FCSC,ANN_CNT,TNOEXP,_Z,_Z,312,2019,2448219.19,,,,0
FCSA:DF_TRADE_COUNTRY_YR(5.1.0),AE,A,AED,FCSC,ANN_CNT,TNOEXP,_Z,_Z,312,2020,1331066.76,,,,0
FCSA:DF_TRADE_COUNTRY_YR(5.1.0),AE,A,AED,FCSC,ANN_CNT,TNOEXP,_Z,_Z,312,2021,3416192.25,,,,0
FCSA:DF_TRADE_COUNTRY_YR(5.1.0),AE,A,AED,FCSC,ANN_CNT,TNOEXP,_Z,_Z,312,2022,2598957.73,,,,0
FCSA:DF_TRADE_COUNTRY_YR(5.1.0),AE,A,AED,FCSC,ANN_CNT,TNOEXP,_Z,_Z,312,2023,2922371.52,,,,0
FCSA:DF_TRADE_COUNTRY_YR(5.1.0),AE,A,AED,FCSC,ANN_CNT,TNOEXP,_Z,_Z,312,2024,2651618.45,,,,0
FCSA:DF_TRADE_COUNTRY_YR(5.1.0),AE,A,AED,FCSC,ANN_CNT,REEXP,_Z,_Z,903,2017,844911.00,,,,0
FCSA:DF_TRADE_COUNTRY_YR(5.1.0),AE,A,AED,FCSC,ANN_CNT,REEXP,_Z,_Z,903,2018,0.00,,,,0
FCSA:DF_TRADE_COUNTRY_YR(5.1.0),AE,A,AED,FCSC,ANN_CNT,REEXP,_Z,_Z,903,2019,2300.00,,,,0
FCSA:DF_TRADE_COUNTRY_YR(5.1.0),AE,A,AED,FCSC,ANN_CNT,REEXP,_Z,_Z,903,2020,0.00,,,,0
FCSA:DF_TRADE_COUNTRY_YR(5.1.0),AE,A,AED,FCSC,ANN_CNT,REEXP,_Z,_Z,903,2021,0.00,,,,0
FCSA:DF_TRADE_COUNTRY_YR(5.1.0),AE,A,AED,FCSC,ANN_CNT,REEXP,_Z,_Z,903,2022,0.00,,,,0
FCSA:DF_TRADE_COUNTRY_YR(5.1.0),AE,A,AED,FCSC,ANN_CNT,REEXP,_Z,_Z,903,2023,0.00,,,,0
FCSA:DF_TRADE_COUNTRY_YR(5.1.0),AE,A,AED,FCSC,ANN_CNT,REEXP,_Z,_Z,903,2024,5314.00,,,,0
FCSA:DF_TRADE_COUNTRY_YR(5.1.0),AE,A,AED,FCSC,ANN_CNT,TTRADE,_Z,_Z,903,2017,844911.00,,,,0
FCSA:DF_TRADE_COUNTRY_YR(5.1.0),AE,A,AED,FCSC,ANN_CNT,TTRADE,_Z,_Z,903,2018,150.00,,,,0
FCSA:DF_TRADE_COUNTRY_YR(5.1.0),AE,A,AED,FCSC,ANN_CNT,TTRADE,_Z,_Z,903,2019,2300.00,,,,0
FCSA:DF_TRADE_COUNTRY_YR(5.1.0),AE,A,AED,FCSC,ANN_CNT,TTRADE,_Z,_Z,903,2020,289084.00,,,,0
FCSA:DF_TRADE_COUNTRY_YR(5.1.0),AE,A,AED,FCSC,ANN_CNT,TTRADE,_Z,_Z,903,2021,474702.00,,,,0
FCSA:DF_TRADE_COUNTRY_YR(5.1.0),AE,A,AED,FCSC,ANN_CNT,TTRADE,_Z,_Z,903,2022,6266.00,,,,0
FCSA:DF_TRADE_COUNTRY_YR(5.1.0),AE,A,AED,FCSC,ANN_CNT,TTRADE,_Z,_Z,903,2023,6395.00,,,,0
FCSA:DF_TRADE_COUNTRY_YR(5.1.0),AE,A,AED,FCSC,ANN_CNT,TTRADE,_Z,_Z,903,2024,5314.00,,,,0
FCSA:DF_TRADE_COUNTRY_YR(5.1.0),AE,A,AED,FCSC,ANN_CNT,TNOEXP,_Z,_Z,276,2017,5714279507.51,,,,0
FCSA:DF_TRADE_COUNTRY_YR(5.1.0),AE,A,AED,FCSC,ANN_CNT,TNOEXP,_Z,_Z,276,2018,8514538409.74,,,,0
FCSA:DF_TRADE_COUNTRY_YR(5.1.0),AE,A,AED,FCSC,ANN_CNT,TNOEXP,_Z,_Z,276,2019,7759019423.49,,,,0
FCSA:DF_TRADE_COUNTRY_YR(5.1.0),AE,A,AED,FCSC,ANN_CNT,TNOEXP,_Z,_Z,276,2020,4842835102.32,,,,0
FCSA:DF_TRADE_COUNTRY_YR(5.1.0),AE,A,AED,FCSC,ANN_CNT,TNOEXP,_Z,_Z,276,2021,4837122136.59,,,,0
FCSA:DF_TRADE_COUNTRY_YR(5.1.0),AE,A,AED,FCSC,ANN_CNT,TNOEXP,_Z,_Z,276,2022,4771032056.76,,,,0
FCSA:DF_TRADE_COUNTRY_YR(5.1.0),AE,A,AED,FCSC,ANN_CNT,TNOEXP,_Z,_Z,276,2023,6525556387.76,,,,0
FCSA:DF_TRADE_COUNTRY_YR(5.1.0),AE,A,AED,FCSC,ANN_CNT,TNOEXP,_Z,_Z,276,2024,5993822473.06,,,,0
FCSA:DF_TRADE_COUNTRY_YR(5.1.0),AE,A,AED,FCSC,ANN_CNT,REEXP,_Z,_Z,780,2017,14221074.64,,,,0
FCSA:DF_TRADE_COUNTRY_YR(5.1.0),AE,A,AED,FCSC,ANN_CNT,REEXP,_Z,_Z,780,2018,25874999.93,,,,0
FCSA:DF_TRADE_COUNTRY_YR(5.1.0),AE,A,AED,FCSC,ANN_CNT,REEXP,_Z,_Z,780,2019,25620171.75,,,,0
FCSA:DF_TRADE_COUNTRY_YR(5.1.0),AE,A,AED,FCSC,ANN_CNT,REEXP,_Z,_Z,780,2020,14873090.43,,,,0
FCSA:DF_TRADE_COUNTRY_YR(5.1.0),AE,A,AED,FCSC,ANN_CNT,REEXP,_Z,_Z,780,2021,12887938.83,,,,0
FCSA:DF_TRADE_COUNTRY_YR(5.1.0),AE,A,AED,FCSC,ANN_CNT,REEXP,_Z,_Z,780,2022,17241936.80,,,,0
FCSA:DF_TRADE_COUNTRY_YR(5.1.0),AE,A,AED,FCSC,ANN_CNT,REEXP,_Z,_Z,780,2023,15107060.14,,,,0
FCSA:DF_TRADE_COUNTRY_YR(5.1.0),AE,A,AED,FCSC,ANN_CNT,REEXP,_Z,_Z,780,2024,33022008.31,,,,0
FCSA:DF_TRADE_COUNTRY_YR(5.1.0),AE,A,AED,FCSC,ANN_CNT,NOEXP,_Z,_Z,496,2017,2668393.99,,,,0
FCSA:DF_TRADE_COUNTRY_YR(5.1.0),AE,A,AED,FCSC,ANN_CNT,NOEXP,_Z,_Z,496,2018,11456308.60,,,,0
FCSA:DF_TRADE_COUNTRY_YR(5.1.0),AE,A,AED,FCSC,ANN_CNT,NOEXP,_Z,_Z,496,2019,10042227.50,,,,0
FCSA:DF_TRADE_COUNTRY_YR(5.1.0),AE,A,AED,FCSC,ANN_CNT,NOEXP,_Z,_Z,496,2020,6490675.06,,,,0
FCSA:DF_TRADE_COUNTRY_YR(5.1.0),AE,A,AED,FCSC,ANN_CNT,NOEXP,_Z,_Z,496,2021,2831635.24,,,,0
FCSA:DF_TRADE_COUNTRY_YR(5.1.0),AE,A,AED,FCSC,ANN_CNT,NOEXP,_Z,_Z,496,2022,2964197.89,,,,0
FCSA:DF_TRADE_COUNTRY_YR(5.1.0),AE,A,AED,FCSC,ANN_CNT,NOEXP,_Z,_Z,496,2023,7886110.40,,,,0
FCSA:DF_TRADE_COUNTRY_YR(5.1.0),AE,A,AED,FCSC,ANN_CNT,NOEXP,_Z,_Z,496,2024,18730210.93,,,,0
FCSA:DF_TRADE_COUNTRY_YR(5.1.0),AE,A,AED,FCSC,ANN_CNT,TTRADE,_Z,_Z,304,2017,273180.68,,,,0
FCSA:DF_TRADE_COUNTRY_YR(5.1.0),AE,A,AED,FCSC,ANN_CNT,TTRADE,_Z,_Z,304,2018,199528.89,,,,0
FCSA:DF_TRADE_COUNTRY_YR(5.1.0),AE,A,AED,FCSC,ANN_CNT,TTRADE,_Z,_Z,304,2019,87963.43,,,,0
FCSA:DF_TRADE_COUNTRY_YR(5.1.0),AE,A,AED,FCSC,ANN_CNT,TTRADE,_Z,_Z,304,2020,27116.61,,,,0
FCSA:DF_TRADE_COUNTRY_YR(5.1.0),AE,A,AED,FCSC,ANN_CNT,TTRADE,_Z,_Z,304,2021,2111006.27,,,,0
FCSA:DF_TRADE_COUNTRY_YR(5.1.0),AE,A,AED,FCSC,ANN_CNT,TTRADE,_Z,_Z,304,2022,2463643.11,,,,0
FCSA:DF_TRADE_COUNTRY_YR(5.1.0),AE,A,AED,FCSC,ANN_CNT,TTRADE,_Z,_Z,304,2023,3754084.05,,,,0
FCSA:DF_TRADE_COUNTRY_YR(5.1.0),AE,A,AED,FCSC,ANN_CNT,TTRADE,_Z,_Z,304,2024,4255931.67,,,,0
FCSA:DF_TRADE_COUNTRY_YR(5.1.0),AE,A,AED,FCSC,ANN_CNT,NOEXP,_Z,_Z,634,2017,2401032638.04,,,,0
FCSA:DF_TRADE_COUNTRY_YR(5.1.0),AE,A,AED,FCSC,ANN_CNT,NOEXP,_Z,_Z,634,2018,8637768.09,,,,0
FCSA:DF_TRADE_COUNTRY_YR(5.1.0),AE,A,AED,FCSC,ANN_CNT,NOEXP,_Z,_Z,634,2019,4607731.69,,,,0
FCSA:DF_TRADE_COUNTRY_YR(5.1.0),AE,A,AED,FCSC,ANN_CNT,NOEXP,_Z,_Z,634,2020,0.00,,,,0
FCSA:DF_TRADE_COUNTRY_YR(5.1.0),AE,A,AED,FCSC,ANN_CNT,NOEXP,_Z,_Z,634,2021,752927603.55,,,,0
FCSA:DF_TRADE_COUNTRY_YR(5.1.0),AE,A,AED,FCSC,ANN_CNT,NOEXP,_Z,_Z,634,2022,3045396289.09,,,,0
FCSA:DF_TRADE_COUNTRY_YR(5.1.0),AE,A,AED,FCSC,ANN_CNT,NOEXP,_Z,_Z,634,2023,4238808514.73,,,,0
FCSA:DF_TRADE_COUNTRY_YR(5.1.0),AE,A,AED,FCSC,ANN_CNT,NOEXP,_Z,_Z,634,2024,7378974016.00,,,,0
FCSA:DF_TRADE_COUNTRY_YR(5.1.0),AE,A,AED,FCSC,ANN_CNT,TTRADE,_Z,_Z,270,2017,137064245.02,,,,0
FCSA:DF_TRADE_COUNTRY_YR(5.1.0),AE,A,AED,FCSC,ANN_CNT,TTRADE,_Z,_Z,270,2018,129227030.29,,,,0
FCSA:DF_TRADE_COUNTRY_YR(5.1.0),AE,A,AED,FCSC,ANN_CNT,TTRADE,_Z,_Z,270,2019,149320601.22,,,,0
FCSA:DF_TRADE_COUNTRY_YR(5.1.0),AE,A,AED,FCSC,ANN_CNT,TTRADE,_Z,_Z,270,2020,138544181.32,,,,0
FCSA:DF_TRADE_COUNTRY_YR(5.1.0),AE,A,AED,FCSC,ANN_CNT,TTRADE,_Z,_Z,270,2021,164960476.35,,,,0
FCSA:DF_TRADE_COUNTRY_YR(5.1.0),AE,A,AED,FCSC,ANN_CNT,TTRADE,_Z,_Z,270,2022,129843857.92,,,,0
FCSA:DF_TRADE_COUNTRY_YR(5.1.0),AE,A,AED,FCSC,ANN_CNT,TTRADE,_Z,_Z,270,2023,191703814.25,,,,0
FCSA:DF_TRADE_COUNTRY_YR(5.1.0),AE,A,AED,FCSC,ANN_CNT,TTRADE,_Z,_Z,270,2024,211948874.29,,,,0
FCSA:DF_TRADE_COUNTRY_YR(5.1.0),AE,A,AED,FCSC,ANN_CNT,TTRADE,_Z,_Z,638,2017,52335523.24,,,,0
FCSA:DF_TRADE_COUNTRY_YR(5.1.0),AE,A,AED,FCSC,ANN_CNT,TTRADE,_Z,_Z,638,2018,43854967.94,,,,0
FCSA:DF_TRADE_COUNTRY_YR(5.1.0),AE,A,AED,FCSC,ANN_CNT,TTRADE,_Z,_Z,638,2019,46903588.67,,,,0
FCSA:DF_TRADE_COUNTRY_YR(5.1.0),AE,A,AED,FCSC,ANN_CNT,TTRADE,_Z,_Z,638,2020,28823613.32,,,,0
FCSA:DF_TRADE_COUNTRY_YR(5.1.0),AE,A,AED,FCSC,ANN_CNT,TTRADE,_Z,_Z,638,2021,43179868.72,,,,0
FCSA:DF_TRADE_COUNTRY_YR(5.1.0),AE,A,AED,FCSC,ANN_CNT,TTRADE,_Z,_Z,638,2022,59831889.49,,,,0
FCSA:DF_TRADE_COUNTRY_YR(5.1.0),AE,A,AED,FCSC,ANN_CNT,TTRADE,_Z,_Z,638,2023,67725114.54,,,,0
FCSA:DF_TRADE_COUNTRY_YR(5.1.0),AE,A,AED,FCSC,ANN_CNT,TTRADE,_Z,_Z,638,2024,13837928609.52,,,,0
FCSA:DF_TRADE_COUNTRY_YR(5.1.0),AE,A,AED,FCSC,ANN_CNT,REEXP,_Z,_Z,192,2017,27686461.30,,,,0
FCSA:DF_TRADE_COUNTRY_YR(5.1.0),AE,A,AED,FCSC,ANN_CNT,REEXP,_Z,_Z,192,2018,23942222.64,,,,0
FCSA:DF_TRADE_COUNTRY_YR(5.1.0),AE,A,AED,FCSC,ANN_CNT,REEXP,_Z,_Z,192,2019,93146275.89,,,,0
FCSA:DF_TRADE_COUNTRY_YR(5.1.0),AE,A,AED,FCSC,ANN_CNT,REEXP,_Z,_Z,192,2020,41360298.19,,,,0
FCSA:DF_TRADE_COUNTRY_YR(5.1.0),AE,A,AED,FCSC,ANN_CNT,REEXP,_Z,_Z,192,2021,65529341.82,,,,0
FCSA:DF_TRADE_COUNTRY_YR(5.1.0),AE,A,AED,FCSC,ANN_CNT,REEXP,_Z,_Z,192,2022,73722600.85,,,,0
FCSA:DF_TRADE_COUNTRY_YR(5.1.0),AE,A,AED,FCSC,ANN_CNT,REEXP,_Z,_Z,192,2023,123753830.59,,,,0
FCSA:DF_TRADE_COUNTRY_YR(5.1.0),AE,A,AED,FCSC,ANN_CNT,REEXP,_Z,_Z,192,2024,55583062.52,,,,0
FCSA:DF_TRADE_COUNTRY_YR(5.1.0),AE,A,AED,FCSC,ANN_CNT,IMP,_Z,_Z,703,2017,1325019002.98,,,,0
FCSA:DF_TRADE_COUNTRY_YR(5.1.0),AE,A,AED,FCSC,ANN_CNT,IMP,_Z,_Z,703,2018,1451587812.38,,,,0
FCSA:DF_TRADE_COUNTRY_YR(5.1.0),AE,A,AED,FCSC,ANN_CNT,IMP,_Z,_Z,703,2019,1312137762.46,,,,0
FCSA:DF_TRADE_COUNTRY_YR(5.1.0),AE,A,AED,FCSC,ANN_CNT,IMP,_Z,_Z,703,2020,1051972885.31,,,,0
FCSA:DF_TRADE_COUNTRY_YR(5.1.0),AE,A,AED,FCSC,ANN_CNT,IMP,_Z,_Z,703,2021,1347036585.09,,,,0
FCSA:DF_TRADE_COUNTRY_YR(5.1.0),AE,A,AED,FCSC,ANN_CNT,IMP,_Z,_Z,703,2022,1934501253.71,,,,0
FCSA:DF_TRADE_COUNTRY_YR(5.1.0),AE,A,AED,FCSC,ANN_CNT,IMP,_Z,_Z,703,2023,2714362347.45,,,,0
FCSA:DF_TRADE_COUNTRY_YR(5.1.0),AE,A,AED,FCSC,ANN_CNT,IMP,_Z,_Z,703,2024,3625324530.09,,,,0
FCSA:DF_TRADE_COUNTRY_YR(5.1.0),AE,A,AED,FCSC,ANN_CNT,TNOEXP,_Z,_Z,258,2017,2337560.33,,,,0
FCSA:DF_TRADE_COUNTRY_YR(5.1.0),AE,A,AED,FCSC,ANN_CNT,TNOEXP,_Z,_Z,258,2018,2119523.30,,,,0
FCSA:DF_TRADE_COUNTRY_YR(5.1.0),AE,A,AED,FCSC,ANN_CNT,TNOEXP,_Z,_Z,258,2019,2629425.57,,,,0
FCSA:DF_TRADE_COUNTRY_YR(5.1.0),AE,A,AED,FCSC,ANN_CNT,TNOEXP,_Z,_Z,258,2020,1170914.22,,,,0
FCSA:DF_TRADE_COUNTRY_YR(5.1.0),AE,A,AED,FCSC,ANN_CNT,TNOEXP,_Z,_Z,258,2021,5972601.76,,,,0
FCSA:DF_TRADE_COUNTRY_YR(5.1.0),AE,A,AED,FCSC,ANN_CNT,TNOEXP,_Z,_Z,258,2022,2578777.86,,,,0
FCSA:DF_TRADE_COUNTRY_YR(5.1.0),AE,A,AED,FCSC,ANN_CNT,TNOEXP,_Z,_Z,258,2023,3959364.29,,,,0
FCSA:DF_TRADE_COUNTRY_YR(5.1.0),AE,A,AED,FCSC,ANN_CNT,TNOEXP,_Z,_Z,258,2024,2941312.65,,,,0
FCSA:DF_TRADE_COUNTRY_YR(5.1.0),AE,A,AED,FCSC,ANN_CNT,IMP,_Z,_Z,728,2017,0.00,,,,0
FCSA:DF_TRADE_COUNTRY_YR(5.1.0),AE,A,AED,FCSC,ANN_CNT,IMP,_Z,_Z,728,2018,177466298.00,,,,0
FCSA:DF_TRADE_COUNTRY_YR(5.1.0),AE,A,AED,FCSC,ANN_CNT,IMP,_Z,_Z,728,2019,292041612.00,,,,0
FCSA:DF_TRADE_COUNTRY_YR(5.1.0),AE,A,AED,FCSC,ANN_CNT,IMP,_Z,_Z,728,2020,209564778.00,,,,0
FCSA:DF_TRADE_COUNTRY_YR(5.1.0),AE,A,AED,FCSC,ANN_CNT,IMP,_Z,_Z,728,2021,73599600.00,,,,0
FCSA:DF_TRADE_COUNTRY_YR(5.1.0),AE,A,AED,FCSC,ANN_CNT,IMP,_Z,_Z,728,2022,166983246.00,,,,0
FCSA:DF_TRADE_COUNTRY_YR(5.1.0),AE,A,AED,FCSC,ANN_CNT,IMP,_Z,_Z,728,2023,246173595.00,,,,0
FCSA:DF_TRADE_COUNTRY_YR(5.1.0),AE,A,AED,FCSC,ANN_CNT,IMP,_Z,_Z,728,2024,47444.00,,,,0
FCSA:DF_TRADE_COUNTRY_YR(5.1.0),AE,A,AED,FCSC,ANN_CNT,TTRADE,_Z,_Z,4,2017,9904053375.70,,,,0
FCSA:DF_TRADE_COUNTRY_YR(5.1.0),AE,A,AED,FCSC,ANN_CNT,TTRADE,_Z,_Z,4,2018,7157154650.22,,,,0
FCSA:DF_TRADE_COUNTRY_YR(5.1.0),AE,A,AED,FCSC,ANN_CNT,TTRADE,_Z,_Z,4,2019,9639107226.68,,,,0
FCSA:DF_TRADE_COUNTRY_YR(5.1.0),AE,A,AED,FCSC,ANN_CNT,TTRADE,_Z,_Z,4,2020,8197038250.66,,,,0
FCSA:DF_TRADE_COUNTRY_YR(5.1.0),AE,A,AED,FCSC,ANN_CNT,TTRADE,_Z,_Z,4,2021,5994667442.25,,,,0
FCSA:DF_TRADE_COUNTRY_YR(5.1.0),AE,A,AED,FCSC,ANN_CNT,TTRADE,_Z,_Z,4,2022,4623571103.57,,,,0
FCSA:DF_TRADE_COUNTRY_YR(5.1.0),AE,A,AED,FCSC,ANN_CNT,TTRADE,_Z,_Z,4,2023,6909100650.12,,,,0
FCSA:DF_TRADE_COUNTRY_YR(5.1.0),AE,A,AED,FCSC,ANN_CNT,TTRADE,_Z,_Z,4,2024,9845676965.95,,,,0
FCSA:DF_TRADE_COUNTRY_YR(5.1.0),AE,A,AED,FCSC,ANN_CNT,IMP,_Z,_Z,462,2017,7247016.87,,,,0
FCSA:DF_TRADE_COUNTRY_YR(5.1.0),AE,A,AED,FCSC,ANN_CNT,IMP,_Z,_Z,462,2018,7905442.23,,,,0
FCSA:DF_TRADE_COUNTRY_YR(5.1.0),AE,A,AED,FCSC,ANN_CNT,IMP,_Z,_Z,462,2019,9250603.34,,,,0
FCSA:DF_TRADE_COUNTRY_YR(5.1.0),AE,A,AED,FCSC,ANN_CNT,IMP,_Z,_Z,462,2020,16689102.70,,,,0
FCSA:DF_TRADE_COUNTRY_YR(5.1.0),AE,A,AED,FCSC,ANN_CNT,IMP,_Z,_Z,462,2021,14378983.40,,,,0
FCSA:DF_TRADE_COUNTRY_YR(5.1.0),AE,A,AED,FCSC,ANN_CNT,IMP,_Z,_Z,462,2022,6445533.68,,,,0
FCSA:DF_TRADE_COUNTRY_YR(5.1.0),AE,A,AED,FCSC,ANN_CNT,IMP,_Z,_Z,462,2023,5617150.34,,,,0
FCSA:DF_TRADE_COUNTRY_YR(5.1.0),AE,A,AED,FCSC,ANN_CNT,IMP,_Z,_Z,462,2024,9700457.29,,,,0
FCSA:DF_TRADE_COUNTRY_YR(5.1.0),AE,A,AED,FCSC,ANN_CNT,TTRADE,_Z,_Z,630,2017,744886105.21,,,,0
FCSA:DF_TRADE_COUNTRY_YR(5.1.0),AE,A,AED,FCSC,ANN_CNT,TTRADE,_Z,_Z,630,2018,479153025.40,,,,0
FCSA:DF_TRADE_COUNTRY_YR(5.1.0),AE,A,AED,FCSC,ANN_CNT,TTRADE,_Z,_Z,630,2019,400082521.33,,,,0
FCSA:DF_TRADE_COUNTRY_YR(5.1.0),AE,A,AED,FCSC,ANN_CNT,TTRADE,_Z,_Z,630,2020,136802730.14,,,,0
FCSA:DF_TRADE_COUNTRY_YR(5.1.0),AE,A,AED,FCSC,ANN_CNT,TTRADE,_Z,_Z,630,2021,156411712.14,,,,0
FCSA:DF_TRADE_COUNTRY_YR(5.1.0),AE,A,AED,FCSC,ANN_CNT,TTRADE,_Z,_Z,630,2022,144343582.81,,,,0
FCSA:DF_TRADE_COUNTRY_YR(5.1.0),AE,A,AED,FCSC,ANN_CNT,TTRADE,_Z,_Z,630,2023,183872709.08,,,,0
FCSA:DF_TRADE_COUNTRY_YR(5.1.0),AE,A,AED,FCSC,ANN_CNT,TTRADE,_Z,_Z,630,2024,189171338.66,,,,0
FCSA:DF_TRADE_COUNTRY_YR(5.1.0),AE,A,AED,FCSC,ANN_CNT,IMP,_Z,_Z,368,2017,2572729103.18,,,,0
FCSA:DF_TRADE_COUNTRY_YR(5.1.0),AE,A,AED,FCSC,ANN_CNT,IMP,_Z,_Z,368,2018,1123133691.69,,,,0
FCSA:DF_TRADE_COUNTRY_YR(5.1.0),AE,A,AED,FCSC,ANN_CNT,IMP,_Z,_Z,368,2019,4941901312.41,,,,0
FCSA:DF_TRADE_COUNTRY_YR(5.1.0),AE,A,AED,FCSC,ANN_CNT,IMP,_Z,_Z,368,2020,4709040792.83,,,,0
FCSA:DF_TRADE_COUNTRY_YR(5.1.0),AE,A,AED,FCSC,ANN_CNT,IMP,_Z,_Z,368,2021,9912222744.25,,,,0
FCSA:DF_TRADE_COUNTRY_YR(5.1.0),AE,A,AED,FCSC,ANN_CNT,IMP,_Z,_Z,368,2022,12966980254.87,,,,0
FCSA:DF_TRADE_COUNTRY_YR(5.1.0),AE,A,AED,FCSC,ANN_CNT,IMP,_Z,_Z,368,2023,20753920425.86,,,,0
FCSA:DF_TRADE_COUNTRY_YR(5.1.0),AE,A,AED,FCSC,ANN_CNT,IMP,_Z,_Z,368,2024,19618044381.79,,,,0
FCSA:DF_TRADE_COUNTRY_YR(5.1.0),AE,A,AED,FCSC,ANN_CNT,IMP,_Z,_Z,634,2017,2261315332.20,,,,0
FCSA:DF_TRADE_COUNTRY_YR(5.1.0),AE,A,AED,FCSC,ANN_CNT,IMP,_Z,_Z,634,2018,134527.49,,,,0
FCSA:DF_TRADE_COUNTRY_YR(5.1.0),AE,A,AED,FCSC,ANN_CNT,IMP,_Z,_Z,634,2019,896171.46,,,,0
FCSA:DF_TRADE_COUNTRY_YR(5.1.0),AE,A,AED,FCSC,ANN_CNT,IMP,_Z,_Z,634,2020,668402.41,,,,0
FCSA:DF_TRADE_COUNTRY_YR(5.1.0),AE,A,AED,FCSC,ANN_CNT,IMP,_Z,_Z,634,2021,4740806618.35,,,,0
FCSA:DF_TRADE_COUNTRY_YR(5.1.0),AE,A,AED,FCSC,ANN_CNT,IMP,_Z,_Z,634,2022,8950709857.72,,,,0
FCSA:DF_TRADE_COUNTRY_YR(5.1.0),AE,A,AED,FCSC,ANN_CNT,IMP,_Z,_Z,634,2023,7770936891.56,,,,0
FCSA:DF_TRADE_COUNTRY_YR(5.1.0),AE,A,AED,FCSC,ANN_CNT,IMP,_Z,_Z,634,2024,11504710427.52,,,,0
FCSA:DF_TRADE_COUNTRY_YR(5.1.0),AE,A,AED,FCSC,ANN_CNT,IMP,_Z,_Z,36,2017,8929338424.10,,,,0
FCSA:DF_TRADE_COUNTRY_YR(5.1.0),AE,A,AED,FCSC,ANN_CNT,IMP,_Z,_Z,36,2018,9572256151.78,,,,0
FCSA:DF_TRADE_COUNTRY_YR(5.1.0),AE,A,AED,FCSC,ANN_CNT,IMP,_Z,_Z,36,2019,12192098812.16,,,,0
FCSA:DF_TRADE_COUNTRY_YR(5.1.0),AE,A,AED,FCSC,ANN_CNT,IMP,_Z,_Z,36,2020,6281447776.40,,,,0
FCSA:DF_TRADE_COUNTRY_YR(5.1.0),AE,A,AED,FCSC,ANN_CNT,IMP,_Z,_Z,36,2021,9131248625.74,,,,0
FCSA:DF_TRADE_COUNTRY_YR(5.1.0),AE,A,AED,FCSC,ANN_CNT,IMP,_Z,_Z,36,2022,13331153125.94,,,,0
FCSA:DF_TRADE_COUNTRY_YR(5.1.0),AE,A,AED,FCSC,ANN_CNT,IMP,_Z,_Z,36,2023,12577180031.23,,,,0
FCSA:DF_TRADE_COUNTRY_YR(5.1.0),AE,A,AED,FCSC,ANN_CNT,IMP,_Z,_Z,36,2024,12241739886.50,,,,0
FCSA:DF_TRADE_COUNTRY_YR(5.1.0),AE,A,AED,FCSC,ANN_CNT,NOEXP,_Z,_Z,642,2017,54429909.19,,,,0
FCSA:DF_TRADE_COUNTRY_YR(5.1.0),AE,A,AED,FCSC,ANN_CNT,NOEXP,_Z,_Z,642,2018,74365320.06,,,,0
FCSA:DF_TRADE_COUNTRY_YR(5.1.0),AE,A,AED,FCSC,ANN_CNT,NOEXP,_Z,_Z,642,2019,76074034.41,,,,0
FCSA:DF_TRADE_COUNTRY_YR(5.1.0),AE,A,AED,FCSC,ANN_CNT,NOEXP,_Z,_Z,642,2020,79235631.28,,,,0
FCSA:DF_TRADE_COUNTRY_YR(5.1.0),AE,A,AED,FCSC,ANN_CNT,NOEXP,_Z,_Z,642,2021,143697306.61,,,,0
FCSA:DF_TRADE_COUNTRY_YR(5.1.0),AE,A,AED,FCSC,ANN_CNT,NOEXP,_Z,_Z,642,2022,245857502.54,,,,0
FCSA:DF_TRADE_COUNTRY_YR(5.1.0),AE,A,AED,FCSC,ANN_CNT,NOEXP,_Z,_Z,642,2023,235233437.23,,,,0
FCSA:DF_TRADE_COUNTRY_YR(5.1.0),AE,A,AED,FCSC,ANN_CNT,NOEXP,_Z,_Z,642,2024,320180724.35,,,,0
FCSA:DF_TRADE_COUNTRY_YR(5.1.0),AE,A,AED,FCSC,ANN_CNT,NOEXP,_Z,_Z,203,2017,46612154.92,,,,0
FCSA:DF_TRADE_COUNTRY_YR(5.1.0),AE,A,AED,FCSC,ANN_CNT,NOEXP,_Z,_Z,203,2018,56008223.18,,,,0
FCSA:DF_TRADE_COUNTRY_YR(5.1.0),AE,A,AED,FCSC,ANN_CNT,NOEXP,_Z,_Z,203,2019,60586783.66,,,,0
FCSA:DF_TRADE_COUNTRY_YR(5.1.0),AE,A,AED,FCSC,ANN_CNT,NOEXP,_Z,_Z,203,2020,45002601.03,,,,0
FCSA:DF_TRADE_COUNTRY_YR(5.1.0),AE,A,AED,FCSC,ANN_CNT,NOEXP,_Z,_Z,203,2021,86151182.93,,,,0
FCSA:DF_TRADE_COUNTRY_YR(5.1.0),AE,A,AED,FCSC,ANN_CNT,NOEXP,_Z,_Z,203,2022,136536896.86,,,,0
FCSA:DF_TRADE_COUNTRY_YR(5.1.0),AE,A,AED,FCSC,ANN_CNT,NOEXP,_Z,_Z,203,2023,173200776.56,,,,0
FCSA:DF_TRADE_COUNTRY_YR(5.1.0),AE,A,AED,FCSC,ANN_CNT,NOEXP,_Z,_Z,203,2024,275178017.39,,,,0
FCSA:DF_TRADE_COUNTRY_YR(5.1.0),AE,A,AED,FCSC,ANN_CNT,TTRADE,_Z,_Z,440,2017,329859953.53,,,,0
FCSA:DF_TRADE_COUNTRY_YR(5.1.0),AE,A,AED,FCSC,ANN_CNT,TTRADE,_Z,_Z,440,2018,386026746.18,,,,0
FCSA:DF_TRADE_COUNTRY_YR(5.1.0),AE,A,AED,FCSC,ANN_CNT,TTRADE,_Z,_Z,440,2019,534336696.85,,,,0
FCSA:DF_TRADE_COUNTRY_YR(5.1.0),AE,A,AED,FCSC,ANN_CNT,TTRADE,_Z,_Z,440,2020,519298073.23,,,,0
FCSA:DF_TRADE_COUNTRY_YR(5.1.0),AE,A,AED,FCSC,ANN_CNT,TTRADE,_Z,_Z,440,2021,623783615.36,,,,0
FCSA:DF_TRADE_COUNTRY_YR(5.1.0),AE,A,AED,FCSC,ANN_CNT,TTRADE,_Z,_Z,440,2022,811779612.95,,,,0
FCSA:DF_TRADE_COUNTRY_YR(5.1.0),AE,A,AED,FCSC,ANN_CNT,TTRADE,_Z,_Z,440,2023,1162919187.74,,,,0
FCSA:DF_TRADE_COUNTRY_YR(5.1.0),AE,A,AED,FCSC,ANN_CNT,TTRADE,_Z,_Z,440,2024,1175821884.49,,,,0
FCSA:DF_TRADE_COUNTRY_YR(5.1.0),AE,A,AED,FCSC,ANN_CNT,TNOEXP,_Z,_Z,192,2017,32423611.09,,,,0
FCSA:DF_TRADE_COUNTRY_YR(5.1.0),AE,A,AED,FCSC,ANN_CNT,TNOEXP,_Z,_Z,192,2018,28564798.00,,,,0
FCSA:DF_TRADE_COUNTRY_YR(5.1.0),AE,A,AED,FCSC,ANN_CNT,TNOEXP,_Z,_Z,192,2019,93373400.87,,,,0
FCSA:DF_TRADE_COUNTRY_YR(5.1.0),AE,A,AED,FCSC,ANN_CNT,TNOEXP,_Z,_Z,192,2020,41558915.15,,,,0
FCSA:DF_TRADE_COUNTRY_YR(5.1.0),AE,A,AED,FCSC,ANN_CNT,TNOEXP,_Z,_Z,192,2021,66025367.28,,,,0
FCSA:DF_TRADE_COUNTRY_YR(5.1.0),AE,A,AED,FCSC,ANN_CNT,TNOEXP,_Z,_Z,192,2022,79237043.55,,,,0
FCSA:DF_TRADE_COUNTRY_YR(5.1.0),AE,A,AED,FCSC,ANN_CNT,TNOEXP,_Z,_Z,192,2023,128443955.40,,,,0
FCSA:DF_TRADE_COUNTRY_YR(5.1.0),AE,A,AED,FCSC,ANN_CNT,TNOEXP,_Z,_Z,192,2024,69229866.62,,,,0
FCSA:DF_TRADE_COUNTRY_YR(5.1.0),AE,A,AED,FCSC,ANN_CNT,TTRADE,_Z,_Z,585,2017,1296435.00,,,,0
FCSA:DF_TRADE_COUNTRY_YR(5.1.0),AE,A,AED,FCSC,ANN_CNT,TTRADE,_Z,_Z,585,2018,807286.10,,,,0
FCSA:DF_TRADE_COUNTRY_YR(5.1.0),AE,A,AED,FCSC,ANN_CNT,TTRADE,_Z,_Z,585,2019,683560.74,,,,0
FCSA:DF_TRADE_COUNTRY_YR(5.1.0),AE,A,AED,FCSC,ANN_CNT,TTRADE,_Z,_Z,585,2020,626582.17,,,,0
FCSA:DF_TRADE_COUNTRY_YR(5.1.0),AE,A,AED,FCSC,ANN_CNT,TTRADE,_Z,_Z,585,2021,3375484.62,,,,0
FCSA:DF_TRADE_COUNTRY_YR(5.1.0),AE,A,AED,FCSC,ANN_CNT,TTRADE,_Z,_Z,585,2022,1503220.19,,,,0
FCSA:DF_TRADE_COUNTRY_YR(5.1.0),AE,A,AED,FCSC,ANN_CNT,TTRADE,_Z,_Z,585,2023,1071722.08,,,,0
FCSA:DF_TRADE_COUNTRY_YR(5.1.0),AE,A,AED,FCSC,ANN_CNT,TTRADE,_Z,_Z,585,2024,288367.67,,,,0
FCSA:DF_TRADE_COUNTRY_YR(5.1.0),AE,A,AED,FCSC,ANN_CNT,IMP,_Z,_Z,132,2017,805531.43,,,,0
FCSA:DF_TRADE_COUNTRY_YR(5.1.0),AE,A,AED,FCSC,ANN_CNT,IMP,_Z,_Z,132,2018,1002745.38,,,,0
FCSA:DF_TRADE_COUNTRY_YR(5.1.0),AE,A,AED,FCSC,ANN_CNT,IMP,_Z,_Z,132,2019,1214739.53,,,,0
FCSA:DF_TRADE_COUNTRY_YR(5.1.0),AE,A,AED,FCSC,ANN_CNT,IMP,_Z,_Z,132,2020,788754.14,,,,0
FCSA:DF_TRADE_COUNTRY_YR(5.1.0),AE,A,AED,FCSC,ANN_CNT,IMP,_Z,_Z,132,2021,1507310.73,,,,0
FCSA:DF_TRADE_COUNTRY_YR(5.1.0),AE,A,AED,FCSC,ANN_CNT,IMP,_Z,_Z,132,2022,659549.58,,,,0
FCSA:DF_TRADE_COUNTRY_YR(5.1.0),AE,A,AED,FCSC,ANN_CNT,IMP,_Z,_Z,132,2023,841529.49,,,,0
FCSA:DF_TRADE_COUNTRY_YR(5.1.0),AE,A,AED,FCSC,ANN_CNT,IMP,_Z,_Z,132,2024,955588.36,,,,0
FCSA:DF_TRADE_COUNTRY_YR(5.1.0),AE,A,AED,FCSC,ANN_CNT,TTRADE,_Z,_Z,254,2017,1862681.66,,,,0
FCSA:DF_TRADE_COUNTRY_YR(5.1.0),AE,A,AED,FCSC,ANN_CNT,TTRADE,_Z,_Z,254,2018,6676060.38,,,,0
FCSA:DF_TRADE_COUNTRY_YR(5.1.0),AE,A,AED,FCSC,ANN_CNT,TTRADE,_Z,_Z,254,2019,1934564.44,,,,0
FCSA:DF_TRADE_COUNTRY_YR(5.1.0),AE,A,AED,FCSC,ANN_CNT,TTRADE,_Z,_Z,254,2020,990300.70,,,,0
FCSA:DF_TRADE_COUNTRY_YR(5.1.0),AE,A,AED,FCSC,ANN_CNT,TTRADE,_Z,_Z,254,2021,1776708.87,,,,0
FCSA:DF_TRADE_COUNTRY_YR(5.1.0),AE,A,AED,FCSC,ANN_CNT,TTRADE,_Z,_Z,254,2022,977079.89,,,,0
FCSA:DF_TRADE_COUNTRY_YR(5.1.0),AE,A,AED,FCSC,ANN_CNT,TTRADE,_Z,_Z,254,2023,3730408.90,,,,0
FCSA:DF_TRADE_COUNTRY_YR(5.1.0),AE,A,AED,FCSC,ANN_CNT,TTRADE,_Z,_Z,254,2024,3746811.00,,,,0
FCSA:DF_TRADE_COUNTRY_YR(5.1.0),AE,A,AED,FCSC,ANN_CNT,TTRADE,_Z,_Z,234,2017,639082.87,,,,0
FCSA:DF_TRADE_COUNTRY_YR(5.1.0),AE,A,AED,FCSC,ANN_CNT,TTRADE,_Z,_Z,234,2018,1771291.45,,,,0
FCSA:DF_TRADE_COUNTRY_YR(5.1.0),AE,A,AED,FCSC,ANN_CNT,TTRADE,_Z,_Z,234,2019,827975.97,,,,0
FCSA:DF_TRADE_COUNTRY_YR(5.1.0),AE,A,AED,FCSC,ANN_CNT,TNOEXP,_Z,_Z,520,2018,0.00,,,,0
FCSA:DF_TRADE_COUNTRY_YR(5.1.0),AE,A,AED,FCSC,ANN_CNT,TNOEXP,_Z,_Z,520,2020,132371.00,,,,0
FCSA:DF_TRADE_COUNTRY_YR(5.1.0),AE,A,AED,FCSC,ANN_CNT,TNOEXP,_Z,_Z,520,2021,1639345.68,,,,0
FCSA:DF_TRADE_COUNTRY_YR(5.1.0),AE,A,AED,FCSC,ANN_CNT,TNOEXP,_Z,_Z,520,2022,452343.19,,,,0
FCSA:DF_TRADE_COUNTRY_YR(5.1.0),AE,A,AED,FCSC,ANN_CNT,TNOEXP,_Z,_Z,520,2023,0.00,,,,0
FCSA:DF_TRADE_COUNTRY_YR(5.1.0),AE,A,AED,FCSC,ANN_CNT,TNOEXP,_Z,_Z,520,2024,12059.34,,,,0
FCSA:DF_TRADE_COUNTRY_YR(5.1.0),AE,A,AED,FCSC,ANN_CNT,REEXP,_Z,_Z,702,2017,3332126152.25,,,,0
FCSA:DF_TRADE_COUNTRY_YR(5.1.0),AE,A,AED,FCSC,ANN_CNT,REEXP,_Z,_Z,702,2018,4290134127.87,,,,0
FCSA:DF_TRADE_COUNTRY_YR(5.1.0),AE,A,AED,FCSC,ANN_CNT,REEXP,_Z,_Z,702,2019,4332893458.74,,,,0
FCSA:DF_TRADE_COUNTRY_YR(5.1.0),AE,A,AED,FCSC,ANN_CNT,REEXP,_Z,_Z,702,2020,3533865226.30,,,,0
FCSA:DF_TRADE_COUNTRY_YR(5.1.0),AE,A,AED,FCSC,ANN_CNT,REEXP,_Z,_Z,702,2021,4508375680.80,,,,0
FCSA:DF_TRADE_COUNTRY_YR(5.1.0),AE,A,AED,FCSC,ANN_CNT,REEXP,_Z,_Z,702,2022,6727020356.53,,,,0
FCSA:DF_TRADE_COUNTRY_YR(5.1.0),AE,A,AED,FCSC,ANN_CNT,REEXP,_Z,_Z,702,2023,5319000333.72,,,,0
FCSA:DF_TRADE_COUNTRY_YR(5.1.0),AE,A,AED,FCSC,ANN_CNT,REEXP,_Z,_Z,702,2024,5776580859.90,,,,0
FCSA:DF_TRADE_COUNTRY_YR(5.1.0),AE,A,AED,FCSC,ANN_CNT,REEXP,_Z,_Z,262,2017,1017129087.00,,,,0
FCSA:DF_TRADE_COUNTRY_YR(5.1.0),AE,A,AED,FCSC,ANN_CNT,REEXP,_Z,_Z,262,2018,3034089026.75,,,,0
FCSA:DF_TRADE_COUNTRY_YR(5.1.0),AE,A,AED,FCSC,ANN_CNT,REEXP,_Z,_Z,262,2019,2059030185.33,,,,0
FCSA:DF_TRADE_COUNTRY_YR(5.1.0),AE,A,AED,FCSC,ANN_CNT,REEXP,_Z,_Z,262,2020,2021403051.86,,,,0
FCSA:DF_TRADE_COUNTRY_YR(5.1.0),AE,A,AED,FCSC,ANN_CNT,REEXP,_Z,_Z,262,2021,2823096444.46,,,,0
FCSA:DF_TRADE_COUNTRY_YR(5.1.0),AE,A,AED,FCSC,ANN_CNT,REEXP,_Z,_Z,262,2022,4641787970.55,,,,0
FCSA:DF_TRADE_COUNTRY_YR(5.1.0),AE,A,AED,FCSC,ANN_CNT,REEXP,_Z,_Z,262,2023,3315609923.30,,,,0
FCSA:DF_TRADE_COUNTRY_YR(5.1.0),AE,A,AED,FCSC,ANN_CNT,REEXP,_Z,_Z,262,2024,4301609339.38,,,,0
FCSA:DF_TRADE_COUNTRY_YR(5.1.0),AE,A,AED,FCSC,ANN_CNT,IMP,_Z,_Z,76,2017,10416939024.53,,,,0
FCSA:DF_TRADE_COUNTRY_YR(5.1.0),AE,A,AED,FCSC,ANN_CNT,IMP,_Z,_Z,76,2018,8748431036.15,,,,0
FCSA:DF_TRADE_COUNTRY_YR(5.1.0),AE,A,AED,FCSC,ANN_CNT,IMP,_Z,_Z,76,2019,9918145874.92,,,,0
FCSA:DF_TRADE_COUNTRY_YR(5.1.0),AE,A,AED,FCSC,ANN_CNT,IMP,_Z,_Z,76,2020,8425775996.53,,,,0
FCSA:DF_TRADE_COUNTRY_YR(5.1.0),AE,A,AED,FCSC,ANN_CNT,IMP,_Z,_Z,76,2021,9869955727.89,,,,0
FCSA:DF_TRADE_COUNTRY_YR(5.1.0),AE,A,AED,FCSC,ANN_CNT,IMP,_Z,_Z,76,2022,13400999558.90,,,,0
FCSA:DF_TRADE_COUNTRY_YR(5.1.0),AE,A,AED,FCSC,ANN_CNT,IMP,_Z,_Z,76,2023,13907635295.95,,,,0
FCSA:DF_TRADE_COUNTRY_YR(5.1.0),AE,A,AED,FCSC,ANN_CNT,IMP,_Z,_Z,76,2024,17227720425.64,,,,0
FCSA:DF_TRADE_COUNTRY_YR(5.1.0),AE,A,AED,FCSC,ANN_CNT,NOEXP,_Z,_Z,620,2017,49836355.25,,,,0
FCSA:DF_TRADE_COUNTRY_YR(5.1.0),AE,A,AED,FCSC,ANN_CNT,NOEXP,_Z,_Z,620,2018,53552748.03,,,,0
FCSA:DF_TRADE_COUNTRY_YR(5.1.0),AE,A,AED,FCSC,ANN_CNT,NOEXP,_Z,_Z,620,2019,51224974.94,,,,0
FCSA:DF_TRADE_COUNTRY_YR(5.1.0),AE,A,AED,FCSC,ANN_CNT,NOEXP,_Z,_Z,620,2020,48360128.67,,,,0
FCSA:DF_TRADE_COUNTRY_YR(5.1.0),AE,A,AED,FCSC,ANN_CNT,NOEXP,_Z,_Z,620,2021,95547092.06,,,,0
FCSA:DF_TRADE_COUNTRY_YR(5.1.0),AE,A,AED,FCSC,ANN_CNT,NOEXP,_Z,_Z,620,2022,72844727.94,,,,0
FCSA:DF_TRADE_COUNTRY_YR(5.1.0),AE,A,AED,FCSC,ANN_CNT,NOEXP,_Z,_Z,620,2023,142498198.70,,,,0
FCSA:DF_TRADE_COUNTRY_YR(5.1.0),AE,A,AED,FCSC,ANN_CNT,NOEXP,_Z,_Z,620,2024,94296042.20,,,,0
FCSA:DF_TRADE_COUNTRY_YR(5.1.0),AE,A,AED,FCSC,ANN_CNT,NOEXP,_Z,_Z,626,2017,6053627.23,,,,0
FCSA:DF_TRADE_COUNTRY_YR(5.1.0),AE,A,AED,FCSC,ANN_CNT,NOEXP,_Z,_Z,626,2018,1884545.00,,,,0
FCSA:DF_TRADE_COUNTRY_YR(5.1.0),AE,A,AED,FCSC,ANN_CNT,NOEXP,_Z,_Z,626,2019,6889782.50,,,,0
FCSA:DF_TRADE_COUNTRY_YR(5.1.0),AE,A,AED,FCSC,ANN_CNT,NOEXP,_Z,_Z,626,2020,1250.00,,,,0
FCSA:DF_TRADE_COUNTRY_YR(5.1.0),AE,A,AED,FCSC,ANN_CNT,NOEXP,_Z,_Z,626,2021,1132201.35,,,,0
FCSA:DF_TRADE_COUNTRY_YR(5.1.0),AE,A,AED,FCSC,ANN_CNT,NOEXP,_Z,_Z,626,2022,9059728.43,,,,0
FCSA:DF_TRADE_COUNTRY_YR(5.1.0),AE,A,AED,FCSC,ANN_CNT,NOEXP,_Z,_Z,626,2023,11802786.48,,,,0
FCSA:DF_TRADE_COUNTRY_YR(5.1.0),AE,A,AED,FCSC,ANN_CNT,NOEXP,_Z,_Z,626,2024,18493659.28,,,,0
FCSA:DF_TRADE_COUNTRY_YR(5.1.0),AE,A,AED,FCSC,ANN_CNT,NOEXP,_Z,_Z,901,2017,4225483.75,,,,0
FCSA:DF_TRADE_COUNTRY_YR(5.1.0),AE,A,AED,FCSC,ANN_CNT,NOEXP,_Z,_Z,901,2018,836000.55,,,,0
FCSA:DF_TRADE_COUNTRY_YR(5.1.0),AE,A,AED,FCSC,ANN_CNT,NOEXP,_Z,_Z,901,2019,264672.65,,,,0
FCSA:DF_TRADE_COUNTRY_YR(5.1.0),AE,A,AED,FCSC,ANN_CNT,NOEXP,_Z,_Z,901,2020,1975876.76,,,,0
FCSA:DF_TRADE_COUNTRY_YR(5.1.0),AE,A,AED,FCSC,ANN_CNT,NOEXP,_Z,_Z,901,2021,1487086.43,,,,0
FCSA:DF_TRADE_COUNTRY_YR(5.1.0),AE,A,AED,FCSC,ANN_CNT,NOEXP,_Z,_Z,901,2022,4037901.02,,,,0
FCSA:DF_TRADE_COUNTRY_YR(5.1.0),AE,A,AED,FCSC,ANN_CNT,NOEXP,_Z,_Z,901,2023,3786979.07,,,,0
FCSA:DF_TRADE_COUNTRY_YR(5.1.0),AE,A,AED,FCSC,ANN_CNT,NOEXP,_Z,_Z,901,2024,1470712.41,,,,0
FCSA:DF_TRADE_COUNTRY_YR(5.1.0),AE,A,AED,FCSC,ANN_CNT,TNOEXP,_Z,_Z,52,2017,558587.37,,,,0
FCSA:DF_TRADE_COUNTRY_YR(5.1.0),AE,A,AED,FCSC,ANN_CNT,TNOEXP,_Z,_Z,52,2018,1590176.89,,,,0
FCSA:DF_TRADE_COUNTRY_YR(5.1.0),AE,A,AED,FCSC,ANN_CNT,TNOEXP,_Z,_Z,52,2019,9384149.14,,,,0
FCSA:DF_TRADE_COUNTRY_YR(5.1.0),AE,A,AED,FCSC,ANN_CNT,TNOEXP,_Z,_Z,52,2020,3013657.48,,,,0
FCSA:DF_TRADE_COUNTRY_YR(5.1.0),AE,A,AED,FCSC,ANN_CNT,TNOEXP,_Z,_Z,52,2021,2561654.73,,,,0
FCSA:DF_TRADE_COUNTRY_YR(5.1.0),AE,A,AED,FCSC,ANN_CNT,TNOEXP,_Z,_Z,52,2022,2597106.60,,,,0
FCSA:DF_TRADE_COUNTRY_YR(5.1.0),AE,A,AED,FCSC,ANN_CNT,TNOEXP,_Z,_Z,52,2023,4886162.80,,,,0
FCSA:DF_TRADE_COUNTRY_YR(5.1.0),AE,A,AED,FCSC,ANN_CNT,TNOEXP,_Z,_Z,52,2024,4149784.38,,,,0
FCSA:DF_TRADE_COUNTRY_YR(5.1.0),AE,A,AED,FCSC,ANN_CNT,TNOEXP,_Z,_Z,830,2017,8081.00,,,,0
FCSA:DF_TRADE_COUNTRY_YR(5.1.0),AE,A,AED,FCSC,ANN_CNT,TNOEXP,_Z,_Z,830,2018,0.00,,,,0
FCSA:DF_TRADE_COUNTRY_YR(5.1.0),AE,A,AED,FCSC,ANN_CNT,TNOEXP,_Z,_Z,830,2019,21743.00,,,,0
FCSA:DF_TRADE_COUNTRY_YR(5.1.0),AE,A,AED,FCSC,ANN_CNT,TNOEXP,_Z,_Z,830,2020,0.00,,,,0
FCSA:DF_TRADE_COUNTRY_YR(5.1.0),AE,A,AED,FCSC,ANN_CNT,TNOEXP,_Z,_Z,830,2021,0.00,,,,0
FCSA:DF_TRADE_COUNTRY_YR(5.1.0),AE,A,AED,FCSC,ANN_CNT,TNOEXP,_Z,_Z,830,2022,0.00,,,,0
FCSA:DF_TRADE_COUNTRY_YR(5.1.0),AE,A,AED,FCSC,ANN_CNT,TNOEXP,_Z,_Z,830,2023,0.00,,,,0
FCSA:DF_TRADE_COUNTRY_YR(5.1.0),AE,A,AED,FCSC,ANN_CNT,TNOEXP,_Z,_Z,830,2024,0.00,,,,0
FCSA:DF_TRADE_COUNTRY_YR(5.1.0),AE,A,AED,FCSC,ANN_CNT,NOEXP,_Z,_Z,300,2017,263476038.24,,,,0
FCSA:DF_TRADE_COUNTRY_YR(5.1.0),AE,A,AED,FCSC,ANN_CNT,NOEXP,_Z,_Z,300,2018,201275408.56,,,,0
FCSA:DF_TRADE_COUNTRY_YR(5.1.0),AE,A,AED,FCSC,ANN_CNT,NOEXP,_Z,_Z,300,2019,222875021.69,,,,0
FCSA:DF_TRADE_COUNTRY_YR(5.1.0),AE,A,AED,FCSC,ANN_CNT,NOEXP,_Z,_Z,300,2020,151372414.62,,,,0
FCSA:DF_TRADE_COUNTRY_YR(5.1.0),AE,A,AED,FCSC,ANN_CNT,NOEXP,_Z,_Z,300,2021,388511630.36,,,,0
FCSA:DF_TRADE_COUNTRY_YR(5.1.0),AE,A,AED,FCSC,ANN_CNT,NOEXP,_Z,_Z,300,2022,409862788.79,,,,0
FCSA:DF_TRADE_COUNTRY_YR(5.1.0),AE,A,AED,FCSC,ANN_CNT,NOEXP,_Z,_Z,300,2023,366183339.34,,,,0
FCSA:DF_TRADE_COUNTRY_YR(5.1.0),AE,A,AED,FCSC,ANN_CNT,NOEXP,_Z,_Z,300,2024,223044537.25,,,,0
FCSA:DF_TRADE_COUNTRY_YR(5.1.0),AE,A,AED,FCSC,ANN_CNT,NOEXP,_Z,_Z,780,2017,98585500.26,,,,0
FCSA:DF_TRADE_COUNTRY_YR(5.1.0),AE,A,AED,FCSC,ANN_CNT,NOEXP,_Z,_Z,780,2018,41561555.98,,,,0
FCSA:DF_TRADE_COUNTRY_YR(5.1.0),AE,A,AED,FCSC,ANN_CNT,NOEXP,_Z,_Z,780,2019,103829007.66,,,,0
FCSA:DF_TRADE_COUNTRY_YR(5.1.0),AE,A,AED,FCSC,ANN_CNT,NOEXP,_Z,_Z,780,2020,92780553.15,,,,0
FCSA:DF_TRADE_COUNTRY_YR(5.1.0),AE,A,AED,FCSC,ANN_CNT,NOEXP,_Z,_Z,780,2021,36672682.17,,,,0
FCSA:DF_TRADE_COUNTRY_YR(5.1.0),AE,A,AED,FCSC,ANN_CNT,NOEXP,_Z,_Z,780,2022,101842690.78,,,,0
FCSA:DF_TRADE_COUNTRY_YR(5.1.0),AE,A,AED,FCSC,ANN_CNT,NOEXP,_Z,_Z,780,2023,34544797.98,,,,0
FCSA:DF_TRADE_COUNTRY_YR(5.1.0),AE,A,AED,FCSC,ANN_CNT,NOEXP,_Z,_Z,780,2024,39185882.27,,,,0
FCSA:DF_TRADE_COUNTRY_YR(5.1.0),AE,A,AED,FCSC,ANN_CNT,REEXP,_Z,_Z,340,2017,7433327.17,,,,0
FCSA:DF_TRADE_COUNTRY_YR(5.1.0),AE,A,AED,FCSC,ANN_CNT,REEXP,_Z,_Z,340,2018,6134315.74,,,,0
FCSA:DF_TRADE_COUNTRY_YR(5.1.0),AE,A,AED,FCSC,ANN_CNT,REEXP,_Z,_Z,340,2019,8605403.00,,,,0
FCSA:DF_TRADE_COUNTRY_YR(5.1.0),AE,A,AED,FCSC,ANN_CNT,REEXP,_Z,_Z,340,2020,6385647.81,,,,0
FCSA:DF_TRADE_COUNTRY_YR(5.1.0),AE,A,AED,FCSC,ANN_CNT,REEXP,_Z,_Z,340,2021,10785940.21,,,,0
FCSA:DF_TRADE_COUNTRY_YR(5.1.0),AE,A,AED,FCSC,ANN_CNT,REEXP,_Z,_Z,340,2022,13319335.70,,,,0
FCSA:DF_TRADE_COUNTRY_YR(5.1.0),AE,A,AED,FCSC,ANN_CNT,REEXP,_Z,_Z,340,2023,11309268.31,,,,0
FCSA:DF_TRADE_COUNTRY_YR(5.1.0),AE,A,AED,FCSC,ANN_CNT,REEXP,_Z,_Z,340,2024,7437292.89,,,,0
FCSA:DF_TRADE_COUNTRY_YR(5.1.0),AE,A,AED,FCSC,ANN_CNT,TTRADE,_Z,_Z,144,2017,3783981543.78,,,,0
FCSA:DF_TRADE_COUNTRY_YR(5.1.0),AE,A,AED,FCSC,ANN_CNT,TTRADE,_Z,_Z,144,2018,4325686486.37,,,,0
FCSA:DF_TRADE_COUNTRY_YR(5.1.0),AE,A,AED,FCSC,ANN_CNT,TTRADE,_Z,_Z,144,2019,4640152037.00,,,,0
FCSA:DF_TRADE_COUNTRY_YR(5.1.0),AE,A,AED,FCSC,ANN_CNT,TTRADE,_Z,_Z,144,2020,2918626393.69,,,,0
FCSA:DF_TRADE_COUNTRY_YR(5.1.0),AE,A,AED,FCSC,ANN_CNT,TTRADE,_Z,_Z,144,2021,3058631049.02,,,,0
FCSA:DF_TRADE_COUNTRY_YR(5.1.0),AE,A,AED,FCSC,ANN_CNT,TTRADE,_Z,_Z,144,2022,4030275861.24,,,,0
FCSA:DF_TRADE_COUNTRY_YR(5.1.0),AE,A,AED,FCSC,ANN_CNT,TTRADE,_Z,_Z,144,2023,3731669420.19,,,,0
FCSA:DF_TRADE_COUNTRY_YR(5.1.0),AE,A,AED,FCSC,ANN_CNT,TTRADE,_Z,_Z,144,2024,3787974531.66,,,,0
FCSA:DF_TRADE_COUNTRY_YR(5.1.0),AE,A,AED,FCSC,ANN_CNT,TNOEXP,_Z,_Z,384,2017,505406902.34,,,,0
FCSA:DF_TRADE_COUNTRY_YR(5.1.0),AE,A,AED,FCSC,ANN_CNT,TNOEXP,_Z,_Z,384,2018,641057432.22,,,,0
FCSA:DF_TRADE_COUNTRY_YR(5.1.0),AE,A,AED,FCSC,ANN_CNT,TNOEXP,_Z,_Z,384,2019,741632051.87,,,,0
FCSA:DF_TRADE_COUNTRY_YR(5.1.0),AE,A,AED,FCSC,ANN_CNT,TNOEXP,_Z,_Z,384,2020,801383576.44,,,,0
FCSA:DF_TRADE_COUNTRY_YR(5.1.0),AE,A,AED,FCSC,ANN_CNT,TNOEXP,_Z,_Z,384,2021,1250432727.08,,,,0
FCSA:DF_TRADE_COUNTRY_YR(5.1.0),AE,A,AED,FCSC,ANN_CNT,TNOEXP,_Z,_Z,384,2022,1325597621.04,,,,0
FCSA:DF_TRADE_COUNTRY_YR(5.1.0),AE,A,AED,FCSC,ANN_CNT,TNOEXP,_Z,_Z,384,2023,1452415791.61,,,,0
FCSA:DF_TRADE_COUNTRY_YR(5.1.0),AE,A,AED,FCSC,ANN_CNT,TNOEXP,_Z,_Z,384,2024,1432389436.85,,,,0
FCSA:DF_TRADE_COUNTRY_YR(5.1.0),AE,A,AED,FCSC,ANN_CNT,TNOEXP,_Z,_Z,470,2017,55912015.27,,,,0
FCSA:DF_TRADE_COUNTRY_YR(5.1.0),AE,A,AED,FCSC,ANN_CNT,TNOEXP,_Z,_Z,470,2018,112043983.55,,,,0
FCSA:DF_TRADE_COUNTRY_YR(5.1.0),AE,A,AED,FCSC,ANN_CNT,TNOEXP,_Z,_Z,470,2019,500126002.34,,,,0
FCSA:DF_TRADE_COUNTRY_YR(5.1.0),AE,A,AED,FCSC,ANN_CNT,TNOEXP,_Z,_Z,470,2020,382715433.34,,,,0
FCSA:DF_TRADE_COUNTRY_YR(5.1.0),AE,A,AED,FCSC,ANN_CNT,TNOEXP,_Z,_Z,470,2021,69364680.71,,,,0
FCSA:DF_TRADE_COUNTRY_YR(5.1.0),AE,A,AED,FCSC,ANN_CNT,TNOEXP,_Z,_Z,470,2022,86138958.41,,,,0
FCSA:DF_TRADE_COUNTRY_YR(5.1.0),AE,A,AED,FCSC,ANN_CNT,TNOEXP,_Z,_Z,470,2023,210147043.00,,,,0
FCSA:DF_TRADE_COUNTRY_YR(5.1.0),AE,A,AED,FCSC,ANN_CNT,TNOEXP,_Z,_Z,470,2024,340937850.72,,,,0
FCSA:DF_TRADE_COUNTRY_YR(5.1.0),AE,A,AED,FCSC,ANN_CNT,REEXP,_Z,_Z,108,2017,89781336.86,,,,0
FCSA:DF_TRADE_COUNTRY_YR(5.1.0),AE,A,AED,FCSC,ANN_CNT,REEXP,_Z,_Z,108,2018,51623408.32,,,,0
FCSA:DF_TRADE_COUNTRY_YR(5.1.0),AE,A,AED,FCSC,ANN_CNT,REEXP,_Z,_Z,108,2019,75835207.69,,,,0
FCSA:DF_TRADE_COUNTRY_YR(5.1.0),AE,A,AED,FCSC,ANN_CNT,REEXP,_Z,_Z,108,2020,78436027.77,,,,0
FCSA:DF_TRADE_COUNTRY_YR(5.1.0),AE,A,AED,FCSC,ANN_CNT,REEXP,_Z,_Z,108,2021,116391179.87,,,,0
FCSA:DF_TRADE_COUNTRY_YR(5.1.0),AE,A,AED,FCSC,ANN_CNT,REEXP,_Z,_Z,108,2022,131852181.09,,,,0
FCSA:DF_TRADE_COUNTRY_YR(5.1.0),AE,A,AED,FCSC,ANN_CNT,REEXP,_Z,_Z,108,2023,115570616.49,,,,0
FCSA:DF_TRADE_COUNTRY_YR(5.1.0),AE,A,AED,FCSC,ANN_CNT,REEXP,_Z,_Z,108,2024,119924453.25,,,,0
FCSA:DF_TRADE_COUNTRY_YR(5.1.0),AE,A,AED,FCSC,ANN_CNT,TNOEXP,_Z,_Z,558,2017,7222651.68,,,,0
FCSA:DF_TRADE_COUNTRY_YR(5.1.0),AE,A,AED,FCSC,ANN_CNT,TNOEXP,_Z,_Z,558,2018,9385918.04,,,,0
FCSA:DF_TRADE_COUNTRY_YR(5.1.0),AE,A,AED,FCSC,ANN_CNT,TNOEXP,_Z,_Z,558,2019,16828134.95,,,,0
FCSA:DF_TRADE_COUNTRY_YR(5.1.0),AE,A,AED,FCSC,ANN_CNT,TNOEXP,_Z,_Z,558,2020,9867475.12,,,,0
FCSA:DF_TRADE_COUNTRY_YR(5.1.0),AE,A,AED,FCSC,ANN_CNT,TNOEXP,_Z,_Z,558,2021,31608358.86,,,,0
FCSA:DF_TRADE_COUNTRY_YR(5.1.0),AE,A,AED,FCSC,ANN_CNT,TNOEXP,_Z,_Z,558,2022,39593480.99,,,,0
FCSA:DF_TRADE_COUNTRY_YR(5.1.0),AE,A,AED,FCSC,ANN_CNT,TNOEXP,_Z,_Z,558,2023,27323453.22,,,,0
FCSA:DF_TRADE_COUNTRY_YR(5.1.0),AE,A,AED,FCSC,ANN_CNT,TNOEXP,_Z,_Z,558,2024,13547268.69,,,,0
FCSA:DF_TRADE_COUNTRY_YR(5.1.0),AE,A,AED,FCSC,ANN_CNT,TTRADE,_Z,_Z,417,2017,1139586716.63,,,,0
FCSA:DF_TRADE_COUNTRY_YR(5.1.0),AE,A,AED,FCSC,ANN_CNT,TTRADE,_Z,_Z,417,2018,3734246277.21,,,,0
FCSA:DF_TRADE_COUNTRY_YR(5.1.0),AE,A,AED,FCSC,ANN_CNT,TTRADE,_Z,_Z,417,2019,3378626500.54,,,,0
FCSA:DF_TRADE_COUNTRY_YR(5.1.0),AE,A,AED,FCSC,ANN_CNT,TTRADE,_Z,_Z,417,2020,3083534693.28,,,,0
FCSA:DF_TRADE_COUNTRY_YR(5.1.0),AE,A,AED,FCSC,ANN_CNT,TTRADE,_Z,_Z,417,2021,3008107380.88,,,,0
FCSA:DF_TRADE_COUNTRY_YR(5.1.0),AE,A,AED,FCSC,ANN_CNT,TTRADE,_Z,_Z,417,2022,5836708810.13,,,,0
FCSA:DF_TRADE_COUNTRY_YR(5.1.0),AE,A,AED,FCSC,ANN_CNT,TTRADE,_Z,_Z,417,2023,9752413802.54,,,,0
FCSA:DF_TRADE_COUNTRY_YR(5.1.0),AE,A,AED,FCSC,ANN_CNT,TTRADE,_Z,_Z,417,2024,9573896482.55,,,,0
FCSA:DF_TRADE_COUNTRY_YR(5.1.0),AE,A,AED,FCSC,ANN_CNT,TTRADE,_Z,_Z,533,2017,27012116.33,,,,0
FCSA:DF_TRADE_COUNTRY_YR(5.1.0),AE,A,AED,FCSC,ANN_CNT,TTRADE,_Z,_Z,533,2018,16469426.76,,,,0
FCSA:DF_TRADE_COUNTRY_YR(5.1.0),AE,A,AED,FCSC,ANN_CNT,TTRADE,_Z,_Z,533,2019,41812013.73,,,,0
FCSA:DF_TRADE_COUNTRY_YR(5.1.0),AE,A,AED,FCSC,ANN_CNT,TTRADE,_Z,_Z,533,2020,53312140.74,,,,0
FCSA:DF_TRADE_COUNTRY_YR(5.1.0),AE,A,AED,FCSC,ANN_CNT,TTRADE,_Z,_Z,533,2021,33964514.70,,,,0
FCSA:DF_TRADE_COUNTRY_YR(5.1.0),AE,A,AED,FCSC,ANN_CNT,TTRADE,_Z,_Z,533,2022,57567747.55,,,,0
FCSA:DF_TRADE_COUNTRY_YR(5.1.0),AE,A,AED,FCSC,ANN_CNT,TTRADE,_Z,_Z,533,2023,42899290.20,,,,0
FCSA:DF_TRADE_COUNTRY_YR(5.1.0),AE,A,AED,FCSC,ANN_CNT,TTRADE,_Z,_Z,533,2024,22317805.19,,,,0
FCSA:DF_TRADE_COUNTRY_YR(5.1.0),AE,A,AED,FCSC,ANN_CNT,IMP,_Z,_Z,776,2017,0.00,,,,0
FCSA:DF_TRADE_COUNTRY_YR(5.1.0),AE,A,AED,FCSC,ANN_CNT,IMP,_Z,_Z,776,2018,53256.73,,,,0
FCSA:DF_TRADE_COUNTRY_YR(5.1.0),AE,A,AED,FCSC,ANN_CNT,IMP,_Z,_Z,776,2019,35489.46,,,,0
FCSA:DF_TRADE_COUNTRY_YR(5.1.0),AE,A,AED,FCSC,ANN_CNT,IMP,_Z,_Z,776,2020,3916.74,,,,0
FCSA:DF_TRADE_COUNTRY_YR(5.1.0),AE,A,AED,FCSC,ANN_CNT,IMP,_Z,_Z,776,2021,25703.86,,,,0
FCSA:DF_TRADE_COUNTRY_YR(5.1.0),AE,A,AED,FCSC,ANN_CNT,IMP,_Z,_Z,776,2022,31040.77,,,,0
FCSA:DF_TRADE_COUNTRY_YR(5.1.0),AE,A,AED,FCSC,ANN_CNT,IMP,_Z,_Z,776,2023,7204432.28,,,,0
FCSA:DF_TRADE_COUNTRY_YR(5.1.0),AE,A,AED,FCSC,ANN_CNT,IMP,_Z,_Z,776,2024,9497.54,,,,0
FCSA:DF_TRADE_COUNTRY_YR(5.1.0),AE,A,AED,FCSC,ANN_CNT,NOEXP,_Z,_Z,248,2020,0.00,,,,0
FCSA:DF_TRADE_COUNTRY_YR(5.1.0),AE,A,AED,FCSC,ANN_CNT,NOEXP,_Z,_Z,248,2021,0.00,,,,0
FCSA:DF_TRADE_COUNTRY_YR(5.1.0),AE,A,AED,FCSC,ANN_CNT,NOEXP,_Z,_Z,248,2022,0.00,,,,0
FCSA:DF_TRADE_COUNTRY_YR(5.1.0),AE,A,AED,FCSC,ANN_CNT,NOEXP,_Z,_Z,248,2023,0.00,,,,0
FCSA:DF_TRADE_COUNTRY_YR(5.1.0),AE,A,AED,FCSC,ANN_CNT,NOEXP,_Z,_Z,248,2024,5019299.08,,,,0
FCSA:DF_TRADE_COUNTRY_YR(5.1.0),AE,A,AED,FCSC,ANN_CNT,TTRADE,_Z,_Z,74,2020,1361.05,,,,0
FCSA:DF_TRADE_COUNTRY_YR(5.1.0),AE,A,AED,FCSC,ANN_CNT,TTRADE,_Z,_Z,74,2021,1163.80,,,,0
FCSA:DF_TRADE_COUNTRY_YR(5.1.0),AE,A,AED,FCSC,ANN_CNT,TTRADE,_Z,_Z,74,2023,1754.59,,,,0
FCSA:DF_TRADE_COUNTRY_YR(5.1.0),AE,A,AED,FCSC,ANN_CNT,TTRADE,_Z,_Z,74,2024,61278.81,,,,0
FCSA:DF_TRADE_COUNTRY_YR(5.1.0),AE,A,AED,FCSC,ANN_CNT,NOEXP,_Z,_Z,756,2017,3691715349.05,,,,0
FCSA:DF_TRADE_COUNTRY_YR(5.1.0),AE,A,AED,FCSC,ANN_CNT,NOEXP,_Z,_Z,756,2018,7954201921.43,,,,0
FCSA:DF_TRADE_COUNTRY_YR(5.1.0),AE,A,AED,FCSC,ANN_CNT,NOEXP,_Z,_Z,756,2019,20914003594.40,,,,0
FCSA:DF_TRADE_COUNTRY_YR(5.1.0),AE,A,AED,FCSC,ANN_CNT,NOEXP,_Z,_Z,756,2020,29228653062.16,,,,0
FCSA:DF_TRADE_COUNTRY_YR(5.1.0),AE,A,AED,FCSC,ANN_CNT,NOEXP,_Z,_Z,756,2021,27329715781.45,,,,0
FCSA:DF_TRADE_COUNTRY_YR(5.1.0),AE,A,AED,FCSC,ANN_CNT,NOEXP,_Z,_Z,756,2022,31070855297.42,,,,0
FCSA:DF_TRADE_COUNTRY_YR(5.1.0),AE,A,AED,FCSC,ANN_CNT,NOEXP,_Z,_Z,756,2023,35304039846.22,,,,0
FCSA:DF_TRADE_COUNTRY_YR(5.1.0),AE,A,AED,FCSC,ANN_CNT,NOEXP,_Z,_Z,756,2024,45672339593.27,,,,0
FCSA:DF_TRADE_COUNTRY_YR(5.1.0),AE,A,AED,FCSC,ANN_CNT,IMP,_Z,_Z,496,2017,1411744.28,,,,0
FCSA:DF_TRADE_COUNTRY_YR(5.1.0),AE,A,AED,FCSC,ANN_CNT,IMP,_Z,_Z,496,2018,359289.16,,,,0
FCSA:DF_TRADE_COUNTRY_YR(5.1.0),AE,A,AED,FCSC,ANN_CNT,IMP,_Z,_Z,496,2019,1002014.67,,,,0
FCSA:DF_TRADE_COUNTRY_YR(5.1.0),AE,A,AED,FCSC,ANN_CNT,IMP,_Z,_Z,496,2020,252617.74,,,,0
FCSA:DF_TRADE_COUNTRY_YR(5.1.0),AE,A,AED,FCSC,ANN_CNT,IMP,_Z,_Z,496,2021,4212408.82,,,,0
FCSA:DF_TRADE_COUNTRY_YR(5.1.0),AE,A,AED,FCSC,ANN_CNT,IMP,_Z,_Z,496,2022,1676900.45,,,,0
FCSA:DF_TRADE_COUNTRY_YR(5.1.0),AE,A,AED,FCSC,ANN_CNT,IMP,_Z,_Z,496,2023,1926821.41,,,,0
FCSA:DF_TRADE_COUNTRY_YR(5.1.0),AE,A,AED,FCSC,ANN_CNT,IMP,_Z,_Z,496,2024,1059310.67,,,,0
FCSA:DF_TRADE_COUNTRY_YR(5.1.0),AE,A,AED,FCSC,ANN_CNT,TTRADE,_Z,_Z,756,2017,32103526436.83,,,,0
FCSA:DF_TRADE_COUNTRY_YR(5.1.0),AE,A,AED,FCSC,ANN_CNT,TTRADE,_Z,_Z,756,2018,56005677127.67,,,,0
FCSA:DF_TRADE_COUNTRY_YR(5.1.0),AE,A,AED,FCSC,ANN_CNT,TTRADE,_Z,_Z,756,2019,65228748501.74,,,,0
FCSA:DF_TRADE_COUNTRY_YR(5.1.0),AE,A,AED,FCSC,ANN_CNT,TTRADE,_Z,_Z,756,2020,47337361625.04,,,,0
FCSA:DF_TRADE_COUNTRY_YR(5.1.0),AE,A,AED,FCSC,ANN_CNT,TTRADE,_Z,_Z,756,2021,51038803253.46,,,,0
FCSA:DF_TRADE_COUNTRY_YR(5.1.0),AE,A,AED,FCSC,ANN_CNT,TTRADE,_Z,_Z,756,2022,58127724318.59,,,,0
FCSA:DF_TRADE_COUNTRY_YR(5.1.0),AE,A,AED,FCSC,ANN_CNT,TTRADE,_Z,_Z,756,2023,81880140132.32,,,,0
FCSA:DF_TRADE_COUNTRY_YR(5.1.0),AE,A,AED,FCSC,ANN_CNT,TTRADE,_Z,_Z,756,2024,97343998320.94,,,,0
FCSA:DF_TRADE_COUNTRY_YR(5.1.0),AE,A,AED,FCSC,ANN_CNT,REEXP,_Z,_Z,496,2017,59436895.82,,,,0
FCSA:DF_TRADE_COUNTRY_YR(5.1.0),AE,A,AED,FCSC,ANN_CNT,REEXP,_Z,_Z,496,2018,73894805.93,,,,0
FCSA:DF_TRADE_COUNTRY_YR(5.1.0),AE,A,AED,FCSC,ANN_CNT,REEXP,_Z,_Z,496,2019,69226509.25,,,,0
FCSA:DF_TRADE_COUNTRY_YR(5.1.0),AE,A,AED,FCSC,ANN_CNT,REEXP,_Z,_Z,496,2020,46420816.11,,,,0
FCSA:DF_TRADE_COUNTRY_YR(5.1.0),AE,A,AED,FCSC,ANN_CNT,REEXP,_Z,_Z,496,2021,45188177.89,,,,0
FCSA:DF_TRADE_COUNTRY_YR(5.1.0),AE,A,AED,FCSC,ANN_CNT,REEXP,_Z,_Z,496,2022,63672326.19,,,,0
FCSA:DF_TRADE_COUNTRY_YR(5.1.0),AE,A,AED,FCSC,ANN_CNT,REEXP,_Z,_Z,496,2023,38102835.08,,,,0
FCSA:DF_TRADE_COUNTRY_YR(5.1.0),AE,A,AED,FCSC,ANN_CNT,REEXP,_Z,_Z,496,2024,35996983.15,,,,0
FCSA:DF_TRADE_COUNTRY_YR(5.1.0),AE,A,AED,FCSC,ANN_CNT,NOEXP,_Z,_Z,748,2017,1557310.52,,,,0
FCSA:DF_TRADE_COUNTRY_YR(5.1.0),AE,A,AED,FCSC,ANN_CNT,NOEXP,_Z,_Z,748,2018,256987665.48,,,,0
FCSA:DF_TRADE_COUNTRY_YR(5.1.0),AE,A,AED,FCSC,ANN_CNT,NOEXP,_Z,_Z,748,2019,261937888.44,,,,0
FCSA:DF_TRADE_COUNTRY_YR(5.1.0),AE,A,AED,FCSC,ANN_CNT,NOEXP,_Z,_Z,748,2020,21293721.19,,,,0
FCSA:DF_TRADE_COUNTRY_YR(5.1.0),AE,A,AED,FCSC,ANN_CNT,NOEXP,_Z,_Z,748,2021,72430984.91,,,,0
FCSA:DF_TRADE_COUNTRY_YR(5.1.0),AE,A,AED,FCSC,ANN_CNT,NOEXP,_Z,_Z,748,2022,123164237.40,,,,0
FCSA:DF_TRADE_COUNTRY_YR(5.1.0),AE,A,AED,FCSC,ANN_CNT,NOEXP,_Z,_Z,748,2023,8933297.64,,,,0
FCSA:DF_TRADE_COUNTRY_YR(5.1.0),AE,A,AED,FCSC,ANN_CNT,NOEXP,_Z,_Z,748,2024,4552237.12,,,,0
FCSA:DF_TRADE_COUNTRY_YR(5.1.0),AE,A,AED,FCSC,ANN_CNT,REEXP,_Z,_Z,166,2017,9912.93,,,,0
FCSA:DF_TRADE_COUNTRY_YR(5.1.0),AE,A,AED,FCSC,ANN_CNT,REEXP,_Z,_Z,166,2018,923.25,,,,0
FCSA:DF_TRADE_COUNTRY_YR(5.1.0),AE,A,AED,FCSC,ANN_CNT,REEXP,_Z,_Z,166,2019,34143.45,,,,0
FCSA:DF_TRADE_COUNTRY_YR(5.1.0),AE,A,AED,FCSC,ANN_CNT,REEXP,_Z,_Z,166,2020,76570.60,,,,0
FCSA:DF_TRADE_COUNTRY_YR(5.1.0),AE,A,AED,FCSC,ANN_CNT,REEXP,_Z,_Z,166,2021,25000.00,,,,0
FCSA:DF_TRADE_COUNTRY_YR(5.1.0),AE,A,AED,FCSC,ANN_CNT,REEXP,_Z,_Z,166,2022,131485.00,,,,0
FCSA:DF_TRADE_COUNTRY_YR(5.1.0),AE,A,AED,FCSC,ANN_CNT,REEXP,_Z,_Z,166,2023,0.00,,,,0
FCSA:DF_TRADE_COUNTRY_YR(5.1.0),AE,A,AED,FCSC,ANN_CNT,REEXP,_Z,_Z,166,2024,43645.50,,,,0
FCSA:DF_TRADE_COUNTRY_YR(5.1.0),AE,A,AED,FCSC,ANN_CNT,NOEXP,_Z,_Z,162,2017,0.00,,,,0
FCSA:DF_TRADE_COUNTRY_YR(5.1.0),AE,A,AED,FCSC,ANN_CNT,NOEXP,_Z,_Z,162,2018,0.00,,,,0
FCSA:DF_TRADE_COUNTRY_YR(5.1.0),AE,A,AED,FCSC,ANN_CNT,NOEXP,_Z,_Z,162,2019,0.00,,,,0
FCSA:DF_TRADE_COUNTRY_YR(5.1.0),AE,A,AED,FCSC,ANN_CNT,NOEXP,_Z,_Z,162,2020,0.00,,,,0
FCSA:DF_TRADE_COUNTRY_YR(5.1.0),AE,A,AED,FCSC,ANN_CNT,NOEXP,_Z,_Z,162,2021,0.00,,,,0
FCSA:DF_TRADE_COUNTRY_YR(5.1.0),AE,A,AED,FCSC,ANN_CNT,NOEXP,_Z,_Z,162,2022,0.00,,,,0
FCSA:DF_TRADE_COUNTRY_YR(5.1.0),AE,A,AED,FCSC,ANN_CNT,NOEXP,_Z,_Z,162,2023,0.00,,,,0
FCSA:DF_TRADE_COUNTRY_YR(5.1.0),AE,A,AED,FCSC,ANN_CNT,NOEXP,_Z,_Z,162,2024,0.00,,,,0
FCSA:DF_TRADE_COUNTRY_YR(5.1.0),AE,A,AED,FCSC,ANN_CNT,REEXP,_Z,_Z,512,2017,14242741613.96,,,,0
FCSA:DF_TRADE_COUNTRY_YR(5.1.0),AE,A,AED,FCSC,ANN_CNT,REEXP,_Z,_Z,512,2018,20514610119.30,,,,0
FCSA:DF_TRADE_COUNTRY_YR(5.1.0),AE,A,AED,FCSC,ANN_CNT,REEXP,_Z,_Z,512,2019,23772873888.76,,,,0
FCSA:DF_TRADE_COUNTRY_YR(5.1.0),AE,A,AED,FCSC,ANN_CNT,REEXP,_Z,_Z,512,2020,23297273296.88,,,,0
FCSA:DF_TRADE_COUNTRY_YR(5.1.0),AE,A,AED,FCSC,ANN_CNT,REEXP,_Z,_Z,512,2021,21252158188.14,,,,0
FCSA:DF_TRADE_COUNTRY_YR(5.1.0),AE,A,AED,FCSC,ANN_CNT,REEXP,_Z,_Z,512,2022,17908381695.47,,,,0
FCSA:DF_TRADE_COUNTRY_YR(5.1.0),AE,A,AED,FCSC,ANN_CNT,REEXP,_Z,_Z,512,2023,19164152899.89,,,,0
FCSA:DF_TRADE_COUNTRY_YR(5.1.0),AE,A,AED,FCSC,ANN_CNT,REEXP,_Z,_Z,512,2024,22692123201.55,,,,0
FCSA:DF_TRADE_COUNTRY_YR(5.1.0),AE,A,AED,FCSC,ANN_CNT,REEXP,_Z,_Z,760,2017,2373743824.28,,,,0
FCSA:DF_TRADE_COUNTRY_YR(5.1.0),AE,A,AED,FCSC,ANN_CNT,REEXP,_Z,_Z,760,2018,2990794455.68,,,,0
FCSA:DF_TRADE_COUNTRY_YR(5.1.0),AE,A,AED,FCSC,ANN_CNT,REEXP,_Z,_Z,760,2019,1272416136.19,,,,0
FCSA:DF_TRADE_COUNTRY_YR(5.1.0),AE,A,AED,FCSC,ANN_CNT,REEXP,_Z,_Z,760,2020,447547382.87,,,,0
FCSA:DF_TRADE_COUNTRY_YR(5.1.0),AE,A,AED,FCSC,ANN_CNT,REEXP,_Z,_Z,760,2021,265324988.52,,,,0
FCSA:DF_TRADE_COUNTRY_YR(5.1.0),AE,A,AED,FCSC,ANN_CNT,REEXP,_Z,_Z,760,2022,351196186.87,,,,0
FCSA:DF_TRADE_COUNTRY_YR(5.1.0),AE,A,AED,FCSC,ANN_CNT,REEXP,_Z,_Z,760,2023,326612257.89,,,,0
FCSA:DF_TRADE_COUNTRY_YR(5.1.0),AE,A,AED,FCSC,ANN_CNT,REEXP,_Z,_Z,760,2024,404878865.61,,,,0
FCSA:DF_TRADE_COUNTRY_YR(5.1.0),AE,A,AED,FCSC,ANN_CNT,NOEXP,_Z,_Z,178,2017,56949248.85,,,,0
FCSA:DF_TRADE_COUNTRY_YR(5.1.0),AE,A,AED,FCSC,ANN_CNT,NOEXP,_Z,_Z,178,2018,64451437.59,,,,0
FCSA:DF_TRADE_COUNTRY_YR(5.1.0),AE,A,AED,FCSC,ANN_CNT,NOEXP,_Z,_Z,178,2019,88501293.58,,,,0
FCSA:DF_TRADE_COUNTRY_YR(5.1.0),AE,A,AED,FCSC,ANN_CNT,NOEXP,_Z,_Z,178,2020,85359034.88,,,,0
FCSA:DF_TRADE_COUNTRY_YR(5.1.0),AE,A,AED,FCSC,ANN_CNT,NOEXP,_Z,_Z,178,2021,132385528.35,,,,0
FCSA:DF_TRADE_COUNTRY_YR(5.1.0),AE,A,AED,FCSC,ANN_CNT,NOEXP,_Z,_Z,178,2022,216083586.41,,,,0
FCSA:DF_TRADE_COUNTRY_YR(5.1.0),AE,A,AED,FCSC,ANN_CNT,NOEXP,_Z,_Z,178,2023,316697286.64,,,,0
FCSA:DF_TRADE_COUNTRY_YR(5.1.0),AE,A,AED,FCSC,ANN_CNT,NOEXP,_Z,_Z,178,2024,313153436.90,,,,0
FCSA:DF_TRADE_COUNTRY_YR(5.1.0),AE,A,AED,FCSC,ANN_CNT,TTRADE,_Z,_Z,275,2017,105001694.16,,,,0
FCSA:DF_TRADE_COUNTRY_YR(5.1.0),AE,A,AED,FCSC,ANN_CNT,TTRADE,_Z,_Z,275,2018,163024729.56,,,,0
FCSA:DF_TRADE_COUNTRY_YR(5.1.0),AE,A,AED,FCSC,ANN_CNT,TTRADE,_Z,_Z,275,2019,188214133.47,,,,0
FCSA:DF_TRADE_COUNTRY_YR(5.1.0),AE,A,AED,FCSC,ANN_CNT,TTRADE,_Z,_Z,275,2020,148242997.16,,,,0
FCSA:DF_TRADE_COUNTRY_YR(5.1.0),AE,A,AED,FCSC,ANN_CNT,TTRADE,_Z,_Z,275,2021,274026702.87,,,,0
FCSA:DF_TRADE_COUNTRY_YR(5.1.0),AE,A,AED,FCSC,ANN_CNT,TTRADE,_Z,_Z,275,2022,450876131.97,,,,0
FCSA:DF_TRADE_COUNTRY_YR(5.1.0),AE,A,AED,FCSC,ANN_CNT,TTRADE,_Z,_Z,275,2023,554615973.11,,,,0
FCSA:DF_TRADE_COUNTRY_YR(5.1.0),AE,A,AED,FCSC,ANN_CNT,TTRADE,_Z,_Z,275,2024,673555759.63,,,,0
FCSA:DF_TRADE_COUNTRY_YR(5.1.0),AE,A,AED,FCSC,ANN_CNT,IMP,_Z,_Z,585,2017,266545.00,,,,0
FCSA:DF_TRADE_COUNTRY_YR(5.1.0),AE,A,AED,FCSC,ANN_CNT,IMP,_Z,_Z,585,2018,30550.00,,,,0
FCSA:DF_TRADE_COUNTRY_YR(5.1.0),AE,A,AED,FCSC,ANN_CNT,IMP,_Z,_Z,585,2019,1170.00,,,,0
FCSA:DF_TRADE_COUNTRY_YR(5.1.0),AE,A,AED,FCSC,ANN_CNT,IMP,_Z,_Z,585,2020,23461.30,,,,0
FCSA:DF_TRADE_COUNTRY_YR(5.1.0),AE,A,AED,FCSC,ANN_CNT,IMP,_Z,_Z,585,2021,39173.88,,,,0
FCSA:DF_TRADE_COUNTRY_YR(5.1.0),AE,A,AED,FCSC,ANN_CNT,IMP,_Z,_Z,585,2022,45755.17,,,,0
FCSA:DF_TRADE_COUNTRY_YR(5.1.0),AE,A,AED,FCSC,ANN_CNT,IMP,_Z,_Z,585,2023,677205.35,,,,0
FCSA:DF_TRADE_COUNTRY_YR(5.1.0),AE,A,AED,FCSC,ANN_CNT,IMP,_Z,_Z,585,2024,182901.82,,,,0
FCSA:DF_TRADE_COUNTRY_YR(5.1.0),AE,A,AED,FCSC,ANN_CNT,REEXP,_Z,_Z,392,2017,3834420058.88,,,,0
FCSA:DF_TRADE_COUNTRY_YR(5.1.0),AE,A,AED,FCSC,ANN_CNT,REEXP,_Z,_Z,392,2018,609268783.30,,,,0
FCSA:DF_TRADE_COUNTRY_YR(5.1.0),AE,A,AED,FCSC,ANN_CNT,REEXP,_Z,_Z,392,2019,2996405013.98,,,,0
FCSA:DF_TRADE_COUNTRY_YR(5.1.0),AE,A,AED,FCSC,ANN_CNT,REEXP,_Z,_Z,392,2020,1859702983.69,,,,0
FCSA:DF_TRADE_COUNTRY_YR(5.1.0),AE,A,AED,FCSC,ANN_CNT,REEXP,_Z,_Z,392,2021,2968815921.55,,,,0
FCSA:DF_TRADE_COUNTRY_YR(5.1.0),AE,A,AED,FCSC,ANN_CNT,REEXP,_Z,_Z,392,2022,3490031081.95,,,,0
FCSA:DF_TRADE_COUNTRY_YR(5.1.0),AE,A,AED,FCSC,ANN_CNT,REEXP,_Z,_Z,392,2023,3051573487.06,,,,0
FCSA:DF_TRADE_COUNTRY_YR(5.1.0),AE,A,AED,FCSC,ANN_CNT,REEXP,_Z,_Z,392,2024,1262057230.91,,,,0
FCSA:DF_TRADE_COUNTRY_YR(5.1.0),AE,A,AED,FCSC,ANN_CNT,TTRADE,_Z,_Z,704,2017,38044262357.36,,,,0
FCSA:DF_TRADE_COUNTRY_YR(5.1.0),AE,A,AED,FCSC,ANN_CNT,TTRADE,_Z,_Z,704,2018,30096108218.36,,,,0
FCSA:DF_TRADE_COUNTRY_YR(5.1.0),AE,A,AED,FCSC,ANN_CNT,TTRADE,_Z,_Z,704,2019,29995097580.55,,,,0
FCSA:DF_TRADE_COUNTRY_YR(5.1.0),AE,A,AED,FCSC,ANN_CNT,TTRADE,_Z,_Z,704,2020,24222992135.03,,,,0
FCSA:DF_TRADE_COUNTRY_YR(5.1.0),AE,A,AED,FCSC,ANN_CNT,TTRADE,_Z,_Z,704,2021,32560911156.46,,,,0
FCSA:DF_TRADE_COUNTRY_YR(5.1.0),AE,A,AED,FCSC,ANN_CNT,TTRADE,_Z,_Z,704,2022,32095924327.05,,,,0
FCSA:DF_TRADE_COUNTRY_YR(5.1.0),AE,A,AED,FCSC,ANN_CNT,TTRADE,_Z,_Z,704,2023,44521410420.49,,,,0
FCSA:DF_TRADE_COUNTRY_YR(5.1.0),AE,A,AED,FCSC,ANN_CNT,TTRADE,_Z,_Z,704,2024,46292511242.37,,,,0
FCSA:DF_TRADE_COUNTRY_YR(5.1.0),AE,A,AED,FCSC,ANN_CNT,IMP,_Z,_Z,887,2017,1476424636.10,,,,0
FCSA:DF_TRADE_COUNTRY_YR(5.1.0),AE,A,AED,FCSC,ANN_CNT,IMP,_Z,_Z,887,2018,462169095.26,,,,0
FCSA:DF_TRADE_COUNTRY_YR(5.1.0),AE,A,AED,FCSC,ANN_CNT,IMP,_Z,_Z,887,2019,357614719.90,,,,0
FCSA:DF_TRADE_COUNTRY_YR(5.1.0),AE,A,AED,FCSC,ANN_CNT,IMP,_Z,_Z,887,2020,460743740.01,,,,0
FCSA:DF_TRADE_COUNTRY_YR(5.1.0),AE,A,AED,FCSC,ANN_CNT,IMP,_Z,_Z,887,2021,350744932.16,,,,0
FCSA:DF_TRADE_COUNTRY_YR(5.1.0),AE,A,AED,FCSC,ANN_CNT,IMP,_Z,_Z,887,2022,445888520.24,,,,0
FCSA:DF_TRADE_COUNTRY_YR(5.1.0),AE,A,AED,FCSC,ANN_CNT,IMP,_Z,_Z,887,2023,1079086920.97,,,,0
FCSA:DF_TRADE_COUNTRY_YR(5.1.0),AE,A,AED,FCSC,ANN_CNT,IMP,_Z,_Z,887,2024,2005848150.00,,,,0
FCSA:DF_TRADE_COUNTRY_YR(5.1.0),AE,A,AED,FCSC,ANN_CNT,TNOEXP,_Z,_Z,268,2017,387275488.32,,,,0
FCSA:DF_TRADE_COUNTRY_YR(5.1.0),AE,A,AED,FCSC,ANN_CNT,TNOEXP,_Z,_Z,268,2018,877931453.84,,,,0
FCSA:DF_TRADE_COUNTRY_YR(5.1.0),AE,A,AED,FCSC,ANN_CNT,TNOEXP,_Z,_Z,268,2019,685992380.42,,,,0
FCSA:DF_TRADE_COUNTRY_YR(5.1.0),AE,A,AED,FCSC,ANN_CNT,TNOEXP,_Z,_Z,268,2020,505546721.65,,,,0
FCSA:DF_TRADE_COUNTRY_YR(5.1.0),AE,A,AED,FCSC,ANN_CNT,TNOEXP,_Z,_Z,268,2021,781021137.95,,,,0
FCSA:DF_TRADE_COUNTRY_YR(5.1.0),AE,A,AED,FCSC,ANN_CNT,TNOEXP,_Z,_Z,268,2022,1728071563.81,,,,0
FCSA:DF_TRADE_COUNTRY_YR(5.1.0),AE,A,AED,FCSC,ANN_CNT,TNOEXP,_Z,_Z,268,2023,1843340978.06,,,,0
FCSA:DF_TRADE_COUNTRY_YR(5.1.0),AE,A,AED,FCSC,ANN_CNT,TNOEXP,_Z,_Z,268,2024,2910742544.40,,,,0
FCSA:DF_TRADE_COUNTRY_YR(5.1.0),AE,A,AED,FCSC,ANN_CNT,REEXP,_Z,_Z,60,2017,4944294.68,,,,0
FCSA:DF_TRADE_COUNTRY_YR(5.1.0),AE,A,AED,FCSC,ANN_CNT,REEXP,_Z,_Z,60,2018,8156767.80,,,,0
FCSA:DF_TRADE_COUNTRY_YR(5.1.0),AE,A,AED,FCSC,ANN_CNT,REEXP,_Z,_Z,60,2019,8052186.17,,,,0
FCSA:DF_TRADE_COUNTRY_YR(5.1.0),AE,A,AED,FCSC,ANN_CNT,REEXP,_Z,_Z,60,2020,4182898.86,,,,0
FCSA:DF_TRADE_COUNTRY_YR(5.1.0),AE,A,AED,FCSC,ANN_CNT,REEXP,_Z,_Z,60,2021,2010744.22,,,,0
FCSA:DF_TRADE_COUNTRY_YR(5.1.0),AE,A,AED,FCSC,ANN_CNT,REEXP,_Z,_Z,60,2022,461097.13,,,,0
FCSA:DF_TRADE_COUNTRY_YR(5.1.0),AE,A,AED,FCSC,ANN_CNT,REEXP,_Z,_Z,60,2023,384825.60,,,,0
FCSA:DF_TRADE_COUNTRY_YR(5.1.0),AE,A,AED,FCSC,ANN_CNT,REEXP,_Z,_Z,60,2024,781977.51,,,,0
FCSA:DF_TRADE_COUNTRY_YR(5.1.0),AE,A,AED,FCSC,ANN_CNT,IMP,_Z,_Z,214,2017,71757665.95,,,,0
FCSA:DF_TRADE_COUNTRY_YR(5.1.0),AE,A,AED,FCSC,ANN_CNT,IMP,_Z,_Z,214,2018,61537452.30,,,,0
FCSA:DF_TRADE_COUNTRY_YR(5.1.0),AE,A,AED,FCSC,ANN_CNT,IMP,_Z,_Z,214,2019,55463003.27,,,,0
FCSA:DF_TRADE_COUNTRY_YR(5.1.0),AE,A,AED,FCSC,ANN_CNT,IMP,_Z,_Z,214,2020,46262372.79,,,,0
FCSA:DF_TRADE_COUNTRY_YR(5.1.0),AE,A,AED,FCSC,ANN_CNT,IMP,_Z,_Z,214,2021,70992856.97,,,,0
FCSA:DF_TRADE_COUNTRY_YR(5.1.0),AE,A,AED,FCSC,ANN_CNT,IMP,_Z,_Z,214,2022,101647132.14,,,,0
FCSA:DF_TRADE_COUNTRY_YR(5.1.0),AE,A,AED,FCSC,ANN_CNT,IMP,_Z,_Z,214,2023,110898507.82,,,,0
FCSA:DF_TRADE_COUNTRY_YR(5.1.0),AE,A,AED,FCSC,ANN_CNT,IMP,_Z,_Z,214,2024,114254965.78,,,,0
FCSA:DF_TRADE_COUNTRY_YR(5.1.0),AE,A,AED,FCSC,ANN_CNT,IMP,_Z,_Z,340,2017,48412660.04,,,,0
FCSA:DF_TRADE_COUNTRY_YR(5.1.0),AE,A,AED,FCSC,ANN_CNT,IMP,_Z,_Z,340,2018,52364209.87,,,,0
FCSA:DF_TRADE_COUNTRY_YR(5.1.0),AE,A,AED,FCSC,ANN_CNT,IMP,_Z,_Z,340,2019,40398279.06,,,,0
FCSA:DF_TRADE_COUNTRY_YR(5.1.0),AE,A,AED,FCSC,ANN_CNT,IMP,_Z,_Z,340,2020,28689125.95,,,,0
FCSA:DF_TRADE_COUNTRY_YR(5.1.0),AE,A,AED,FCSC,ANN_CNT,IMP,_Z,_Z,340,2021,24325789.70,,,,0
FCSA:DF_TRADE_COUNTRY_YR(5.1.0),AE,A,AED,FCSC,ANN_CNT,IMP,_Z,_Z,340,2022,26356909.68,,,,0
FCSA:DF_TRADE_COUNTRY_YR(5.1.0),AE,A,AED,FCSC,ANN_CNT,IMP,_Z,_Z,340,2023,44903656.68,,,,0
FCSA:DF_TRADE_COUNTRY_YR(5.1.0),AE,A,AED,FCSC,ANN_CNT,IMP,_Z,_Z,340,2024,25386608.04,,,,0
FCSA:DF_TRADE_COUNTRY_YR(5.1.0),AE,A,AED,FCSC,ANN_CNT,NOEXP,_Z,_Z,44,2017,801697.36,,,,0
FCSA:DF_TRADE_COUNTRY_YR(5.1.0),AE,A,AED,FCSC,ANN_CNT,NOEXP,_Z,_Z,44,2018,1006662.59,,,,0
FCSA:DF_TRADE_COUNTRY_YR(5.1.0),AE,A,AED,FCSC,ANN_CNT,NOEXP,_Z,_Z,44,2019,1312903.96,,,,0
FCSA:DF_TRADE_COUNTRY_YR(5.1.0),AE,A,AED,FCSC,ANN_CNT,NOEXP,_Z,_Z,44,2020,235200.52,,,,0
FCSA:DF_TRADE_COUNTRY_YR(5.1.0),AE,A,AED,FCSC,ANN_CNT,NOEXP,_Z,_Z,44,2021,761743.88,,,,0
FCSA:DF_TRADE_COUNTRY_YR(5.1.0),AE,A,AED,FCSC,ANN_CNT,NOEXP,_Z,_Z,44,2022,4042924.35,,,,0
FCSA:DF_TRADE_COUNTRY_YR(5.1.0),AE,A,AED,FCSC,ANN_CNT,NOEXP,_Z,_Z,44,2023,2914455.92,,,,0
FCSA:DF_TRADE_COUNTRY_YR(5.1.0),AE,A,AED,FCSC,ANN_CNT,NOEXP,_Z,_Z,44,2024,1164286.03,,,,0
FCSA:DF_TRADE_COUNTRY_YR(5.1.0),AE,A,AED,FCSC,ANN_CNT,TTRADE,_Z,_Z,316,2017,11319265.03,,,,0
FCSA:DF_TRADE_COUNTRY_YR(5.1.0),AE,A,AED,FCSC,ANN_CNT,TTRADE,_Z,_Z,316,2018,11592061.94,,,,0
FCSA:DF_TRADE_COUNTRY_YR(5.1.0),AE,A,AED,FCSC,ANN_CNT,TTRADE,_Z,_Z,316,2019,2978521.39,,,,0
FCSA:DF_TRADE_COUNTRY_YR(5.1.0),AE,A,AED,FCSC,ANN_CNT,TTRADE,_Z,_Z,316,2020,3319161.74,,,,0
FCSA:DF_TRADE_COUNTRY_YR(5.1.0),AE,A,AED,FCSC,ANN_CNT,TTRADE,_Z,_Z,316,2021,3980718.48,,,,0
FCSA:DF_TRADE_COUNTRY_YR(5.1.0),AE,A,AED,FCSC,ANN_CNT,TTRADE,_Z,_Z,316,2022,945176.38,,,,0
FCSA:DF_TRADE_COUNTRY_YR(5.1.0),AE,A,AED,FCSC,ANN_CNT,TTRADE,_Z,_Z,316,2023,2357620.88,,,,0
FCSA:DF_TRADE_COUNTRY_YR(5.1.0),AE,A,AED,FCSC,ANN_CNT,TTRADE,_Z,_Z,316,2024,3394128.65,,,,0
FCSA:DF_TRADE_COUNTRY_YR(5.1.0),AE,A,AED,FCSC,ANN_CNT,REEXP,_Z,_Z,833,2017,258585.00,,,,0
FCSA:DF_TRADE_COUNTRY_YR(5.1.0),AE,A,AED,FCSC,ANN_CNT,REEXP,_Z,_Z,833,2018,45945.00,,,,0
FCSA:DF_TRADE_COUNTRY_YR(5.1.0),AE,A,AED,FCSC,ANN_CNT,REEXP,_Z,_Z,833,2019,6882.00,,,,0
FCSA:DF_TRADE_COUNTRY_YR(5.1.0),AE,A,AED,FCSC,ANN_CNT,REEXP,_Z,_Z,833,2020,128102.98,,,,0
FCSA:DF_TRADE_COUNTRY_YR(5.1.0),AE,A,AED,FCSC,ANN_CNT,REEXP,_Z,_Z,833,2021,257886.00,,,,0
FCSA:DF_TRADE_COUNTRY_YR(5.1.0),AE,A,AED,FCSC,ANN_CNT,REEXP,_Z,_Z,833,2023,438334.75,,,,0
FCSA:DF_TRADE_COUNTRY_YR(5.1.0),AE,A,AED,FCSC,ANN_CNT,REEXP,_Z,_Z,833,2024,1063026.35,,,,0
FCSA:DF_TRADE_COUNTRY_YR(5.1.0),AE,A,AED,FCSC,ANN_CNT,TNOEXP,_Z,_Z,474,2017,6264167.67,,,,0
FCSA:DF_TRADE_COUNTRY_YR(5.1.0),AE,A,AED,FCSC,ANN_CNT,TNOEXP,_Z,_Z,474,2018,7330558.67,,,,0
FCSA:DF_TRADE_COUNTRY_YR(5.1.0),AE,A,AED,FCSC,ANN_CNT,TNOEXP,_Z,_Z,474,2019,6256844.32,,,,0
FCSA:DF_TRADE_COUNTRY_YR(5.1.0),AE,A,AED,FCSC,ANN_CNT,TNOEXP,_Z,_Z,474,2020,697117.88,,,,0
FCSA:DF_TRADE_COUNTRY_YR(5.1.0),AE,A,AED,FCSC,ANN_CNT,TNOEXP,_Z,_Z,474,2021,891322.16,,,,0
FCSA:DF_TRADE_COUNTRY_YR(5.1.0),AE,A,AED,FCSC,ANN_CNT,TNOEXP,_Z,_Z,474,2022,841250.07,,,,0
FCSA:DF_TRADE_COUNTRY_YR(5.1.0),AE,A,AED,FCSC,ANN_CNT,TNOEXP,_Z,_Z,474,2023,4091103.90,,,,0
FCSA:DF_TRADE_COUNTRY_YR(5.1.0),AE,A,AED,FCSC,ANN_CNT,TNOEXP,_Z,_Z,474,2024,2685538.84,,,,0
FCSA:DF_TRADE_COUNTRY_YR(5.1.0),AE,A,AED,FCSC,ANN_CNT,NOEXP,_Z,_Z,798,2017,0.00,,,,0
FCSA:DF_TRADE_COUNTRY_YR(5.1.0),AE,A,AED,FCSC,ANN_CNT,NOEXP,_Z,_Z,798,2018,0.00,,,,0
FCSA:DF_TRADE_COUNTRY_YR(5.1.0),AE,A,AED,FCSC,ANN_CNT,NOEXP,_Z,_Z,798,2019,0.00,,,,0
FCSA:DF_TRADE_COUNTRY_YR(5.1.0),AE,A,AED,FCSC,ANN_CNT,NOEXP,_Z,_Z,798,2021,1269.84,,,,0
FCSA:DF_TRADE_COUNTRY_YR(5.1.0),AE,A,AED,FCSC,ANN_CNT,NOEXP,_Z,_Z,798,2022,195.43,,,,0
FCSA:DF_TRADE_COUNTRY_YR(5.1.0),AE,A,AED,FCSC,ANN_CNT,NOEXP,_Z,_Z,798,2023,25989.58,,,,0
FCSA:DF_TRADE_COUNTRY_YR(5.1.0),AE,A,AED,FCSC,ANN_CNT,NOEXP,_Z,_Z,798,2024,30395.15,,,,0
FCSA:DF_TRADE_COUNTRY_YR(5.1.0),AE,A,AED,FCSC,ANN_CNT,IMP,_Z,_Z,724,2017,7622248879.41,,,,0
FCSA:DF_TRADE_COUNTRY_YR(5.1.0),AE,A,AED,FCSC,ANN_CNT,IMP,_Z,_Z,724,2018,7758209520.51,,,,0
FCSA:DF_TRADE_COUNTRY_YR(5.1.0),AE,A,AED,FCSC,ANN_CNT,IMP,_Z,_Z,724,2019,7788145331.95,,,,0
FCSA:DF_TRADE_COUNTRY_YR(5.1.0),AE,A,AED,FCSC,ANN_CNT,IMP,_Z,_Z,724,2020,6790925879.19,,,,0
FCSA:DF_TRADE_COUNTRY_YR(5.1.0),AE,A,AED,FCSC,ANN_CNT,IMP,_Z,_Z,724,2021,7538940149.28,,,,0
FCSA:DF_TRADE_COUNTRY_YR(5.1.0),AE,A,AED,FCSC,ANN_CNT,IMP,_Z,_Z,724,2022,7778146638.02,,,,0
FCSA:DF_TRADE_COUNTRY_YR(5.1.0),AE,A,AED,FCSC,ANN_CNT,IMP,_Z,_Z,724,2023,8301451092.07,,,,0
FCSA:DF_TRADE_COUNTRY_YR(5.1.0),AE,A,AED,FCSC,ANN_CNT,IMP,_Z,_Z,724,2024,9767191011.69,,,,0
FCSA:DF_TRADE_COUNTRY_YR(5.1.0),AE,A,AED,FCSC,ANN_CNT,REEXP,_Z,_Z,804,2017,339445426.44,,,,0
FCSA:DF_TRADE_COUNTRY_YR(5.1.0),AE,A,AED,FCSC,ANN_CNT,REEXP,_Z,_Z,804,2018,369797941.56,,,,0
FCSA:DF_TRADE_COUNTRY_YR(5.1.0),AE,A,AED,FCSC,ANN_CNT,REEXP,_Z,_Z,804,2019,469201648.96,,,,0
FCSA:DF_TRADE_COUNTRY_YR(5.1.0),AE,A,AED,FCSC,ANN_CNT,REEXP,_Z,_Z,804,2020,470245677.76,,,,0
FCSA:DF_TRADE_COUNTRY_YR(5.1.0),AE,A,AED,FCSC,ANN_CNT,REEXP,_Z,_Z,804,2021,682967384.97,,,,0
FCSA:DF_TRADE_COUNTRY_YR(5.1.0),AE,A,AED,FCSC,ANN_CNT,REEXP,_Z,_Z,804,2022,258030426.96,,,,0
FCSA:DF_TRADE_COUNTRY_YR(5.1.0),AE,A,AED,FCSC,ANN_CNT,REEXP,_Z,_Z,804,2023,234647415.50,,,,0
FCSA:DF_TRADE_COUNTRY_YR(5.1.0),AE,A,AED,FCSC,ANN_CNT,REEXP,_Z,_Z,804,2024,100840921.42,,,,0
FCSA:DF_TRADE_COUNTRY_YR(5.1.0),AE,A,AED,FCSC,ANN_CNT,IMP,_Z,_Z,498,2017,24078621.16,,,,0
FCSA:DF_TRADE_COUNTRY_YR(5.1.0),AE,A,AED,FCSC,ANN_CNT,IMP,_Z,_Z,498,2018,17317725.30,,,,0
FCSA:DF_TRADE_COUNTRY_YR(5.1.0),AE,A,AED,FCSC,ANN_CNT,IMP,_Z,_Z,498,2019,21600756.38,,,,0
FCSA:DF_TRADE_COUNTRY_YR(5.1.0),AE,A,AED,FCSC,ANN_CNT,IMP,_Z,_Z,498,2020,11363032.87,,,,0
FCSA:DF_TRADE_COUNTRY_YR(5.1.0),AE,A,AED,FCSC,ANN_CNT,IMP,_Z,_Z,498,2021,13282790.46,,,,0
FCSA:DF_TRADE_COUNTRY_YR(5.1.0),AE,A,AED,FCSC,ANN_CNT,IMP,_Z,_Z,498,2022,31717883.21,,,,0
FCSA:DF_TRADE_COUNTRY_YR(5.1.0),AE,A,AED,FCSC,ANN_CNT,IMP,_Z,_Z,498,2023,33861517.03,,,,0
FCSA:DF_TRADE_COUNTRY_YR(5.1.0),AE,A,AED,FCSC,ANN_CNT,IMP,_Z,_Z,498,2024,54090481.18,,,,0
FCSA:DF_TRADE_COUNTRY_YR(5.1.0),AE,A,AED,FCSC,ANN_CNT,IMP,_Z,_Z,20,2017,9885510.19,,,,0
FCSA:DF_TRADE_COUNTRY_YR(5.1.0),AE,A,AED,FCSC,ANN_CNT,IMP,_Z,_Z,20,2018,928034.34,,,,0
FCSA:DF_TRADE_COUNTRY_YR(5.1.0),AE,A,AED,FCSC,ANN_CNT,IMP,_Z,_Z,20,2019,1495102.50,,,,0
FCSA:DF_TRADE_COUNTRY_YR(5.1.0),AE,A,AED,FCSC,ANN_CNT,IMP,_Z,_Z,20,2020,13157795.99,,,,0
FCSA:DF_TRADE_COUNTRY_YR(5.1.0),AE,A,AED,FCSC,ANN_CNT,IMP,_Z,_Z,20,2021,23959054.77,,,,0
FCSA:DF_TRADE_COUNTRY_YR(5.1.0),AE,A,AED,FCSC,ANN_CNT,IMP,_Z,_Z,20,2022,8245923.08,,,,0
FCSA:DF_TRADE_COUNTRY_YR(5.1.0),AE,A,AED,FCSC,ANN_CNT,IMP,_Z,_Z,20,2023,1210854.56,,,,0
FCSA:DF_TRADE_COUNTRY_YR(5.1.0),AE,A,AED,FCSC,ANN_CNT,IMP,_Z,_Z,20,2024,8254561.29,,,,0
FCSA:DF_TRADE_COUNTRY_YR(5.1.0),AE,A,AED,FCSC,ANN_CNT,NOEXP,_Z,_Z,31,2017,219646492.63,,,,0
FCSA:DF_TRADE_COUNTRY_YR(5.1.0),AE,A,AED,FCSC,ANN_CNT,NOEXP,_Z,_Z,31,2018,135897921.49,,,,0
FCSA:DF_TRADE_COUNTRY_YR(5.1.0),AE,A,AED,FCSC,ANN_CNT,NOEXP,_Z,_Z,31,2019,250842770.96,,,,0
FCSA:DF_TRADE_COUNTRY_YR(5.1.0),AE,A,AED,FCSC,ANN_CNT,NOEXP,_Z,_Z,31,2020,233636589.29,,,,0
FCSA:DF_TRADE_COUNTRY_YR(5.1.0),AE,A,AED,FCSC,ANN_CNT,NOEXP,_Z,_Z,31,2021,282874394.68,,,,0
FCSA:DF_TRADE_COUNTRY_YR(5.1.0),AE,A,AED,FCSC,ANN_CNT,NOEXP,_Z,_Z,31,2022,379019675.64,,,,0
FCSA:DF_TRADE_COUNTRY_YR(5.1.0),AE,A,AED,FCSC,ANN_CNT,NOEXP,_Z,_Z,31,2023,651395471.63,,,,0
FCSA:DF_TRADE_COUNTRY_YR(5.1.0),AE,A,AED,FCSC,ANN_CNT,NOEXP,_Z,_Z,31,2024,991498887.78,,,,0
FCSA:DF_TRADE_COUNTRY_YR(5.1.0),AE,A,AED,FCSC,ANN_CNT,TTRADE,_Z,_Z,558,2017,39394808.19,,,,0
FCSA:DF_TRADE_COUNTRY_YR(5.1.0),AE,A,AED,FCSC,ANN_CNT,TTRADE,_Z,_Z,558,2018,39583569.73,,,,0
FCSA:DF_TRADE_COUNTRY_YR(5.1.0),AE,A,AED,FCSC,ANN_CNT,TTRADE,_Z,_Z,558,2019,54766117.88,,,,0
FCSA:DF_TRADE_COUNTRY_YR(5.1.0),AE,A,AED,FCSC,ANN_CNT,TTRADE,_Z,_Z,558,2020,57940096.08,,,,0
FCSA:DF_TRADE_COUNTRY_YR(5.1.0),AE,A,AED,FCSC,ANN_CNT,TTRADE,_Z,_Z,558,2021,207216601.48,,,,0
FCSA:DF_TRADE_COUNTRY_YR(5.1.0),AE,A,AED,FCSC,ANN_CNT,TTRADE,_Z,_Z,558,2022,121406991.86,,,,0
FCSA:DF_TRADE_COUNTRY_YR(5.1.0),AE,A,AED,FCSC,ANN_CNT,TTRADE,_Z,_Z,558,2023,94193742.67,,,,0
FCSA:DF_TRADE_COUNTRY_YR(5.1.0),AE,A,AED,FCSC,ANN_CNT,TTRADE,_Z,_Z,558,2024,77392817.24,,,,0
FCSA:DF_TRADE_COUNTRY_YR(5.1.0),AE,A,AED,FCSC,ANN_CNT,TTRADE,_Z,_Z,288,2017,4380791017.58,,,,0
FCSA:DF_TRADE_COUNTRY_YR(5.1.0),AE,A,AED,FCSC,ANN_CNT,TTRADE,_Z,_Z,288,2018,4585344195.70,,,,0
FCSA:DF_TRADE_COUNTRY_YR(5.1.0),AE,A,AED,FCSC,ANN_CNT,TTRADE,_Z,_Z,288,2019,6378523172.75,,,,0
FCSA:DF_TRADE_COUNTRY_YR(5.1.0),AE,A,AED,FCSC,ANN_CNT,TTRADE,_Z,_Z,288,2020,7930532653.13,,,,0
FCSA:DF_TRADE_COUNTRY_YR(5.1.0),AE,A,AED,FCSC,ANN_CNT,TTRADE,_Z,_Z,288,2021,9401839130.28,,,,0
FCSA:DF_TRADE_COUNTRY_YR(5.1.0),AE,A,AED,FCSC,ANN_CNT,TTRADE,_Z,_Z,288,2022,19600720682.56,,,,0
FCSA:DF_TRADE_COUNTRY_YR(5.1.0),AE,A,AED,FCSC,ANN_CNT,TTRADE,_Z,_Z,288,2023,14372780652.13,,,,0
FCSA:DF_TRADE_COUNTRY_YR(5.1.0),AE,A,AED,FCSC,ANN_CNT,TTRADE,_Z,_Z,288,2024,25304318977.56,,,,0
FCSA:DF_TRADE_COUNTRY_YR(5.1.0),AE,A,AED,FCSC,ANN_CNT,TNOEXP,_Z,_Z,554,2017,288944225.54,,,,0
FCSA:DF_TRADE_COUNTRY_YR(5.1.0),AE,A,AED,FCSC,ANN_CNT,TNOEXP,_Z,_Z,554,2018,331445975.23,,,,0
FCSA:DF_TRADE_COUNTRY_YR(5.1.0),AE,A,AED,FCSC,ANN_CNT,TNOEXP,_Z,_Z,554,2019,410054072.52,,,,0
FCSA:DF_TRADE_COUNTRY_YR(5.1.0),AE,A,AED,FCSC,ANN_CNT,TNOEXP,_Z,_Z,554,2020,383412735.75,,,,0
FCSA:DF_TRADE_COUNTRY_YR(5.1.0),AE,A,AED,FCSC,ANN_CNT,TNOEXP,_Z,_Z,554,2021,667003880.74,,,,0
FCSA:DF_TRADE_COUNTRY_YR(5.1.0),AE,A,AED,FCSC,ANN_CNT,TNOEXP,_Z,_Z,554,2022,584260955.68,,,,0
FCSA:DF_TRADE_COUNTRY_YR(5.1.0),AE,A,AED,FCSC,ANN_CNT,TNOEXP,_Z,_Z,554,2023,414331776.40,,,,0
FCSA:DF_TRADE_COUNTRY_YR(5.1.0),AE,A,AED,FCSC,ANN_CNT,TNOEXP,_Z,_Z,554,2024,420175973.60,,,,0
FCSA:DF_TRADE_COUNTRY_YR(5.1.0),AE,A,AED,FCSC,ANN_CNT,NOEXP,_Z,_Z,204,2017,86265655.57,,,,0
FCSA:DF_TRADE_COUNTRY_YR(5.1.0),AE,A,AED,FCSC,ANN_CNT,NOEXP,_Z,_Z,204,2018,90196058.75,,,,0
FCSA:DF_TRADE_COUNTRY_YR(5.1.0),AE,A,AED,FCSC,ANN_CNT,NOEXP,_Z,_Z,204,2019,87520748.12,,,,0
FCSA:DF_TRADE_COUNTRY_YR(5.1.0),AE,A,AED,FCSC,ANN_CNT,NOEXP,_Z,_Z,204,2020,62187250.23,,,,0
FCSA:DF_TRADE_COUNTRY_YR(5.1.0),AE,A,AED,FCSC,ANN_CNT,NOEXP,_Z,_Z,204,2021,134697293.75,,,,0
FCSA:DF_TRADE_COUNTRY_YR(5.1.0),AE,A,AED,FCSC,ANN_CNT,NOEXP,_Z,_Z,204,2022,181671544.23,,,,0
FCSA:DF_TRADE_COUNTRY_YR(5.1.0),AE,A,AED,FCSC,ANN_CNT,NOEXP,_Z,_Z,204,2023,102444904.92,,,,0
FCSA:DF_TRADE_COUNTRY_YR(5.1.0),AE,A,AED,FCSC,ANN_CNT,NOEXP,_Z,_Z,204,2024,86821455.84,,,,0
FCSA:DF_TRADE_COUNTRY_YR(5.1.0),AE,A,AED,FCSC,ANN_CNT,TNOEXP,_Z,_Z,308,2017,18062662.68,,,,0
FCSA:DF_TRADE_COUNTRY_YR(5.1.0),AE,A,AED,FCSC,ANN_CNT,TNOEXP,_Z,_Z,308,2018,9278406.96,,,,0
FCSA:DF_TRADE_COUNTRY_YR(5.1.0),AE,A,AED,FCSC,ANN_CNT,TNOEXP,_Z,_Z,308,2019,2056850.41,,,,0
FCSA:DF_TRADE_COUNTRY_YR(5.1.0),AE,A,AED,FCSC,ANN_CNT,TNOEXP,_Z,_Z,308,2020,5553318.66,,,,0
FCSA:DF_TRADE_COUNTRY_YR(5.1.0),AE,A,AED,FCSC,ANN_CNT,TNOEXP,_Z,_Z,308,2021,8116946.66,,,,0
FCSA:DF_TRADE_COUNTRY_YR(5.1.0),AE,A,AED,FCSC,ANN_CNT,TNOEXP,_Z,_Z,308,2022,4354310.11,,,,0
FCSA:DF_TRADE_COUNTRY_YR(5.1.0),AE,A,AED,FCSC,ANN_CNT,TNOEXP,_Z,_Z,308,2023,4471896.15,,,,0
FCSA:DF_TRADE_COUNTRY_YR(5.1.0),AE,A,AED,FCSC,ANN_CNT,TNOEXP,_Z,_Z,308,2024,9976372.39,,,,0
FCSA:DF_TRADE_COUNTRY_YR(5.1.0),AE,A,AED,FCSC,ANN_CNT,NOEXP,_Z,_Z,858,2017,12420205.95,,,,0
FCSA:DF_TRADE_COUNTRY_YR(5.1.0),AE,A,AED,FCSC,ANN_CNT,NOEXP,_Z,_Z,858,2018,14257801.62,,,,0
FCSA:DF_TRADE_COUNTRY_YR(5.1.0),AE,A,AED,FCSC,ANN_CNT,NOEXP,_Z,_Z,858,2019,11599377.57,,,,0
FCSA:DF_TRADE_COUNTRY_YR(5.1.0),AE,A,AED,FCSC,ANN_CNT,NOEXP,_Z,_Z,858,2020,5088162.16,,,,0
FCSA:DF_TRADE_COUNTRY_YR(5.1.0),AE,A,AED,FCSC,ANN_CNT,NOEXP,_Z,_Z,858,2021,21322184.03,,,,0
FCSA:DF_TRADE_COUNTRY_YR(5.1.0),AE,A,AED,FCSC,ANN_CNT,NOEXP,_Z,_Z,858,2022,13859184.05,,,,0
FCSA:DF_TRADE_COUNTRY_YR(5.1.0),AE,A,AED,FCSC,ANN_CNT,NOEXP,_Z,_Z,858,2023,25458559.93,,,,0
FCSA:DF_TRADE_COUNTRY_YR(5.1.0),AE,A,AED,FCSC,ANN_CNT,NOEXP,_Z,_Z,858,2024,94811989.88,,,,0
FCSA:DF_TRADE_COUNTRY_YR(5.1.0),AE,A,AED,FCSC,ANN_CNT,TNOEXP,_Z,_Z,662,2017,425833.41,,,,0
FCSA:DF_TRADE_COUNTRY_YR(5.1.0),AE,A,AED,FCSC,ANN_CNT,TNOEXP,_Z,_Z,662,2018,323211.07,,,,0
FCSA:DF_TRADE_COUNTRY_YR(5.1.0),AE,A,AED,FCSC,ANN_CNT,TNOEXP,_Z,_Z,662,2019,535860.18,,,,0
FCSA:DF_TRADE_COUNTRY_YR(5.1.0),AE,A,AED,FCSC,ANN_CNT,TNOEXP,_Z,_Z,662,2020,1366678.33,,,,0
FCSA:DF_TRADE_COUNTRY_YR(5.1.0),AE,A,AED,FCSC,ANN_CNT,TNOEXP,_Z,_Z,662,2021,837578.24,,,,0
FCSA:DF_TRADE_COUNTRY_YR(5.1.0),AE,A,AED,FCSC,ANN_CNT,TNOEXP,_Z,_Z,662,2022,1644081.12,,,,0
FCSA:DF_TRADE_COUNTRY_YR(5.1.0),AE,A,AED,FCSC,ANN_CNT,TNOEXP,_Z,_Z,662,2023,822136.91,,,,0
FCSA:DF_TRADE_COUNTRY_YR(5.1.0),AE,A,AED,FCSC,ANN_CNT,TNOEXP,_Z,_Z,662,2024,2371789.54,,,,0
FCSA:DF_TRADE_COUNTRY_YR(5.1.0),AE,A,AED,FCSC,ANN_CNT,REEXP,_Z,_Z,212,2017,3839492.74,,,,0
FCSA:DF_TRADE_COUNTRY_YR(5.1.0),AE,A,AED,FCSC,ANN_CNT,REEXP,_Z,_Z,212,2018,3503504.50,,,,0
FCSA:DF_TRADE_COUNTRY_YR(5.1.0),AE,A,AED,FCSC,ANN_CNT,REEXP,_Z,_Z,212,2019,7826947.48,,,,0
FCSA:DF_TRADE_COUNTRY_YR(5.1.0),AE,A,AED,FCSC,ANN_CNT,REEXP,_Z,_Z,212,2020,4034813.88,,,,0
FCSA:DF_TRADE_COUNTRY_YR(5.1.0),AE,A,AED,FCSC,ANN_CNT,REEXP,_Z,_Z,212,2021,2354408.10,,,,0
FCSA:DF_TRADE_COUNTRY_YR(5.1.0),AE,A,AED,FCSC,ANN_CNT,REEXP,_Z,_Z,212,2022,7498056.56,,,,0
FCSA:DF_TRADE_COUNTRY_YR(5.1.0),AE,A,AED,FCSC,ANN_CNT,REEXP,_Z,_Z,212,2023,6185901.94,,,,0
FCSA:DF_TRADE_COUNTRY_YR(5.1.0),AE,A,AED,FCSC,ANN_CNT,REEXP,_Z,_Z,212,2024,5289531.28,,,,0
FCSA:DF_TRADE_COUNTRY_YR(5.1.0),AE,A,AED,FCSC,ANN_CNT,REEXP,_Z,_Z,400,2017,3048556799.87,,,,0
FCSA:DF_TRADE_COUNTRY_YR(5.1.0),AE,A,AED,FCSC,ANN_CNT,REEXP,_Z,_Z,400,2018,5379794453.63,,,,0
FCSA:DF_TRADE_COUNTRY_YR(5.1.0),AE,A,AED,FCSC,ANN_CNT,REEXP,_Z,_Z,400,2019,6305344890.75,,,,0
FCSA:DF_TRADE_COUNTRY_YR(5.1.0),AE,A,AED,FCSC,ANN_CNT,REEXP,_Z,_Z,400,2020,4236133918.66,,,,0
FCSA:DF_TRADE_COUNTRY_YR(5.1.0),AE,A,AED,FCSC,ANN_CNT,REEXP,_Z,_Z,400,2021,5677564387.05,,,,0
FCSA:DF_TRADE_COUNTRY_YR(5.1.0),AE,A,AED,FCSC,ANN_CNT,REEXP,_Z,_Z,400,2022,8635539113.90,,,,0
FCSA:DF_TRADE_COUNTRY_YR(5.1.0),AE,A,AED,FCSC,ANN_CNT,REEXP,_Z,_Z,400,2023,7739903755.03,,,,0
FCSA:DF_TRADE_COUNTRY_YR(5.1.0),AE,A,AED,FCSC,ANN_CNT,REEXP,_Z,_Z,400,2024,12385648467.42,,,,0
FCSA:DF_TRADE_COUNTRY_YR(5.1.0),AE,A,AED,FCSC,ANN_CNT,REEXP,_Z,_Z,422,2017,3859445421.19,,,,0
FCSA:DF_TRADE_COUNTRY_YR(5.1.0),AE,A,AED,FCSC,ANN_CNT,REEXP,_Z,_Z,422,2018,5990280114.68,,,,0
FCSA:DF_TRADE_COUNTRY_YR(5.1.0),AE,A,AED,FCSC,ANN_CNT,REEXP,_Z,_Z,422,2019,4833678904.74,,,,0
FCSA:DF_TRADE_COUNTRY_YR(5.1.0),AE,A,AED,FCSC,ANN_CNT,REEXP,_Z,_Z,422,2020,3397113217.83,,,,0
FCSA:DF_TRADE_COUNTRY_YR(5.1.0),AE,A,AED,FCSC,ANN_CNT,REEXP,_Z,_Z,422,2021,4827617336.35,,,,0
FCSA:DF_TRADE_COUNTRY_YR(5.1.0),AE,A,AED,FCSC,ANN_CNT,REEXP,_Z,_Z,422,2022,5522061619.24,,,,0
FCSA:DF_TRADE_COUNTRY_YR(5.1.0),AE,A,AED,FCSC,ANN_CNT,REEXP,_Z,_Z,422,2023,4566706522.47,,,,0
FCSA:DF_TRADE_COUNTRY_YR(5.1.0),AE,A,AED,FCSC,ANN_CNT,REEXP,_Z,_Z,422,2024,4597611065.93,,,,0
FCSA:DF_TRADE_COUNTRY_YR(5.1.0),AE,A,AED,FCSC,ANN_CNT,IMP,_Z,_Z,196,2017,121541005.19,,,,0
FCSA:DF_TRADE_COUNTRY_YR(5.1.0),AE,A,AED,FCSC,ANN_CNT,IMP,_Z,_Z,196,2018,104865981.32,,,,0
FCSA:DF_TRADE_COUNTRY_YR(5.1.0),AE,A,AED,FCSC,ANN_CNT,IMP,_Z,_Z,196,2019,189057597.44,,,,0
FCSA:DF_TRADE_COUNTRY_YR(5.1.0),AE,A,AED,FCSC,ANN_CNT,IMP,_Z,_Z,196,2020,101188021.15,,,,0
FCSA:DF_TRADE_COUNTRY_YR(5.1.0),AE,A,AED,FCSC,ANN_CNT,IMP,_Z,_Z,196,2021,97746402.59,,,,0
FCSA:DF_TRADE_COUNTRY_YR(5.1.0),AE,A,AED,FCSC,ANN_CNT,IMP,_Z,_Z,196,2022,149625256.35,,,,0
FCSA:DF_TRADE_COUNTRY_YR(5.1.0),AE,A,AED,FCSC,ANN_CNT,IMP,_Z,_Z,196,2023,141387950.13,,,,0
FCSA:DF_TRADE_COUNTRY_YR(5.1.0),AE,A,AED,FCSC,ANN_CNT,IMP,_Z,_Z,196,2024,130631837.82,,,,0
FCSA:DF_TRADE_COUNTRY_YR(5.1.0),AE,A,AED,FCSC,ANN_CNT,TTRADE,_Z,_Z,780,2017,114796471.06,,,,0
FCSA:DF_TRADE_COUNTRY_YR(5.1.0),AE,A,AED,FCSC,ANN_CNT,TTRADE,_Z,_Z,780,2018,68987041.59,,,,0
FCSA:DF_TRADE_COUNTRY_YR(5.1.0),AE,A,AED,FCSC,ANN_CNT,TTRADE,_Z,_Z,780,2019,130149367.08,,,,0
FCSA:DF_TRADE_COUNTRY_YR(5.1.0),AE,A,AED,FCSC,ANN_CNT,TTRADE,_Z,_Z,780,2020,108623621.76,,,,0
FCSA:DF_TRADE_COUNTRY_YR(5.1.0),AE,A,AED,FCSC,ANN_CNT,TTRADE,_Z,_Z,780,2021,52992520.58,,,,0
FCSA:DF_TRADE_COUNTRY_YR(5.1.0),AE,A,AED,FCSC,ANN_CNT,TTRADE,_Z,_Z,780,2022,123139935.54,,,,0
FCSA:DF_TRADE_COUNTRY_YR(5.1.0),AE,A,AED,FCSC,ANN_CNT,TTRADE,_Z,_Z,780,2023,52309271.72,,,,0
FCSA:DF_TRADE_COUNTRY_YR(5.1.0),AE,A,AED,FCSC,ANN_CNT,TTRADE,_Z,_Z,780,2024,74758468.25,,,,0
FCSA:DF_TRADE_COUNTRY_YR(5.1.0),AE,A,AED,FCSC,ANN_CNT,IMP,_Z,_Z,32,2017,975218797.93,,,,0
FCSA:DF_TRADE_COUNTRY_YR(5.1.0),AE,A,AED,FCSC,ANN_CNT,IMP,_Z,_Z,32,2018,958705882.61,,,,0
FCSA:DF_TRADE_COUNTRY_YR(5.1.0),AE,A,AED,FCSC,ANN_CNT,IMP,_Z,_Z,32,2019,942928091.10,,,,0
FCSA:DF_TRADE_COUNTRY_YR(5.1.0),AE,A,AED,FCSC,ANN_CNT,IMP,_Z,_Z,32,2020,983377672.23,,,,0
FCSA:DF_TRADE_COUNTRY_YR(5.1.0),AE,A,AED,FCSC,ANN_CNT,IMP,_Z,_Z,32,2021,1229228955.29,,,,0
FCSA:DF_TRADE_COUNTRY_YR(5.1.0),AE,A,AED,FCSC,ANN_CNT,IMP,_Z,_Z,32,2022,1431877408.29,,,,0
FCSA:DF_TRADE_COUNTRY_YR(5.1.0),AE,A,AED,FCSC,ANN_CNT,IMP,_Z,_Z,32,2023,1308325773.79,,,,0
FCSA:DF_TRADE_COUNTRY_YR(5.1.0),AE,A,AED,FCSC,ANN_CNT,IMP,_Z,_Z,32,2024,1511607075.22,,,,0
FCSA:DF_TRADE_COUNTRY_YR(5.1.0),AE,A,AED,FCSC,ANN_CNT,NOEXP,_Z,_Z,417,2017,26107139.55,,,,0
FCSA:DF_TRADE_COUNTRY_YR(5.1.0),AE,A,AED,FCSC,ANN_CNT,NOEXP,_Z,_Z,417,2018,21021491.18,,,,0
FCSA:DF_TRADE_COUNTRY_YR(5.1.0),AE,A,AED,FCSC,ANN_CNT,NOEXP,_Z,_Z,417,2019,24868488.58,,,,0
FCSA:DF_TRADE_COUNTRY_YR(5.1.0),AE,A,AED,FCSC,ANN_CNT,NOEXP,_Z,_Z,417,2020,40071714.01,,,,0
FCSA:DF_TRADE_COUNTRY_YR(5.1.0),AE,A,AED,FCSC,ANN_CNT,NOEXP,_Z,_Z,417,2021,210228514.35,,,,0
FCSA:DF_TRADE_COUNTRY_YR(5.1.0),AE,A,AED,FCSC,ANN_CNT,NOEXP,_Z,_Z,417,2022,627335811.69,,,,0
FCSA:DF_TRADE_COUNTRY_YR(5.1.0),AE,A,AED,FCSC,ANN_CNT,NOEXP,_Z,_Z,417,2023,984694681.03,,,,0
FCSA:DF_TRADE_COUNTRY_YR(5.1.0),AE,A,AED,FCSC,ANN_CNT,NOEXP,_Z,_Z,417,2024,2033601982.14,,,,0
FCSA:DF_TRADE_COUNTRY_YR(5.1.0),AE,A,AED,FCSC,ANN_CNT,REEXP,_Z,_Z,372,2017,146805070.97,,,,0
FCSA:DF_TRADE_COUNTRY_YR(5.1.0),AE,A,AED,FCSC,ANN_CNT,REEXP,_Z,_Z,372,2018,145431313.05,,,,0
FCSA:DF_TRADE_COUNTRY_YR(5.1.0),AE,A,AED,FCSC,ANN_CNT,REEXP,_Z,_Z,372,2019,108102741.45,,,,0
FCSA:DF_TRADE_COUNTRY_YR(5.1.0),AE,A,AED,FCSC,ANN_CNT,REEXP,_Z,_Z,372,2020,339222856.63,,,,0
FCSA:DF_TRADE_COUNTRY_YR(5.1.0),AE,A,AED,FCSC,ANN_CNT,REEXP,_Z,_Z,372,2021,207004745.52,,,,0
FCSA:DF_TRADE_COUNTRY_YR(5.1.0),AE,A,AED,FCSC,ANN_CNT,REEXP,_Z,_Z,372,2022,323493720.59,,,,0
FCSA:DF_TRADE_COUNTRY_YR(5.1.0),AE,A,AED,FCSC,ANN_CNT,REEXP,_Z,_Z,372,2023,237629705.59,,,,0
FCSA:DF_TRADE_COUNTRY_YR(5.1.0),AE,A,AED,FCSC,ANN_CNT,REEXP,_Z,_Z,372,2024,11415045.00,,,,0
FCSA:DF_TRADE_COUNTRY_YR(5.1.0),AE,A,AED,FCSC,ANN_CNT,IMP,_Z,_Z,152,2017,562232755.69,,,,0
FCSA:DF_TRADE_COUNTRY_YR(5.1.0),AE,A,AED,FCSC,ANN_CNT,IMP,_Z,_Z,152,2018,663906675.34,,,,0
FCSA:DF_TRADE_COUNTRY_YR(5.1.0),AE,A,AED,FCSC,ANN_CNT,IMP,_Z,_Z,152,2019,898255517.56,,,,0
FCSA:DF_TRADE_COUNTRY_YR(5.1.0),AE,A,AED,FCSC,ANN_CNT,IMP,_Z,_Z,152,2020,928345590.54,,,,0
FCSA:DF_TRADE_COUNTRY_YR(5.1.0),AE,A,AED,FCSC,ANN_CNT,IMP,_Z,_Z,152,2021,1026216809.95,,,,0
FCSA:DF_TRADE_COUNTRY_YR(5.1.0),AE,A,AED,FCSC,ANN_CNT,IMP,_Z,_Z,152,2022,995811593.04,,,,0
FCSA:DF_TRADE_COUNTRY_YR(5.1.0),AE,A,AED,FCSC,ANN_CNT,IMP,_Z,_Z,152,2023,733955357.49,,,,0
FCSA:DF_TRADE_COUNTRY_YR(5.1.0),AE,A,AED,FCSC,ANN_CNT,IMP,_Z,_Z,152,2024,555386746.02,,,,0
FCSA:DF_TRADE_COUNTRY_YR(5.1.0),AE,A,AED,FCSC,ANN_CNT,TTRADE,_Z,_Z,428,2017,213055241.47,,,,0
FCSA:DF_TRADE_COUNTRY_YR(5.1.0),AE,A,AED,FCSC,ANN_CNT,TTRADE,_Z,_Z,428,2018,252228901.34,,,,0
FCSA:DF_TRADE_COUNTRY_YR(5.1.0),AE,A,AED,FCSC,ANN_CNT,TTRADE,_Z,_Z,428,2019,262962919.51,,,,0
FCSA:DF_TRADE_COUNTRY_YR(5.1.0),AE,A,AED,FCSC,ANN_CNT,TTRADE,_Z,_Z,428,2020,389460054.85,,,,0
FCSA:DF_TRADE_COUNTRY_YR(5.1.0),AE,A,AED,FCSC,ANN_CNT,TTRADE,_Z,_Z,428,2021,239670056.94,,,,0
FCSA:DF_TRADE_COUNTRY_YR(5.1.0),AE,A,AED,FCSC,ANN_CNT,TTRADE,_Z,_Z,428,2022,232743082.86,,,,0
FCSA:DF_TRADE_COUNTRY_YR(5.1.0),AE,A,AED,FCSC,ANN_CNT,TTRADE,_Z,_Z,428,2023,470687041.09,,,,0
FCSA:DF_TRADE_COUNTRY_YR(5.1.0),AE,A,AED,FCSC,ANN_CNT,TTRADE,_Z,_Z,428,2024,377147870.75,,,,0
FCSA:DF_TRADE_COUNTRY_YR(5.1.0),AE,A,AED,FCSC,ANN_CNT,NOEXP,_Z,_Z,574,2017,0.00,,,,0
FCSA:DF_TRADE_COUNTRY_YR(5.1.0),AE,A,AED,FCSC,ANN_CNT,NOEXP,_Z,_Z,574,2018,0.00,,,,0
FCSA:DF_TRADE_COUNTRY_YR(5.1.0),AE,A,AED,FCSC,ANN_CNT,NOEXP,_Z,_Z,574,2019,465207.21,,,,0
FCSA:DF_TRADE_COUNTRY_YR(5.1.0),AE,A,AED,FCSC,ANN_CNT,NOEXP,_Z,_Z,574,2020,0.00,,,,0
FCSA:DF_TRADE_COUNTRY_YR(5.1.0),AE,A,AED,FCSC,ANN_CNT,NOEXP,_Z,_Z,574,2021,0.00,,,,0
FCSA:DF_TRADE_COUNTRY_YR(5.1.0),AE,A,AED,FCSC,ANN_CNT,NOEXP,_Z,_Z,574,2022,0.00,,,,0
FCSA:DF_TRADE_COUNTRY_YR(5.1.0),AE,A,AED,FCSC,ANN_CNT,NOEXP,_Z,_Z,574,2023,0.00,,,,0
FCSA:DF_TRADE_COUNTRY_YR(5.1.0),AE,A,AED,FCSC,ANN_CNT,NOEXP,_Z,_Z,574,2024,430203.48,,,,0
FCSA:DF_TRADE_COUNTRY_YR(5.1.0),AE,A,AED,FCSC,ANN_CNT,NOEXP,_Z,_Z,504,2017,880177194.94,,,,0
FCSA:DF_TRADE_COUNTRY_YR(5.1.0),AE,A,AED,FCSC,ANN_CNT,NOEXP,_Z,_Z,504,2018,1007536792.23,,,,0
FCSA:DF_TRADE_COUNTRY_YR(5.1.0),AE,A,AED,FCSC,ANN_CNT,NOEXP,_Z,_Z,504,2019,1016465273.35,,,,0
FCSA:DF_TRADE_COUNTRY_YR(5.1.0),AE,A,AED,FCSC,ANN_CNT,NOEXP,_Z,_Z,504,2020,921554094.65,,,,0
FCSA:DF_TRADE_COUNTRY_YR(5.1.0),AE,A,AED,FCSC,ANN_CNT,NOEXP,_Z,_Z,504,2021,1817096031.73,,,,0
FCSA:DF_TRADE_COUNTRY_YR(5.1.0),AE,A,AED,FCSC,ANN_CNT,NOEXP,_Z,_Z,504,2022,2204968143.74,,,,0
FCSA:DF_TRADE_COUNTRY_YR(5.1.0),AE,A,AED,FCSC,ANN_CNT,NOEXP,_Z,_Z,504,2023,2066955730.74,,,,0
FCSA:DF_TRADE_COUNTRY_YR(5.1.0),AE,A,AED,FCSC,ANN_CNT,NOEXP,_Z,_Z,504,2024,2237907818.69,,,,0
FCSA:DF_TRADE_COUNTRY_YR(5.1.0),AE,A,AED,FCSC,ANN_CNT,TNOEXP,_Z,_Z,300,2017,384240368.25,,,,0
FCSA:DF_TRADE_COUNTRY_YR(5.1.0),AE,A,AED,FCSC,ANN_CNT,TNOEXP,_Z,_Z,300,2018,444861063.63,,,,0
FCSA:DF_TRADE_COUNTRY_YR(5.1.0),AE,A,AED,FCSC,ANN_CNT,TNOEXP,_Z,_Z,300,2019,935070547.76,,,,0
FCSA:DF_TRADE_COUNTRY_YR(5.1.0),AE,A,AED,FCSC,ANN_CNT,TNOEXP,_Z,_Z,300,2020,396919406.82,,,,0
FCSA:DF_TRADE_COUNTRY_YR(5.1.0),AE,A,AED,FCSC,ANN_CNT,TNOEXP,_Z,_Z,300,2021,635727841.66,,,,0
FCSA:DF_TRADE_COUNTRY_YR(5.1.0),AE,A,AED,FCSC,ANN_CNT,TNOEXP,_Z,_Z,300,2022,764022521.48,,,,0
FCSA:DF_TRADE_COUNTRY_YR(5.1.0),AE,A,AED,FCSC,ANN_CNT,TNOEXP,_Z,_Z,300,2023,881878449.04,,,,0
FCSA:DF_TRADE_COUNTRY_YR(5.1.0),AE,A,AED,FCSC,ANN_CNT,TNOEXP,_Z,_Z,300,2024,680112580.85,,,,0
FCSA:DF_TRADE_COUNTRY_YR(5.1.0),AE,A,AED,FCSC,ANN_CNT,IMP,_Z,_Z,275,2017,81794341.73,,,,0
FCSA:DF_TRADE_COUNTRY_YR(5.1.0),AE,A,AED,FCSC,ANN_CNT,IMP,_Z,_Z,275,2018,64497037.93,,,,0
FCSA:DF_TRADE_COUNTRY_YR(5.1.0),AE,A,AED,FCSC,ANN_CNT,IMP,_Z,_Z,275,2019,79530188.33,,,,0
FCSA:DF_TRADE_COUNTRY_YR(5.1.0),AE,A,AED,FCSC,ANN_CNT,IMP,_Z,_Z,275,2020,60009463.46,,,,0
FCSA:DF_TRADE_COUNTRY_YR(5.1.0),AE,A,AED,FCSC,ANN_CNT,IMP,_Z,_Z,275,2021,44841116.64,,,,0
FCSA:DF_TRADE_COUNTRY_YR(5.1.0),AE,A,AED,FCSC,ANN_CNT,IMP,_Z,_Z,275,2022,59820206.86,,,,0
FCSA:DF_TRADE_COUNTRY_YR(5.1.0),AE,A,AED,FCSC,ANN_CNT,IMP,_Z,_Z,275,2023,52408618.32,,,,0
FCSA:DF_TRADE_COUNTRY_YR(5.1.0),AE,A,AED,FCSC,ANN_CNT,IMP,_Z,_Z,275,2024,80177079.51,,,,0
FCSA:DF_TRADE_COUNTRY_YR(5.1.0),AE,A,AED,FCSC,ANN_CNT,NOEXP,_Z,_Z,388,2017,5299234.50,,,,0
FCSA:DF_TRADE_COUNTRY_YR(5.1.0),AE,A,AED,FCSC,ANN_CNT,NOEXP,_Z,_Z,388,2018,2854451.61,,,,0
FCSA:DF_TRADE_COUNTRY_YR(5.1.0),AE,A,AED,FCSC,ANN_CNT,NOEXP,_Z,_Z,388,2019,8096712.68,,,,0
FCSA:DF_TRADE_COUNTRY_YR(5.1.0),AE,A,AED,FCSC,ANN_CNT,NOEXP,_Z,_Z,388,2020,2725421.37,,,,0
FCSA:DF_TRADE_COUNTRY_YR(5.1.0),AE,A,AED,FCSC,ANN_CNT,NOEXP,_Z,_Z,388,2021,3232755.72,,,,0
FCSA:DF_TRADE_COUNTRY_YR(5.1.0),AE,A,AED,FCSC,ANN_CNT,NOEXP,_Z,_Z,388,2022,7053877.49,,,,0
FCSA:DF_TRADE_COUNTRY_YR(5.1.0),AE,A,AED,FCSC,ANN_CNT,NOEXP,_Z,_Z,388,2023,12369150.80,,,,0
FCSA:DF_TRADE_COUNTRY_YR(5.1.0),AE,A,AED,FCSC,ANN_CNT,NOEXP,_Z,_Z,388,2024,15917485.41,,,,0
FCSA:DF_TRADE_COUNTRY_YR(5.1.0),AE,A,AED,FCSC,ANN_CNT,REEXP,_Z,_Z,776,2017,322742.00,,,,0
FCSA:DF_TRADE_COUNTRY_YR(5.1.0),AE,A,AED,FCSC,ANN_CNT,REEXP,_Z,_Z,776,2018,139717.44,,,,0
FCSA:DF_TRADE_COUNTRY_YR(5.1.0),AE,A,AED,FCSC,ANN_CNT,REEXP,_Z,_Z,776,2019,223713.71,,,,0
FCSA:DF_TRADE_COUNTRY_YR(5.1.0),AE,A,AED,FCSC,ANN_CNT,REEXP,_Z,_Z,776,2020,388518.85,,,,0
FCSA:DF_TRADE_COUNTRY_YR(5.1.0),AE,A,AED,FCSC,ANN_CNT,REEXP,_Z,_Z,776,2021,1282408.90,,,,0
FCSA:DF_TRADE_COUNTRY_YR(5.1.0),AE,A,AED,FCSC,ANN_CNT,REEXP,_Z,_Z,776,2022,3378798.95,,,,0
FCSA:DF_TRADE_COUNTRY_YR(5.1.0),AE,A,AED,FCSC,ANN_CNT,REEXP,_Z,_Z,776,2023,440443.34,,,,0
FCSA:DF_TRADE_COUNTRY_YR(5.1.0),AE,A,AED,FCSC,ANN_CNT,REEXP,_Z,_Z,776,2024,154814.60,,,,0
FCSA:DF_TRADE_COUNTRY_YR(5.1.0),AE,A,AED,FCSC,ANN_CNT,TTRADE,_Z,_Z,162,2017,187208.49,,,,0
FCSA:DF_TRADE_COUNTRY_YR(5.1.0),AE,A,AED,FCSC,ANN_CNT,TTRADE,_Z,_Z,162,2018,252.00,,,,0
FCSA:DF_TRADE_COUNTRY_YR(5.1.0),AE,A,AED,FCSC,ANN_CNT,TTRADE,_Z,_Z,162,2019,687.00,,,,0
FCSA:DF_TRADE_COUNTRY_YR(5.1.0),AE,A,AED,FCSC,ANN_CNT,TTRADE,_Z,_Z,162,2020,363494.10,,,,0
FCSA:DF_TRADE_COUNTRY_YR(5.1.0),AE,A,AED,FCSC,ANN_CNT,TTRADE,_Z,_Z,162,2021,1427770.32,,,,0
FCSA:DF_TRADE_COUNTRY_YR(5.1.0),AE,A,AED,FCSC,ANN_CNT,TTRADE,_Z,_Z,162,2022,217092.83,,,,0
FCSA:DF_TRADE_COUNTRY_YR(5.1.0),AE,A,AED,FCSC,ANN_CNT,TTRADE,_Z,_Z,162,2023,38590.06,,,,0
FCSA:DF_TRADE_COUNTRY_YR(5.1.0),AE,A,AED,FCSC,ANN_CNT,TTRADE,_Z,_Z,162,2024,67745.31,,,,0
FCSA:DF_TRADE_COUNTRY_YR(5.1.0),AE,A,AED,FCSC,ANN_CNT,TNOEXP,_Z,_Z,270,2017,123535414.49,,,,0
FCSA:DF_TRADE_COUNTRY_YR(5.1.0),AE,A,AED,FCSC,ANN_CNT,TNOEXP,_Z,_Z,270,2018,126524135.33,,,,0
FCSA:DF_TRADE_COUNTRY_YR(5.1.0),AE,A,AED,FCSC,ANN_CNT,TNOEXP,_Z,_Z,270,2019,145469158.04,,,,0
FCSA:DF_TRADE_COUNTRY_YR(5.1.0),AE,A,AED,FCSC,ANN_CNT,TNOEXP,_Z,_Z,270,2020,128420054.16,,,,0
FCSA:DF_TRADE_COUNTRY_YR(5.1.0),AE,A,AED,FCSC,ANN_CNT,TNOEXP,_Z,_Z,270,2021,159560941.37,,,,0
FCSA:DF_TRADE_COUNTRY_YR(5.1.0),AE,A,AED,FCSC,ANN_CNT,TNOEXP,_Z,_Z,270,2022,129209438.53,,,,0
FCSA:DF_TRADE_COUNTRY_YR(5.1.0),AE,A,AED,FCSC,ANN_CNT,TNOEXP,_Z,_Z,270,2023,185684577.96,,,,0
FCSA:DF_TRADE_COUNTRY_YR(5.1.0),AE,A,AED,FCSC,ANN_CNT,TNOEXP,_Z,_Z,270,2024,187288180.15,,,,0
FCSA:DF_TRADE_COUNTRY_YR(5.1.0),AE,A,AED,FCSC,ANN_CNT,NOEXP,_Z,_Z,796,2017,4421.15,,,,0
FCSA:DF_TRADE_COUNTRY_YR(5.1.0),AE,A,AED,FCSC,ANN_CNT,NOEXP,_Z,_Z,796,2018,5055.27,,,,0
FCSA:DF_TRADE_COUNTRY_YR(5.1.0),AE,A,AED,FCSC,ANN_CNT,NOEXP,_Z,_Z,796,2019,8229715.23,,,,0
FCSA:DF_TRADE_COUNTRY_YR(5.1.0),AE,A,AED,FCSC,ANN_CNT,NOEXP,_Z,_Z,796,2020,12335.40,,,,0
FCSA:DF_TRADE_COUNTRY_YR(5.1.0),AE,A,AED,FCSC,ANN_CNT,NOEXP,_Z,_Z,796,2021,1725.00,,,,0
FCSA:DF_TRADE_COUNTRY_YR(5.1.0),AE,A,AED,FCSC,ANN_CNT,NOEXP,_Z,_Z,796,2022,26978.06,,,,0
FCSA:DF_TRADE_COUNTRY_YR(5.1.0),AE,A,AED,FCSC,ANN_CNT,NOEXP,_Z,_Z,796,2023,5187196.97,,,,0
FCSA:DF_TRADE_COUNTRY_YR(5.1.0),AE,A,AED,FCSC,ANN_CNT,NOEXP,_Z,_Z,796,2024,1175078.36,,,,0
FCSA:DF_TRADE_COUNTRY_YR(5.1.0),AE,A,AED,FCSC,ANN_CNT,REEXP,_Z,_Z,418,2017,5687100.94,,,,0
FCSA:DF_TRADE_COUNTRY_YR(5.1.0),AE,A,AED,FCSC,ANN_CNT,REEXP,_Z,_Z,418,2018,5001936.09,,,,0
FCSA:DF_TRADE_COUNTRY_YR(5.1.0),AE,A,AED,FCSC,ANN_CNT,REEXP,_Z,_Z,418,2019,16176299.34,,,,0
FCSA:DF_TRADE_COUNTRY_YR(5.1.0),AE,A,AED,FCSC,ANN_CNT,REEXP,_Z,_Z,418,2020,159356861.41,,,,0
FCSA:DF_TRADE_COUNTRY_YR(5.1.0),AE,A,AED,FCSC,ANN_CNT,REEXP,_Z,_Z,418,2021,8841810.37,,,,0
FCSA:DF_TRADE_COUNTRY_YR(5.1.0),AE,A,AED,FCSC,ANN_CNT,REEXP,_Z,_Z,418,2022,13482348.99,,,,0
FCSA:DF_TRADE_COUNTRY_YR(5.1.0),AE,A,AED,FCSC,ANN_CNT,REEXP,_Z,_Z,418,2023,42339754.35,,,,0
FCSA:DF_TRADE_COUNTRY_YR(5.1.0),AE,A,AED,FCSC,ANN_CNT,REEXP,_Z,_Z,418,2024,9677748.05,,,,0
FCSA:DF_TRADE_COUNTRY_YR(5.1.0),AE,A,AED,FCSC,ANN_CNT,REEXP,_Z,_Z,832,2017,737425.04,,,,0
FCSA:DF_TRADE_COUNTRY_YR(5.1.0),AE,A,AED,FCSC,ANN_CNT,REEXP,_Z,_Z,832,2018,18239.56,,,,0
FCSA:DF_TRADE_COUNTRY_YR(5.1.0),AE,A,AED,FCSC,ANN_CNT,REEXP,_Z,_Z,832,2019,191583.68,,,,0
FCSA:DF_TRADE_COUNTRY_YR(5.1.0),AE,A,AED,FCSC,ANN_CNT,REEXP,_Z,_Z,832,2020,1537305.90,,,,0
FCSA:DF_TRADE_COUNTRY_YR(5.1.0),AE,A,AED,FCSC,ANN_CNT,REEXP,_Z,_Z,832,2021,2676378.75,,,,0
FCSA:DF_TRADE_COUNTRY_YR(5.1.0),AE,A,AED,FCSC,ANN_CNT,REEXP,_Z,_Z,832,2022,1356075.39,,,,0
FCSA:DF_TRADE_COUNTRY_YR(5.1.0),AE,A,AED,FCSC,ANN_CNT,REEXP,_Z,_Z,832,2023,49939.31,,,,0
FCSA:DF_TRADE_COUNTRY_YR(5.1.0),AE,A,AED,FCSC,ANN_CNT,REEXP,_Z,_Z,832,2024,1996701.85,,,,0
FCSA:DF_TRADE_COUNTRY_YR(5.1.0),AE,A,AED,FCSC,ANN_CNT,IMP,_Z,_Z,50,2017,1838157832.72,,,,0
FCSA:DF_TRADE_COUNTRY_YR(5.1.0),AE,A,AED,FCSC,ANN_CNT,IMP,_Z,_Z,50,2018,1847401636.23,,,,0
FCSA:DF_TRADE_COUNTRY_YR(5.1.0),AE,A,AED,FCSC,ANN_CNT,IMP,_Z,_Z,50,2019,1876510262.72,,,,0
FCSA:DF_TRADE_COUNTRY_YR(5.1.0),AE,A,AED,FCSC,ANN_CNT,IMP,_Z,_Z,50,2020,1520697234.29,,,,0
FCSA:DF_TRADE_COUNTRY_YR(5.1.0),AE,A,AED,FCSC,ANN_CNT,IMP,_Z,_Z,50,2021,2242680901.96,,,,0
FCSA:DF_TRADE_COUNTRY_YR(5.1.0),AE,A,AED,FCSC,ANN_CNT,IMP,_Z,_Z,50,2022,2967374212.39,,,,0
FCSA:DF_TRADE_COUNTRY_YR(5.1.0),AE,A,AED,FCSC,ANN_CNT,IMP,_Z,_Z,50,2023,3013160919.59,,,,0
FCSA:DF_TRADE_COUNTRY_YR(5.1.0),AE,A,AED,FCSC,ANN_CNT,IMP,_Z,_Z,50,2024,2874403751.27,,,,0
FCSA:DF_TRADE_COUNTRY_YR(5.1.0),AE,A,AED,FCSC,ANN_CNT,TTRADE,_Z,_Z,887,2017,2952112924.69,,,,0
FCSA:DF_TRADE_COUNTRY_YR(5.1.0),AE,A,AED,FCSC,ANN_CNT,TTRADE,_Z,_Z,887,2018,3288275067.88,,,,0
FCSA:DF_TRADE_COUNTRY_YR(5.1.0),AE,A,AED,FCSC,ANN_CNT,TTRADE,_Z,_Z,887,2019,3731374979.65,,,,0
FCSA:DF_TRADE_COUNTRY_YR(5.1.0),AE,A,AED,FCSC,ANN_CNT,TTRADE,_Z,_Z,887,2020,4785329207.64,,,,0
FCSA:DF_TRADE_COUNTRY_YR(5.1.0),AE,A,AED,FCSC,ANN_CNT,TTRADE,_Z,_Z,887,2021,5450335956.28,,,,0
FCSA:DF_TRADE_COUNTRY_YR(5.1.0),AE,A,AED,FCSC,ANN_CNT,TTRADE,_Z,_Z,887,2022,6140758635.45,,,,0
FCSA:DF_TRADE_COUNTRY_YR(5.1.0),AE,A,AED,FCSC,ANN_CNT,TTRADE,_Z,_Z,887,2023,7438742275.03,,,,0
FCSA:DF_TRADE_COUNTRY_YR(5.1.0),AE,A,AED,FCSC,ANN_CNT,TTRADE,_Z,_Z,887,2024,9086569767.83,,,,0
FCSA:DF_TRADE_COUNTRY_YR(5.1.0),AE,A,AED,FCSC,ANN_CNT,REEXP,_Z,_Z,508,2017,1205659306.63,,,,0
FCSA:DF_TRADE_COUNTRY_YR(5.1.0),AE,A,AED,FCSC,ANN_CNT,REEXP,_Z,_Z,508,2018,944406597.94,,,,0
FCSA:DF_TRADE_COUNTRY_YR(5.1.0),AE,A,AED,FCSC,ANN_CNT,REEXP,_Z,_Z,508,2019,782753153.20,,,,0
FCSA:DF_TRADE_COUNTRY_YR(5.1.0),AE,A,AED,FCSC,ANN_CNT,REEXP,_Z,_Z,508,2020,966337193.92,,,,0
FCSA:DF_TRADE_COUNTRY_YR(5.1.0),AE,A,AED,FCSC,ANN_CNT,REEXP,_Z,_Z,508,2021,1283898430.95,,,,0
FCSA:DF_TRADE_COUNTRY_YR(5.1.0),AE,A,AED,FCSC,ANN_CNT,REEXP,_Z,_Z,508,2022,1408229059.34,,,,0
FCSA:DF_TRADE_COUNTRY_YR(5.1.0),AE,A,AED,FCSC,ANN_CNT,REEXP,_Z,_Z,508,2023,1059730554.74,,,,0
FCSA:DF_TRADE_COUNTRY_YR(5.1.0),AE,A,AED,FCSC,ANN_CNT,REEXP,_Z,_Z,508,2024,906168390.03,,,,0
FCSA:DF_TRADE_COUNTRY_YR(5.1.0),AE,A,AED,FCSC,ANN_CNT,TNOEXP,_Z,_Z,642,2017,145857423.57,,,,0
FCSA:DF_TRADE_COUNTRY_YR(5.1.0),AE,A,AED,FCSC,ANN_CNT,TNOEXP,_Z,_Z,642,2018,155606185.95,,,,0
FCSA:DF_TRADE_COUNTRY_YR(5.1.0),AE,A,AED,FCSC,ANN_CNT,TNOEXP,_Z,_Z,642,2019,176012635.66,,,,0
FCSA:DF_TRADE_COUNTRY_YR(5.1.0),AE,A,AED,FCSC,ANN_CNT,TNOEXP,_Z,_Z,642,2020,138153700.07,,,,0
FCSA:DF_TRADE_COUNTRY_YR(5.1.0),AE,A,AED,FCSC,ANN_CNT,TNOEXP,_Z,_Z,642,2021,271507899.30,,,,0
FCSA:DF_TRADE_COUNTRY_YR(5.1.0),AE,A,AED,FCSC,ANN_CNT,TNOEXP,_Z,_Z,642,2022,703389084.13,,,,0
FCSA:DF_TRADE_COUNTRY_YR(5.1.0),AE,A,AED,FCSC,ANN_CNT,TNOEXP,_Z,_Z,642,2023,529459593.44,,,,0
FCSA:DF_TRADE_COUNTRY_YR(5.1.0),AE,A,AED,FCSC,ANN_CNT,TNOEXP,_Z,_Z,642,2024,586248207.90,,,,0
FCSA:DF_TRADE_COUNTRY_YR(5.1.0),AE,A,AED,FCSC,ANN_CNT,TTRADE,_Z,_Z,214,2017,111562207.18,,,,0
FCSA:DF_TRADE_COUNTRY_YR(5.1.0),AE,A,AED,FCSC,ANN_CNT,TTRADE,_Z,_Z,214,2018,94598105.89,,,,0
FCSA:DF_TRADE_COUNTRY_YR(5.1.0),AE,A,AED,FCSC,ANN_CNT,TTRADE,_Z,_Z,214,2019,96053208.64,,,,0
FCSA:DF_TRADE_COUNTRY_YR(5.1.0),AE,A,AED,FCSC,ANN_CNT,TTRADE,_Z,_Z,214,2020,74400104.67,,,,0
FCSA:DF_TRADE_COUNTRY_YR(5.1.0),AE,A,AED,FCSC,ANN_CNT,TTRADE,_Z,_Z,214,2021,147455306.29,,,,0
FCSA:DF_TRADE_COUNTRY_YR(5.1.0),AE,A,AED,FCSC,ANN_CNT,TTRADE,_Z,_Z,214,2022,238902212.36,,,,0
FCSA:DF_TRADE_COUNTRY_YR(5.1.0),AE,A,AED,FCSC,ANN_CNT,TTRADE,_Z,_Z,214,2023,229881561.10,,,,0
FCSA:DF_TRADE_COUNTRY_YR(5.1.0),AE,A,AED,FCSC,ANN_CNT,TTRADE,_Z,_Z,214,2024,229920038.02,,,,0
FCSA:DF_TRADE_COUNTRY_YR(5.1.0),AE,A,AED,FCSC,ANN_CNT,TNOEXP,_Z,_Z,454,2017,177090134.86,,,,0
FCSA:DF_TRADE_COUNTRY_YR(5.1.0),AE,A,AED,FCSC,ANN_CNT,TNOEXP,_Z,_Z,454,2018,283041075.25,,,,0
FCSA:DF_TRADE_COUNTRY_YR(5.1.0),AE,A,AED,FCSC,ANN_CNT,TNOEXP,_Z,_Z,454,2019,298628075.50,,,,0
FCSA:DF_TRADE_COUNTRY_YR(5.1.0),AE,A,AED,FCSC,ANN_CNT,TNOEXP,_Z,_Z,454,2020,290317955.52,,,,0
FCSA:DF_TRADE_COUNTRY_YR(5.1.0),AE,A,AED,FCSC,ANN_CNT,TNOEXP,_Z,_Z,454,2021,360960151.23,,,,0
FCSA:DF_TRADE_COUNTRY_YR(5.1.0),AE,A,AED,FCSC,ANN_CNT,TNOEXP,_Z,_Z,454,2022,297428341.08,,,,0
FCSA:DF_TRADE_COUNTRY_YR(5.1.0),AE,A,AED,FCSC,ANN_CNT,TNOEXP,_Z,_Z,454,2023,205632774.29,,,,0
FCSA:DF_TRADE_COUNTRY_YR(5.1.0),AE,A,AED,FCSC,ANN_CNT,TNOEXP,_Z,_Z,454,2024,294631601.91,,,,0
FCSA:DF_TRADE_COUNTRY_YR(5.1.0),AE,A,AED,FCSC,ANN_CNT,IMP,_Z,_Z,580,2017,0.00,,,,0
FCSA:DF_TRADE_COUNTRY_YR(5.1.0),AE,A,AED,FCSC,ANN_CNT,IMP,_Z,_Z,580,2018,0.00,,,,0
FCSA:DF_TRADE_COUNTRY_YR(5.1.0),AE,A,AED,FCSC,ANN_CNT,IMP,_Z,_Z,580,2019,0.00,,,,0
FCSA:DF_TRADE_COUNTRY_YR(5.1.0),AE,A,AED,FCSC,ANN_CNT,IMP,_Z,_Z,580,2020,11039.29,,,,0
FCSA:DF_TRADE_COUNTRY_YR(5.1.0),AE,A,AED,FCSC,ANN_CNT,IMP,_Z,_Z,580,2021,6521.10,,,,0
FCSA:DF_TRADE_COUNTRY_YR(5.1.0),AE,A,AED,FCSC,ANN_CNT,IMP,_Z,_Z,580,2022,565.03,,,,0
FCSA:DF_TRADE_COUNTRY_YR(5.1.0),AE,A,AED,FCSC,ANN_CNT,IMP,_Z,_Z,580,2023,613.13,,,,0
FCSA:DF_TRADE_COUNTRY_YR(5.1.0),AE,A,AED,FCSC,ANN_CNT,IMP,_Z,_Z,580,2024,48.24,,,,0
FCSA:DF_TRADE_COUNTRY_YR(5.1.0),AE,A,AED,FCSC,ANN_CNT,NOEXP,_Z,_Z,334,2023,49738499.96,,,,0
FCSA:DF_TRADE_COUNTRY_YR(5.1.0),AE,A,AED,FCSC,ANN_CNT,NOEXP,_Z,_Z,334,2024,0.00,,,,0
FCSA:DF_TRADE_COUNTRY_YR(5.1.0),AE,A,AED,FCSC,ANN_CNT,IMP,_Z,_Z,528,2017,6095791010.91,,,,0
FCSA:DF_TRADE_COUNTRY_YR(5.1.0),AE,A,AED,FCSC,ANN_CNT,IMP,_Z,_Z,528,2018,6312025405.48,,,,0
FCSA:DF_TRADE_COUNTRY_YR(5.1.0),AE,A,AED,FCSC,ANN_CNT,IMP,_Z,_Z,528,2019,5470846036.80,,,,0
FCSA:DF_TRADE_COUNTRY_YR(5.1.0),AE,A,AED,FCSC,ANN_CNT,IMP,_Z,_Z,528,2020,5207054989.63,,,,0
FCSA:DF_TRADE_COUNTRY_YR(5.1.0),AE,A,AED,FCSC,ANN_CNT,IMP,_Z,_Z,528,2021,6082848452.41,,,,0
FCSA:DF_TRADE_COUNTRY_YR(5.1.0),AE,A,AED,FCSC,ANN_CNT,IMP,_Z,_Z,528,2022,7122575153.00,,,,0
FCSA:DF_TRADE_COUNTRY_YR(5.1.0),AE,A,AED,FCSC,ANN_CNT,IMP,_Z,_Z,528,2023,7174530512.84,,,,0
FCSA:DF_TRADE_COUNTRY_YR(5.1.0),AE,A,AED,FCSC,ANN_CNT,IMP,_Z,_Z,528,2024,8613431520.00,,,,0
FCSA:DF_TRADE_COUNTRY_YR(5.1.0),AE,A,AED,FCSC,ANN_CNT,REEXP,_Z,_Z,458,2017,803297125.59,,,,0
FCSA:DF_TRADE_COUNTRY_YR(5.1.0),AE,A,AED,FCSC,ANN_CNT,REEXP,_Z,_Z,458,2018,1349047472.00,,,,0
FCSA:DF_TRADE_COUNTRY_YR(5.1.0),AE,A,AED,FCSC,ANN_CNT,REEXP,_Z,_Z,458,2019,1625939604.50,,,,0
FCSA:DF_TRADE_COUNTRY_YR(5.1.0),AE,A,AED,FCSC,ANN_CNT,REEXP,_Z,_Z,458,2020,1141570089.04,,,,0
FCSA:DF_TRADE_COUNTRY_YR(5.1.0),AE,A,AED,FCSC,ANN_CNT,REEXP,_Z,_Z,458,2021,1302819232.13,,,,0
FCSA:DF_TRADE_COUNTRY_YR(5.1.0),AE,A,AED,FCSC,ANN_CNT,REEXP,_Z,_Z,458,2022,2482971254.05,,,,0
FCSA:DF_TRADE_COUNTRY_YR(5.1.0),AE,A,AED,FCSC,ANN_CNT,REEXP,_Z,_Z,458,2023,2453445937.81,,,,0
FCSA:DF_TRADE_COUNTRY_YR(5.1.0),AE,A,AED,FCSC,ANN_CNT,REEXP,_Z,_Z,458,2024,2869810787.82,,,,0
FCSA:DF_TRADE_COUNTRY_YR(5.1.0),AE,A,AED,FCSC,ANN_CNT,TTRADE,_Z,_Z,192,2017,41987719.33,,,,0
FCSA:DF_TRADE_COUNTRY_YR(5.1.0),AE,A,AED,FCSC,ANN_CNT,TTRADE,_Z,_Z,192,2018,35634428.99,,,,0
FCSA:DF_TRADE_COUNTRY_YR(5.1.0),AE,A,AED,FCSC,ANN_CNT,TTRADE,_Z,_Z,192,2019,103484067.52,,,,0
FCSA:DF_TRADE_COUNTRY_YR(5.1.0),AE,A,AED,FCSC,ANN_CNT,TTRADE,_Z,_Z,192,2020,52387019.52,,,,0
FCSA:DF_TRADE_COUNTRY_YR(5.1.0),AE,A,AED,FCSC,ANN_CNT,TTRADE,_Z,_Z,192,2021,82670042.16,,,,0
FCSA:DF_TRADE_COUNTRY_YR(5.1.0),AE,A,AED,FCSC,ANN_CNT,TTRADE,_Z,_Z,192,2022,98227195.65,,,,0
FCSA:DF_TRADE_COUNTRY_YR(5.1.0),AE,A,AED,FCSC,ANN_CNT,TTRADE,_Z,_Z,192,2023,141011511.34,,,,0
FCSA:DF_TRADE_COUNTRY_YR(5.1.0),AE,A,AED,FCSC,ANN_CNT,TTRADE,_Z,_Z,192,2024,143803577.20,,,,0
FCSA:DF_TRADE_COUNTRY_YR(5.1.0),AE,A,AED,FCSC,ANN_CNT,REEXP,_Z,_Z,16,2017,25871.00,,,,0
FCSA:DF_TRADE_COUNTRY_YR(5.1.0),AE,A,AED,FCSC,ANN_CNT,REEXP,_Z,_Z,16,2018,0.00,,,,0
FCSA:DF_TRADE_COUNTRY_YR(5.1.0),AE,A,AED,FCSC,ANN_CNT,REEXP,_Z,_Z,16,2019,1174921.35,,,,0
FCSA:DF_TRADE_COUNTRY_YR(5.1.0),AE,A,AED,FCSC,ANN_CNT,REEXP,_Z,_Z,16,2020,587077.91,,,,0
FCSA:DF_TRADE_COUNTRY_YR(5.1.0),AE,A,AED,FCSC,ANN_CNT,REEXP,_Z,_Z,16,2021,250057.80,,,,0
FCSA:DF_TRADE_COUNTRY_YR(5.1.0),AE,A,AED,FCSC,ANN_CNT,REEXP,_Z,_Z,16,2022,471447.22,,,,0
FCSA:DF_TRADE_COUNTRY_YR(5.1.0),AE,A,AED,FCSC,ANN_CNT,REEXP,_Z,_Z,16,2023,366398.00,,,,0
FCSA:DF_TRADE_COUNTRY_YR(5.1.0),AE,A,AED,FCSC,ANN_CNT,REEXP,_Z,_Z,16,2024,494422.01,,,,0
FCSA:DF_TRADE_COUNTRY_YR(5.1.0),AE,A,AED,FCSC,ANN_CNT,IMP,_Z,_Z,584,2017,8880.00,,,,0
FCSA:DF_TRADE_COUNTRY_YR(5.1.0),AE,A,AED,FCSC,ANN_CNT,IMP,_Z,_Z,584,2018,0.00,,,,0
FCSA:DF_TRADE_COUNTRY_YR(5.1.0),AE,A,AED,FCSC,ANN_CNT,IMP,_Z,_Z,584,2019,0.00,,,,0
FCSA:DF_TRADE_COUNTRY_YR(5.1.0),AE,A,AED,FCSC,ANN_CNT,IMP,_Z,_Z,584,2020,9431.79,,,,0
FCSA:DF_TRADE_COUNTRY_YR(5.1.0),AE,A,AED,FCSC,ANN_CNT,IMP,_Z,_Z,584,2021,364267.77,,,,0
FCSA:DF_TRADE_COUNTRY_YR(5.1.0),AE,A,AED,FCSC,ANN_CNT,IMP,_Z,_Z,584,2022,1033495.95,,,,0
FCSA:DF_TRADE_COUNTRY_YR(5.1.0),AE,A,AED,FCSC,ANN_CNT,IMP,_Z,_Z,584,2023,1307406.45,,,,0
FCSA:DF_TRADE_COUNTRY_YR(5.1.0),AE,A,AED,FCSC,ANN_CNT,IMP,_Z,_Z,584,2024,716119.13,,,,0
FCSA:DF_TRADE_COUNTRY_YR(5.1.0),AE,A,AED,FCSC,ANN_CNT,REEXP,_Z,_Z,336,2018,0.00,,,,0
FCSA:DF_TRADE_COUNTRY_YR(5.1.0),AE,A,AED,FCSC,ANN_CNT,REEXP,_Z,_Z,336,2022,0.00,,,,0
FCSA:DF_TRADE_COUNTRY_YR(5.1.0),AE,A,AED,FCSC,ANN_CNT,REEXP,_Z,_Z,336,2024,0.00,,,,0
FCSA:DF_TRADE_COUNTRY_YR(5.1.0),AE,A,AED,FCSC,ANN_CNT,TTRADE,_Z,_Z,239,2020,543078.00,,,,0
FCSA:DF_TRADE_COUNTRY_YR(5.1.0),AE,A,AED,FCSC,ANN_CNT,TTRADE,_Z,_Z,239,2021,37506.36,,,,0
FCSA:DF_TRADE_COUNTRY_YR(5.1.0),AE,A,AED,FCSC,ANN_CNT,TTRADE,_Z,_Z,239,2022,447470.77,,,,0
FCSA:DF_TRADE_COUNTRY_YR(5.1.0),AE,A,AED,FCSC,ANN_CNT,TTRADE,_Z,_Z,239,2023,21718.32,,,,0
FCSA:DF_TRADE_COUNTRY_YR(5.1.0),AE,A,AED,FCSC,ANN_CNT,TTRADE,_Z,_Z,239,2024,1227.12,,,,0
FCSA:DF_TRADE_COUNTRY_YR(5.1.0),AE,A,AED,FCSC,ANN_CNT,NOEXP,_Z,_Z,86,2021,0.00,,,,0
FCSA:DF_TRADE_COUNTRY_YR(5.1.0),AE,A,AED,FCSC,ANN_CNT,NOEXP,_Z,_Z,86,2022,0.00,,,,0
FCSA:DF_TRADE_COUNTRY_YR(5.1.0),AE,A,AED,FCSC,ANN_CNT,NOEXP,_Z,_Z,86,2023,4527964.79,,,,0
FCSA:DF_TRADE_COUNTRY_YR(5.1.0),AE,A,AED,FCSC,ANN_CNT,NOEXP,_Z,_Z,86,2024,2000.00,,,,0
FCSA:DF_TRADE_COUNTRY_YR(5.1.0),AE,A,AED,FCSC,ANN_CNT,REEXP,_Z,_Z,364,2017,52833026344.75,,,,0
FCSA:DF_TRADE_COUNTRY_YR(5.1.0),AE,A,AED,FCSC,ANN_CNT,REEXP,_Z,_Z,364,2018,34639817088.22,,,,0
FCSA:DF_TRADE_COUNTRY_YR(5.1.0),AE,A,AED,FCSC,ANN_CNT,REEXP,_Z,_Z,364,2019,24246401358.04,,,,0
FCSA:DF_TRADE_COUNTRY_YR(5.1.0),AE,A,AED,FCSC,ANN_CNT,REEXP,_Z,_Z,364,2020,15569210843.96,,,,0
FCSA:DF_TRADE_COUNTRY_YR(5.1.0),AE,A,AED,FCSC,ANN_CNT,REEXP,_Z,_Z,364,2021,22962676548.62,,,,0
FCSA:DF_TRADE_COUNTRY_YR(5.1.0),AE,A,AED,FCSC,ANN_CNT,REEXP,_Z,_Z,364,2022,22786418276.18,,,,0
FCSA:DF_TRADE_COUNTRY_YR(5.1.0),AE,A,AED,FCSC,ANN_CNT,REEXP,_Z,_Z,364,2023,19400097221.08,,,,0
FCSA:DF_TRADE_COUNTRY_YR(5.1.0),AE,A,AED,FCSC,ANN_CNT,REEXP,_Z,_Z,364,2024,21101838755.23,,,,0
FCSA:DF_TRADE_COUNTRY_YR(5.1.0),AE,A,AED,FCSC,ANN_CNT,REEXP,_Z,_Z,4,2017,8389138378.51,,,,0
FCSA:DF_TRADE_COUNTRY_YR(5.1.0),AE,A,AED,FCSC,ANN_CNT,REEXP,_Z,_Z,4,2018,5959016251.05,,,,0
FCSA:DF_TRADE_COUNTRY_YR(5.1.0),AE,A,AED,FCSC,ANN_CNT,REEXP,_Z,_Z,4,2019,4759638560.93,,,,0
FCSA:DF_TRADE_COUNTRY_YR(5.1.0),AE,A,AED,FCSC,ANN_CNT,REEXP,_Z,_Z,4,2020,4524904053.81,,,,0
FCSA:DF_TRADE_COUNTRY_YR(5.1.0),AE,A,AED,FCSC,ANN_CNT,REEXP,_Z,_Z,4,2021,3081074849.00,,,,0
FCSA:DF_TRADE_COUNTRY_YR(5.1.0),AE,A,AED,FCSC,ANN_CNT,REEXP,_Z,_Z,4,2022,3213087648.76,,,,0
FCSA:DF_TRADE_COUNTRY_YR(5.1.0),AE,A,AED,FCSC,ANN_CNT,REEXP,_Z,_Z,4,2023,4078187263.10,,,,0
FCSA:DF_TRADE_COUNTRY_YR(5.1.0),AE,A,AED,FCSC,ANN_CNT,REEXP,_Z,_Z,4,2024,6561404096.22,,,,0
FCSA:DF_TRADE_COUNTRY_YR(5.1.0),AE,A,AED,FCSC,ANN_CNT,TNOEXP,_Z,_Z,250,2017,3789709073.57,,,,0
FCSA:DF_TRADE_COUNTRY_YR(5.1.0),AE,A,AED,FCSC,ANN_CNT,TNOEXP,_Z,_Z,250,2018,4081542029.79,,,,0
FCSA:DF_TRADE_COUNTRY_YR(5.1.0),AE,A,AED,FCSC,ANN_CNT,TNOEXP,_Z,_Z,250,2019,2789376554.41,,,,0
FCSA:DF_TRADE_COUNTRY_YR(5.1.0),AE,A,AED,FCSC,ANN_CNT,TNOEXP,_Z,_Z,250,2020,2253687872.19,,,,0
FCSA:DF_TRADE_COUNTRY_YR(5.1.0),AE,A,AED,FCSC,ANN_CNT,TNOEXP,_Z,_Z,250,2021,2848288329.13,,,,0
FCSA:DF_TRADE_COUNTRY_YR(5.1.0),AE,A,AED,FCSC,ANN_CNT,TNOEXP,_Z,_Z,250,2022,4445807030.13,,,,0
FCSA:DF_TRADE_COUNTRY_YR(5.1.0),AE,A,AED,FCSC,ANN_CNT,TNOEXP,_Z,_Z,250,2023,4745408769.90,,,,0
FCSA:DF_TRADE_COUNTRY_YR(5.1.0),AE,A,AED,FCSC,ANN_CNT,TNOEXP,_Z,_Z,250,2024,7240772069.88,,,,0
FCSA:DF_TRADE_COUNTRY_YR(5.1.0),AE,A,AED,FCSC,ANN_CNT,TNOEXP,_Z,_Z,630,2017,57778236.46,,,,0
FCSA:DF_TRADE_COUNTRY_YR(5.1.0),AE,A,AED,FCSC,ANN_CNT,TNOEXP,_Z,_Z,630,2018,24777755.67,,,,0
FCSA:DF_TRADE_COUNTRY_YR(5.1.0),AE,A,AED,FCSC,ANN_CNT,TNOEXP,_Z,_Z,630,2019,15055354.28,,,,0
FCSA:DF_TRADE_COUNTRY_YR(5.1.0),AE,A,AED,FCSC,ANN_CNT,TNOEXP,_Z,_Z,630,2020,51766968.79,,,,0
FCSA:DF_TRADE_COUNTRY_YR(5.1.0),AE,A,AED,FCSC,ANN_CNT,TNOEXP,_Z,_Z,630,2021,33521082.72,,,,0
FCSA:DF_TRADE_COUNTRY_YR(5.1.0),AE,A,AED,FCSC,ANN_CNT,TNOEXP,_Z,_Z,630,2022,20290238.25,,,,0
FCSA:DF_TRADE_COUNTRY_YR(5.1.0),AE,A,AED,FCSC,ANN_CNT,TNOEXP,_Z,_Z,630,2023,22162965.43,,,,0
FCSA:DF_TRADE_COUNTRY_YR(5.1.0),AE,A,AED,FCSC,ANN_CNT,TNOEXP,_Z,_Z,630,2024,12806589.96,,,,0
FCSA:DF_TRADE_COUNTRY_YR(5.1.0),AE,A,AED,FCSC,ANN_CNT,NOEXP,_Z,_Z,558,2017,1436379.08,,,,0
FCSA:DF_TRADE_COUNTRY_YR(5.1.0),AE,A,AED,FCSC,ANN_CNT,NOEXP,_Z,_Z,558,2018,5050730.89,,,,0
FCSA:DF_TRADE_COUNTRY_YR(5.1.0),AE,A,AED,FCSC,ANN_CNT,NOEXP,_Z,_Z,558,2019,11895546.75,,,,0
FCSA:DF_TRADE_COUNTRY_YR(5.1.0),AE,A,AED,FCSC,ANN_CNT,NOEXP,_Z,_Z,558,2020,5900906.50,,,,0
FCSA:DF_TRADE_COUNTRY_YR(5.1.0),AE,A,AED,FCSC,ANN_CNT,NOEXP,_Z,_Z,558,2021,26458920.20,,,,0
FCSA:DF_TRADE_COUNTRY_YR(5.1.0),AE,A,AED,FCSC,ANN_CNT,NOEXP,_Z,_Z,558,2022,25826828.15,,,,0
FCSA:DF_TRADE_COUNTRY_YR(5.1.0),AE,A,AED,FCSC,ANN_CNT,NOEXP,_Z,_Z,558,2023,3940112.97,,,,0
FCSA:DF_TRADE_COUNTRY_YR(5.1.0),AE,A,AED,FCSC,ANN_CNT,NOEXP,_Z,_Z,558,2024,4164585.35,,,,0
FCSA:DF_TRADE_COUNTRY_YR(5.1.0),AE,A,AED,FCSC,ANN_CNT,NOEXP,_Z,_Z,616,2017,361296231.02,,,,0
FCSA:DF_TRADE_COUNTRY_YR(5.1.0),AE,A,AED,FCSC,ANN_CNT,NOEXP,_Z,_Z,616,2018,325403448.34,,,,0
FCSA:DF_TRADE_COUNTRY_YR(5.1.0),AE,A,AED,FCSC,ANN_CNT,NOEXP,_Z,_Z,616,2019,434422973.87,,,,0
FCSA:DF_TRADE_COUNTRY_YR(5.1.0),AE,A,AED,FCSC,ANN_CNT,NOEXP,_Z,_Z,616,2020,310123034.44,,,,0
FCSA:DF_TRADE_COUNTRY_YR(5.1.0),AE,A,AED,FCSC,ANN_CNT,NOEXP,_Z,_Z,616,2021,506859486.63,,,,0
FCSA:DF_TRADE_COUNTRY_YR(5.1.0),AE,A,AED,FCSC,ANN_CNT,NOEXP,_Z,_Z,616,2022,441673020.03,,,,0
FCSA:DF_TRADE_COUNTRY_YR(5.1.0),AE,A,AED,FCSC,ANN_CNT,NOEXP,_Z,_Z,616,2023,1017455596.87,,,,0
FCSA:DF_TRADE_COUNTRY_YR(5.1.0),AE,A,AED,FCSC,ANN_CNT,NOEXP,_Z,_Z,616,2024,498633115.22,,,,0
FCSA:DF_TRADE_COUNTRY_YR(5.1.0),AE,A,AED,FCSC,ANN_CNT,TTRADE,_Z,_Z,584,2017,1621867.10,,,,0
FCSA:DF_TRADE_COUNTRY_YR(5.1.0),AE,A,AED,FCSC,ANN_CNT,TTRADE,_Z,_Z,584,2018,1066000.00,,,,0
FCSA:DF_TRADE_COUNTRY_YR(5.1.0),AE,A,AED,FCSC,ANN_CNT,TTRADE,_Z,_Z,584,2019,1374526.01,,,,0
FCSA:DF_TRADE_COUNTRY_YR(5.1.0),AE,A,AED,FCSC,ANN_CNT,TTRADE,_Z,_Z,584,2020,1206849.99,,,,0
FCSA:DF_TRADE_COUNTRY_YR(5.1.0),AE,A,AED,FCSC,ANN_CNT,TTRADE,_Z,_Z,584,2021,3943630.96,,,,0
FCSA:DF_TRADE_COUNTRY_YR(5.1.0),AE,A,AED,FCSC,ANN_CNT,TTRADE,_Z,_Z,584,2022,4271736.88,,,,0
FCSA:DF_TRADE_COUNTRY_YR(5.1.0),AE,A,AED,FCSC,ANN_CNT,TTRADE,_Z,_Z,584,2023,5728493.90,,,,0
FCSA:DF_TRADE_COUNTRY_YR(5.1.0),AE,A,AED,FCSC,ANN_CNT,TTRADE,_Z,_Z,584,2024,61687649.53,,,,0
FCSA:DF_TRADE_COUNTRY_YR(5.1.0),AE,A,AED,FCSC,ANN_CNT,IMP,_Z,_Z,239,2020,543078.00,,,,0
FCSA:DF_TRADE_COUNTRY_YR(5.1.0),AE,A,AED,FCSC,ANN_CNT,IMP,_Z,_Z,239,2021,37506.36,,,,0
FCSA:DF_TRADE_COUNTRY_YR(5.1.0),AE,A,AED,FCSC,ANN_CNT,IMP,_Z,_Z,239,2022,47056.80,,,,0
FCSA:DF_TRADE_COUNTRY_YR(5.1.0),AE,A,AED,FCSC,ANN_CNT,IMP,_Z,_Z,239,2023,21718.32,,,,0
FCSA:DF_TRADE_COUNTRY_YR(5.1.0),AE,A,AED,FCSC,ANN_CNT,IMP,_Z,_Z,239,2024,227.12,,,,0
FCSA:DF_TRADE_COUNTRY_YR(5.1.0),AE,A,AED,FCSC,ANN_CNT,TNOEXP,_Z,_Z,583,2017,234357.79,,,,0
FCSA:DF_TRADE_COUNTRY_YR(5.1.0),AE,A,AED,FCSC,ANN_CNT,TNOEXP,_Z,_Z,583,2018,568027.72,,,,0
FCSA:DF_TRADE_COUNTRY_YR(5.1.0),AE,A,AED,FCSC,ANN_CNT,TNOEXP,_Z,_Z,583,2019,580793.66,,,,0
FCSA:DF_TRADE_COUNTRY_YR(5.1.0),AE,A,AED,FCSC,ANN_CNT,TNOEXP,_Z,_Z,583,2020,108500.00,,,,0
FCSA:DF_TRADE_COUNTRY_YR(5.1.0),AE,A,AED,FCSC,ANN_CNT,TNOEXP,_Z,_Z,583,2021,1371605.83,,,,0
FCSA:DF_TRADE_COUNTRY_YR(5.1.0),AE,A,AED,FCSC,ANN_CNT,TNOEXP,_Z,_Z,583,2022,967925.09,,,,0
FCSA:DF_TRADE_COUNTRY_YR(5.1.0),AE,A,AED,FCSC,ANN_CNT,TNOEXP,_Z,_Z,583,2023,986191.73,,,,0
FCSA:DF_TRADE_COUNTRY_YR(5.1.0),AE,A,AED,FCSC,ANN_CNT,TNOEXP,_Z,_Z,583,2024,4692522.49,,,,0
FCSA:DF_TRADE_COUNTRY_YR(5.1.0),AE,A,AED,FCSC,ANN_CNT,TNOEXP,_Z,_Z,304,2017,0.00,,,,0
FCSA:DF_TRADE_COUNTRY_YR(5.1.0),AE,A,AED,FCSC,ANN_CNT,TNOEXP,_Z,_Z,304,2018,162150.00,,,,0
FCSA:DF_TRADE_COUNTRY_YR(5.1.0),AE,A,AED,FCSC,ANN_CNT,TNOEXP,_Z,_Z,304,2019,68968.68,,,,0
FCSA:DF_TRADE_COUNTRY_YR(5.1.0),AE,A,AED,FCSC,ANN_CNT,TNOEXP,_Z,_Z,304,2020,13671.37,,,,0
FCSA:DF_TRADE_COUNTRY_YR(5.1.0),AE,A,AED,FCSC,ANN_CNT,TNOEXP,_Z,_Z,304,2021,111680.17,,,,0
FCSA:DF_TRADE_COUNTRY_YR(5.1.0),AE,A,AED,FCSC,ANN_CNT,TNOEXP,_Z,_Z,304,2022,83355.54,,,,0
FCSA:DF_TRADE_COUNTRY_YR(5.1.0),AE,A,AED,FCSC,ANN_CNT,TNOEXP,_Z,_Z,304,2023,1126272.77,,,,0
FCSA:DF_TRADE_COUNTRY_YR(5.1.0),AE,A,AED,FCSC,ANN_CNT,TNOEXP,_Z,_Z,304,2024,32492.63,,,,0
FCSA:DF_TRADE_COUNTRY_YR(5.1.0),AE,A,AED,FCSC,ANN_CNT,TNOEXP,_Z,_Z,414,2017,18778720483.53,,,,0
FCSA:DF_TRADE_COUNTRY_YR(5.1.0),AE,A,AED,FCSC,ANN_CNT,TNOEXP,_Z,_Z,414,2018,30798497862.36,,,,0
FCSA:DF_TRADE_COUNTRY_YR(5.1.0),AE,A,AED,FCSC,ANN_CNT,TNOEXP,_Z,_Z,414,2019,31359258046.23,,,,0
FCSA:DF_TRADE_COUNTRY_YR(5.1.0),AE,A,AED,FCSC,ANN_CNT,TNOEXP,_Z,_Z,414,2020,25822717046.04,,,,0
FCSA:DF_TRADE_COUNTRY_YR(5.1.0),AE,A,AED,FCSC,ANN_CNT,TNOEXP,_Z,_Z,414,2021,33582450560.28,,,,0
FCSA:DF_TRADE_COUNTRY_YR(5.1.0),AE,A,AED,FCSC,ANN_CNT,TNOEXP,_Z,_Z,414,2022,36584775543.58,,,,0
FCSA:DF_TRADE_COUNTRY_YR(5.1.0),AE,A,AED,FCSC,ANN_CNT,TNOEXP,_Z,_Z,414,2023,36348893575.82,,,,0
FCSA:DF_TRADE_COUNTRY_YR(5.1.0),AE,A,AED,FCSC,ANN_CNT,TNOEXP,_Z,_Z,414,2024,38578201121.20,,,,0
FCSA:DF_TRADE_COUNTRY_YR(5.1.0),AE,A,AED,FCSC,ANN_CNT,IMP,_Z,_Z,702,2017,7334630996.15,,,,0
FCSA:DF_TRADE_COUNTRY_YR(5.1.0),AE,A,AED,FCSC,ANN_CNT,IMP,_Z,_Z,702,2018,6513177533.80,,,,0
FCSA:DF_TRADE_COUNTRY_YR(5.1.0),AE,A,AED,FCSC,ANN_CNT,IMP,_Z,_Z,702,2019,8736964266.44,,,,0
FCSA:DF_TRADE_COUNTRY_YR(5.1.0),AE,A,AED,FCSC,ANN_CNT,IMP,_Z,_Z,702,2020,5527015049.06,,,,0
FCSA:DF_TRADE_COUNTRY_YR(5.1.0),AE,A,AED,FCSC,ANN_CNT,IMP,_Z,_Z,702,2021,6433641737.12,,,,0
FCSA:DF_TRADE_COUNTRY_YR(5.1.0),AE,A,AED,FCSC,ANN_CNT,IMP,_Z,_Z,702,2022,8954738956.63,,,,0
FCSA:DF_TRADE_COUNTRY_YR(5.1.0),AE,A,AED,FCSC,ANN_CNT,IMP,_Z,_Z,702,2023,8931630181.10,,,,0
FCSA:DF_TRADE_COUNTRY_YR(5.1.0),AE,A,AED,FCSC,ANN_CNT,IMP,_Z,_Z,702,2024,6727539996.55,,,,0
FCSA:DF_TRADE_COUNTRY_YR(5.1.0),AE,A,AED,FCSC,ANN_CNT,TTRADE,_Z,_Z,458,2017,11182473588.52,,,,0
FCSA:DF_TRADE_COUNTRY_YR(5.1.0),AE,A,AED,FCSC,ANN_CNT,TTRADE,_Z,_Z,458,2018,14108328648.24,,,,0
FCSA:DF_TRADE_COUNTRY_YR(5.1.0),AE,A,AED,FCSC,ANN_CNT,TTRADE,_Z,_Z,458,2019,14293425552.47,,,,0
FCSA:DF_TRADE_COUNTRY_YR(5.1.0),AE,A,AED,FCSC,ANN_CNT,TTRADE,_Z,_Z,458,2020,12917447376.96,,,,0
FCSA:DF_TRADE_COUNTRY_YR(5.1.0),AE,A,AED,FCSC,ANN_CNT,TTRADE,_Z,_Z,458,2021,16065602739.32,,,,0
FCSA:DF_TRADE_COUNTRY_YR(5.1.0),AE,A,AED,FCSC,ANN_CNT,TTRADE,_Z,_Z,458,2022,17562608782.39,,,,0
FCSA:DF_TRADE_COUNTRY_YR(5.1.0),AE,A,AED,FCSC,ANN_CNT,TTRADE,_Z,_Z,458,2023,18061968187.66,,,,0
FCSA:DF_TRADE_COUNTRY_YR(5.1.0),AE,A,AED,FCSC,ANN_CNT,TTRADE,_Z,_Z,458,2024,20026898248.09,,,,0
FCSA:DF_TRADE_COUNTRY_YR(5.1.0),AE,A,AED,FCSC,ANN_CNT,TNOEXP,_Z,_Z,56,2017,14805269151.60,,,,0
FCSA:DF_TRADE_COUNTRY_YR(5.1.0),AE,A,AED,FCSC,ANN_CNT,TNOEXP,_Z,_Z,56,2018,16433280026.88,,,,0
FCSA:DF_TRADE_COUNTRY_YR(5.1.0),AE,A,AED,FCSC,ANN_CNT,TNOEXP,_Z,_Z,56,2019,11112850235.52,,,,0
FCSA:DF_TRADE_COUNTRY_YR(5.1.0),AE,A,AED,FCSC,ANN_CNT,TNOEXP,_Z,_Z,56,2020,8546364976.75,,,,0
FCSA:DF_TRADE_COUNTRY_YR(5.1.0),AE,A,AED,FCSC,ANN_CNT,TNOEXP,_Z,_Z,56,2021,13685907852.27,,,,0
FCSA:DF_TRADE_COUNTRY_YR(5.1.0),AE,A,AED,FCSC,ANN_CNT,TNOEXP,_Z,_Z,56,2022,17034104073.52,,,,0
FCSA:DF_TRADE_COUNTRY_YR(5.1.0),AE,A,AED,FCSC,ANN_CNT,TNOEXP,_Z,_Z,56,2023,14366060400.69,,,,0
FCSA:DF_TRADE_COUNTRY_YR(5.1.0),AE,A,AED,FCSC,ANN_CNT,TNOEXP,_Z,_Z,56,2024,9388822266.13,,,,0
FCSA:DF_TRADE_COUNTRY_YR(5.1.0),AE,A,AED,FCSC,ANN_CNT,IMP,_Z,_Z,234,2017,542142.00,,,,0
FCSA:DF_TRADE_COUNTRY_YR(5.1.0),AE,A,AED,FCSC,ANN_CNT,IMP,_Z,_Z,234,2018,4187.00,,,,0
FCSA:DF_TRADE_COUNTRY_YR(5.1.0),AE,A,AED,FCSC,ANN_CNT,IMP,_Z,_Z,234,2019,457810.97,,,,0
FCSA:DF_TRADE_COUNTRY_YR(5.1.0),AE,A,AED,FCSC,ANN_CNT,NOEXP,_Z,_Z,570,2018,0.00,,,,0
FCSA:DF_TRADE_COUNTRY_YR(5.1.0),AE,A,AED,FCSC,ANN_CNT,NOEXP,_Z,_Z,570,2019,0.00,,,,0
FCSA:DF_TRADE_COUNTRY_YR(5.1.0),AE,A,AED,FCSC,ANN_CNT,NOEXP,_Z,_Z,570,2021,0.00,,,,0
FCSA:DF_TRADE_COUNTRY_YR(5.1.0),AE,A,AED,FCSC,ANN_CNT,NOEXP,_Z,_Z,570,2022,0.00,,,,0
FCSA:DF_TRADE_COUNTRY_YR(5.1.0),AE,A,AED,FCSC,ANN_CNT,NOEXP,_Z,_Z,570,2023,1112570.48,,,,0
FCSA:DF_TRADE_COUNTRY_YR(5.1.0),AE,A,AED,FCSC,ANN_CNT,NOEXP,_Z,_Z,570,2024,0.00,,,,0
FCSA:DF_TRADE_COUNTRY_YR(5.1.0),AE,A,AED,FCSC,ANN_CNT,NOEXP,_Z,_Z,524,2017,1071459640.03,,,,0
FCSA:DF_TRADE_COUNTRY_YR(5.1.0),AE,A,AED,FCSC,ANN_CNT,NOEXP,_Z,_Z,524,2018,979031834.46,,,,0
FCSA:DF_TRADE_COUNTRY_YR(5.1.0),AE,A,AED,FCSC,ANN_CNT,NOEXP,_Z,_Z,524,2019,792921841.10,,,,0
FCSA:DF_TRADE_COUNTRY_YR(5.1.0),AE,A,AED,FCSC,ANN_CNT,NOEXP,_Z,_Z,524,2020,560428531.01,,,,0
FCSA:DF_TRADE_COUNTRY_YR(5.1.0),AE,A,AED,FCSC,ANN_CNT,NOEXP,_Z,_Z,524,2021,1420940339.50,,,,0
FCSA:DF_TRADE_COUNTRY_YR(5.1.0),AE,A,AED,FCSC,ANN_CNT,NOEXP,_Z,_Z,524,2022,998202886.88,,,,0
FCSA:DF_TRADE_COUNTRY_YR(5.1.0),AE,A,AED,FCSC,ANN_CNT,NOEXP,_Z,_Z,524,2023,753850563.35,,,,0
FCSA:DF_TRADE_COUNTRY_YR(5.1.0),AE,A,AED,FCSC,ANN_CNT,NOEXP,_Z,_Z,524,2024,611729153.24,,,,0
FCSA:DF_TRADE_COUNTRY_YR(5.1.0),AE,A,AED,FCSC,ANN_CNT,REEXP,_Z,_Z,132,2017,1018676.36,,,,0
FCSA:DF_TRADE_COUNTRY_YR(5.1.0),AE,A,AED,FCSC,ANN_CNT,REEXP,_Z,_Z,132,2018,5089848.01,,,,0
FCSA:DF_TRADE_COUNTRY_YR(5.1.0),AE,A,AED,FCSC,ANN_CNT,REEXP,_Z,_Z,132,2019,9360561.67,,,,0
FCSA:DF_TRADE_COUNTRY_YR(5.1.0),AE,A,AED,FCSC,ANN_CNT,REEXP,_Z,_Z,132,2020,9053071.72,,,,0
FCSA:DF_TRADE_COUNTRY_YR(5.1.0),AE,A,AED,FCSC,ANN_CNT,REEXP,_Z,_Z,132,2021,6274090.13,,,,0
FCSA:DF_TRADE_COUNTRY_YR(5.1.0),AE,A,AED,FCSC,ANN_CNT,REEXP,_Z,_Z,132,2022,8429886.27,,,,0
FCSA:DF_TRADE_COUNTRY_YR(5.1.0),AE,A,AED,FCSC,ANN_CNT,REEXP,_Z,_Z,132,2023,8968151.46,,,,0
FCSA:DF_TRADE_COUNTRY_YR(5.1.0),AE,A,AED,FCSC,ANN_CNT,REEXP,_Z,_Z,132,2024,14245060.35,,,,0
FCSA:DF_TRADE_COUNTRY_YR(5.1.0),AE,A,AED,FCSC,ANN_CNT,NOEXP,_Z,_Z,882,2017,0.00,,,,0
FCSA:DF_TRADE_COUNTRY_YR(5.1.0),AE,A,AED,FCSC,ANN_CNT,NOEXP,_Z,_Z,882,2018,200810.67,,,,0
FCSA:DF_TRADE_COUNTRY_YR(5.1.0),AE,A,AED,FCSC,ANN_CNT,NOEXP,_Z,_Z,882,2019,394521.93,,,,0
FCSA:DF_TRADE_COUNTRY_YR(5.1.0),AE,A,AED,FCSC,ANN_CNT,NOEXP,_Z,_Z,882,2020,337044.70,,,,0
FCSA:DF_TRADE_COUNTRY_YR(5.1.0),AE,A,AED,FCSC,ANN_CNT,NOEXP,_Z,_Z,882,2021,346247.50,,,,0
FCSA:DF_TRADE_COUNTRY_YR(5.1.0),AE,A,AED,FCSC,ANN_CNT,NOEXP,_Z,_Z,882,2022,748010.50,,,,0
FCSA:DF_TRADE_COUNTRY_YR(5.1.0),AE,A,AED,FCSC,ANN_CNT,NOEXP,_Z,_Z,882,2023,925442.08,,,,0
FCSA:DF_TRADE_COUNTRY_YR(5.1.0),AE,A,AED,FCSC,ANN_CNT,NOEXP,_Z,_Z,144,2017,1787819404.55,,,,0
FCSA:DF_TRADE_COUNTRY_YR(5.1.0),AE,A,AED,FCSC,ANN_CNT,NOEXP,_Z,_Z,144,2018,1945921032.98,,,,0
FCSA:DF_TRADE_COUNTRY_YR(5.1.0),AE,A,AED,FCSC,ANN_CNT,NOEXP,_Z,_Z,144,2019,3110115609.08,,,,0
FCSA:DF_TRADE_COUNTRY_YR(5.1.0),AE,A,AED,FCSC,ANN_CNT,NOEXP,_Z,_Z,144,2020,1752142155.91,,,,0
FCSA:DF_TRADE_COUNTRY_YR(5.1.0),AE,A,AED,FCSC,ANN_CNT,NOEXP,_Z,_Z,144,2021,1248919330.69,,,,0
FCSA:DF_TRADE_COUNTRY_YR(5.1.0),AE,A,AED,FCSC,ANN_CNT,NOEXP,_Z,_Z,144,2022,1827468335.79,,,,0
FCSA:DF_TRADE_COUNTRY_YR(5.1.0),AE,A,AED,FCSC,ANN_CNT,NOEXP,_Z,_Z,144,2023,1805981226.10,,,,0
FCSA:DF_TRADE_COUNTRY_YR(5.1.0),AE,A,AED,FCSC,ANN_CNT,NOEXP,_Z,_Z,144,2024,1849391064.90,,,,0
FCSA:DF_TRADE_COUNTRY_YR(5.1.0),AE,A,AED,FCSC,ANN_CNT,REEXP,_Z,_Z,152,2017,270827374.78,,,,0
FCSA:DF_TRADE_COUNTRY_YR(5.1.0),AE,A,AED,FCSC,ANN_CNT,REEXP,_Z,_Z,152,2018,266495827.21,,,,0
FCSA:DF_TRADE_COUNTRY_YR(5.1.0),AE,A,AED,FCSC,ANN_CNT,REEXP,_Z,_Z,152,2019,202721061.42,,,,0
FCSA:DF_TRADE_COUNTRY_YR(5.1.0),AE,A,AED,FCSC,ANN_CNT,REEXP,_Z,_Z,152,2020,171030945.54,,,,0
FCSA:DF_TRADE_COUNTRY_YR(5.1.0),AE,A,AED,FCSC,ANN_CNT,REEXP,_Z,_Z,152,2021,299194641.59,,,,0
FCSA:DF_TRADE_COUNTRY_YR(5.1.0),AE,A,AED,FCSC,ANN_CNT,REEXP,_Z,_Z,152,2022,416947826.73,,,,0
FCSA:DF_TRADE_COUNTRY_YR(5.1.0),AE,A,AED,FCSC,ANN_CNT,REEXP,_Z,_Z,152,2023,252452872.21,,,,0
FCSA:DF_TRADE_COUNTRY_YR(5.1.0),AE,A,AED,FCSC,ANN_CNT,REEXP,_Z,_Z,152,2024,218655959.92,,,,0
FCSA:DF_TRADE_COUNTRY_YR(5.1.0),AE,A,AED,FCSC,ANN_CNT,TTRADE,_Z,_Z,152,2017,889798202.05,,,,0
FCSA:DF_TRADE_COUNTRY_YR(5.1.0),AE,A,AED,FCSC,ANN_CNT,TTRADE,_Z,_Z,152,2018,996016185.52,,,,0
FCSA:DF_TRADE_COUNTRY_YR(5.1.0),AE,A,AED,FCSC,ANN_CNT,TTRADE,_Z,_Z,152,2019,1209343975.83,,,,0
FCSA:DF_TRADE_COUNTRY_YR(5.1.0),AE,A,AED,FCSC,ANN_CNT,TTRADE,_Z,_Z,152,2020,1168505636.22,,,,0
FCSA:DF_TRADE_COUNTRY_YR(5.1.0),AE,A,AED,FCSC,ANN_CNT,TTRADE,_Z,_Z,152,2021,1436294549.42,,,,0
FCSA:DF_TRADE_COUNTRY_YR(5.1.0),AE,A,AED,FCSC,ANN_CNT,TTRADE,_Z,_Z,152,2022,1523743369.32,,,,0
FCSA:DF_TRADE_COUNTRY_YR(5.1.0),AE,A,AED,FCSC,ANN_CNT,TTRADE,_Z,_Z,152,2023,1134549159.48,,,,0
FCSA:DF_TRADE_COUNTRY_YR(5.1.0),AE,A,AED,FCSC,ANN_CNT,TTRADE,_Z,_Z,152,2024,990684045.20,,,,0
FCSA:DF_TRADE_COUNTRY_YR(5.1.0),AE,A,AED,FCSC,ANN_CNT,TTRADE,_Z,_Z,620,2017,1254264521.92,,,,0
FCSA:DF_TRADE_COUNTRY_YR(5.1.0),AE,A,AED,FCSC,ANN_CNT,TTRADE,_Z,_Z,620,2018,1144643291.65,,,,0
FCSA:DF_TRADE_COUNTRY_YR(5.1.0),AE,A,AED,FCSC,ANN_CNT,TTRADE,_Z,_Z,620,2019,1316069811.87,,,,0
FCSA:DF_TRADE_COUNTRY_YR(5.1.0),AE,A,AED,FCSC,ANN_CNT,TTRADE,_Z,_Z,620,2020,999432754.25,,,,0
FCSA:DF_TRADE_COUNTRY_YR(5.1.0),AE,A,AED,FCSC,ANN_CNT,TTRADE,_Z,_Z,620,2021,1332338090.92,,,,0
FCSA:DF_TRADE_COUNTRY_YR(5.1.0),AE,A,AED,FCSC,ANN_CNT,TTRADE,_Z,_Z,620,2022,1505181865.39,,,,0
FCSA:DF_TRADE_COUNTRY_YR(5.1.0),AE,A,AED,FCSC,ANN_CNT,TTRADE,_Z,_Z,620,2023,2095658584.65,,,,0
FCSA:DF_TRADE_COUNTRY_YR(5.1.0),AE,A,AED,FCSC,ANN_CNT,TTRADE,_Z,_Z,620,2024,2301451749.51,,,,0
FCSA:DF_TRADE_COUNTRY_YR(5.1.0),AE,A,AED,FCSC,ANN_CNT,NOEXP,_Z,_Z,440,2017,29151924.26,,,,0
FCSA:DF_TRADE_COUNTRY_YR(5.1.0),AE,A,AED,FCSC,ANN_CNT,NOEXP,_Z,_Z,440,2018,31441423.57,,,,0
FCSA:DF_TRADE_COUNTRY_YR(5.1.0),AE,A,AED,FCSC,ANN_CNT,NOEXP,_Z,_Z,440,2019,39491089.99,,,,0
FCSA:DF_TRADE_COUNTRY_YR(5.1.0),AE,A,AED,FCSC,ANN_CNT,NOEXP,_Z,_Z,440,2020,30330695.76,,,,0
FCSA:DF_TRADE_COUNTRY_YR(5.1.0),AE,A,AED,FCSC,ANN_CNT,NOEXP,_Z,_Z,440,2021,43412539.89,,,,0
FCSA:DF_TRADE_COUNTRY_YR(5.1.0),AE,A,AED,FCSC,ANN_CNT,NOEXP,_Z,_Z,440,2022,41464246.28,,,,0
FCSA:DF_TRADE_COUNTRY_YR(5.1.0),AE,A,AED,FCSC,ANN_CNT,NOEXP,_Z,_Z,440,2023,184842723.55,,,,0
FCSA:DF_TRADE_COUNTRY_YR(5.1.0),AE,A,AED,FCSC,ANN_CNT,NOEXP,_Z,_Z,440,2024,235679377.24,,,,0
FCSA:DF_TRADE_COUNTRY_YR(5.1.0),AE,A,AED,FCSC,ANN_CNT,REEXP,_Z,_Z,254,2017,1506214.88,,,,0
FCSA:DF_TRADE_COUNTRY_YR(5.1.0),AE,A,AED,FCSC,ANN_CNT,REEXP,_Z,_Z,254,2018,6120894.35,,,,0
FCSA:DF_TRADE_COUNTRY_YR(5.1.0),AE,A,AED,FCSC,ANN_CNT,REEXP,_Z,_Z,254,2019,1788278.57,,,,0
FCSA:DF_TRADE_COUNTRY_YR(5.1.0),AE,A,AED,FCSC,ANN_CNT,REEXP,_Z,_Z,254,2020,557110.87,,,,0
FCSA:DF_TRADE_COUNTRY_YR(5.1.0),AE,A,AED,FCSC,ANN_CNT,REEXP,_Z,_Z,254,2021,1045322.42,,,,0
FCSA:DF_TRADE_COUNTRY_YR(5.1.0),AE,A,AED,FCSC,ANN_CNT,REEXP,_Z,_Z,254,2022,788535.35,,,,0
FCSA:DF_TRADE_COUNTRY_YR(5.1.0),AE,A,AED,FCSC,ANN_CNT,REEXP,_Z,_Z,254,2023,2590644.52,,,,0
FCSA:DF_TRADE_COUNTRY_YR(5.1.0),AE,A,AED,FCSC,ANN_CNT,REEXP,_Z,_Z,254,2024,3719225.13,,,,0
FCSA:DF_TRADE_COUNTRY_YR(5.1.0),AE,A,AED,FCSC,ANN_CNT,TTRADE,_Z,_Z,832,2017,757791.04,,,,0
FCSA:DF_TRADE_COUNTRY_YR(5.1.0),AE,A,AED,FCSC,ANN_CNT,TTRADE,_Z,_Z,832,2018,39741.82,,,,0
FCSA:DF_TRADE_COUNTRY_YR(5.1.0),AE,A,AED,FCSC,ANN_CNT,TTRADE,_Z,_Z,832,2019,206041.05,,,,0
FCSA:DF_TRADE_COUNTRY_YR(5.1.0),AE,A,AED,FCSC,ANN_CNT,TTRADE,_Z,_Z,832,2020,1913271.34,,,,0
FCSA:DF_TRADE_COUNTRY_YR(5.1.0),AE,A,AED,FCSC,ANN_CNT,TTRADE,_Z,_Z,832,2021,2822139.43,,,,0
FCSA:DF_TRADE_COUNTRY_YR(5.1.0),AE,A,AED,FCSC,ANN_CNT,TTRADE,_Z,_Z,832,2022,1892690.43,,,,0
FCSA:DF_TRADE_COUNTRY_YR(5.1.0),AE,A,AED,FCSC,ANN_CNT,TTRADE,_Z,_Z,832,2023,550477.77,,,,0
FCSA:DF_TRADE_COUNTRY_YR(5.1.0),AE,A,AED,FCSC,ANN_CNT,TTRADE,_Z,_Z,832,2024,9161556.82,,,,0
FCSA:DF_TRADE_COUNTRY_YR(5.1.0),AE,A,AED,FCSC,ANN_CNT,REEXP,_Z,_Z,368,2017,36492429186.52,,,,0
FCSA:DF_TRADE_COUNTRY_YR(5.1.0),AE,A,AED,FCSC,ANN_CNT,REEXP,_Z,_Z,368,2018,32426263649.91,,,,0
FCSA:DF_TRADE_COUNTRY_YR(5.1.0),AE,A,AED,FCSC,ANN_CNT,REEXP,_Z,_Z,368,2019,41271968582.29,,,,0
FCSA:DF_TRADE_COUNTRY_YR(5.1.0),AE,A,AED,FCSC,ANN_CNT,REEXP,_Z,_Z,368,2020,40601966262.44,,,,0
FCSA:DF_TRADE_COUNTRY_YR(5.1.0),AE,A,AED,FCSC,ANN_CNT,REEXP,_Z,_Z,368,2021,44418888137.46,,,,0
FCSA:DF_TRADE_COUNTRY_YR(5.1.0),AE,A,AED,FCSC,ANN_CNT,REEXP,_Z,_Z,368,2022,63466020246.26,,,,0
FCSA:DF_TRADE_COUNTRY_YR(5.1.0),AE,A,AED,FCSC,ANN_CNT,REEXP,_Z,_Z,368,2023,63579243318.62,,,,0
FCSA:DF_TRADE_COUNTRY_YR(5.1.0),AE,A,AED,FCSC,ANN_CNT,REEXP,_Z,_Z,368,2024,67930613632.22,,,,0
FCSA:DF_TRADE_COUNTRY_YR(5.1.0),AE,A,AED,FCSC,ANN_CNT,TTRADE,_Z,_Z,634,2017,9534514956.91,,,,0
FCSA:DF_TRADE_COUNTRY_YR(5.1.0),AE,A,AED,FCSC,ANN_CNT,TTRADE,_Z,_Z,634,2018,10692107.24,,,,0
FCSA:DF_TRADE_COUNTRY_YR(5.1.0),AE,A,AED,FCSC,ANN_CNT,TTRADE,_Z,_Z,634,2019,5512736.25,,,,0
FCSA:DF_TRADE_COUNTRY_YR(5.1.0),AE,A,AED,FCSC,ANN_CNT,TTRADE,_Z,_Z,634,2020,2298969.13,,,,0
FCSA:DF_TRADE_COUNTRY_YR(5.1.0),AE,A,AED,FCSC,ANN_CNT,TTRADE,_Z,_Z,634,2021,14008023070.18,,,,0
FCSA:DF_TRADE_COUNTRY_YR(5.1.0),AE,A,AED,FCSC,ANN_CNT,TTRADE,_Z,_Z,634,2022,31047879049.99,,,,0
FCSA:DF_TRADE_COUNTRY_YR(5.1.0),AE,A,AED,FCSC,ANN_CNT,TTRADE,_Z,_Z,634,2023,36739896515.01,,,,0
FCSA:DF_TRADE_COUNTRY_YR(5.1.0),AE,A,AED,FCSC,ANN_CNT,TTRADE,_Z,_Z,634,2024,43148392044.86,,,,0
FCSA:DF_TRADE_COUNTRY_YR(5.1.0),AE,A,AED,FCSC,ANN_CNT,TTRADE,_Z,_Z,508,2017,2142039874.01,,,,0
FCSA:DF_TRADE_COUNTRY_YR(5.1.0),AE,A,AED,FCSC,ANN_CNT,TTRADE,_Z,_Z,508,2018,2004442957.05,,,,0
FCSA:DF_TRADE_COUNTRY_YR(5.1.0),AE,A,AED,FCSC,ANN_CNT,TTRADE,_Z,_Z,508,2019,1992067721.97,,,,0
FCSA:DF_TRADE_COUNTRY_YR(5.1.0),AE,A,AED,FCSC,ANN_CNT,TTRADE,_Z,_Z,508,2020,2381200973.86,,,,0
FCSA:DF_TRADE_COUNTRY_YR(5.1.0),AE,A,AED,FCSC,ANN_CNT,TTRADE,_Z,_Z,508,2021,3318215143.51,,,,0
FCSA:DF_TRADE_COUNTRY_YR(5.1.0),AE,A,AED,FCSC,ANN_CNT,TTRADE,_Z,_Z,508,2022,5078975785.32,,,,0
FCSA:DF_TRADE_COUNTRY_YR(5.1.0),AE,A,AED,FCSC,ANN_CNT,TTRADE,_Z,_Z,508,2023,3711757850.38,,,,0
FCSA:DF_TRADE_COUNTRY_YR(5.1.0),AE,A,AED,FCSC,ANN_CNT,TTRADE,_Z,_Z,508,2024,4923631812.27,,,,0
FCSA:DF_TRADE_COUNTRY_YR(5.1.0),AE,A,AED,FCSC,ANN_CNT,TNOEXP,_Z,_Z,332,2017,23637249.69,,,,0
FCSA:DF_TRADE_COUNTRY_YR(5.1.0),AE,A,AED,FCSC,ANN_CNT,TNOEXP,_Z,_Z,332,2018,28359201.70,,,,0
FCSA:DF_TRADE_COUNTRY_YR(5.1.0),AE,A,AED,FCSC,ANN_CNT,TNOEXP,_Z,_Z,332,2019,38558045.58,,,,0
FCSA:DF_TRADE_COUNTRY_YR(5.1.0),AE,A,AED,FCSC,ANN_CNT,TNOEXP,_Z,_Z,332,2020,30580290.73,,,,0
FCSA:DF_TRADE_COUNTRY_YR(5.1.0),AE,A,AED,FCSC,ANN_CNT,TNOEXP,_Z,_Z,332,2021,47391294.38,,,,0
FCSA:DF_TRADE_COUNTRY_YR(5.1.0),AE,A,AED,FCSC,ANN_CNT,TNOEXP,_Z,_Z,332,2022,50886901.85,,,,0
FCSA:DF_TRADE_COUNTRY_YR(5.1.0),AE,A,AED,FCSC,ANN_CNT,TNOEXP,_Z,_Z,332,2023,47036691.15,,,,0
FCSA:DF_TRADE_COUNTRY_YR(5.1.0),AE,A,AED,FCSC,ANN_CNT,TNOEXP,_Z,_Z,332,2024,39486183.53,,,,0
FCSA:DF_TRADE_COUNTRY_YR(5.1.0),AE,A,AED,FCSC,ANN_CNT,NOEXP,_Z,_Z,258,2017,291850.81,,,,0
FCSA:DF_TRADE_COUNTRY_YR(5.1.0),AE,A,AED,FCSC,ANN_CNT,NOEXP,_Z,_Z,258,2018,509683.24,,,,0
FCSA:DF_TRADE_COUNTRY_YR(5.1.0),AE,A,AED,FCSC,ANN_CNT,NOEXP,_Z,_Z,258,2019,599322.21,,,,0
FCSA:DF_TRADE_COUNTRY_YR(5.1.0),AE,A,AED,FCSC,ANN_CNT,NOEXP,_Z,_Z,258,2020,242942.20,,,,0
FCSA:DF_TRADE_COUNTRY_YR(5.1.0),AE,A,AED,FCSC,ANN_CNT,NOEXP,_Z,_Z,258,2021,716915.85,,,,0
FCSA:DF_TRADE_COUNTRY_YR(5.1.0),AE,A,AED,FCSC,ANN_CNT,NOEXP,_Z,_Z,258,2022,906483.78,,,,0
FCSA:DF_TRADE_COUNTRY_YR(5.1.0),AE,A,AED,FCSC,ANN_CNT,NOEXP,_Z,_Z,258,2023,2185560.06,,,,0
FCSA:DF_TRADE_COUNTRY_YR(5.1.0),AE,A,AED,FCSC,ANN_CNT,NOEXP,_Z,_Z,258,2024,1948079.18,,,,0
FCSA:DF_TRADE_COUNTRY_YR(5.1.0),AE,A,AED,FCSC,ANN_CNT,TTRADE,_Z,_Z,368,2017,47541325008.28,,,,0
FCSA:DF_TRADE_COUNTRY_YR(5.1.0),AE,A,AED,FCSC,ANN_CNT,TTRADE,_Z,_Z,368,2018,42670857845.62,,,,0
FCSA:DF_TRADE_COUNTRY_YR(5.1.0),AE,A,AED,FCSC,ANN_CNT,TTRADE,_Z,_Z,368,2019,55401398137.70,,,,0
FCSA:DF_TRADE_COUNTRY_YR(5.1.0),AE,A,AED,FCSC,ANN_CNT,TTRADE,_Z,_Z,368,2020,52849895366.80,,,,0
FCSA:DF_TRADE_COUNTRY_YR(5.1.0),AE,A,AED,FCSC,ANN_CNT,TTRADE,_Z,_Z,368,2021,62263630996.95,,,,0
FCSA:DF_TRADE_COUNTRY_YR(5.1.0),AE,A,AED,FCSC,ANN_CNT,TTRADE,_Z,_Z,368,2022,91848522230.83,,,,0
FCSA:DF_TRADE_COUNTRY_YR(5.1.0),AE,A,AED,FCSC,ANN_CNT,TTRADE,_Z,_Z,368,2023,104122477213.15,,,,0
FCSA:DF_TRADE_COUNTRY_YR(5.1.0),AE,A,AED,FCSC,ANN_CNT,TTRADE,_Z,_Z,368,2024,140785027897.15,,,,0
FCSA:DF_TRADE_COUNTRY_YR(5.1.0),AE,A,AED,FCSC,ANN_CNT,TNOEXP,_Z,_Z,158,2017,1932783635.64,,,,0
FCSA:DF_TRADE_COUNTRY_YR(5.1.0),AE,A,AED,FCSC,ANN_CNT,TNOEXP,_Z,_Z,158,2018,1435056566.53,,,,0
FCSA:DF_TRADE_COUNTRY_YR(5.1.0),AE,A,AED,FCSC,ANN_CNT,TNOEXP,_Z,_Z,158,2019,1728566617.91,,,,0
FCSA:DF_TRADE_COUNTRY_YR(5.1.0),AE,A,AED,FCSC,ANN_CNT,TNOEXP,_Z,_Z,158,2020,1465515458.05,,,,0
FCSA:DF_TRADE_COUNTRY_YR(5.1.0),AE,A,AED,FCSC,ANN_CNT,TNOEXP,_Z,_Z,158,2021,2643611264.23,,,,0
FCSA:DF_TRADE_COUNTRY_YR(5.1.0),AE,A,AED,FCSC,ANN_CNT,TNOEXP,_Z,_Z,158,2022,3148627160.25,,,,0
FCSA:DF_TRADE_COUNTRY_YR(5.1.0),AE,A,AED,FCSC,ANN_CNT,TNOEXP,_Z,_Z,158,2023,1740531133.94,,,,0
FCSA:DF_TRADE_COUNTRY_YR(5.1.0),AE,A,AED,FCSC,ANN_CNT,TNOEXP,_Z,_Z,158,2024,1481239289.53,,,,0
FCSA:DF_TRADE_COUNTRY_YR(5.1.0),AE,A,AED,FCSC,ANN_CNT,NOEXP,_Z,_Z,124,2017,351066544.85,,,,0
FCSA:DF_TRADE_COUNTRY_YR(5.1.0),AE,A,AED,FCSC,ANN_CNT,NOEXP,_Z,_Z,124,2018,505549020.82,,,,0
FCSA:DF_TRADE_COUNTRY_YR(5.1.0),AE,A,AED,FCSC,ANN_CNT,NOEXP,_Z,_Z,124,2019,476089779.03,,,,0
FCSA:DF_TRADE_COUNTRY_YR(5.1.0),AE,A,AED,FCSC,ANN_CNT,NOEXP,_Z,_Z,124,2020,626874783.39,,,,0
FCSA:DF_TRADE_COUNTRY_YR(5.1.0),AE,A,AED,FCSC,ANN_CNT,NOEXP,_Z,_Z,124,2021,1507147835.19,,,,0
FCSA:DF_TRADE_COUNTRY_YR(5.1.0),AE,A,AED,FCSC,ANN_CNT,NOEXP,_Z,_Z,124,2022,2212145520.65,,,,0
FCSA:DF_TRADE_COUNTRY_YR(5.1.0),AE,A,AED,FCSC,ANN_CNT,NOEXP,_Z,_Z,124,2023,2188327345.26,,,,0
FCSA:DF_TRADE_COUNTRY_YR(5.1.0),AE,A,AED,FCSC,ANN_CNT,NOEXP,_Z,_Z,124,2024,2111216235.98,,,,0
FCSA:DF_TRADE_COUNTRY_YR(5.1.0),AE,A,AED,FCSC,ANN_CNT,IMP,_Z,_Z,860,2017,60768023.54,,,,0
FCSA:DF_TRADE_COUNTRY_YR(5.1.0),AE,A,AED,FCSC,ANN_CNT,IMP,_Z,_Z,860,2018,55705309.98,,,,0
FCSA:DF_TRADE_COUNTRY_YR(5.1.0),AE,A,AED,FCSC,ANN_CNT,IMP,_Z,_Z,860,2019,1334332767.01,,,,0
FCSA:DF_TRADE_COUNTRY_YR(5.1.0),AE,A,AED,FCSC,ANN_CNT,IMP,_Z,_Z,860,2020,282559011.06,,,,0
FCSA:DF_TRADE_COUNTRY_YR(5.1.0),AE,A,AED,FCSC,ANN_CNT,IMP,_Z,_Z,860,2021,369307640.83,,,,0
FCSA:DF_TRADE_COUNTRY_YR(5.1.0),AE,A,AED,FCSC,ANN_CNT,IMP,_Z,_Z,860,2022,671743262.82,,,,0
FCSA:DF_TRADE_COUNTRY_YR(5.1.0),AE,A,AED,FCSC,ANN_CNT,IMP,_Z,_Z,860,2023,1459352062.15,,,,0
FCSA:DF_TRADE_COUNTRY_YR(5.1.0),AE,A,AED,FCSC,ANN_CNT,IMP,_Z,_Z,860,2024,4410892550.64,,,,0
FCSA:DF_TRADE_COUNTRY_YR(5.1.0),AE,A,AED,FCSC,ANN_CNT,REEXP,_Z,_Z,752,2017,120481847.21,,,,0
FCSA:DF_TRADE_COUNTRY_YR(5.1.0),AE,A,AED,FCSC,ANN_CNT,REEXP,_Z,_Z,752,2018,86190046.33,,,,0
FCSA:DF_TRADE_COUNTRY_YR(5.1.0),AE,A,AED,FCSC,ANN_CNT,REEXP,_Z,_Z,752,2019,126475755.15,,,,0
FCSA:DF_TRADE_COUNTRY_YR(5.1.0),AE,A,AED,FCSC,ANN_CNT,REEXP,_Z,_Z,752,2020,118173438.61,,,,0
FCSA:DF_TRADE_COUNTRY_YR(5.1.0),AE,A,AED,FCSC,ANN_CNT,REEXP,_Z,_Z,752,2021,150295469.76,,,,0
FCSA:DF_TRADE_COUNTRY_YR(5.1.0),AE,A,AED,FCSC,ANN_CNT,REEXP,_Z,_Z,752,2022,129727911.57,,,,0
FCSA:DF_TRADE_COUNTRY_YR(5.1.0),AE,A,AED,FCSC,ANN_CNT,REEXP,_Z,_Z,752,2023,157441809.66,,,,0
FCSA:DF_TRADE_COUNTRY_YR(5.1.0),AE,A,AED,FCSC,ANN_CNT,REEXP,_Z,_Z,752,2024,111290543.57,,,,0
FCSA:DF_TRADE_COUNTRY_YR(5.1.0),AE,A,AED,FCSC,ANN_CNT,REEXP,_Z,_Z,428,2017,91720897.70,,,,0
FCSA:DF_TRADE_COUNTRY_YR(5.1.0),AE,A,AED,FCSC,ANN_CNT,REEXP,_Z,_Z,428,2018,129588469.13,,,,0
FCSA:DF_TRADE_COUNTRY_YR(5.1.0),AE,A,AED,FCSC,ANN_CNT,REEXP,_Z,_Z,428,2019,94973912.02,,,,0
FCSA:DF_TRADE_COUNTRY_YR(5.1.0),AE,A,AED,FCSC,ANN_CNT,REEXP,_Z,_Z,428,2020,85442186.41,,,,0
FCSA:DF_TRADE_COUNTRY_YR(5.1.0),AE,A,AED,FCSC,ANN_CNT,REEXP,_Z,_Z,428,2021,95091280.93,,,,0
FCSA:DF_TRADE_COUNTRY_YR(5.1.0),AE,A,AED,FCSC,ANN_CNT,REEXP,_Z,_Z,428,2022,77472780.58,,,,0
FCSA:DF_TRADE_COUNTRY_YR(5.1.0),AE,A,AED,FCSC,ANN_CNT,REEXP,_Z,_Z,428,2023,237504515.52,,,,0
FCSA:DF_TRADE_COUNTRY_YR(5.1.0),AE,A,AED,FCSC,ANN_CNT,REEXP,_Z,_Z,428,2024,105166409.67,,,,0
FCSA:DF_TRADE_COUNTRY_YR(5.1.0),AE,A,AED,FCSC,ANN_CNT,TNOEXP,_Z,_Z,388,2017,12167903.14,,,,0
FCSA:DF_TRADE_COUNTRY_YR(5.1.0),AE,A,AED,FCSC,ANN_CNT,TNOEXP,_Z,_Z,388,2018,10877746.87,,,,0
FCSA:DF_TRADE_COUNTRY_YR(5.1.0),AE,A,AED,FCSC,ANN_CNT,TNOEXP,_Z,_Z,388,2019,12814486.98,,,,0
FCSA:DF_TRADE_COUNTRY_YR(5.1.0),AE,A,AED,FCSC,ANN_CNT,TNOEXP,_Z,_Z,388,2020,9792002.36,,,,0
FCSA:DF_TRADE_COUNTRY_YR(5.1.0),AE,A,AED,FCSC,ANN_CNT,TNOEXP,_Z,_Z,388,2021,14193499.83,,,,0
FCSA:DF_TRADE_COUNTRY_YR(5.1.0),AE,A,AED,FCSC,ANN_CNT,TNOEXP,_Z,_Z,388,2022,37655520.36,,,,0
FCSA:DF_TRADE_COUNTRY_YR(5.1.0),AE,A,AED,FCSC,ANN_CNT,TNOEXP,_Z,_Z,388,2023,29278983.14,,,,0
FCSA:DF_TRADE_COUNTRY_YR(5.1.0),AE,A,AED,FCSC,ANN_CNT,TNOEXP,_Z,_Z,388,2024,34504654.45,,,,0
FCSA:DF_TRADE_COUNTRY_YR(5.1.0),AE,A,AED,FCSC,ANN_CNT,NOEXP,_Z,_Z,312,2017,87190.19,,,,0
FCSA:DF_TRADE_COUNTRY_YR(5.1.0),AE,A,AED,FCSC,ANN_CNT,NOEXP,_Z,_Z,312,2018,111378.41,,,,0
FCSA:DF_TRADE_COUNTRY_YR(5.1.0),AE,A,AED,FCSC,ANN_CNT,NOEXP,_Z,_Z,312,2019,261944.36,,,,0
FCSA:DF_TRADE_COUNTRY_YR(5.1.0),AE,A,AED,FCSC,ANN_CNT,NOEXP,_Z,_Z,312,2020,149555.90,,,,0
FCSA:DF_TRADE_COUNTRY_YR(5.1.0),AE,A,AED,FCSC,ANN_CNT,NOEXP,_Z,_Z,312,2021,395740.60,,,,0
FCSA:DF_TRADE_COUNTRY_YR(5.1.0),AE,A,AED,FCSC,ANN_CNT,NOEXP,_Z,_Z,312,2022,114393.68,,,,0
FCSA:DF_TRADE_COUNTRY_YR(5.1.0),AE,A,AED,FCSC,ANN_CNT,NOEXP,_Z,_Z,312,2023,145336.80,,,,0
FCSA:DF_TRADE_COUNTRY_YR(5.1.0),AE,A,AED,FCSC,ANN_CNT,NOEXP,_Z,_Z,312,2024,25611.00,,,,0
FCSA:DF_TRADE_COUNTRY_YR(5.1.0),AE,A,AED,FCSC,ANN_CNT,TTRADE,_Z,_Z,418,2017,89513626.47,,,,0
FCSA:DF_TRADE_COUNTRY_YR(5.1.0),AE,A,AED,FCSC,ANN_CNT,TTRADE,_Z,_Z,418,2018,110497360.58,,,,0
FCSA:DF_TRADE_COUNTRY_YR(5.1.0),AE,A,AED,FCSC,ANN_CNT,TTRADE,_Z,_Z,418,2019,52366710.35,,,,0
FCSA:DF_TRADE_COUNTRY_YR(5.1.0),AE,A,AED,FCSC,ANN_CNT,TTRADE,_Z,_Z,418,2020,183495649.17,,,,0
FCSA:DF_TRADE_COUNTRY_YR(5.1.0),AE,A,AED,FCSC,ANN_CNT,TTRADE,_Z,_Z,418,2021,45357670.55,,,,0
FCSA:DF_TRADE_COUNTRY_YR(5.1.0),AE,A,AED,FCSC,ANN_CNT,TTRADE,_Z,_Z,418,2022,50684840.51,,,,0
FCSA:DF_TRADE_COUNTRY_YR(5.1.0),AE,A,AED,FCSC,ANN_CNT,TTRADE,_Z,_Z,418,2023,99513780.14,,,,0
FCSA:DF_TRADE_COUNTRY_YR(5.1.0),AE,A,AED,FCSC,ANN_CNT,TTRADE,_Z,_Z,418,2024,61827314.34,,,,0
FCSA:DF_TRADE_COUNTRY_YR(5.1.0),AE,A,AED,FCSC,ANN_CNT,TNOEXP,_Z,_Z,882,2017,2070.26,,,,0
FCSA:DF_TRADE_COUNTRY_YR(5.1.0),AE,A,AED,FCSC,ANN_CNT,TNOEXP,_Z,_Z,882,2018,223499.55,,,,0
FCSA:DF_TRADE_COUNTRY_YR(5.1.0),AE,A,AED,FCSC,ANN_CNT,TNOEXP,_Z,_Z,882,2019,521855.80,,,,0
FCSA:DF_TRADE_COUNTRY_YR(5.1.0),AE,A,AED,FCSC,ANN_CNT,TNOEXP,_Z,_Z,882,2020,346801.16,,,,0
FCSA:DF_TRADE_COUNTRY_YR(5.1.0),AE,A,AED,FCSC,ANN_CNT,TNOEXP,_Z,_Z,882,2021,440706.19,,,,0
FCSA:DF_TRADE_COUNTRY_YR(5.1.0),AE,A,AED,FCSC,ANN_CNT,TNOEXP,_Z,_Z,882,2022,2551535.58,,,,0
FCSA:DF_TRADE_COUNTRY_YR(5.1.0),AE,A,AED,FCSC,ANN_CNT,TNOEXP,_Z,_Z,882,2023,933477.13,,,,0
FCSA:DF_TRADE_COUNTRY_YR(5.1.0),AE,A,AED,FCSC,ANN_CNT,TNOEXP,_Z,_Z,574,2017,65329.17,,,,0
FCSA:DF_TRADE_COUNTRY_YR(5.1.0),AE,A,AED,FCSC,ANN_CNT,TNOEXP,_Z,_Z,574,2018,38457.20,,,,0
FCSA:DF_TRADE_COUNTRY_YR(5.1.0),AE,A,AED,FCSC,ANN_CNT,TNOEXP,_Z,_Z,574,2019,465207.21,,,,0
FCSA:DF_TRADE_COUNTRY_YR(5.1.0),AE,A,AED,FCSC,ANN_CNT,TNOEXP,_Z,_Z,574,2020,0.00,,,,0
FCSA:DF_TRADE_COUNTRY_YR(5.1.0),AE,A,AED,FCSC,ANN_CNT,TNOEXP,_Z,_Z,574,2021,70000.00,,,,0
FCSA:DF_TRADE_COUNTRY_YR(5.1.0),AE,A,AED,FCSC,ANN_CNT,TNOEXP,_Z,_Z,574,2022,0.00,,,,0
FCSA:DF_TRADE_COUNTRY_YR(5.1.0),AE,A,AED,FCSC,ANN_CNT,TNOEXP,_Z,_Z,574,2023,0.00,,,,0
FCSA:DF_TRADE_COUNTRY_YR(5.1.0),AE,A,AED,FCSC,ANN_CNT,TNOEXP,_Z,_Z,574,2024,430203.48,,,,0
FCSA:DF_TRADE_COUNTRY_YR(5.1.0),AE,A,AED,FCSC,ANN_CNT,REEXP,_Z,_Z,654,2017,47754.55,,,,0
FCSA:DF_TRADE_COUNTRY_YR(5.1.0),AE,A,AED,FCSC,ANN_CNT,REEXP,_Z,_Z,654,2018,228952.92,,,,0
FCSA:DF_TRADE_COUNTRY_YR(5.1.0),AE,A,AED,FCSC,ANN_CNT,REEXP,_Z,_Z,654,2019,283976.31,,,,0
FCSA:DF_TRADE_COUNTRY_YR(5.1.0),AE,A,AED,FCSC,ANN_CNT,REEXP,_Z,_Z,654,2020,8566.76,,,,0
FCSA:DF_TRADE_COUNTRY_YR(5.1.0),AE,A,AED,FCSC,ANN_CNT,REEXP,_Z,_Z,654,2021,0.00,,,,0
FCSA:DF_TRADE_COUNTRY_YR(5.1.0),AE,A,AED,FCSC,ANN_CNT,REEXP,_Z,_Z,654,2022,657389.05,,,,0
FCSA:DF_TRADE_COUNTRY_YR(5.1.0),AE,A,AED,FCSC,ANN_CNT,REEXP,_Z,_Z,654,2023,228.00,,,,0
FCSA:DF_TRADE_COUNTRY_YR(5.1.0),AE,A,AED,FCSC,ANN_CNT,REEXP,_Z,_Z,654,2024,0.00,,,,0
FCSA:DF_TRADE_COUNTRY_YR(5.1.0),AE,A,AED,FCSC,ANN_CNT,NOEXP,_Z,_Z,276,2017,1731189585.01,,,,0
FCSA:DF_TRADE_COUNTRY_YR(5.1.0),AE,A,AED,FCSC,ANN_CNT,NOEXP,_Z,_Z,276,2018,3225242870.63,,,,0
FCSA:DF_TRADE_COUNTRY_YR(5.1.0),AE,A,AED,FCSC,ANN_CNT,NOEXP,_Z,_Z,276,2019,1358854192.31,,,,0
FCSA:DF_TRADE_COUNTRY_YR(5.1.0),AE,A,AED,FCSC,ANN_CNT,NOEXP,_Z,_Z,276,2020,1602365126.00,,,,0
FCSA:DF_TRADE_COUNTRY_YR(5.1.0),AE,A,AED,FCSC,ANN_CNT,NOEXP,_Z,_Z,276,2021,1466004444.55,,,,0
FCSA:DF_TRADE_COUNTRY_YR(5.1.0),AE,A,AED,FCSC,ANN_CNT,NOEXP,_Z,_Z,276,2022,1285465130.51,,,,0
FCSA:DF_TRADE_COUNTRY_YR(5.1.0),AE,A,AED,FCSC,ANN_CNT,NOEXP,_Z,_Z,276,2023,1563160289.02,,,,0
FCSA:DF_TRADE_COUNTRY_YR(5.1.0),AE,A,AED,FCSC,ANN_CNT,NOEXP,_Z,_Z,276,2024,2233854685.59,,,,0
FCSA:DF_TRADE_COUNTRY_YR(5.1.0),AE,A,AED,FCSC,ANN_CNT,TNOEXP,_Z,_Z,12,2017,2091382082.06,,,,0
FCSA:DF_TRADE_COUNTRY_YR(5.1.0),AE,A,AED,FCSC,ANN_CNT,TNOEXP,_Z,_Z,12,2018,2528662928.66,,,,0
FCSA:DF_TRADE_COUNTRY_YR(5.1.0),AE,A,AED,FCSC,ANN_CNT,TNOEXP,_Z,_Z,12,2019,2360427519.77,,,,0
FCSA:DF_TRADE_COUNTRY_YR(5.1.0),AE,A,AED,FCSC,ANN_CNT,TNOEXP,_Z,_Z,12,2020,2167272244.41,,,,0
FCSA:DF_TRADE_COUNTRY_YR(5.1.0),AE,A,AED,FCSC,ANN_CNT,TNOEXP,_Z,_Z,12,2021,2925433652.66,,,,0
FCSA:DF_TRADE_COUNTRY_YR(5.1.0),AE,A,AED,FCSC,ANN_CNT,TNOEXP,_Z,_Z,12,2022,2993157997.60,,,,0
FCSA:DF_TRADE_COUNTRY_YR(5.1.0),AE,A,AED,FCSC,ANN_CNT,TNOEXP,_Z,_Z,12,2023,3535486990.65,,,,0
FCSA:DF_TRADE_COUNTRY_YR(5.1.0),AE,A,AED,FCSC,ANN_CNT,TNOEXP,_Z,_Z,12,2024,4126577051.27,,,,0
FCSA:DF_TRADE_COUNTRY_YR(5.1.0),AE,A,AED,FCSC,ANN_CNT,TTRADE,_Z,_Z,208,2017,2131090904.57,,,,0
FCSA:DF_TRADE_COUNTRY_YR(5.1.0),AE,A,AED,FCSC,ANN_CNT,TTRADE,_Z,_Z,208,2018,2078199511.31,,,,0
FCSA:DF_TRADE_COUNTRY_YR(5.1.0),AE,A,AED,FCSC,ANN_CNT,TTRADE,_Z,_Z,208,2019,2265132327.18,,,,0
FCSA:DF_TRADE_COUNTRY_YR(5.1.0),AE,A,AED,FCSC,ANN_CNT,TTRADE,_Z,_Z,208,2020,2195880353.16,,,,0
FCSA:DF_TRADE_COUNTRY_YR(5.1.0),AE,A,AED,FCSC,ANN_CNT,TTRADE,_Z,_Z,208,2021,2378257468.71,,,,0
FCSA:DF_TRADE_COUNTRY_YR(5.1.0),AE,A,AED,FCSC,ANN_CNT,TTRADE,_Z,_Z,208,2022,2281011463.29,,,,0
FCSA:DF_TRADE_COUNTRY_YR(5.1.0),AE,A,AED,FCSC,ANN_CNT,TTRADE,_Z,_Z,208,2023,2547006530.18,,,,0
FCSA:DF_TRADE_COUNTRY_YR(5.1.0),AE,A,AED,FCSC,ANN_CNT,TTRADE,_Z,_Z,208,2024,2595944945.55,,,,0
FCSA:DF_TRADE_COUNTRY_YR(5.1.0),AE,A,AED,FCSC,ANN_CNT,REEXP,_Z,_Z,32,2017,108208554.69,,,,0
FCSA:DF_TRADE_COUNTRY_YR(5.1.0),AE,A,AED,FCSC,ANN_CNT,REEXP,_Z,_Z,32,2018,135900037.17,,,,0
FCSA:DF_TRADE_COUNTRY_YR(5.1.0),AE,A,AED,FCSC,ANN_CNT,REEXP,_Z,_Z,32,2019,104715160.87,,,,0
FCSA:DF_TRADE_COUNTRY_YR(5.1.0),AE,A,AED,FCSC,ANN_CNT,REEXP,_Z,_Z,32,2020,74522783.12,,,,0
FCSA:DF_TRADE_COUNTRY_YR(5.1.0),AE,A,AED,FCSC,ANN_CNT,REEXP,_Z,_Z,32,2021,169202664.04,,,,0
FCSA:DF_TRADE_COUNTRY_YR(5.1.0),AE,A,AED,FCSC,ANN_CNT,REEXP,_Z,_Z,32,2022,147426194.47,,,,0
FCSA:DF_TRADE_COUNTRY_YR(5.1.0),AE,A,AED,FCSC,ANN_CNT,REEXP,_Z,_Z,32,2023,275209764.27,,,,0
FCSA:DF_TRADE_COUNTRY_YR(5.1.0),AE,A,AED,FCSC,ANN_CNT,REEXP,_Z,_Z,32,2024,293811569.59,,,,0
FCSA:DF_TRADE_COUNTRY_YR(5.1.0),AE,A,AED,FCSC,ANN_CNT,REEXP,_Z,_Z,442,2017,58193445.71,,,,0
FCSA:DF_TRADE_COUNTRY_YR(5.1.0),AE,A,AED,FCSC,ANN_CNT,REEXP,_Z,_Z,442,2018,56016188.02,,,,0
FCSA:DF_TRADE_COUNTRY_YR(5.1.0),AE,A,AED,FCSC,ANN_CNT,REEXP,_Z,_Z,442,2019,257893547.74,,,,0
FCSA:DF_TRADE_COUNTRY_YR(5.1.0),AE,A,AED,FCSC,ANN_CNT,REEXP,_Z,_Z,442,2020,102775157.15,,,,0
FCSA:DF_TRADE_COUNTRY_YR(5.1.0),AE,A,AED,FCSC,ANN_CNT,REEXP,_Z,_Z,442,2021,53806034.90,,,,0
FCSA:DF_TRADE_COUNTRY_YR(5.1.0),AE,A,AED,FCSC,ANN_CNT,REEXP,_Z,_Z,442,2022,58630415.94,,,,0
FCSA:DF_TRADE_COUNTRY_YR(5.1.0),AE,A,AED,FCSC,ANN_CNT,REEXP,_Z,_Z,442,2023,388371787.76,,,,0
FCSA:DF_TRADE_COUNTRY_YR(5.1.0),AE,A,AED,FCSC,ANN_CNT,REEXP,_Z,_Z,442,2024,89919083.67,,,,0
FCSA:DF_TRADE_COUNTRY_YR(5.1.0),AE,A,AED,FCSC,ANN_CNT,IMP,_Z,_Z,654,2017,0.00,,,,0
FCSA:DF_TRADE_COUNTRY_YR(5.1.0),AE,A,AED,FCSC,ANN_CNT,IMP,_Z,_Z,654,2018,307743.00,,,,0
FCSA:DF_TRADE_COUNTRY_YR(5.1.0),AE,A,AED,FCSC,ANN_CNT,IMP,_Z,_Z,654,2019,9242.00,,,,0
FCSA:DF_TRADE_COUNTRY_YR(5.1.0),AE,A,AED,FCSC,ANN_CNT,IMP,_Z,_Z,654,2020,2428.82,,,,0
FCSA:DF_TRADE_COUNTRY_YR(5.1.0),AE,A,AED,FCSC,ANN_CNT,IMP,_Z,_Z,654,2021,43623.26,,,,0
FCSA:DF_TRADE_COUNTRY_YR(5.1.0),AE,A,AED,FCSC,ANN_CNT,IMP,_Z,_Z,654,2022,38633.25,,,,0
FCSA:DF_TRADE_COUNTRY_YR(5.1.0),AE,A,AED,FCSC,ANN_CNT,IMP,_Z,_Z,654,2023,3125.93,,,,0
FCSA:DF_TRADE_COUNTRY_YR(5.1.0),AE,A,AED,FCSC,ANN_CNT,IMP,_Z,_Z,654,2024,92406.30,,,,0
FCSA:DF_TRADE_COUNTRY_YR(5.1.0),AE,A,AED,FCSC,ANN_CNT,REEXP,_Z,_Z,260,2018,0.00,,,,0
FCSA:DF_TRADE_COUNTRY_YR(5.1.0),AE,A,AED,FCSC,ANN_CNT,REEXP,_Z,_Z,260,2023,0.00,,,,0
FCSA:DF_TRADE_COUNTRY_YR(5.1.0),AE,A,AED,FCSC,ANN_CNT,REEXP,_Z,_Z,260,2024,0.00,,,,0
FCSA:DF_TRADE_COUNTRY_YR(5.1.0),AE,A,AED,FCSC,ANN_CNT,TNOEXP,_Z,_Z,360,2017,1407370339.90,,,,0
FCSA:DF_TRADE_COUNTRY_YR(5.1.0),AE,A,AED,FCSC,ANN_CNT,TNOEXP,_Z,_Z,360,2018,1421428568.04,,,,0
FCSA:DF_TRADE_COUNTRY_YR(5.1.0),AE,A,AED,FCSC,ANN_CNT,TNOEXP,_Z,_Z,360,2019,2662191487.24,,,,0
FCSA:DF_TRADE_COUNTRY_YR(5.1.0),AE,A,AED,FCSC,ANN_CNT,TNOEXP,_Z,_Z,360,2020,1416857067.64,,,,0
FCSA:DF_TRADE_COUNTRY_YR(5.1.0),AE,A,AED,FCSC,ANN_CNT,TNOEXP,_Z,_Z,360,2021,2331448088.03,,,,0
FCSA:DF_TRADE_COUNTRY_YR(5.1.0),AE,A,AED,FCSC,ANN_CNT,TNOEXP,_Z,_Z,360,2022,2988487744.22,,,,0
FCSA:DF_TRADE_COUNTRY_YR(5.1.0),AE,A,AED,FCSC,ANN_CNT,TNOEXP,_Z,_Z,360,2023,3016303362.30,,,,0
FCSA:DF_TRADE_COUNTRY_YR(5.1.0),AE,A,AED,FCSC,ANN_CNT,TNOEXP,_Z,_Z,360,2024,3230792129.50,,,,0
FCSA:DF_TRADE_COUNTRY_YR(5.1.0),AE,A,AED,FCSC,ANN_CNT,REEXP,_Z,_Z,196,2017,283962206.95,,,,0
FCSA:DF_TRADE_COUNTRY_YR(5.1.0),AE,A,AED,FCSC,ANN_CNT,REEXP,_Z,_Z,196,2018,238606707.69,,,,0
FCSA:DF_TRADE_COUNTRY_YR(5.1.0),AE,A,AED,FCSC,ANN_CNT,REEXP,_Z,_Z,196,2019,239801973.24,,,,0
FCSA:DF_TRADE_COUNTRY_YR(5.1.0),AE,A,AED,FCSC,ANN_CNT,REEXP,_Z,_Z,196,2020,180582557.73,,,,0
FCSA:DF_TRADE_COUNTRY_YR(5.1.0),AE,A,AED,FCSC,ANN_CNT,REEXP,_Z,_Z,196,2021,167536127.25,,,,0
FCSA:DF_TRADE_COUNTRY_YR(5.1.0),AE,A,AED,FCSC,ANN_CNT,REEXP,_Z,_Z,196,2022,349243316.13,,,,0
FCSA:DF_TRADE_COUNTRY_YR(5.1.0),AE,A,AED,FCSC,ANN_CNT,REEXP,_Z,_Z,196,2023,412760851.01,,,,0
FCSA:DF_TRADE_COUNTRY_YR(5.1.0),AE,A,AED,FCSC,ANN_CNT,REEXP,_Z,_Z,196,2024,405007642.43,,,,0
FCSA:DF_TRADE_COUNTRY_YR(5.1.0),AE,A,AED,FCSC,ANN_CNT,TTRADE,_Z,_Z,196,2017,508828215.74,,,,0
FCSA:DF_TRADE_COUNTRY_YR(5.1.0),AE,A,AED,FCSC,ANN_CNT,TTRADE,_Z,_Z,196,2018,444315017.22,,,,0
FCSA:DF_TRADE_COUNTRY_YR(5.1.0),AE,A,AED,FCSC,ANN_CNT,TTRADE,_Z,_Z,196,2019,558762809.43,,,,0
FCSA:DF_TRADE_COUNTRY_YR(5.1.0),AE,A,AED,FCSC,ANN_CNT,TTRADE,_Z,_Z,196,2020,369505861.39,,,,0
FCSA:DF_TRADE_COUNTRY_YR(5.1.0),AE,A,AED,FCSC,ANN_CNT,TTRADE,_Z,_Z,196,2021,466032486.34,,,,0
FCSA:DF_TRADE_COUNTRY_YR(5.1.0),AE,A,AED,FCSC,ANN_CNT,TTRADE,_Z,_Z,196,2022,735078842.04,,,,0
FCSA:DF_TRADE_COUNTRY_YR(5.1.0),AE,A,AED,FCSC,ANN_CNT,TTRADE,_Z,_Z,196,2023,695048867.89,,,,0
FCSA:DF_TRADE_COUNTRY_YR(5.1.0),AE,A,AED,FCSC,ANN_CNT,TTRADE,_Z,_Z,196,2024,651311177.70,,,,0
FCSA:DF_TRADE_COUNTRY_YR(5.1.0),AE,A,AED,FCSC,ANN_CNT,NOEXP,_Z,_Z,533,2017,18671554.37,,,,0
FCSA:DF_TRADE_COUNTRY_YR(5.1.0),AE,A,AED,FCSC,ANN_CNT,NOEXP,_Z,_Z,533,2018,1588084.15,,,,0
FCSA:DF_TRADE_COUNTRY_YR(5.1.0),AE,A,AED,FCSC,ANN_CNT,NOEXP,_Z,_Z,533,2019,8217150.45,,,,0
FCSA:DF_TRADE_COUNTRY_YR(5.1.0),AE,A,AED,FCSC,ANN_CNT,NOEXP,_Z,_Z,533,2020,35028780.88,,,,0
FCSA:DF_TRADE_COUNTRY_YR(5.1.0),AE,A,AED,FCSC,ANN_CNT,NOEXP,_Z,_Z,533,2021,26291003.86,,,,0
FCSA:DF_TRADE_COUNTRY_YR(5.1.0),AE,A,AED,FCSC,ANN_CNT,NOEXP,_Z,_Z,533,2022,46842823.61,,,,0
FCSA:DF_TRADE_COUNTRY_YR(5.1.0),AE,A,AED,FCSC,ANN_CNT,NOEXP,_Z,_Z,533,2023,31680051.31,,,,0
FCSA:DF_TRADE_COUNTRY_YR(5.1.0),AE,A,AED,FCSC,ANN_CNT,NOEXP,_Z,_Z,533,2024,11433154.78,,,,0
FCSA:DF_TRADE_COUNTRY_YR(5.1.0),AE,A,AED,FCSC,ANN_CNT,TNOEXP,_Z,_Z,858,2017,95581551.92,,,,0
FCSA:DF_TRADE_COUNTRY_YR(5.1.0),AE,A,AED,FCSC,ANN_CNT,TNOEXP,_Z,_Z,858,2018,125995890.76,,,,0
FCSA:DF_TRADE_COUNTRY_YR(5.1.0),AE,A,AED,FCSC,ANN_CNT,TNOEXP,_Z,_Z,858,2019,69100813.60,,,,0
FCSA:DF_TRADE_COUNTRY_YR(5.1.0),AE,A,AED,FCSC,ANN_CNT,TNOEXP,_Z,_Z,858,2020,33870585.53,,,,0
FCSA:DF_TRADE_COUNTRY_YR(5.1.0),AE,A,AED,FCSC,ANN_CNT,TNOEXP,_Z,_Z,858,2021,40827356.60,,,,0
FCSA:DF_TRADE_COUNTRY_YR(5.1.0),AE,A,AED,FCSC,ANN_CNT,TNOEXP,_Z,_Z,858,2022,25318906.98,,,,0
FCSA:DF_TRADE_COUNTRY_YR(5.1.0),AE,A,AED,FCSC,ANN_CNT,TNOEXP,_Z,_Z,858,2023,38145246.28,,,,0
FCSA:DF_TRADE_COUNTRY_YR(5.1.0),AE,A,AED,FCSC,ANN_CNT,TNOEXP,_Z,_Z,858,2024,115579609.28,,,,0
FCSA:DF_TRADE_COUNTRY_YR(5.1.0),AE,A,AED,FCSC,ANN_CNT,IMP,_Z,_Z,903,2017,0.00,,,,0
FCSA:DF_TRADE_COUNTRY_YR(5.1.0),AE,A,AED,FCSC,ANN_CNT,IMP,_Z,_Z,903,2018,150.00,,,,0
FCSA:DF_TRADE_COUNTRY_YR(5.1.0),AE,A,AED,FCSC,ANN_CNT,IMP,_Z,_Z,903,2019,0.00,,,,0
FCSA:DF_TRADE_COUNTRY_YR(5.1.0),AE,A,AED,FCSC,ANN_CNT,IMP,_Z,_Z,903,2020,0.00,,,,0
FCSA:DF_TRADE_COUNTRY_YR(5.1.0),AE,A,AED,FCSC,ANN_CNT,IMP,_Z,_Z,903,2021,0.00,,,,0
FCSA:DF_TRADE_COUNTRY_YR(5.1.0),AE,A,AED,FCSC,ANN_CNT,IMP,_Z,_Z,903,2022,0.00,,,,0
FCSA:DF_TRADE_COUNTRY_YR(5.1.0),AE,A,AED,FCSC,ANN_CNT,IMP,_Z,_Z,903,2023,6395.00,,,,0
FCSA:DF_TRADE_COUNTRY_YR(5.1.0),AE,A,AED,FCSC,ANN_CNT,IMP,_Z,_Z,903,2024,0.00,,,,0
FCSA:DF_TRADE_COUNTRY_YR(5.1.0),AE,A,AED,FCSC,ANN_CNT,REEXP,_Z,_Z,578,2017,95053889.24,,,,0
FCSA:DF_TRADE_COUNTRY_YR(5.1.0),AE,A,AED,FCSC,ANN_CNT,REEXP,_Z,_Z,578,2018,79062477.17,,,,0
FCSA:DF_TRADE_COUNTRY_YR(5.1.0),AE,A,AED,FCSC,ANN_CNT,REEXP,_Z,_Z,578,2019,185213574.46,,,,0
FCSA:DF_TRADE_COUNTRY_YR(5.1.0),AE,A,AED,FCSC,ANN_CNT,REEXP,_Z,_Z,578,2020,238125543.27,,,,0
FCSA:DF_TRADE_COUNTRY_YR(5.1.0),AE,A,AED,FCSC,ANN_CNT,REEXP,_Z,_Z,578,2021,193783060.56,,,,0
FCSA:DF_TRADE_COUNTRY_YR(5.1.0),AE,A,AED,FCSC,ANN_CNT,REEXP,_Z,_Z,578,2022,198445534.72,,,,0
FCSA:DF_TRADE_COUNTRY_YR(5.1.0),AE,A,AED,FCSC,ANN_CNT,REEXP,_Z,_Z,578,2023,193464843.12,,,,0
FCSA:DF_TRADE_COUNTRY_YR(5.1.0),AE,A,AED,FCSC,ANN_CNT,REEXP,_Z,_Z,578,2024,188830983.29,,,,0
FCSA:DF_TRADE_COUNTRY_YR(5.1.0),AE,A,AED,FCSC,ANN_CNT,TTRADE,_Z,_Z,752,2017,3866193739.17,,,,0
FCSA:DF_TRADE_COUNTRY_YR(5.1.0),AE,A,AED,FCSC,ANN_CNT,TTRADE,_Z,_Z,752,2018,3452279054.91,,,,0
FCSA:DF_TRADE_COUNTRY_YR(5.1.0),AE,A,AED,FCSC,ANN_CNT,TTRADE,_Z,_Z,752,2019,3989055220.42,,,,0
FCSA:DF_TRADE_COUNTRY_YR(5.1.0),AE,A,AED,FCSC,ANN_CNT,TTRADE,_Z,_Z,752,2020,3812638855.54,,,,0
FCSA:DF_TRADE_COUNTRY_YR(5.1.0),AE,A,AED,FCSC,ANN_CNT,TTRADE,_Z,_Z,752,2021,4530403112.07,,,,0
FCSA:DF_TRADE_COUNTRY_YR(5.1.0),AE,A,AED,FCSC,ANN_CNT,TTRADE,_Z,_Z,752,2022,4808454868.78,,,,0
FCSA:DF_TRADE_COUNTRY_YR(5.1.0),AE,A,AED,FCSC,ANN_CNT,TTRADE,_Z,_Z,752,2023,5972105602.00,,,,0
FCSA:DF_TRADE_COUNTRY_YR(5.1.0),AE,A,AED,FCSC,ANN_CNT,TTRADE,_Z,_Z,752,2024,6358552171.44,,,,0
FCSA:DF_TRADE_COUNTRY_YR(5.1.0),AE,A,AED,FCSC,ANN_CNT,IMP,_Z,_Z,512,2017,8019233939.22,,,,0
FCSA:DF_TRADE_COUNTRY_YR(5.1.0),AE,A,AED,FCSC,ANN_CNT,IMP,_Z,_Z,512,2018,8209982007.41,,,,0
FCSA:DF_TRADE_COUNTRY_YR(5.1.0),AE,A,AED,FCSC,ANN_CNT,IMP,_Z,_Z,512,2019,8007750348.89,,,,0
FCSA:DF_TRADE_COUNTRY_YR(5.1.0),AE,A,AED,FCSC,ANN_CNT,IMP,_Z,_Z,512,2020,6739574203.38,,,,0
FCSA:DF_TRADE_COUNTRY_YR(5.1.0),AE,A,AED,FCSC,ANN_CNT,IMP,_Z,_Z,512,2021,9500744590.07,,,,0
FCSA:DF_TRADE_COUNTRY_YR(5.1.0),AE,A,AED,FCSC,ANN_CNT,IMP,_Z,_Z,512,2022,9626695861.04,,,,0
FCSA:DF_TRADE_COUNTRY_YR(5.1.0),AE,A,AED,FCSC,ANN_CNT,IMP,_Z,_Z,512,2023,10928781795.76,,,,0
FCSA:DF_TRADE_COUNTRY_YR(5.1.0),AE,A,AED,FCSC,ANN_CNT,IMP,_Z,_Z,512,2024,13804229701.12,,,,0
FCSA:DF_TRADE_COUNTRY_YR(5.1.0),AE,A,AED,FCSC,ANN_CNT,TNOEXP,_Z,_Z,524,2017,1552592033.91,,,,0
FCSA:DF_TRADE_COUNTRY_YR(5.1.0),AE,A,AED,FCSC,ANN_CNT,TNOEXP,_Z,_Z,524,2018,1452547316.47,,,,0
FCSA:DF_TRADE_COUNTRY_YR(5.1.0),AE,A,AED,FCSC,ANN_CNT,TNOEXP,_Z,_Z,524,2019,1035218929.17,,,,0
FCSA:DF_TRADE_COUNTRY_YR(5.1.0),AE,A,AED,FCSC,ANN_CNT,TNOEXP,_Z,_Z,524,2020,712791305.60,,,,0
FCSA:DF_TRADE_COUNTRY_YR(5.1.0),AE,A,AED,FCSC,ANN_CNT,TNOEXP,_Z,_Z,524,2021,1754958485.58,,,,0
FCSA:DF_TRADE_COUNTRY_YR(5.1.0),AE,A,AED,FCSC,ANN_CNT,TNOEXP,_Z,_Z,524,2022,1191742499.71,,,,0
FCSA:DF_TRADE_COUNTRY_YR(5.1.0),AE,A,AED,FCSC,ANN_CNT,TNOEXP,_Z,_Z,524,2023,976021522.74,,,,0
FCSA:DF_TRADE_COUNTRY_YR(5.1.0),AE,A,AED,FCSC,ANN_CNT,TNOEXP,_Z,_Z,524,2024,827478461.85,,,,0
FCSA:DF_TRADE_COUNTRY_YR(5.1.0),AE,A,AED,FCSC,ANN_CNT,NOEXP,_Z,_Z,250,2017,616313999.71,,,,0
FCSA:DF_TRADE_COUNTRY_YR(5.1.0),AE,A,AED,FCSC,ANN_CNT,NOEXP,_Z,_Z,250,2018,562321706.36,,,,0
FCSA:DF_TRADE_COUNTRY_YR(5.1.0),AE,A,AED,FCSC,ANN_CNT,NOEXP,_Z,_Z,250,2019,441458674.72,,,,0
FCSA:DF_TRADE_COUNTRY_YR(5.1.0),AE,A,AED,FCSC,ANN_CNT,NOEXP,_Z,_Z,250,2020,433160977.30,,,,0
FCSA:DF_TRADE_COUNTRY_YR(5.1.0),AE,A,AED,FCSC,ANN_CNT,NOEXP,_Z,_Z,250,2021,532338584.66,,,,0
FCSA:DF_TRADE_COUNTRY_YR(5.1.0),AE,A,AED,FCSC,ANN_CNT,NOEXP,_Z,_Z,250,2022,574079381.13,,,,0
FCSA:DF_TRADE_COUNTRY_YR(5.1.0),AE,A,AED,FCSC,ANN_CNT,NOEXP,_Z,_Z,250,2023,538526902.65,,,,0
FCSA:DF_TRADE_COUNTRY_YR(5.1.0),AE,A,AED,FCSC,ANN_CNT,NOEXP,_Z,_Z,250,2024,619489401.76,,,,0
FCSA:DF_TRADE_COUNTRY_YR(5.1.0),AE,A,AED,FCSC,ANN_CNT,NOEXP,_Z,_Z,233,2017,4502186.31,,,,0
FCSA:DF_TRADE_COUNTRY_YR(5.1.0),AE,A,AED,FCSC,ANN_CNT,NOEXP,_Z,_Z,233,2018,1987688.86,,,,0
FCSA:DF_TRADE_COUNTRY_YR(5.1.0),AE,A,AED,FCSC,ANN_CNT,NOEXP,_Z,_Z,233,2019,2438138.38,,,,0
FCSA:DF_TRADE_COUNTRY_YR(5.1.0),AE,A,AED,FCSC,ANN_CNT,NOEXP,_Z,_Z,233,2020,4580020.84,,,,0
FCSA:DF_TRADE_COUNTRY_YR(5.1.0),AE,A,AED,FCSC,ANN_CNT,NOEXP,_Z,_Z,233,2021,17264363.39,,,,0
FCSA:DF_TRADE_COUNTRY_YR(5.1.0),AE,A,AED,FCSC,ANN_CNT,NOEXP,_Z,_Z,233,2022,8246062.19,,,,0
FCSA:DF_TRADE_COUNTRY_YR(5.1.0),AE,A,AED,FCSC,ANN_CNT,NOEXP,_Z,_Z,233,2023,8484614.22,,,,0
FCSA:DF_TRADE_COUNTRY_YR(5.1.0),AE,A,AED,FCSC,ANN_CNT,NOEXP,_Z,_Z,233,2024,13390635.98,,,,0
FCSA:DF_TRADE_COUNTRY_YR(5.1.0),AE,A,AED,FCSC,ANN_CNT,TNOEXP,_Z,_Z,748,2017,102117408.81,,,,0
FCSA:DF_TRADE_COUNTRY_YR(5.1.0),AE,A,AED,FCSC,ANN_CNT,TNOEXP,_Z,_Z,748,2018,417725683.40,,,,0
FCSA:DF_TRADE_COUNTRY_YR(5.1.0),AE,A,AED,FCSC,ANN_CNT,TNOEXP,_Z,_Z,748,2019,292027443.53,,,,0
FCSA:DF_TRADE_COUNTRY_YR(5.1.0),AE,A,AED,FCSC,ANN_CNT,TNOEXP,_Z,_Z,748,2020,34183485.31,,,,0
FCSA:DF_TRADE_COUNTRY_YR(5.1.0),AE,A,AED,FCSC,ANN_CNT,TNOEXP,_Z,_Z,748,2021,89338456.72,,,,0
FCSA:DF_TRADE_COUNTRY_YR(5.1.0),AE,A,AED,FCSC,ANN_CNT,TNOEXP,_Z,_Z,748,2022,159664203.77,,,,0
FCSA:DF_TRADE_COUNTRY_YR(5.1.0),AE,A,AED,FCSC,ANN_CNT,TNOEXP,_Z,_Z,748,2023,24735560.81,,,,0
FCSA:DF_TRADE_COUNTRY_YR(5.1.0),AE,A,AED,FCSC,ANN_CNT,TNOEXP,_Z,_Z,748,2024,14469615.25,,,,0
FCSA:DF_TRADE_COUNTRY_YR(5.1.0),AE,A,AED,FCSC,ANN_CNT,IMP,_Z,_Z,833,2017,0.00,,,,0
FCSA:DF_TRADE_COUNTRY_YR(5.1.0),AE,A,AED,FCSC,ANN_CNT,IMP,_Z,_Z,833,2018,53605.00,,,,0
FCSA:DF_TRADE_COUNTRY_YR(5.1.0),AE,A,AED,FCSC,ANN_CNT,IMP,_Z,_Z,833,2019,24736.47,,,,0
FCSA:DF_TRADE_COUNTRY_YR(5.1.0),AE,A,AED,FCSC,ANN_CNT,IMP,_Z,_Z,833,2020,109056.96,,,,0
FCSA:DF_TRADE_COUNTRY_YR(5.1.0),AE,A,AED,FCSC,ANN_CNT,IMP,_Z,_Z,833,2021,16016.08,,,,0
FCSA:DF_TRADE_COUNTRY_YR(5.1.0),AE,A,AED,FCSC,ANN_CNT,IMP,_Z,_Z,833,2023,177296.38,,,,0
FCSA:DF_TRADE_COUNTRY_YR(5.1.0),AE,A,AED,FCSC,ANN_CNT,IMP,_Z,_Z,833,2024,8555.64,,,,0
FCSA:DF_TRADE_COUNTRY_YR(5.1.0),AE,A,AED,FCSC,ANN_CNT,TNOEXP,_Z,_Z,334,2023,49738499.96,,,,0
FCSA:DF_TRADE_COUNTRY_YR(5.1.0),AE,A,AED,FCSC,ANN_CNT,TNOEXP,_Z,_Z,334,2024,0.00,,,,0
FCSA:DF_TRADE_COUNTRY_YR(5.1.0),AE,A,AED,FCSC,ANN_CNT,NOEXP,_Z,_Z,158,2017,1396408258.50,,,,0
FCSA:DF_TRADE_COUNTRY_YR(5.1.0),AE,A,AED,FCSC,ANN_CNT,NOEXP,_Z,_Z,158,2018,1298080999.04,,,,0
FCSA:DF_TRADE_COUNTRY_YR(5.1.0),AE,A,AED,FCSC,ANN_CNT,NOEXP,_Z,_Z,158,2019,1408006881.03,,,,0
FCSA:DF_TRADE_COUNTRY_YR(5.1.0),AE,A,AED,FCSC,ANN_CNT,NOEXP,_Z,_Z,158,2020,1184439442.87,,,,0
FCSA:DF_TRADE_COUNTRY_YR(5.1.0),AE,A,AED,FCSC,ANN_CNT,NOEXP,_Z,_Z,158,2021,2119536137.81,,,,0
FCSA:DF_TRADE_COUNTRY_YR(5.1.0),AE,A,AED,FCSC,ANN_CNT,NOEXP,_Z,_Z,158,2022,1993124997.93,,,,0
FCSA:DF_TRADE_COUNTRY_YR(5.1.0),AE,A,AED,FCSC,ANN_CNT,NOEXP,_Z,_Z,158,2023,1041014592.25,,,,0
FCSA:DF_TRADE_COUNTRY_YR(5.1.0),AE,A,AED,FCSC,ANN_CNT,NOEXP,_Z,_Z,158,2024,1201855614.55,,,,0
FCSA:DF_TRADE_COUNTRY_YR(5.1.0),AE,A,AED,FCSC,ANN_CNT,REEXP,_Z,_Z,724,2017,472991786.37,,,,0
FCSA:DF_TRADE_COUNTRY_YR(5.1.0),AE,A,AED,FCSC,ANN_CNT,REEXP,_Z,_Z,724,2018,1103213538.68,,,,0
FCSA:DF_TRADE_COUNTRY_YR(5.1.0),AE,A,AED,FCSC,ANN_CNT,REEXP,_Z,_Z,724,2019,739567531.45,,,,0
FCSA:DF_TRADE_COUNTRY_YR(5.1.0),AE,A,AED,FCSC,ANN_CNT,REEXP,_Z,_Z,724,2020,621925942.09,,,,0
FCSA:DF_TRADE_COUNTRY_YR(5.1.0),AE,A,AED,FCSC,ANN_CNT,REEXP,_Z,_Z,724,2021,652435713.24,,,,0
FCSA:DF_TRADE_COUNTRY_YR(5.1.0),AE,A,AED,FCSC,ANN_CNT,REEXP,_Z,_Z,724,2022,733894253.45,,,,0
FCSA:DF_TRADE_COUNTRY_YR(5.1.0),AE,A,AED,FCSC,ANN_CNT,REEXP,_Z,_Z,724,2023,838929661.01,,,,0
FCSA:DF_TRADE_COUNTRY_YR(5.1.0),AE,A,AED,FCSC,ANN_CNT,REEXP,_Z,_Z,724,2024,853823956.09,,,,0
FCSA:DF_TRADE_COUNTRY_YR(5.1.0),AE,A,AED,FCSC,ANN_CNT,TNOEXP,_Z,_Z,796,2017,4421.15,,,,0
FCSA:DF_TRADE_COUNTRY_YR(5.1.0),AE,A,AED,FCSC,ANN_CNT,TNOEXP,_Z,_Z,796,2018,158872.37,,,,0
FCSA:DF_TRADE_COUNTRY_YR(5.1.0),AE,A,AED,FCSC,ANN_CNT,TNOEXP,_Z,_Z,796,2019,9337628.59,,,,0
FCSA:DF_TRADE_COUNTRY_YR(5.1.0),AE,A,AED,FCSC,ANN_CNT,TNOEXP,_Z,_Z,796,2020,475945.07,,,,0
FCSA:DF_TRADE_COUNTRY_YR(5.1.0),AE,A,AED,FCSC,ANN_CNT,TNOEXP,_Z,_Z,796,2021,101842.18,,,,0
FCSA:DF_TRADE_COUNTRY_YR(5.1.0),AE,A,AED,FCSC,ANN_CNT,TNOEXP,_Z,_Z,796,2022,303676.50,,,,0
FCSA:DF_TRADE_COUNTRY_YR(5.1.0),AE,A,AED,FCSC,ANN_CNT,TNOEXP,_Z,_Z,796,2023,10061234.07,,,,0
FCSA:DF_TRADE_COUNTRY_YR(5.1.0),AE,A,AED,FCSC,ANN_CNT,TNOEXP,_Z,_Z,796,2024,9941449.13,,,,0
FCSA:DF_TRADE_COUNTRY_YR(5.1.0),AE,A,AED,FCSC,ANN_CNT,IMP,_Z,_Z,674,2017,11214779.53,,,,0
FCSA:DF_TRADE_COUNTRY_YR(5.1.0),AE,A,AED,FCSC,ANN_CNT,IMP,_Z,_Z,674,2018,20074269.73,,,,0
FCSA:DF_TRADE_COUNTRY_YR(5.1.0),AE,A,AED,FCSC,ANN_CNT,IMP,_Z,_Z,674,2019,9778394.72,,,,0
FCSA:DF_TRADE_COUNTRY_YR(5.1.0),AE,A,AED,FCSC,ANN_CNT,IMP,_Z,_Z,674,2020,7620044.13,,,,0
FCSA:DF_TRADE_COUNTRY_YR(5.1.0),AE,A,AED,FCSC,ANN_CNT,IMP,_Z,_Z,674,2021,16915993.69,,,,0
FCSA:DF_TRADE_COUNTRY_YR(5.1.0),AE,A,AED,FCSC,ANN_CNT,IMP,_Z,_Z,674,2022,16104540.29,,,,0
FCSA:DF_TRADE_COUNTRY_YR(5.1.0),AE,A,AED,FCSC,ANN_CNT,IMP,_Z,_Z,674,2023,32411735.84,,,,0
FCSA:DF_TRADE_COUNTRY_YR(5.1.0),AE,A,AED,FCSC,ANN_CNT,IMP,_Z,_Z,674,2024,35537442.72,,,,0
FCSA:DF_TRADE_COUNTRY_YR(5.1.0),AE,A,AED,FCSC,ANN_CNT,IMP,_Z,_Z,166,2017,3624.00,,,,0
FCSA:DF_TRADE_COUNTRY_YR(5.1.0),AE,A,AED,FCSC,ANN_CNT,IMP,_Z,_Z,166,2018,0.00,,,,0
FCSA:DF_TRADE_COUNTRY_YR(5.1.0),AE,A,AED,FCSC,ANN_CNT,IMP,_Z,_Z,166,2019,87117.86,,,,0
FCSA:DF_TRADE_COUNTRY_YR(5.1.0),AE,A,AED,FCSC,ANN_CNT,IMP,_Z,_Z,166,2020,213184.00,,,,0
FCSA:DF_TRADE_COUNTRY_YR(5.1.0),AE,A,AED,FCSC,ANN_CNT,IMP,_Z,_Z,166,2021,472331.02,,,,0
FCSA:DF_TRADE_COUNTRY_YR(5.1.0),AE,A,AED,FCSC,ANN_CNT,IMP,_Z,_Z,166,2022,0.00,,,,0
FCSA:DF_TRADE_COUNTRY_YR(5.1.0),AE,A,AED,FCSC,ANN_CNT,IMP,_Z,_Z,166,2023,26988.82,,,,0
FCSA:DF_TRADE_COUNTRY_YR(5.1.0),AE,A,AED,FCSC,ANN_CNT,IMP,_Z,_Z,166,2024,103234.19,,,,0
FCSA:DF_TRADE_COUNTRY_YR(5.1.0),AE,A,AED,FCSC,ANN_CNT,TNOEXP,_Z,_Z,570,2018,1477.20,,,,0
FCSA:DF_TRADE_COUNTRY_YR(5.1.0),AE,A,AED,FCSC,ANN_CNT,TNOEXP,_Z,_Z,570,2019,0.00,,,,0
FCSA:DF_TRADE_COUNTRY_YR(5.1.0),AE,A,AED,FCSC,ANN_CNT,TNOEXP,_Z,_Z,570,2021,0.00,,,,0
FCSA:DF_TRADE_COUNTRY_YR(5.1.0),AE,A,AED,FCSC,ANN_CNT,TNOEXP,_Z,_Z,570,2022,55205.55,,,,0
FCSA:DF_TRADE_COUNTRY_YR(5.1.0),AE,A,AED,FCSC,ANN_CNT,TNOEXP,_Z,_Z,570,2023,1112570.48,,,,0
FCSA:DF_TRADE_COUNTRY_YR(5.1.0),AE,A,AED,FCSC,ANN_CNT,TNOEXP,_Z,_Z,570,2024,0.00,,,,0
FCSA:DF_TRADE_COUNTRY_YR(5.1.0),AE,A,AED,FCSC,ANN_CNT,TNOEXP,_Z,_Z,86,2021,0.00,,,,0
FCSA:DF_TRADE_COUNTRY_YR(5.1.0),AE,A,AED,FCSC,ANN_CNT,TNOEXP,_Z,_Z,86,2022,14600.00,,,,0
FCSA:DF_TRADE_COUNTRY_YR(5.1.0),AE,A,AED,FCSC,ANN_CNT,TNOEXP,_Z,_Z,86,2023,4527964.79,,,,0
FCSA:DF_TRADE_COUNTRY_YR(5.1.0),AE,A,AED,FCSC,ANN_CNT,TNOEXP,_Z,_Z,86,2024,3000.00,,,,0
FCSA:DF_TRADE_COUNTRY_YR(5.1.0),AE,A,AED,FCSC,ANN_CNT,TTRADE,_Z,_Z,132,2017,2448353.97,,,,0
FCSA:DF_TRADE_COUNTRY_YR(5.1.0),AE,A,AED,FCSC,ANN_CNT,TTRADE,_Z,_Z,132,2018,6201631.01,,,,0
FCSA:DF_TRADE_COUNTRY_YR(5.1.0),AE,A,AED,FCSC,ANN_CNT,TTRADE,_Z,_Z,132,2019,11601709.06,,,,0
FCSA:DF_TRADE_COUNTRY_YR(5.1.0),AE,A,AED,FCSC,ANN_CNT,TTRADE,_Z,_Z,132,2020,11825422.14,,,,0
FCSA:DF_TRADE_COUNTRY_YR(5.1.0),AE,A,AED,FCSC,ANN_CNT,TTRADE,_Z,_Z,132,2021,8045987.84,,,,0
FCSA:DF_TRADE_COUNTRY_YR(5.1.0),AE,A,AED,FCSC,ANN_CNT,TTRADE,_Z,_Z,132,2022,9561448.06,,,,0
FCSA:DF_TRADE_COUNTRY_YR(5.1.0),AE,A,AED,FCSC,ANN_CNT,TTRADE,_Z,_Z,132,2023,10654595.82,,,,0
FCSA:DF_TRADE_COUNTRY_YR(5.1.0),AE,A,AED,FCSC,ANN_CNT,TTRADE,_Z,_Z,132,2024,31189948.04,,,,0
FCSA:DF_TRADE_COUNTRY_YR(5.1.0),AE,A,AED,FCSC,ANN_CNT,IMP,_Z,_Z,254,2017,0.00,,,,0
FCSA:DF_TRADE_COUNTRY_YR(5.1.0),AE,A,AED,FCSC,ANN_CNT,IMP,_Z,_Z,254,2018,10444.50,,,,0
FCSA:DF_TRADE_COUNTRY_YR(5.1.0),AE,A,AED,FCSC,ANN_CNT,IMP,_Z,_Z,254,2019,0.00,,,,0
FCSA:DF_TRADE_COUNTRY_YR(5.1.0),AE,A,AED,FCSC,ANN_CNT,IMP,_Z,_Z,254,2020,200050.80,,,,0
FCSA:DF_TRADE_COUNTRY_YR(5.1.0),AE,A,AED,FCSC,ANN_CNT,IMP,_Z,_Z,254,2021,644993.45,,,,0
FCSA:DF_TRADE_COUNTRY_YR(5.1.0),AE,A,AED,FCSC,ANN_CNT,IMP,_Z,_Z,254,2022,104517.54,,,,0
FCSA:DF_TRADE_COUNTRY_YR(5.1.0),AE,A,AED,FCSC,ANN_CNT,IMP,_Z,_Z,254,2023,64704.91,,,,0
FCSA:DF_TRADE_COUNTRY_YR(5.1.0),AE,A,AED,FCSC,ANN_CNT,IMP,_Z,_Z,254,2024,27285.87,,,,0
FCSA:DF_TRADE_COUNTRY_YR(5.1.0),AE,A,AED,FCSC,ANN_CNT,IMP,_Z,_Z,74,2020,228.93,,,,0
FCSA:DF_TRADE_COUNTRY_YR(5.1.0),AE,A,AED,FCSC,ANN_CNT,IMP,_Z,_Z,74,2021,1163.80,,,,0
FCSA:DF_TRADE_COUNTRY_YR(5.1.0),AE,A,AED,FCSC,ANN_CNT,IMP,_Z,_Z,74,2023,1754.59,,,,0
FCSA:DF_TRADE_COUNTRY_YR(5.1.0),AE,A,AED,FCSC,ANN_CNT,IMP,_Z,_Z,74,2024,61278.81,,,,0
FCSA:DF_TRADE_COUNTRY_YR(5.1.0),AE,A,AED,FCSC,ANN_CNT,IMP,_Z,_Z,729,2017,9147600151.32,,,,0
FCSA:DF_TRADE_COUNTRY_YR(5.1.0),AE,A,AED,FCSC,ANN_CNT,IMP,_Z,_Z,729,2018,4042433977.88,,,,0
FCSA:DF_TRADE_COUNTRY_YR(5.1.0),AE,A,AED,FCSC,ANN_CNT,IMP,_Z,_Z,729,2019,4519277179.58,,,,0
FCSA:DF_TRADE_COUNTRY_YR(5.1.0),AE,A,AED,FCSC,ANN_CNT,IMP,_Z,_Z,729,2020,6824483456.45,,,,0
FCSA:DF_TRADE_COUNTRY_YR(5.1.0),AE,A,AED,FCSC,ANN_CNT,IMP,_Z,_Z,729,2021,10653618692.87,,,,0
FCSA:DF_TRADE_COUNTRY_YR(5.1.0),AE,A,AED,FCSC,ANN_CNT,IMP,_Z,_Z,729,2022,8728353720.41,,,,0
FCSA:DF_TRADE_COUNTRY_YR(5.1.0),AE,A,AED,FCSC,ANN_CNT,IMP,_Z,_Z,729,2023,3988996704.74,,,,0
FCSA:DF_TRADE_COUNTRY_YR(5.1.0),AE,A,AED,FCSC,ANN_CNT,IMP,_Z,_Z,729,2024,7589997280.65,,,,0
FCSA:DF_TRADE_COUNTRY_YR(5.1.0),AE,A,AED,FCSC,ANN_CNT,IMP,_Z,_Z,704,2017,35823853990.88,,,,0
FCSA:DF_TRADE_COUNTRY_YR(5.1.0),AE,A,AED,FCSC,ANN_CNT,IMP,_Z,_Z,704,2018,28153941734.38,,,,0
FCSA:DF_TRADE_COUNTRY_YR(5.1.0),AE,A,AED,FCSC,ANN_CNT,IMP,_Z,_Z,704,2019,26420381045.15,,,,0
FCSA:DF_TRADE_COUNTRY_YR(5.1.0),AE,A,AED,FCSC,ANN_CNT,IMP,_Z,_Z,704,2020,21491950570.81,,,,0
FCSA:DF_TRADE_COUNTRY_YR(5.1.0),AE,A,AED,FCSC,ANN_CNT,IMP,_Z,_Z,704,2021,27915592785.06,,,,0
FCSA:DF_TRADE_COUNTRY_YR(5.1.0),AE,A,AED,FCSC,ANN_CNT,IMP,_Z,_Z,704,2022,27424597369.75,,,,0
FCSA:DF_TRADE_COUNTRY_YR(5.1.0),AE,A,AED,FCSC,ANN_CNT,IMP,_Z,_Z,704,2023,40595540425.91,,,,0
FCSA:DF_TRADE_COUNTRY_YR(5.1.0),AE,A,AED,FCSC,ANN_CNT,IMP,_Z,_Z,704,2024,43453189043.20,,,,0
FCSA:DF_TRADE_COUNTRY_YR(5.1.0),AE,A,AED,FCSC,ANN_CNT,IMP,_Z,_Z,4,2017,381059426.10,,,,0
FCSA:DF_TRADE_COUNTRY_YR(5.1.0),AE,A,AED,FCSC,ANN_CNT,IMP,_Z,_Z,4,2018,426235590.70,,,,0
FCSA:DF_TRADE_COUNTRY_YR(5.1.0),AE,A,AED,FCSC,ANN_CNT,IMP,_Z,_Z,4,2019,3688782159.04,,,,0
FCSA:DF_TRADE_COUNTRY_YR(5.1.0),AE,A,AED,FCSC,ANN_CNT,IMP,_Z,_Z,4,2020,2105130457.10,,,,0
FCSA:DF_TRADE_COUNTRY_YR(5.1.0),AE,A,AED,FCSC,ANN_CNT,IMP,_Z,_Z,4,2021,1712209994.88,,,,0
FCSA:DF_TRADE_COUNTRY_YR(5.1.0),AE,A,AED,FCSC,ANN_CNT,IMP,_Z,_Z,4,2022,127581273.14,,,,0
FCSA:DF_TRADE_COUNTRY_YR(5.1.0),AE,A,AED,FCSC,ANN_CNT,IMP,_Z,_Z,4,2023,141783212.01,,,,0
FCSA:DF_TRADE_COUNTRY_YR(5.1.0),AE,A,AED,FCSC,ANN_CNT,IMP,_Z,_Z,4,2024,200674090.32,,,,0
FCSA:DF_TRADE_COUNTRY_YR(5.1.0),AE,A,AED,FCSC,ANN_CNT,REEXP,_Z,_Z,275,2017,8592238.95,,,,0
FCSA:DF_TRADE_COUNTRY_YR(5.1.0),AE,A,AED,FCSC,ANN_CNT,REEXP,_Z,_Z,275,2018,28327468.27,,,,0
FCSA:DF_TRADE_COUNTRY_YR(5.1.0),AE,A,AED,FCSC,ANN_CNT,REEXP,_Z,_Z,275,2019,36718130.16,,,,0
FCSA:DF_TRADE_COUNTRY_YR(5.1.0),AE,A,AED,FCSC,ANN_CNT,REEXP,_Z,_Z,275,2020,16435420.24,,,,0
FCSA:DF_TRADE_COUNTRY_YR(5.1.0),AE,A,AED,FCSC,ANN_CNT,REEXP,_Z,_Z,275,2021,70788810.83,,,,0
FCSA:DF_TRADE_COUNTRY_YR(5.1.0),AE,A,AED,FCSC,ANN_CNT,REEXP,_Z,_Z,275,2022,103354230.13,,,,0
FCSA:DF_TRADE_COUNTRY_YR(5.1.0),AE,A,AED,FCSC,ANN_CNT,REEXP,_Z,_Z,275,2023,182290747.98,,,,0
FCSA:DF_TRADE_COUNTRY_YR(5.1.0),AE,A,AED,FCSC,ANN_CNT,REEXP,_Z,_Z,275,2024,219816041.01,,,,0
FCSA:DF_TRADE_COUNTRY_YR(5.1.0),AE,A,AED,FCSC,ANN_CNT,TTRADE,_Z,_Z,776,2017,1462666.12,,,,0
FCSA:DF_TRADE_COUNTRY_YR(5.1.0),AE,A,AED,FCSC,ANN_CNT,TTRADE,_Z,_Z,776,2018,461106.30,,,,0
FCSA:DF_TRADE_COUNTRY_YR(5.1.0),AE,A,AED,FCSC,ANN_CNT,TTRADE,_Z,_Z,776,2019,901942.69,,,,0
FCSA:DF_TRADE_COUNTRY_YR(5.1.0),AE,A,AED,FCSC,ANN_CNT,TTRADE,_Z,_Z,776,2020,813772.40,,,,0
FCSA:DF_TRADE_COUNTRY_YR(5.1.0),AE,A,AED,FCSC,ANN_CNT,TTRADE,_Z,_Z,776,2021,1919527.88,,,,0
FCSA:DF_TRADE_COUNTRY_YR(5.1.0),AE,A,AED,FCSC,ANN_CNT,TTRADE,_Z,_Z,776,2022,3883864.80,,,,0
FCSA:DF_TRADE_COUNTRY_YR(5.1.0),AE,A,AED,FCSC,ANN_CNT,TTRADE,_Z,_Z,776,2023,8312572.74,,,,0
FCSA:DF_TRADE_COUNTRY_YR(5.1.0),AE,A,AED,FCSC,ANN_CNT,TTRADE,_Z,_Z,776,2024,939906.23,,,,0
FCSA:DF_TRADE_COUNTRY_YR(5.1.0),AE,A,AED,FCSC,ANN_CNT,REEXP,_Z,_Z,398,2017,478272090.91,,,,0
FCSA:DF_TRADE_COUNTRY_YR(5.1.0),AE,A,AED,FCSC,ANN_CNT,REEXP,_Z,_Z,398,2018,587815768.91,,,,0
FCSA:DF_TRADE_COUNTRY_YR(5.1.0),AE,A,AED,FCSC,ANN_CNT,REEXP,_Z,_Z,398,2019,774115985.36,,,,0
FCSA:DF_TRADE_COUNTRY_YR(5.1.0),AE,A,AED,FCSC,ANN_CNT,REEXP,_Z,_Z,398,2020,744887495.21,,,,0
FCSA:DF_TRADE_COUNTRY_YR(5.1.0),AE,A,AED,FCSC,ANN_CNT,REEXP,_Z,_Z,398,2021,2131729065.83,,,,0
FCSA:DF_TRADE_COUNTRY_YR(5.1.0),AE,A,AED,FCSC,ANN_CNT,REEXP,_Z,_Z,398,2022,5957278710.41,,,,0
FCSA:DF_TRADE_COUNTRY_YR(5.1.0),AE,A,AED,FCSC,ANN_CNT,REEXP,_Z,_Z,398,2023,13079775044.78,,,,0
FCSA:DF_TRADE_COUNTRY_YR(5.1.0),AE,A,AED,FCSC,ANN_CNT,REEXP,_Z,_Z,398,2024,18583561617.39,,,,0
FCSA:DF_TRADE_COUNTRY_YR(5.1.0),AE,A,AED,FCSC,ANN_CNT,REEXP,_Z,_Z,478,2017,205831053.45,,,,0
FCSA:DF_TRADE_COUNTRY_YR(5.1.0),AE,A,AED,FCSC,ANN_CNT,REEXP,_Z,_Z,478,2018,263435780.65,,,,0
FCSA:DF_TRADE_COUNTRY_YR(5.1.0),AE,A,AED,FCSC,ANN_CNT,REEXP,_Z,_Z,478,2019,362842222.19,,,,0
FCSA:DF_TRADE_COUNTRY_YR(5.1.0),AE,A,AED,FCSC,ANN_CNT,REEXP,_Z,_Z,478,2020,389758749.04,,,,0
FCSA:DF_TRADE_COUNTRY_YR(5.1.0),AE,A,AED,FCSC,ANN_CNT,REEXP,_Z,_Z,478,2021,533414277.86,,,,0
FCSA:DF_TRADE_COUNTRY_YR(5.1.0),AE,A,AED,FCSC,ANN_CNT,REEXP,_Z,_Z,478,2022,515651721.04,,,,0
FCSA:DF_TRADE_COUNTRY_YR(5.1.0),AE,A,AED,FCSC,ANN_CNT,REEXP,_Z,_Z,478,2023,506828752.37,,,,0
FCSA:DF_TRADE_COUNTRY_YR(5.1.0),AE,A,AED,FCSC,ANN_CNT,REEXP,_Z,_Z,478,2024,556702193.37,,,,0
FCSA:DF_TRADE_COUNTRY_YR(5.1.0),AE,A,AED,FCSC,ANN_CNT,TNOEXP,_Z,_Z,191,2017,50925042.10,,,,0
FCSA:DF_TRADE_COUNTRY_YR(5.1.0),AE,A,AED,FCSC,ANN_CNT,TNOEXP,_Z,_Z,191,2018,76560345.16,,,,0
FCSA:DF_TRADE_COUNTRY_YR(5.1.0),AE,A,AED,FCSC,ANN_CNT,TNOEXP,_Z,_Z,191,2019,62169345.08,,,,0
FCSA:DF_TRADE_COUNTRY_YR(5.1.0),AE,A,AED,FCSC,ANN_CNT,TNOEXP,_Z,_Z,191,2020,55673141.97,,,,0
FCSA:DF_TRADE_COUNTRY_YR(5.1.0),AE,A,AED,FCSC,ANN_CNT,TNOEXP,_Z,_Z,191,2021,172734530.02,,,,0
FCSA:DF_TRADE_COUNTRY_YR(5.1.0),AE,A,AED,FCSC,ANN_CNT,TNOEXP,_Z,_Z,191,2022,156416936.78,,,,0
FCSA:DF_TRADE_COUNTRY_YR(5.1.0),AE,A,AED,FCSC,ANN_CNT,TNOEXP,_Z,_Z,191,2023,215594219.37,,,,0
FCSA:DF_TRADE_COUNTRY_YR(5.1.0),AE,A,AED,FCSC,ANN_CNT,TNOEXP,_Z,_Z,191,2024,221059358.15,,,,0
FCSA:DF_TRADE_COUNTRY_YR(5.1.0),AE,A,AED,FCSC,ANN_CNT,NOEXP,_Z,_Z,670,2017,247632.63,,,,0
FCSA:DF_TRADE_COUNTRY_YR(5.1.0),AE,A,AED,FCSC,ANN_CNT,NOEXP,_Z,_Z,670,2018,190318.75,,,,0
FCSA:DF_TRADE_COUNTRY_YR(5.1.0),AE,A,AED,FCSC,ANN_CNT,NOEXP,_Z,_Z,670,2019,187294.82,,,,0
FCSA:DF_TRADE_COUNTRY_YR(5.1.0),AE,A,AED,FCSC,ANN_CNT,NOEXP,_Z,_Z,670,2020,171930.82,,,,0
FCSA:DF_TRADE_COUNTRY_YR(5.1.0),AE,A,AED,FCSC,ANN_CNT,NOEXP,_Z,_Z,670,2021,83050.92,,,,0
FCSA:DF_TRADE_COUNTRY_YR(5.1.0),AE,A,AED,FCSC,ANN_CNT,NOEXP,_Z,_Z,670,2022,155482.54,,,,0
FCSA:DF_TRADE_COUNTRY_YR(5.1.0),AE,A,AED,FCSC,ANN_CNT,NOEXP,_Z,_Z,670,2023,73674.32,,,,0
FCSA:DF_TRADE_COUNTRY_YR(5.1.0),AE,A,AED,FCSC,ANN_CNT,NOEXP,_Z,_Z,670,2024,184504.63,,,,0
FCSA:DF_TRADE_COUNTRY_YR(5.1.0),AE,A,AED,FCSC,ANN_CNT,NOEXP,_Z,_Z,583,2017,234357.79,,,,0
FCSA:DF_TRADE_COUNTRY_YR(5.1.0),AE,A,AED,FCSC,ANN_CNT,NOEXP,_Z,_Z,583,2018,568027.72,,,,0
FCSA:DF_TRADE_COUNTRY_YR(5.1.0),AE,A,AED,FCSC,ANN_CNT,NOEXP,_Z,_Z,583,2019,564600.60,,,,0
FCSA:DF_TRADE_COUNTRY_YR(5.1.0),AE,A,AED,FCSC,ANN_CNT,NOEXP,_Z,_Z,583,2020,108500.00,,,,0
FCSA:DF_TRADE_COUNTRY_YR(5.1.0),AE,A,AED,FCSC,ANN_CNT,NOEXP,_Z,_Z,583,2021,1254358.98,,,,0
FCSA:DF_TRADE_COUNTRY_YR(5.1.0),AE,A,AED,FCSC,ANN_CNT,NOEXP,_Z,_Z,583,2022,650.00,,,,0
FCSA:DF_TRADE_COUNTRY_YR(5.1.0),AE,A,AED,FCSC,ANN_CNT,NOEXP,_Z,_Z,583,2023,606911.31,,,,0
FCSA:DF_TRADE_COUNTRY_YR(5.1.0),AE,A,AED,FCSC,ANN_CNT,NOEXP,_Z,_Z,583,2024,3921268.03,,,,0
FCSA:DF_TRADE_COUNTRY_YR(5.1.0),AE,A,AED,FCSC,ANN_CNT,TNOEXP,_Z,_Z,616,2017,833734627.93,,,,0
FCSA:DF_TRADE_COUNTRY_YR(5.1.0),AE,A,AED,FCSC,ANN_CNT,TNOEXP,_Z,_Z,616,2018,631573309.11,,,,0
FCSA:DF_TRADE_COUNTRY_YR(5.1.0),AE,A,AED,FCSC,ANN_CNT,TNOEXP,_Z,_Z,616,2019,667155007.68,,,,0
FCSA:DF_TRADE_COUNTRY_YR(5.1.0),AE,A,AED,FCSC,ANN_CNT,TNOEXP,_Z,_Z,616,2020,558160849.64,,,,0
FCSA:DF_TRADE_COUNTRY_YR(5.1.0),AE,A,AED,FCSC,ANN_CNT,TNOEXP,_Z,_Z,616,2021,921809773.71,,,,0
FCSA:DF_TRADE_COUNTRY_YR(5.1.0),AE,A,AED,FCSC,ANN_CNT,TNOEXP,_Z,_Z,616,2022,1124335203.61,,,,0
FCSA:DF_TRADE_COUNTRY_YR(5.1.0),AE,A,AED,FCSC,ANN_CNT,TNOEXP,_Z,_Z,616,2023,1723568961.80,,,,0
FCSA:DF_TRADE_COUNTRY_YR(5.1.0),AE,A,AED,FCSC,ANN_CNT,TNOEXP,_Z,_Z,616,2024,1188867056.24,,,,0
FCSA:DF_TRADE_COUNTRY_YR(5.1.0),AE,A,AED,FCSC,ANN_CNT,REEXP,_Z,_Z,800,2017,409223018.89,,,,0
FCSA:DF_TRADE_COUNTRY_YR(5.1.0),AE,A,AED,FCSC,ANN_CNT,REEXP,_Z,_Z,800,2018,760873115.13,,,,0
FCSA:DF_TRADE_COUNTRY_YR(5.1.0),AE,A,AED,FCSC,ANN_CNT,REEXP,_Z,_Z,800,2019,806541762.59,,,,0
FCSA:DF_TRADE_COUNTRY_YR(5.1.0),AE,A,AED,FCSC,ANN_CNT,REEXP,_Z,_Z,800,2020,647379167.56,,,,0
FCSA:DF_TRADE_COUNTRY_YR(5.1.0),AE,A,AED,FCSC,ANN_CNT,REEXP,_Z,_Z,800,2021,873107433.27,,,,0
FCSA:DF_TRADE_COUNTRY_YR(5.1.0),AE,A,AED,FCSC,ANN_CNT,REEXP,_Z,_Z,800,2022,858722975.56,,,,0
FCSA:DF_TRADE_COUNTRY_YR(5.1.0),AE,A,AED,FCSC,ANN_CNT,REEXP,_Z,_Z,800,2023,849572412.41,,,,0
FCSA:DF_TRADE_COUNTRY_YR(5.1.0),AE,A,AED,FCSC,ANN_CNT,REEXP,_Z,_Z,800,2024,899860952.11,,,,0
FCSA:DF_TRADE_COUNTRY_YR(5.1.0),AE,A,AED,FCSC,ANN_CNT,REEXP,_Z,_Z,598,2017,13070602.78,,,,0
FCSA:DF_TRADE_COUNTRY_YR(5.1.0),AE,A,AED,FCSC,ANN_CNT,REEXP,_Z,_Z,598,2018,17863281.30,,,,0
FCSA:DF_TRADE_COUNTRY_YR(5.1.0),AE,A,AED,FCSC,ANN_CNT,REEXP,_Z,_Z,598,2019,16818766.27,,,,0
FCSA:DF_TRADE_COUNTRY_YR(5.1.0),AE,A,AED,FCSC,ANN_CNT,REEXP,_Z,_Z,598,2020,20816445.42,,,,0
FCSA:DF_TRADE_COUNTRY_YR(5.1.0),AE,A,AED,FCSC,ANN_CNT,REEXP,_Z,_Z,598,2021,49969470.34,,,,0
FCSA:DF_TRADE_COUNTRY_YR(5.1.0),AE,A,AED,FCSC,ANN_CNT,REEXP,_Z,_Z,598,2022,50469799.22,,,,0
FCSA:DF_TRADE_COUNTRY_YR(5.1.0),AE,A,AED,FCSC,ANN_CNT,REEXP,_Z,_Z,598,2023,22056239.20,,,,0
FCSA:DF_TRADE_COUNTRY_YR(5.1.0),AE,A,AED,FCSC,ANN_CNT,REEXP,_Z,_Z,598,2024,30731863.70,,,,0
FCSA:DF_TRADE_COUNTRY_YR(5.1.0),AE,A,AED,FCSC,ANN_CNT,IMP,_Z,_Z,638,2017,417799.97,,,,0
FCSA:DF_TRADE_COUNTRY_YR(5.1.0),AE,A,AED,FCSC,ANN_CNT,IMP,_Z,_Z,638,2018,2432616.64,,,,0
FCSA:DF_TRADE_COUNTRY_YR(5.1.0),AE,A,AED,FCSC,ANN_CNT,IMP,_Z,_Z,638,2019,2521068.00,,,,0
FCSA:DF_TRADE_COUNTRY_YR(5.1.0),AE,A,AED,FCSC,ANN_CNT,IMP,_Z,_Z,638,2020,251005.84,,,,0
FCSA:DF_TRADE_COUNTRY_YR(5.1.0),AE,A,AED,FCSC,ANN_CNT,IMP,_Z,_Z,638,2021,333509.95,,,,0
FCSA:DF_TRADE_COUNTRY_YR(5.1.0),AE,A,AED,FCSC,ANN_CNT,IMP,_Z,_Z,638,2022,978073.15,,,,0
FCSA:DF_TRADE_COUNTRY_YR(5.1.0),AE,A,AED,FCSC,ANN_CNT,IMP,_Z,_Z,638,2023,1654766.72,,,,0
FCSA:DF_TRADE_COUNTRY_YR(5.1.0),AE,A,AED,FCSC,ANN_CNT,IMP,_Z,_Z,638,2024,12228983043.00,,,,0
FCSA:DF_TRADE_COUNTRY_YR(5.1.0),AE,A,AED,FCSC,ANN_CNT,TTRADE,_Z,_Z,496,2017,63517034.09,,,,0
FCSA:DF_TRADE_COUNTRY_YR(5.1.0),AE,A,AED,FCSC,ANN_CNT,TTRADE,_Z,_Z,496,2018,85710403.69,,,,0
FCSA:DF_TRADE_COUNTRY_YR(5.1.0),AE,A,AED,FCSC,ANN_CNT,TTRADE,_Z,_Z,496,2019,80270751.42,,,,0
FCSA:DF_TRADE_COUNTRY_YR(5.1.0),AE,A,AED,FCSC,ANN_CNT,TTRADE,_Z,_Z,496,2020,53164108.91,,,,0
FCSA:DF_TRADE_COUNTRY_YR(5.1.0),AE,A,AED,FCSC,ANN_CNT,TTRADE,_Z,_Z,496,2021,52232221.95,,,,0
FCSA:DF_TRADE_COUNTRY_YR(5.1.0),AE,A,AED,FCSC,ANN_CNT,TTRADE,_Z,_Z,496,2022,68313424.53,,,,0
FCSA:DF_TRADE_COUNTRY_YR(5.1.0),AE,A,AED,FCSC,ANN_CNT,TTRADE,_Z,_Z,496,2023,47915766.89,,,,0
FCSA:DF_TRADE_COUNTRY_YR(5.1.0),AE,A,AED,FCSC,ANN_CNT,TTRADE,_Z,_Z,496,2024,55786504.75,,,,0
FCSA:DF_TRADE_COUNTRY_YR(5.1.0),AE,A,AED,FCSC,ANN_CNT,NOEXP,_Z,_Z,831,2017,1439.25,,,,0
FCSA:DF_TRADE_COUNTRY_YR(5.1.0),AE,A,AED,FCSC,ANN_CNT,NOEXP,_Z,_Z,831,2018,0.00,,,,0
FCSA:DF_TRADE_COUNTRY_YR(5.1.0),AE,A,AED,FCSC,ANN_CNT,NOEXP,_Z,_Z,831,2019,0.00,,,,0
FCSA:DF_TRADE_COUNTRY_YR(5.1.0),AE,A,AED,FCSC,ANN_CNT,NOEXP,_Z,_Z,831,2020,1000.00,,,,0
FCSA:DF_TRADE_COUNTRY_YR(5.1.0),AE,A,AED,FCSC,ANN_CNT,NOEXP,_Z,_Z,831,2021,200.00,,,,0
FCSA:DF_TRADE_COUNTRY_YR(5.1.0),AE,A,AED,FCSC,ANN_CNT,NOEXP,_Z,_Z,831,2022,0.00,,,,0
FCSA:DF_TRADE_COUNTRY_YR(5.1.0),AE,A,AED,FCSC,ANN_CNT,NOEXP,_Z,_Z,831,2023,0.00,,,,0
FCSA:DF_TRADE_COUNTRY_YR(5.1.0),AE,A,AED,FCSC,ANN_CNT,NOEXP,_Z,_Z,831,2024,443.69,,,,0
FCSA:DF_TRADE_COUNTRY_YR(5.1.0),AE,A,AED,FCSC,ANN_CNT,NOEXP,_Z,_Z,772,2017,0.00,,,,0
FCSA:DF_TRADE_COUNTRY_YR(5.1.0),AE,A,AED,FCSC,ANN_CNT,NOEXP,_Z,_Z,772,2018,0.00,,,,0
FCSA:DF_TRADE_COUNTRY_YR(5.1.0),AE,A,AED,FCSC,ANN_CNT,NOEXP,_Z,_Z,772,2019,0.00,,,,0
FCSA:DF_TRADE_COUNTRY_YR(5.1.0),AE,A,AED,FCSC,ANN_CNT,NOEXP,_Z,_Z,772,2020,0.00,,,,0
FCSA:DF_TRADE_COUNTRY_YR(5.1.0),AE,A,AED,FCSC,ANN_CNT,NOEXP,_Z,_Z,772,2021,0.00,,,,0
FCSA:DF_TRADE_COUNTRY_YR(5.1.0),AE,A,AED,FCSC,ANN_CNT,NOEXP,_Z,_Z,772,2022,0.00,,,,0
FCSA:DF_TRADE_COUNTRY_YR(5.1.0),AE,A,AED,FCSC,ANN_CNT,NOEXP,_Z,_Z,772,2023,0.00,,,,0
FCSA:DF_TRADE_COUNTRY_YR(5.1.0),AE,A,AED,FCSC,ANN_CNT,NOEXP,_Z,_Z,772,2024,0.00,,,,0
FCSA:DF_TRADE_COUNTRY_YR(5.1.0),AE,A,AED,FCSC,ANN_CNT,NOEXP,_Z,_Z,652,2020,13379.74,,,,0
FCSA:DF_TRADE_COUNTRY_YR(5.1.0),AE,A,AED,FCSC,ANN_CNT,NOEXP,_Z,_Z,652,2021,43699.30,,,,0
FCSA:DF_TRADE_COUNTRY_YR(5.1.0),AE,A,AED,FCSC,ANN_CNT,NOEXP,_Z,_Z,652,2022,74537.81,,,,0
FCSA:DF_TRADE_COUNTRY_YR(5.1.0),AE,A,AED,FCSC,ANN_CNT,NOEXP,_Z,_Z,652,2023,151688.46,,,,0
FCSA:DF_TRADE_COUNTRY_YR(5.1.0),AE,A,AED,FCSC,ANN_CNT,NOEXP,_Z,_Z,652,2024,767042.85,,,,0
FCSA:DF_TRADE_COUNTRY_YR(5.1.0),AE,A,AED,FCSC,ANN_CNT,REEXP,_Z,_Z,239,2020,0.00,,,,0
FCSA:DF_TRADE_COUNTRY_YR(5.1.0),AE,A,AED,FCSC,ANN_CNT,REEXP,_Z,_Z,239,2021,0.00,,,,0
FCSA:DF_TRADE_COUNTRY_YR(5.1.0),AE,A,AED,FCSC,ANN_CNT,REEXP,_Z,_Z,239,2022,0.00,,,,0
FCSA:DF_TRADE_COUNTRY_YR(5.1.0),AE,A,AED,FCSC,ANN_CNT,REEXP,_Z,_Z,239,2023,0.00,,,,0
FCSA:DF_TRADE_COUNTRY_YR(5.1.0),AE,A,AED,FCSC,ANN_CNT,REEXP,_Z,_Z,239,2024,1000.00,,,,0
FCSA:DF_TRADE_COUNTRY_YR(5.1.0),AE,A,AED,FCSC,ANN_CNT,TTRADE,_Z,_Z,804,2017,2444206056.72,,,,0
FCSA:DF_TRADE_COUNTRY_YR(5.1.0),AE,A,AED,FCSC,ANN_CNT,TTRADE,_Z,_Z,804,2018,2885145664.56,,,,0
FCSA:DF_TRADE_COUNTRY_YR(5.1.0),AE,A,AED,FCSC,ANN_CNT,TTRADE,_Z,_Z,804,2019,2961555763.58,,,,0
FCSA:DF_TRADE_COUNTRY_YR(5.1.0),AE,A,AED,FCSC,ANN_CNT,TTRADE,_Z,_Z,804,2020,2586411047.79,,,,0
FCSA:DF_TRADE_COUNTRY_YR(5.1.0),AE,A,AED,FCSC,ANN_CNT,TTRADE,_Z,_Z,804,2021,3321355904.55,,,,0
FCSA:DF_TRADE_COUNTRY_YR(5.1.0),AE,A,AED,FCSC,ANN_CNT,TTRADE,_Z,_Z,804,2022,1633738598.80,,,,0
FCSA:DF_TRADE_COUNTRY_YR(5.1.0),AE,A,AED,FCSC,ANN_CNT,TTRADE,_Z,_Z,804,2023,1432910297.88,,,,0
FCSA:DF_TRADE_COUNTRY_YR(5.1.0),AE,A,AED,FCSC,ANN_CNT,TTRADE,_Z,_Z,804,2024,1369028397.27,,,,0
FCSA:DF_TRADE_COUNTRY_YR(5.1.0),AE,A,AED,FCSC,ANN_CNT,NOEXP,_Z,_Z,40,2017,82463696.66,,,,0
FCSA:DF_TRADE_COUNTRY_YR(5.1.0),AE,A,AED,FCSC,ANN_CNT,NOEXP,_Z,_Z,40,2018,76844601.98,,,,0
FCSA:DF_TRADE_COUNTRY_YR(5.1.0),AE,A,AED,FCSC,ANN_CNT,NOEXP,_Z,_Z,40,2019,105603309.61,,,,0
FCSA:DF_TRADE_COUNTRY_YR(5.1.0),AE,A,AED,FCSC,ANN_CNT,NOEXP,_Z,_Z,40,2020,88975726.18,,,,0
FCSA:DF_TRADE_COUNTRY_YR(5.1.0),AE,A,AED,FCSC,ANN_CNT,NOEXP,_Z,_Z,40,2021,146183608.04,,,,0
FCSA:DF_TRADE_COUNTRY_YR(5.1.0),AE,A,AED,FCSC,ANN_CNT,NOEXP,_Z,_Z,40,2022,158380962.70,,,,0
FCSA:DF_TRADE_COUNTRY_YR(5.1.0),AE,A,AED,FCSC,ANN_CNT,NOEXP,_Z,_Z,40,2023,164004108.85,,,,0
FCSA:DF_TRADE_COUNTRY_YR(5.1.0),AE,A,AED,FCSC,ANN_CNT,NOEXP,_Z,_Z,40,2024,570665492.08,,,,0
FCSA:DF_TRADE_COUNTRY_YR(5.1.0),AE,A,AED,FCSC,ANN_CNT,NOEXP,_Z,_Z,630,2017,9720112.38,,,,0
FCSA:DF_TRADE_COUNTRY_YR(5.1.0),AE,A,AED,FCSC,ANN_CNT,NOEXP,_Z,_Z,630,2018,17647427.68,,,,0
FCSA:DF_TRADE_COUNTRY_YR(5.1.0),AE,A,AED,FCSC,ANN_CNT,NOEXP,_Z,_Z,630,2019,5165203.48,,,,0
FCSA:DF_TRADE_COUNTRY_YR(5.1.0),AE,A,AED,FCSC,ANN_CNT,NOEXP,_Z,_Z,630,2020,6924367.88,,,,0
FCSA:DF_TRADE_COUNTRY_YR(5.1.0),AE,A,AED,FCSC,ANN_CNT,NOEXP,_Z,_Z,630,2021,8460199.87,,,,0
FCSA:DF_TRADE_COUNTRY_YR(5.1.0),AE,A,AED,FCSC,ANN_CNT,NOEXP,_Z,_Z,630,2022,11065421.75,,,,0
FCSA:DF_TRADE_COUNTRY_YR(5.1.0),AE,A,AED,FCSC,ANN_CNT,NOEXP,_Z,_Z,630,2023,17697020.16,,,,0
FCSA:DF_TRADE_COUNTRY_YR(5.1.0),AE,A,AED,FCSC,ANN_CNT,NOEXP,_Z,_Z,630,2024,10551032.21,,,,0
FCSA:DF_TRADE_COUNTRY_YR(5.1.0),AE,A,AED,FCSC,ANN_CNT,NOEXP,_Z,_Z,304,2017,0.00,,,,0
FCSA:DF_TRADE_COUNTRY_YR(5.1.0),AE,A,AED,FCSC,ANN_CNT,NOEXP,_Z,_Z,304,2018,162150.00,,,,0
FCSA:DF_TRADE_COUNTRY_YR(5.1.0),AE,A,AED,FCSC,ANN_CNT,NOEXP,_Z,_Z,304,2019,68968.68,,,,0
FCSA:DF_TRADE_COUNTRY_YR(5.1.0),AE,A,AED,FCSC,ANN_CNT,NOEXP,_Z,_Z,304,2020,0.00,,,,0
FCSA:DF_TRADE_COUNTRY_YR(5.1.0),AE,A,AED,FCSC,ANN_CNT,NOEXP,_Z,_Z,304,2021,0.00,,,,0
FCSA:DF_TRADE_COUNTRY_YR(5.1.0),AE,A,AED,FCSC,ANN_CNT,NOEXP,_Z,_Z,304,2022,0.00,,,,0
FCSA:DF_TRADE_COUNTRY_YR(5.1.0),AE,A,AED,FCSC,ANN_CNT,NOEXP,_Z,_Z,304,2023,930557.78,,,,0
FCSA:DF_TRADE_COUNTRY_YR(5.1.0),AE,A,AED,FCSC,ANN_CNT,NOEXP,_Z,_Z,304,2024,0.00,,,,0
FCSA:DF_TRADE_COUNTRY_YR(5.1.0),AE,A,AED,FCSC,ANN_CNT,NOEXP,_Z,_Z,694,2017,71512281.58,,,,0
FCSA:DF_TRADE_COUNTRY_YR(5.1.0),AE,A,AED,FCSC,ANN_CNT,NOEXP,_Z,_Z,694,2018,64970549.48,,,,0
FCSA:DF_TRADE_COUNTRY_YR(5.1.0),AE,A,AED,FCSC,ANN_CNT,NOEXP,_Z,_Z,694,2019,65078448.63,,,,0
FCSA:DF_TRADE_COUNTRY_YR(5.1.0),AE,A,AED,FCSC,ANN_CNT,NOEXP,_Z,_Z,694,2020,89124800.53,,,,0
FCSA:DF_TRADE_COUNTRY_YR(5.1.0),AE,A,AED,FCSC,ANN_CNT,NOEXP,_Z,_Z,694,2021,178673816.31,,,,0
FCSA:DF_TRADE_COUNTRY_YR(5.1.0),AE,A,AED,FCSC,ANN_CNT,NOEXP,_Z,_Z,694,2022,169108321.79,,,,0
FCSA:DF_TRADE_COUNTRY_YR(5.1.0),AE,A,AED,FCSC,ANN_CNT,NOEXP,_Z,_Z,694,2023,192288366.47,,,,0
FCSA:DF_TRADE_COUNTRY_YR(5.1.0),AE,A,AED,FCSC,ANN_CNT,NOEXP,_Z,_Z,694,2024,193392146.83,,,,0
FCSA:DF_TRADE_COUNTRY_YR(5.1.0),AE,A,AED,FCSC,ANN_CNT,TTRADE,_Z,_Z,108,2017,368649874.99,,,,0
FCSA:DF_TRADE_COUNTRY_YR(5.1.0),AE,A,AED,FCSC,ANN_CNT,TTRADE,_Z,_Z,108,2018,481127105.75,,,,0
FCSA:DF_TRADE_COUNTRY_YR(5.1.0),AE,A,AED,FCSC,ANN_CNT,TTRADE,_Z,_Z,108,2019,617419965.51,,,,0
FCSA:DF_TRADE_COUNTRY_YR(5.1.0),AE,A,AED,FCSC,ANN_CNT,TTRADE,_Z,_Z,108,2020,360856611.21,,,,0
FCSA:DF_TRADE_COUNTRY_YR(5.1.0),AE,A,AED,FCSC,ANN_CNT,TTRADE,_Z,_Z,108,2021,343573812.97,,,,0
FCSA:DF_TRADE_COUNTRY_YR(5.1.0),AE,A,AED,FCSC,ANN_CNT,TTRADE,_Z,_Z,108,2022,349186895.09,,,,0
FCSA:DF_TRADE_COUNTRY_YR(5.1.0),AE,A,AED,FCSC,ANN_CNT,TTRADE,_Z,_Z,108,2023,567733023.88,,,,0
FCSA:DF_TRADE_COUNTRY_YR(5.1.0),AE,A,AED,FCSC,ANN_CNT,TTRADE,_Z,_Z,108,2024,326499695.86,,,,0
FCSA:DF_TRADE_COUNTRY_YR(5.1.0),AE,A,AED,FCSC,ANN_CNT,REEXP,_Z,_Z,498,2017,4473169.56,,,,0
FCSA:DF_TRADE_COUNTRY_YR(5.1.0),AE,A,AED,FCSC,ANN_CNT,REEXP,_Z,_Z,498,2018,4821561.97,,,,0
FCSA:DF_TRADE_COUNTRY_YR(5.1.0),AE,A,AED,FCSC,ANN_CNT,REEXP,_Z,_Z,498,2019,11922558.14,,,,0
FCSA:DF_TRADE_COUNTRY_YR(5.1.0),AE,A,AED,FCSC,ANN_CNT,REEXP,_Z,_Z,498,2020,6226488.52,,,,0
FCSA:DF_TRADE_COUNTRY_YR(5.1.0),AE,A,AED,FCSC,ANN_CNT,REEXP,_Z,_Z,498,2021,10377655.64,,,,0
FCSA:DF_TRADE_COUNTRY_YR(5.1.0),AE,A,AED,FCSC,ANN_CNT,REEXP,_Z,_Z,498,2022,22401451.35,,,,0
FCSA:DF_TRADE_COUNTRY_YR(5.1.0),AE,A,AED,FCSC,ANN_CNT,REEXP,_Z,_Z,498,2023,12502712.91,,,,0
FCSA:DF_TRADE_COUNTRY_YR(5.1.0),AE,A,AED,FCSC,ANN_CNT,REEXP,_Z,_Z,498,2024,11137136.54,,,,0
FCSA:DF_TRADE_COUNTRY_YR(5.1.0),AE,A,AED,FCSC,ANN_CNT,REEXP,_Z,_Z,666,2021,32039.00,,,,0
FCSA:DF_TRADE_COUNTRY_YR(5.1.0),AE,A,AED,FCSC,ANN_CNT,REEXP,_Z,_Z,666,2022,212146.00,,,,0
FCSA:DF_TRADE_COUNTRY_YR(5.1.0),AE,A,AED,FCSC,ANN_CNT,REEXP,_Z,_Z,666,2023,40766.00,,,,0
FCSA:DF_TRADE_COUNTRY_YR(5.1.0),AE,A,AED,FCSC,ANN_CNT,REEXP,_Z,_Z,666,2024,1500.00,,,,0
FCSA:DF_TRADE_COUNTRY_YR(5.1.0),AE,A,AED,FCSC,ANN_CNT,TNOEXP,_Z,_Z,901,2017,50556311.34,,,,0
FCSA:DF_TRADE_COUNTRY_YR(5.1.0),AE,A,AED,FCSC,ANN_CNT,TNOEXP,_Z,_Z,901,2018,25267782.76,,,,0
FCSA:DF_TRADE_COUNTRY_YR(5.1.0),AE,A,AED,FCSC,ANN_CNT,TNOEXP,_Z,_Z,901,2019,13286221.40,,,,0
FCSA:DF_TRADE_COUNTRY_YR(5.1.0),AE,A,AED,FCSC,ANN_CNT,TNOEXP,_Z,_Z,901,2020,14787442.76,,,,0
FCSA:DF_TRADE_COUNTRY_YR(5.1.0),AE,A,AED,FCSC,ANN_CNT,TNOEXP,_Z,_Z,901,2021,18037303.97,,,,0
FCSA:DF_TRADE_COUNTRY_YR(5.1.0),AE,A,AED,FCSC,ANN_CNT,TNOEXP,_Z,_Z,901,2022,19797898.99,,,,0
FCSA:DF_TRADE_COUNTRY_YR(5.1.0),AE,A,AED,FCSC,ANN_CNT,TNOEXP,_Z,_Z,901,2023,68749088.32,,,,0
FCSA:DF_TRADE_COUNTRY_YR(5.1.0),AE,A,AED,FCSC,ANN_CNT,TNOEXP,_Z,_Z,901,2024,68331489.91,,,,0
FCSA:DF_TRADE_COUNTRY_YR(5.1.0),AE,A,AED,FCSC,ANN_CNT,IMP,_Z,_Z,86,2021,28173.14,,,,0
FCSA:DF_TRADE_COUNTRY_YR(5.1.0),AE,A,AED,FCSC,ANN_CNT,IMP,_Z,_Z,86,2022,0.00,,,,0
FCSA:DF_TRADE_COUNTRY_YR(5.1.0),AE,A,AED,FCSC,ANN_CNT,IMP,_Z,_Z,86,2023,11302.45,,,,0
FCSA:DF_TRADE_COUNTRY_YR(5.1.0),AE,A,AED,FCSC,ANN_CNT,IMP,_Z,_Z,86,2024,11610.38,,,,0
FCSA:DF_TRADE_COUNTRY_YR(5.1.0),AE,A,AED,FCSC,ANN_CNT,IMP,_Z,_Z,392,2017,51351774840.32,,,,0
FCSA:DF_TRADE_COUNTRY_YR(5.1.0),AE,A,AED,FCSC,ANN_CNT,IMP,_Z,_Z,392,2018,50709566353.11,,,,0
FCSA:DF_TRADE_COUNTRY_YR(5.1.0),AE,A,AED,FCSC,ANN_CNT,IMP,_Z,_Z,392,2019,46324660628.08,,,,0
FCSA:DF_TRADE_COUNTRY_YR(5.1.0),AE,A,AED,FCSC,ANN_CNT,IMP,_Z,_Z,392,2020,34728770255.06,,,,0
FCSA:DF_TRADE_COUNTRY_YR(5.1.0),AE,A,AED,FCSC,ANN_CNT,IMP,_Z,_Z,392,2021,39881554491.36,,,,0
FCSA:DF_TRADE_COUNTRY_YR(5.1.0),AE,A,AED,FCSC,ANN_CNT,IMP,_Z,_Z,392,2022,44107092446.96,,,,0
FCSA:DF_TRADE_COUNTRY_YR(5.1.0),AE,A,AED,FCSC,ANN_CNT,IMP,_Z,_Z,392,2023,55719161137.37,,,,0
FCSA:DF_TRADE_COUNTRY_YR(5.1.0),AE,A,AED,FCSC,ANN_CNT,IMP,_Z,_Z,392,2024,58622017741.92,,,,0
FCSA:DF_TRADE_COUNTRY_YR(5.1.0),AE,A,AED,FCSC,ANN_CNT,REEXP,_Z,_Z,50,2017,866075892.27,,,,0
FCSA:DF_TRADE_COUNTRY_YR(5.1.0),AE,A,AED,FCSC,ANN_CNT,REEXP,_Z,_Z,50,2018,1580260745.79,,,,0
FCSA:DF_TRADE_COUNTRY_YR(5.1.0),AE,A,AED,FCSC,ANN_CNT,REEXP,_Z,_Z,50,2019,1364526285.92,,,,0
FCSA:DF_TRADE_COUNTRY_YR(5.1.0),AE,A,AED,FCSC,ANN_CNT,REEXP,_Z,_Z,50,2020,800869799.02,,,,0
FCSA:DF_TRADE_COUNTRY_YR(5.1.0),AE,A,AED,FCSC,ANN_CNT,REEXP,_Z,_Z,50,2021,764551946.76,,,,0
FCSA:DF_TRADE_COUNTRY_YR(5.1.0),AE,A,AED,FCSC,ANN_CNT,REEXP,_Z,_Z,50,2022,915236806.06,,,,0
FCSA:DF_TRADE_COUNTRY_YR(5.1.0),AE,A,AED,FCSC,ANN_CNT,REEXP,_Z,_Z,50,2023,687755795.54,,,,0
FCSA:DF_TRADE_COUNTRY_YR(5.1.0),AE,A,AED,FCSC,ANN_CNT,REEXP,_Z,_Z,50,2024,700393572.67,,,,0
FCSA:DF_TRADE_COUNTRY_YR(5.1.0),AE,A,AED,FCSC,ANN_CNT,NOEXP,_Z,_Z,690,2017,136906260.90,,,,0
FCSA:DF_TRADE_COUNTRY_YR(5.1.0),AE,A,AED,FCSC,ANN_CNT,NOEXP,_Z,_Z,690,2018,87459903.75,,,,0
FCSA:DF_TRADE_COUNTRY_YR(5.1.0),AE,A,AED,FCSC,ANN_CNT,NOEXP,_Z,_Z,690,2019,121239751.21,,,,0
FCSA:DF_TRADE_COUNTRY_YR(5.1.0),AE,A,AED,FCSC,ANN_CNT,NOEXP,_Z,_Z,690,2020,77091246.88,,,,0
FCSA:DF_TRADE_COUNTRY_YR(5.1.0),AE,A,AED,FCSC,ANN_CNT,NOEXP,_Z,_Z,690,2021,102983942.01,,,,0
FCSA:DF_TRADE_COUNTRY_YR(5.1.0),AE,A,AED,FCSC,ANN_CNT,NOEXP,_Z,_Z,690,2022,175378764.43,,,,0
FCSA:DF_TRADE_COUNTRY_YR(5.1.0),AE,A,AED,FCSC,ANN_CNT,NOEXP,_Z,_Z,690,2023,183007780.49,,,,0
FCSA:DF_TRADE_COUNTRY_YR(5.1.0),AE,A,AED,FCSC,ANN_CNT,NOEXP,_Z,_Z,690,2024,171547091.73,,,,0
FCSA:DF_TRADE_COUNTRY_YR(5.1.0),AE,A,AED,FCSC,ANN_CNT,TTRADE,_Z,_Z,626,2017,6108831.54,,,,0
FCSA:DF_TRADE_COUNTRY_YR(5.1.0),AE,A,AED,FCSC,ANN_CNT,TTRADE,_Z,_Z,626,2018,5749386.36,,,,0
FCSA:DF_TRADE_COUNTRY_YR(5.1.0),AE,A,AED,FCSC,ANN_CNT,TTRADE,_Z,_Z,626,2019,10962161.78,,,,0
FCSA:DF_TRADE_COUNTRY_YR(5.1.0),AE,A,AED,FCSC,ANN_CNT,TTRADE,_Z,_Z,626,2020,623297.24,,,,0
FCSA:DF_TRADE_COUNTRY_YR(5.1.0),AE,A,AED,FCSC,ANN_CNT,TTRADE,_Z,_Z,626,2021,7804511.49,,,,0
FCSA:DF_TRADE_COUNTRY_YR(5.1.0),AE,A,AED,FCSC,ANN_CNT,TTRADE,_Z,_Z,626,2022,13829676.29,,,,0
FCSA:DF_TRADE_COUNTRY_YR(5.1.0),AE,A,AED,FCSC,ANN_CNT,TTRADE,_Z,_Z,626,2023,12860034.59,,,,0
FCSA:DF_TRADE_COUNTRY_YR(5.1.0),AE,A,AED,FCSC,ANN_CNT,TTRADE,_Z,_Z,626,2024,20226016.20,,,,0
FCSA:DF_TRADE_COUNTRY_YR(5.1.0),AE,A,AED,FCSC,ANN_CNT,TNOEXP,_Z,_Z,729,2017,4550957147.23,,,,0
FCSA:DF_TRADE_COUNTRY_YR(5.1.0),AE,A,AED,FCSC,ANN_CNT,TNOEXP,_Z,_Z,729,2018,3283860668.94,,,,0
FCSA:DF_TRADE_COUNTRY_YR(5.1.0),AE,A,AED,FCSC,ANN_CNT,TNOEXP,_Z,_Z,729,2019,3106389391.77,,,,0
FCSA:DF_TRADE_COUNTRY_YR(5.1.0),AE,A,AED,FCSC,ANN_CNT,TNOEXP,_Z,_Z,729,2020,4178391194.94,,,,0
FCSA:DF_TRADE_COUNTRY_YR(5.1.0),AE,A,AED,FCSC,ANN_CNT,TNOEXP,_Z,_Z,729,2021,5018674630.82,,,,0
FCSA:DF_TRADE_COUNTRY_YR(5.1.0),AE,A,AED,FCSC,ANN_CNT,TNOEXP,_Z,_Z,729,2022,6704167205.90,,,,0
FCSA:DF_TRADE_COUNTRY_YR(5.1.0),AE,A,AED,FCSC,ANN_CNT,TNOEXP,_Z,_Z,729,2023,3163595847.04,,,,0
FCSA:DF_TRADE_COUNTRY_YR(5.1.0),AE,A,AED,FCSC,ANN_CNT,TNOEXP,_Z,_Z,729,2024,5514615178.91,,,,0
FCSA:DF_TRADE_COUNTRY_YR(5.1.0),AE,A,AED,FCSC,ANN_CNT,NOEXP,_Z,_Z,454,2017,10865765.56,,,,0
FCSA:DF_TRADE_COUNTRY_YR(5.1.0),AE,A,AED,FCSC,ANN_CNT,NOEXP,_Z,_Z,454,2018,63752141.66,,,,0
FCSA:DF_TRADE_COUNTRY_YR(5.1.0),AE,A,AED,FCSC,ANN_CNT,NOEXP,_Z,_Z,454,2019,68582351.40,,,,0
FCSA:DF_TRADE_COUNTRY_YR(5.1.0),AE,A,AED,FCSC,ANN_CNT,NOEXP,_Z,_Z,454,2020,57921623.95,,,,0
FCSA:DF_TRADE_COUNTRY_YR(5.1.0),AE,A,AED,FCSC,ANN_CNT,NOEXP,_Z,_Z,454,2021,109529174.30,,,,0
FCSA:DF_TRADE_COUNTRY_YR(5.1.0),AE,A,AED,FCSC,ANN_CNT,NOEXP,_Z,_Z,454,2022,100950042.41,,,,0
FCSA:DF_TRADE_COUNTRY_YR(5.1.0),AE,A,AED,FCSC,ANN_CNT,NOEXP,_Z,_Z,454,2023,18674171.06,,,,0
FCSA:DF_TRADE_COUNTRY_YR(5.1.0),AE,A,AED,FCSC,ANN_CNT,NOEXP,_Z,_Z,454,2024,59658466.38,,,,0
FCSA:DF_TRADE_COUNTRY_YR(5.1.0),AE,A,AED,FCSC,ANN_CNT,TTRADE,_Z,_Z,140,2017,41243997.14,,,,0
FCSA:DF_TRADE_COUNTRY_YR(5.1.0),AE,A,AED,FCSC,ANN_CNT,TTRADE,_Z,_Z,140,2018,72031127.50,,,,0
FCSA:DF_TRADE_COUNTRY_YR(5.1.0),AE,A,AED,FCSC,ANN_CNT,TTRADE,_Z,_Z,140,2019,84890748.40,,,,0
FCSA:DF_TRADE_COUNTRY_YR(5.1.0),AE,A,AED,FCSC,ANN_CNT,TTRADE,_Z,_Z,140,2020,185445452.54,,,,0
FCSA:DF_TRADE_COUNTRY_YR(5.1.0),AE,A,AED,FCSC,ANN_CNT,TTRADE,_Z,_Z,140,2021,211011783.35,,,,0
FCSA:DF_TRADE_COUNTRY_YR(5.1.0),AE,A,AED,FCSC,ANN_CNT,TTRADE,_Z,_Z,140,2022,354488693.74,,,,0
FCSA:DF_TRADE_COUNTRY_YR(5.1.0),AE,A,AED,FCSC,ANN_CNT,TTRADE,_Z,_Z,140,2023,528381723.92,,,,0
FCSA:DF_TRADE_COUNTRY_YR(5.1.0),AE,A,AED,FCSC,ANN_CNT,TTRADE,_Z,_Z,140,2024,750158031.48,,,,0
FCSA:DF_TRADE_COUNTRY_YR(5.1.0),AE,A,AED,FCSC,ANN_CNT,TTRADE,_Z,_Z,300,2017,1188323958.42,,,,0
FCSA:DF_TRADE_COUNTRY_YR(5.1.0),AE,A,AED,FCSC,ANN_CNT,TTRADE,_Z,_Z,300,2018,1497293528.98,,,,0
FCSA:DF_TRADE_COUNTRY_YR(5.1.0),AE,A,AED,FCSC,ANN_CNT,TTRADE,_Z,_Z,300,2019,1675048203.09,,,,0
FCSA:DF_TRADE_COUNTRY_YR(5.1.0),AE,A,AED,FCSC,ANN_CNT,TTRADE,_Z,_Z,300,2020,1227868871.16,,,,0
FCSA:DF_TRADE_COUNTRY_YR(5.1.0),AE,A,AED,FCSC,ANN_CNT,TTRADE,_Z,_Z,300,2021,2060049475.28,,,,0
FCSA:DF_TRADE_COUNTRY_YR(5.1.0),AE,A,AED,FCSC,ANN_CNT,TTRADE,_Z,_Z,300,2022,1973694974.03,,,,0
FCSA:DF_TRADE_COUNTRY_YR(5.1.0),AE,A,AED,FCSC,ANN_CNT,TTRADE,_Z,_Z,300,2023,2095642064.68,,,,0
FCSA:DF_TRADE_COUNTRY_YR(5.1.0),AE,A,AED,FCSC,ANN_CNT,TTRADE,_Z,_Z,300,2024,2196654870.86,,,,0
FCSA:DF_TRADE_COUNTRY_YR(5.1.0),AE,A,AED,FCSC,ANN_CNT,REEXP,_Z,_Z,414,2017,12414500182.44,,,,0
FCSA:DF_TRADE_COUNTRY_YR(5.1.0),AE,A,AED,FCSC,ANN_CNT,REEXP,_Z,_Z,414,2018,20333084137.94,,,,0
FCSA:DF_TRADE_COUNTRY_YR(5.1.0),AE,A,AED,FCSC,ANN_CNT,REEXP,_Z,_Z,414,2019,21432115998.50,,,,0
FCSA:DF_TRADE_COUNTRY_YR(5.1.0),AE,A,AED,FCSC,ANN_CNT,REEXP,_Z,_Z,414,2020,18463661432.30,,,,0
FCSA:DF_TRADE_COUNTRY_YR(5.1.0),AE,A,AED,FCSC,ANN_CNT,REEXP,_Z,_Z,414,2021,20924779472.94,,,,0
FCSA:DF_TRADE_COUNTRY_YR(5.1.0),AE,A,AED,FCSC,ANN_CNT,REEXP,_Z,_Z,414,2022,22292984290.25,,,,0
FCSA:DF_TRADE_COUNTRY_YR(5.1.0),AE,A,AED,FCSC,ANN_CNT,REEXP,_Z,_Z,414,2023,24223058866.08,,,,0
FCSA:DF_TRADE_COUNTRY_YR(5.1.0),AE,A,AED,FCSC,ANN_CNT,REEXP,_Z,_Z,414,2024,25675480126.82,,,,0
FCSA:DF_TRADE_COUNTRY_YR(5.1.0),AE,A,AED,FCSC,ANN_CNT,IMP,_Z,_Z,422,2017,1787385365.74,,,,0
FCSA:DF_TRADE_COUNTRY_YR(5.1.0),AE,A,AED,FCSC,ANN_CNT,IMP,_Z,_Z,422,2018,2159927138.12,,,,0
FCSA:DF_TRADE_COUNTRY_YR(5.1.0),AE,A,AED,FCSC,ANN_CNT,IMP,_Z,_Z,422,2019,2281817534.37,,,,0
FCSA:DF_TRADE_COUNTRY_YR(5.1.0),AE,A,AED,FCSC,ANN_CNT,IMP,_Z,_Z,422,2020,1930310462.31,,,,0
FCSA:DF_TRADE_COUNTRY_YR(5.1.0),AE,A,AED,FCSC,ANN_CNT,IMP,_Z,_Z,422,2021,2833197410.07,,,,0
FCSA:DF_TRADE_COUNTRY_YR(5.1.0),AE,A,AED,FCSC,ANN_CNT,IMP,_Z,_Z,422,2022,3774590786.60,,,,0
FCSA:DF_TRADE_COUNTRY_YR(5.1.0),AE,A,AED,FCSC,ANN_CNT,IMP,_Z,_Z,422,2023,3453696918.70,,,,0
FCSA:DF_TRADE_COUNTRY_YR(5.1.0),AE,A,AED,FCSC,ANN_CNT,IMP,_Z,_Z,422,2024,3059869734.52,,,,0
FCSA:DF_TRADE_COUNTRY_YR(5.1.0),AE,A,AED,FCSC,ANN_CNT,REEXP,_Z,_Z,768,2017,253418084.73,,,,0
FCSA:DF_TRADE_COUNTRY_YR(5.1.0),AE,A,AED,FCSC,ANN_CNT,REEXP,_Z,_Z,768,2018,279729642.91,,,,0
FCSA:DF_TRADE_COUNTRY_YR(5.1.0),AE,A,AED,FCSC,ANN_CNT,REEXP,_Z,_Z,768,2019,391909522.39,,,,0
FCSA:DF_TRADE_COUNTRY_YR(5.1.0),AE,A,AED,FCSC,ANN_CNT,REEXP,_Z,_Z,768,2020,688946722.75,,,,0
FCSA:DF_TRADE_COUNTRY_YR(5.1.0),AE,A,AED,FCSC,ANN_CNT,REEXP,_Z,_Z,768,2021,765824113.82,,,,0
FCSA:DF_TRADE_COUNTRY_YR(5.1.0),AE,A,AED,FCSC,ANN_CNT,REEXP,_Z,_Z,768,2022,885585123.26,,,,0
FCSA:DF_TRADE_COUNTRY_YR(5.1.0),AE,A,AED,FCSC,ANN_CNT,REEXP,_Z,_Z,768,2023,538103772.88,,,,0
FCSA:DF_TRADE_COUNTRY_YR(5.1.0),AE,A,AED,FCSC,ANN_CNT,REEXP,_Z,_Z,768,2024,639394906.45,,,,0
FCSA:DF_TRADE_COUNTRY_YR(5.1.0),AE,A,AED,FCSC,ANN_CNT,IMP,_Z,_Z,64,2017,30915.24,,,,0
FCSA:DF_TRADE_COUNTRY_YR(5.1.0),AE,A,AED,FCSC,ANN_CNT,IMP,_Z,_Z,64,2018,538194.37,,,,0
FCSA:DF_TRADE_COUNTRY_YR(5.1.0),AE,A,AED,FCSC,ANN_CNT,IMP,_Z,_Z,64,2019,52245.41,,,,0
FCSA:DF_TRADE_COUNTRY_YR(5.1.0),AE,A,AED,FCSC,ANN_CNT,IMP,_Z,_Z,64,2020,49208.38,,,,0
FCSA:DF_TRADE_COUNTRY_YR(5.1.0),AE,A,AED,FCSC,ANN_CNT,IMP,_Z,_Z,64,2021,522532.04,,,,0
FCSA:DF_TRADE_COUNTRY_YR(5.1.0),AE,A,AED,FCSC,ANN_CNT,IMP,_Z,_Z,64,2022,124603.31,,,,0
FCSA:DF_TRADE_COUNTRY_YR(5.1.0),AE,A,AED,FCSC,ANN_CNT,IMP,_Z,_Z,64,2023,90356.91,,,,0
FCSA:DF_TRADE_COUNTRY_YR(5.1.0),AE,A,AED,FCSC,ANN_CNT,IMP,_Z,_Z,64,2024,298409.74,,,,0
FCSA:DF_TRADE_COUNTRY_YR(5.1.0),AE,A,AED,FCSC,ANN_CNT,TTRADE,_Z,_Z,212,2017,4689592.94,,,,0
FCSA:DF_TRADE_COUNTRY_YR(5.1.0),AE,A,AED,FCSC,ANN_CNT,TTRADE,_Z,_Z,212,2018,9217775.61,,,,0
FCSA:DF_TRADE_COUNTRY_YR(5.1.0),AE,A,AED,FCSC,ANN_CNT,TTRADE,_Z,_Z,212,2019,9315822.56,,,,0
FCSA:DF_TRADE_COUNTRY_YR(5.1.0),AE,A,AED,FCSC,ANN_CNT,TTRADE,_Z,_Z,212,2020,4542640.00,,,,0
FCSA:DF_TRADE_COUNTRY_YR(5.1.0),AE,A,AED,FCSC,ANN_CNT,TTRADE,_Z,_Z,212,2021,5114651.93,,,,0
FCSA:DF_TRADE_COUNTRY_YR(5.1.0),AE,A,AED,FCSC,ANN_CNT,TTRADE,_Z,_Z,212,2022,8828428.68,,,,0
FCSA:DF_TRADE_COUNTRY_YR(5.1.0),AE,A,AED,FCSC,ANN_CNT,TTRADE,_Z,_Z,212,2023,7414959.15,,,,0
FCSA:DF_TRADE_COUNTRY_YR(5.1.0),AE,A,AED,FCSC,ANN_CNT,TTRADE,_Z,_Z,212,2024,12075216.43,,,,0
FCSA:DF_TRADE_COUNTRY_YR(5.1.0),AE,A,AED,FCSC,ANN_CNT,TTRADE,_Z,_Z,792,2017,49018368254.05,,,,0
FCSA:DF_TRADE_COUNTRY_YR(5.1.0),AE,A,AED,FCSC,ANN_CNT,TTRADE,_Z,_Z,792,2018,28344133810.70,,,,0
FCSA:DF_TRADE_COUNTRY_YR(5.1.0),AE,A,AED,FCSC,ANN_CNT,TTRADE,_Z,_Z,792,2019,27063670242.88,,,,0
FCSA:DF_TRADE_COUNTRY_YR(5.1.0),AE,A,AED,FCSC,ANN_CNT,TTRADE,_Z,_Z,792,2020,32704523924.78,,,,0
FCSA:DF_TRADE_COUNTRY_YR(5.1.0),AE,A,AED,FCSC,ANN_CNT,TTRADE,_Z,_Z,792,2021,49565210459.21,,,,0
FCSA:DF_TRADE_COUNTRY_YR(5.1.0),AE,A,AED,FCSC,ANN_CNT,TTRADE,_Z,_Z,792,2022,64302358435.23,,,,0
FCSA:DF_TRADE_COUNTRY_YR(5.1.0),AE,A,AED,FCSC,ANN_CNT,TTRADE,_Z,_Z,792,2023,133601607395.35,,,,0
FCSA:DF_TRADE_COUNTRY_YR(5.1.0),AE,A,AED,FCSC,ANN_CNT,TTRADE,_Z,_Z,792,2024,143623185657.08,,,,0
FCSA:DF_TRADE_COUNTRY_YR(5.1.0),AE,A,AED,FCSC,ANN_CNT,NOEXP,_Z,_Z,554,2017,199280455.46,,,,0
FCSA:DF_TRADE_COUNTRY_YR(5.1.0),AE,A,AED,FCSC,ANN_CNT,NOEXP,_Z,_Z,554,2018,246823316.25,,,,0
FCSA:DF_TRADE_COUNTRY_YR(5.1.0),AE,A,AED,FCSC,ANN_CNT,NOEXP,_Z,_Z,554,2019,266366746.72,,,,0
FCSA:DF_TRADE_COUNTRY_YR(5.1.0),AE,A,AED,FCSC,ANN_CNT,NOEXP,_Z,_Z,554,2020,254857836.42,,,,0
FCSA:DF_TRADE_COUNTRY_YR(5.1.0),AE,A,AED,FCSC,ANN_CNT,NOEXP,_Z,_Z,554,2021,470882784.58,,,,0
FCSA:DF_TRADE_COUNTRY_YR(5.1.0),AE,A,AED,FCSC,ANN_CNT,NOEXP,_Z,_Z,554,2022,314236701.85,,,,0
FCSA:DF_TRADE_COUNTRY_YR(5.1.0),AE,A,AED,FCSC,ANN_CNT,NOEXP,_Z,_Z,554,2023,250140071.66,,,,0
FCSA:DF_TRADE_COUNTRY_YR(5.1.0),AE,A,AED,FCSC,ANN_CNT,NOEXP,_Z,_Z,554,2024,253909108.25,,,,0
FCSA:DF_TRADE_COUNTRY_YR(5.1.0),AE,A,AED,FCSC,ANN_CNT,IMP,_Z,_Z,372,2017,2522083214.79,,,,0
FCSA:DF_TRADE_COUNTRY_YR(5.1.0),AE,A,AED,FCSC,ANN_CNT,IMP,_Z,_Z,372,2018,2152053837.03,,,,0
FCSA:DF_TRADE_COUNTRY_YR(5.1.0),AE,A,AED,FCSC,ANN_CNT,IMP,_Z,_Z,372,2019,2277158330.86,,,,0
FCSA:DF_TRADE_COUNTRY_YR(5.1.0),AE,A,AED,FCSC,ANN_CNT,IMP,_Z,_Z,372,2020,2308210454.56,,,,0
FCSA:DF_TRADE_COUNTRY_YR(5.1.0),AE,A,AED,FCSC,ANN_CNT,IMP,_Z,_Z,372,2021,2754943947.53,,,,0
FCSA:DF_TRADE_COUNTRY_YR(5.1.0),AE,A,AED,FCSC,ANN_CNT,IMP,_Z,_Z,372,2022,3083072372.61,,,,0
FCSA:DF_TRADE_COUNTRY_YR(5.1.0),AE,A,AED,FCSC,ANN_CNT,IMP,_Z,_Z,372,2023,3471166726.69,,,,0
FCSA:DF_TRADE_COUNTRY_YR(5.1.0),AE,A,AED,FCSC,ANN_CNT,IMP,_Z,_Z,372,2024,567553151.31,,,,0
FCSA:DF_TRADE_COUNTRY_YR(5.1.0),AE,A,AED,FCSC,ANN_CNT,TNOEXP,_Z,_Z,204,2017,386644117.21,,,,0
FCSA:DF_TRADE_COUNTRY_YR(5.1.0),AE,A,AED,FCSC,ANN_CNT,TNOEXP,_Z,_Z,204,2018,594718531.25,,,,0
FCSA:DF_TRADE_COUNTRY_YR(5.1.0),AE,A,AED,FCSC,ANN_CNT,TNOEXP,_Z,_Z,204,2019,625627421.02,,,,0
FCSA:DF_TRADE_COUNTRY_YR(5.1.0),AE,A,AED,FCSC,ANN_CNT,TNOEXP,_Z,_Z,204,2020,378915213.27,,,,0
FCSA:DF_TRADE_COUNTRY_YR(5.1.0),AE,A,AED,FCSC,ANN_CNT,TNOEXP,_Z,_Z,204,2021,658157735.79,,,,0
FCSA:DF_TRADE_COUNTRY_YR(5.1.0),AE,A,AED,FCSC,ANN_CNT,TNOEXP,_Z,_Z,204,2022,879042997.51,,,,0
FCSA:DF_TRADE_COUNTRY_YR(5.1.0),AE,A,AED,FCSC,ANN_CNT,TNOEXP,_Z,_Z,204,2023,1238997144.97,,,,0
FCSA:DF_TRADE_COUNTRY_YR(5.1.0),AE,A,AED,FCSC,ANN_CNT,TNOEXP,_Z,_Z,204,2024,1498766012.52,,,,0
FCSA:DF_TRADE_COUNTRY_YR(5.1.0),AE,A,AED,FCSC,ANN_CNT,IMP,_Z,_Z,116,2017,795057918.96,,,,0
FCSA:DF_TRADE_COUNTRY_YR(5.1.0),AE,A,AED,FCSC,ANN_CNT,IMP,_Z,_Z,116,2018,748102445.89,,,,0
FCSA:DF_TRADE_COUNTRY_YR(5.1.0),AE,A,AED,FCSC,ANN_CNT,IMP,_Z,_Z,116,2019,694627298.98,,,,0
FCSA:DF_TRADE_COUNTRY_YR(5.1.0),AE,A,AED,FCSC,ANN_CNT,IMP,_Z,_Z,116,2020,589298112.81,,,,0
FCSA:DF_TRADE_COUNTRY_YR(5.1.0),AE,A,AED,FCSC,ANN_CNT,IMP,_Z,_Z,116,2021,714980816.98,,,,0
FCSA:DF_TRADE_COUNTRY_YR(5.1.0),AE,A,AED,FCSC,ANN_CNT,IMP,_Z,_Z,116,2022,1027443484.16,,,,0
FCSA:DF_TRADE_COUNTRY_YR(5.1.0),AE,A,AED,FCSC,ANN_CNT,IMP,_Z,_Z,116,2023,1201006885.34,,,,0
FCSA:DF_TRADE_COUNTRY_YR(5.1.0),AE,A,AED,FCSC,ANN_CNT,IMP,_Z,_Z,116,2024,1167308769.33,,,,0
FCSA:DF_TRADE_COUNTRY_YR(5.1.0),AE,A,AED,FCSC,ANN_CNT,NOEXP,_Z,_Z,430,2017,47708381.07,,,,0
FCSA:DF_TRADE_COUNTRY_YR(5.1.0),AE,A,AED,FCSC,ANN_CNT,NOEXP,_Z,_Z,430,2018,44023102.27,,,,0
FCSA:DF_TRADE_COUNTRY_YR(5.1.0),AE,A,AED,FCSC,ANN_CNT,NOEXP,_Z,_Z,430,2019,39057995.76,,,,0
FCSA:DF_TRADE_COUNTRY_YR(5.1.0),AE,A,AED,FCSC,ANN_CNT,NOEXP,_Z,_Z,430,2020,62016483.74,,,,0
FCSA:DF_TRADE_COUNTRY_YR(5.1.0),AE,A,AED,FCSC,ANN_CNT,NOEXP,_Z,_Z,430,2021,50085493.01,,,,0
FCSA:DF_TRADE_COUNTRY_YR(5.1.0),AE,A,AED,FCSC,ANN_CNT,NOEXP,_Z,_Z,430,2022,85172762.04,,,,0
FCSA:DF_TRADE_COUNTRY_YR(5.1.0),AE,A,AED,FCSC,ANN_CNT,NOEXP,_Z,_Z,430,2023,197698355.38,,,,0
FCSA:DF_TRADE_COUNTRY_YR(5.1.0),AE,A,AED,FCSC,ANN_CNT,NOEXP,_Z,_Z,430,2024,186651408.57,,,,0
FCSA:DF_TRADE_COUNTRY_YR(5.1.0),AE,A,AED,FCSC,ANN_CNT,TTRADE,_Z,_Z,248,2020,192412.94,,,,0
FCSA:DF_TRADE_COUNTRY_YR(5.1.0),AE,A,AED,FCSC,ANN_CNT,TTRADE,_Z,_Z,248,2021,889884.13,,,,0
FCSA:DF_TRADE_COUNTRY_YR(5.1.0),AE,A,AED,FCSC,ANN_CNT,TTRADE,_Z,_Z,248,2022,77146.27,,,,0
FCSA:DF_TRADE_COUNTRY_YR(5.1.0),AE,A,AED,FCSC,ANN_CNT,TTRADE,_Z,_Z,248,2023,44722.75,,,,0
FCSA:DF_TRADE_COUNTRY_YR(5.1.0),AE,A,AED,FCSC,ANN_CNT,TTRADE,_Z,_Z,248,2024,5999070.35,,,,0
FCSA:DF_TRADE_COUNTRY_YR(5.1.0),AE,A,AED,FCSC,ANN_CNT,NOEXP,_Z,_Z,682,2017,14971856614.41,,,,0
FCSA:DF_TRADE_COUNTRY_YR(5.1.0),AE,A,AED,FCSC,ANN_CNT,NOEXP,_Z,_Z,682,2018,31507428646.29,,,,0
FCSA:DF_TRADE_COUNTRY_YR(5.1.0),AE,A,AED,FCSC,ANN_CNT,NOEXP,_Z,_Z,682,2019,30925097308.01,,,,0
FCSA:DF_TRADE_COUNTRY_YR(5.1.0),AE,A,AED,FCSC,ANN_CNT,NOEXP,_Z,_Z,682,2020,25568215667.76,,,,0
FCSA:DF_TRADE_COUNTRY_YR(5.1.0),AE,A,AED,FCSC,ANN_CNT,NOEXP,_Z,_Z,682,2021,37828190484.67,,,,0
FCSA:DF_TRADE_COUNTRY_YR(5.1.0),AE,A,AED,FCSC,ANN_CNT,NOEXP,_Z,_Z,682,2022,36010507182.68,,,,0
FCSA:DF_TRADE_COUNTRY_YR(5.1.0),AE,A,AED,FCSC,ANN_CNT,NOEXP,_Z,_Z,682,2023,39417346843.29,,,,0
FCSA:DF_TRADE_COUNTRY_YR(5.1.0),AE,A,AED,FCSC,ANN_CNT,NOEXP,_Z,_Z,682,2024,41409077566.28,,,,0
FCSA:DF_TRADE_COUNTRY_YR(5.1.0),AE,A,AED,FCSC,ANN_CNT,NOEXP,_Z,_Z,484,2017,258257400.96,,,,0
FCSA:DF_TRADE_COUNTRY_YR(5.1.0),AE,A,AED,FCSC,ANN_CNT,NOEXP,_Z,_Z,484,2018,247244709.90,,,,0
FCSA:DF_TRADE_COUNTRY_YR(5.1.0),AE,A,AED,FCSC,ANN_CNT,NOEXP,_Z,_Z,484,2019,235831567.05,,,,0
FCSA:DF_TRADE_COUNTRY_YR(5.1.0),AE,A,AED,FCSC,ANN_CNT,NOEXP,_Z,_Z,484,2020,258916959.27,,,,0
FCSA:DF_TRADE_COUNTRY_YR(5.1.0),AE,A,AED,FCSC,ANN_CNT,NOEXP,_Z,_Z,484,2021,816509182.37,,,,0
FCSA:DF_TRADE_COUNTRY_YR(5.1.0),AE,A,AED,FCSC,ANN_CNT,NOEXP,_Z,_Z,484,2022,1423206184.54,,,,0
FCSA:DF_TRADE_COUNTRY_YR(5.1.0),AE,A,AED,FCSC,ANN_CNT,NOEXP,_Z,_Z,484,2023,1105167893.64,,,,0
FCSA:DF_TRADE_COUNTRY_YR(5.1.0),AE,A,AED,FCSC,ANN_CNT,NOEXP,_Z,_Z,484,2024,1257461052.59,,,,0
FCSA:DF_TRADE_COUNTRY_YR(5.1.0),AE,A,AED,FCSC,ANN_CNT,TNOEXP,_Z,_Z,180,2017,596143857.16,,,,0
FCSA:DF_TRADE_COUNTRY_YR(5.1.0),AE,A,AED,FCSC,ANN_CNT,TNOEXP,_Z,_Z,180,2018,943371169.28,,,,0
FCSA:DF_TRADE_COUNTRY_YR(5.1.0),AE,A,AED,FCSC,ANN_CNT,TNOEXP,_Z,_Z,180,2019,1063033638.01,,,,0
FCSA:DF_TRADE_COUNTRY_YR(5.1.0),AE,A,AED,FCSC,ANN_CNT,TNOEXP,_Z,_Z,180,2020,904906644.25,,,,0
FCSA:DF_TRADE_COUNTRY_YR(5.1.0),AE,A,AED,FCSC,ANN_CNT,TNOEXP,_Z,_Z,180,2021,1272833690.61,,,,0
FCSA:DF_TRADE_COUNTRY_YR(5.1.0),AE,A,AED,FCSC,ANN_CNT,TNOEXP,_Z,_Z,180,2022,1837338790.96,,,,0
FCSA:DF_TRADE_COUNTRY_YR(5.1.0),AE,A,AED,FCSC,ANN_CNT,TNOEXP,_Z,_Z,180,2023,1880435238.10,,,,0
FCSA:DF_TRADE_COUNTRY_YR(5.1.0),AE,A,AED,FCSC,ANN_CNT,TNOEXP,_Z,_Z,180,2024,2232207402.62,,,,0
FCSA:DF_TRADE_COUNTRY_YR(5.1.0),AE,A,AED,FCSC,ANN_CNT,REEXP,_Z,_Z,308,2017,859444.40,,,,0
FCSA:DF_TRADE_COUNTRY_YR(5.1.0),AE,A,AED,FCSC,ANN_CNT,REEXP,_Z,_Z,308,2018,518132.46,,,,0
FCSA:DF_TRADE_COUNTRY_YR(5.1.0),AE,A,AED,FCSC,ANN_CNT,REEXP,_Z,_Z,308,2019,301637.94,,,,0
FCSA:DF_TRADE_COUNTRY_YR(5.1.0),AE,A,AED,FCSC,ANN_CNT,REEXP,_Z,_Z,308,2020,888920.88,,,,0
FCSA:DF_TRADE_COUNTRY_YR(5.1.0),AE,A,AED,FCSC,ANN_CNT,REEXP,_Z,_Z,308,2021,703393.43,,,,0
FCSA:DF_TRADE_COUNTRY_YR(5.1.0),AE,A,AED,FCSC,ANN_CNT,REEXP,_Z,_Z,308,2022,2216503.23,,,,0
FCSA:DF_TRADE_COUNTRY_YR(5.1.0),AE,A,AED,FCSC,ANN_CNT,REEXP,_Z,_Z,308,2023,3124539.89,,,,0
FCSA:DF_TRADE_COUNTRY_YR(5.1.0),AE,A,AED,FCSC,ANN_CNT,REEXP,_Z,_Z,308,2024,3638748.58,,,,0
FCSA:DF_TRADE_COUNTRY_YR(5.1.0),AE,A,AED,FCSC,ANN_CNT,REEXP,_Z,_Z,70,2017,74345345.64,,,,0
FCSA:DF_TRADE_COUNTRY_YR(5.1.0),AE,A,AED,FCSC,ANN_CNT,REEXP,_Z,_Z,70,2018,6662405.82,,,,0
FCSA:DF_TRADE_COUNTRY_YR(5.1.0),AE,A,AED,FCSC,ANN_CNT,REEXP,_Z,_Z,70,2019,2327179.09,,,,0
FCSA:DF_TRADE_COUNTRY_YR(5.1.0),AE,A,AED,FCSC,ANN_CNT,REEXP,_Z,_Z,70,2020,11886654.94,,,,0
FCSA:DF_TRADE_COUNTRY_YR(5.1.0),AE,A,AED,FCSC,ANN_CNT,REEXP,_Z,_Z,70,2021,8414169.23,,,,0
FCSA:DF_TRADE_COUNTRY_YR(5.1.0),AE,A,AED,FCSC,ANN_CNT,REEXP,_Z,_Z,70,2022,36698978.98,,,,0
FCSA:DF_TRADE_COUNTRY_YR(5.1.0),AE,A,AED,FCSC,ANN_CNT,REEXP,_Z,_Z,70,2023,52818717.93,,,,0
FCSA:DF_TRADE_COUNTRY_YR(5.1.0),AE,A,AED,FCSC,ANN_CNT,REEXP,_Z,_Z,70,2024,56319122.24,,,,0
FCSA:DF_TRADE_COUNTRY_YR(5.1.0),AE,A,AED,FCSC,ANN_CNT,IMP,_Z,_Z,531,2017,87745614.09,,,,0
FCSA:DF_TRADE_COUNTRY_YR(5.1.0),AE,A,AED,FCSC,ANN_CNT,IMP,_Z,_Z,531,2018,33279777.96,,,,0
FCSA:DF_TRADE_COUNTRY_YR(5.1.0),AE,A,AED,FCSC,ANN_CNT,IMP,_Z,_Z,531,2019,151890.84,,,,0
FCSA:DF_TRADE_COUNTRY_YR(5.1.0),AE,A,AED,FCSC,ANN_CNT,IMP,_Z,_Z,531,2020,3113974.71,,,,0
FCSA:DF_TRADE_COUNTRY_YR(5.1.0),AE,A,AED,FCSC,ANN_CNT,IMP,_Z,_Z,531,2021,2624996.24,,,,0
FCSA:DF_TRADE_COUNTRY_YR(5.1.0),AE,A,AED,FCSC,ANN_CNT,IMP,_Z,_Z,531,2022,5786164.22,,,,0
FCSA:DF_TRADE_COUNTRY_YR(5.1.0),AE,A,AED,FCSC,ANN_CNT,IMP,_Z,_Z,531,2023,13454881.29,,,,0
FCSA:DF_TRADE_COUNTRY_YR(5.1.0),AE,A,AED,FCSC,ANN_CNT,IMP,_Z,_Z,531,2024,13147475.73,,,,0
FCSA:DF_TRADE_COUNTRY_YR(5.1.0),AE,A,AED,FCSC,ANN_CNT,TNOEXP,_Z,_Z,798,2017,0.00,,,,0
FCSA:DF_TRADE_COUNTRY_YR(5.1.0),AE,A,AED,FCSC,ANN_CNT,TNOEXP,_Z,_Z,798,2018,96600.00,,,,0
FCSA:DF_TRADE_COUNTRY_YR(5.1.0),AE,A,AED,FCSC,ANN_CNT,TNOEXP,_Z,_Z,798,2019,0.00,,,,0
FCSA:DF_TRADE_COUNTRY_YR(5.1.0),AE,A,AED,FCSC,ANN_CNT,TNOEXP,_Z,_Z,798,2021,2538.28,,,,0
FCSA:DF_TRADE_COUNTRY_YR(5.1.0),AE,A,AED,FCSC,ANN_CNT,TNOEXP,_Z,_Z,798,2022,340073.41,,,,0
FCSA:DF_TRADE_COUNTRY_YR(5.1.0),AE,A,AED,FCSC,ANN_CNT,TNOEXP,_Z,_Z,798,2023,166389.04,,,,0
FCSA:DF_TRADE_COUNTRY_YR(5.1.0),AE,A,AED,FCSC,ANN_CNT,TNOEXP,_Z,_Z,798,2024,399615.17,,,,0
FCSA:DF_TRADE_COUNTRY_YR(5.1.0),AE,A,AED,FCSC,ANN_CNT,REEXP,_Z,_Z,288,2017,1121779203.12,,,,0
FCSA:DF_TRADE_COUNTRY_YR(5.1.0),AE,A,AED,FCSC,ANN_CNT,REEXP,_Z,_Z,288,2018,1239611081.94,,,,0
FCSA:DF_TRADE_COUNTRY_YR(5.1.0),AE,A,AED,FCSC,ANN_CNT,REEXP,_Z,_Z,288,2019,1109277724.52,,,,0
FCSA:DF_TRADE_COUNTRY_YR(5.1.0),AE,A,AED,FCSC,ANN_CNT,REEXP,_Z,_Z,288,2020,1444971033.90,,,,0
FCSA:DF_TRADE_COUNTRY_YR(5.1.0),AE,A,AED,FCSC,ANN_CNT,REEXP,_Z,_Z,288,2021,2366857313.70,,,,0
FCSA:DF_TRADE_COUNTRY_YR(5.1.0),AE,A,AED,FCSC,ANN_CNT,REEXP,_Z,_Z,288,2022,1623509035.35,,,,0
FCSA:DF_TRADE_COUNTRY_YR(5.1.0),AE,A,AED,FCSC,ANN_CNT,REEXP,_Z,_Z,288,2023,1635326352.84,,,,0
FCSA:DF_TRADE_COUNTRY_YR(5.1.0),AE,A,AED,FCSC,ANN_CNT,REEXP,_Z,_Z,288,2024,2126083080.67,,,,0
FCSA:DF_TRADE_COUNTRY_YR(5.1.0),AE,A,AED,FCSC,ANN_CNT,IMP,_Z,_Z,320,2017,291340353.59,,,,0
FCSA:DF_TRADE_COUNTRY_YR(5.1.0),AE,A,AED,FCSC,ANN_CNT,IMP,_Z,_Z,320,2018,284531998.07,,,,0
FCSA:DF_TRADE_COUNTRY_YR(5.1.0),AE,A,AED,FCSC,ANN_CNT,IMP,_Z,_Z,320,2019,434347465.53,,,,0
FCSA:DF_TRADE_COUNTRY_YR(5.1.0),AE,A,AED,FCSC,ANN_CNT,IMP,_Z,_Z,320,2020,501338101.09,,,,0
FCSA:DF_TRADE_COUNTRY_YR(5.1.0),AE,A,AED,FCSC,ANN_CNT,IMP,_Z,_Z,320,2021,328743519.46,,,,0
FCSA:DF_TRADE_COUNTRY_YR(5.1.0),AE,A,AED,FCSC,ANN_CNT,IMP,_Z,_Z,320,2022,322019494.73,,,,0
FCSA:DF_TRADE_COUNTRY_YR(5.1.0),AE,A,AED,FCSC,ANN_CNT,IMP,_Z,_Z,320,2023,376619576.38,,,,0
FCSA:DF_TRADE_COUNTRY_YR(5.1.0),AE,A,AED,FCSC,ANN_CNT,IMP,_Z,_Z,320,2024,612603479.35,,,,0
FCSA:DF_TRADE_COUNTRY_YR(5.1.0),AE,A,AED,FCSC,ANN_CNT,NOEXP,_Z,_Z,807,2017,244200.19,,,,0
FCSA:DF_TRADE_COUNTRY_YR(5.1.0),AE,A,AED,FCSC,ANN_CNT,NOEXP,_Z,_Z,807,2018,238083.80,,,,0
FCSA:DF_TRADE_COUNTRY_YR(5.1.0),AE,A,AED,FCSC,ANN_CNT,NOEXP,_Z,_Z,807,2019,1757824.66,,,,0
FCSA:DF_TRADE_COUNTRY_YR(5.1.0),AE,A,AED,FCSC,ANN_CNT,NOEXP,_Z,_Z,807,2020,983381.43,,,,0
FCSA:DF_TRADE_COUNTRY_YR(5.1.0),AE,A,AED,FCSC,ANN_CNT,NOEXP,_Z,_Z,807,2021,5924073.03,,,,0
FCSA:DF_TRADE_COUNTRY_YR(5.1.0),AE,A,AED,FCSC,ANN_CNT,NOEXP,_Z,_Z,807,2022,1813210.75,,,,0
FCSA:DF_TRADE_COUNTRY_YR(5.1.0),AE,A,AED,FCSC,ANN_CNT,NOEXP,_Z,_Z,807,2023,890498.72,,,,0
FCSA:DF_TRADE_COUNTRY_YR(5.1.0),AE,A,AED,FCSC,ANN_CNT,NOEXP,_Z,_Z,807,2024,2713636.80,,,,0
FCSA:DF_TRADE_COUNTRY_YR(5.1.0),AE,A,AED,FCSC,ANN_CNT,IMP,_Z,_Z,60,2017,746549.19,,,,0
FCSA:DF_TRADE_COUNTRY_YR(5.1.0),AE,A,AED,FCSC,ANN_CNT,IMP,_Z,_Z,60,2018,5858.22,,,,0
FCSA:DF_TRADE_COUNTRY_YR(5.1.0),AE,A,AED,FCSC,ANN_CNT,IMP,_Z,_Z,60,2019,28720.53,,,,0
FCSA:DF_TRADE_COUNTRY_YR(5.1.0),AE,A,AED,FCSC,ANN_CNT,IMP,_Z,_Z,60,2020,116939.96,,,,0
FCSA:DF_TRADE_COUNTRY_YR(5.1.0),AE,A,AED,FCSC,ANN_CNT,IMP,_Z,_Z,60,2021,294026.37,,,,0
FCSA:DF_TRADE_COUNTRY_YR(5.1.0),AE,A,AED,FCSC,ANN_CNT,IMP,_Z,_Z,60,2022,94874.95,,,,0
FCSA:DF_TRADE_COUNTRY_YR(5.1.0),AE,A,AED,FCSC,ANN_CNT,IMP,_Z,_Z,60,2023,84191.93,,,,0
FCSA:DF_TRADE_COUNTRY_YR(5.1.0),AE,A,AED,FCSC,ANN_CNT,IMP,_Z,_Z,60,2024,107322.46,,,,0
FCSA:DF_TRADE_COUNTRY_YR(5.1.0),AE,A,AED,FCSC,ANN_CNT,TTRADE,_Z,_Z,882,2017,13983.91,,,,0
FCSA:DF_TRADE_COUNTRY_YR(5.1.0),AE,A,AED,FCSC,ANN_CNT,TTRADE,_Z,_Z,882,2018,236504.93,,,,0
FCSA:DF_TRADE_COUNTRY_YR(5.1.0),AE,A,AED,FCSC,ANN_CNT,TTRADE,_Z,_Z,882,2019,605743.87,,,,0
FCSA:DF_TRADE_COUNTRY_YR(5.1.0),AE,A,AED,FCSC,ANN_CNT,TTRADE,_Z,_Z,882,2020,378013.98,,,,0
FCSA:DF_TRADE_COUNTRY_YR(5.1.0),AE,A,AED,FCSC,ANN_CNT,TTRADE,_Z,_Z,882,2021,1529711.36,,,,0
FCSA:DF_TRADE_COUNTRY_YR(5.1.0),AE,A,AED,FCSC,ANN_CNT,TTRADE,_Z,_Z,882,2022,2594100.32,,,,0
FCSA:DF_TRADE_COUNTRY_YR(5.1.0),AE,A,AED,FCSC,ANN_CNT,TTRADE,_Z,_Z,882,2023,938091.61,,,,0
FCSA:DF_TRADE_COUNTRY_YR(5.1.0),AE,A,AED,FCSC,ANN_CNT,NOEXP,_Z,_Z,336,2018,0.00,,,,0
FCSA:DF_TRADE_COUNTRY_YR(5.1.0),AE,A,AED,FCSC,ANN_CNT,NOEXP,_Z,_Z,336,2022,172272.00,,,,0
FCSA:DF_TRADE_COUNTRY_YR(5.1.0),AE,A,AED,FCSC,ANN_CNT,NOEXP,_Z,_Z,336,2024,0.00,,,,0
FCSA:DF_TRADE_COUNTRY_YR(5.1.0),AE,A,AED,FCSC,ANN_CNT,TTRADE,_Z,_Z,581,2019,505809.67,,,,0
FCSA:DF_TRADE_COUNTRY_YR(5.1.0),AE,A,AED,FCSC,ANN_CNT,TTRADE,_Z,_Z,581,2020,5292.00,,,,0
FCSA:DF_TRADE_COUNTRY_YR(5.1.0),AE,A,AED,FCSC,ANN_CNT,TTRADE,_Z,_Z,581,2021,285403.68,,,,0
FCSA:DF_TRADE_COUNTRY_YR(5.1.0),AE,A,AED,FCSC,ANN_CNT,TTRADE,_Z,_Z,581,2022,1132664.90,,,,0
FCSA:DF_TRADE_COUNTRY_YR(5.1.0),AE,A,AED,FCSC,ANN_CNT,TTRADE,_Z,_Z,581,2023,469874.51,,,,0
FCSA:DF_TRADE_COUNTRY_YR(5.1.0),AE,A,AED,FCSC,ANN_CNT,TTRADE,_Z,_Z,581,2024,7635765.08,,,,0
FCSA:DF_TRADE_COUNTRY_YR(5.1.0),AE,A,AED,FCSC,ANN_CNT,IMP,_Z,_Z,262,2017,14185857.18,,,,0
FCSA:DF_TRADE_COUNTRY_YR(5.1.0),AE,A,AED,FCSC,ANN_CNT,IMP,_Z,_Z,262,2018,3602091.04,,,,0
FCSA:DF_TRADE_COUNTRY_YR(5.1.0),AE,A,AED,FCSC,ANN_CNT,IMP,_Z,_Z,262,2019,5221748.50,,,,0
FCSA:DF_TRADE_COUNTRY_YR(5.1.0),AE,A,AED,FCSC,ANN_CNT,IMP,_Z,_Z,262,2020,9408339.94,,,,0
FCSA:DF_TRADE_COUNTRY_YR(5.1.0),AE,A,AED,FCSC,ANN_CNT,IMP,_Z,_Z,262,2021,39222797.65,,,,0
FCSA:DF_TRADE_COUNTRY_YR(5.1.0),AE,A,AED,FCSC,ANN_CNT,IMP,_Z,_Z,262,2022,1445404.05,,,,0
FCSA:DF_TRADE_COUNTRY_YR(5.1.0),AE,A,AED,FCSC,ANN_CNT,IMP,_Z,_Z,262,2023,19948402.42,,,,0
FCSA:DF_TRADE_COUNTRY_YR(5.1.0),AE,A,AED,FCSC,ANN_CNT,IMP,_Z,_Z,262,2024,70231046.72,,,,0
FCSA:DF_TRADE_COUNTRY_YR(5.1.0),AE,A,AED,FCSC,ANN_CNT,REEXP,_Z,_Z,585,2017,306580.00,,,,0
FCSA:DF_TRADE_COUNTRY_YR(5.1.0),AE,A,AED,FCSC,ANN_CNT,REEXP,_Z,_Z,585,2018,776736.10,,,,0
FCSA:DF_TRADE_COUNTRY_YR(5.1.0),AE,A,AED,FCSC,ANN_CNT,REEXP,_Z,_Z,585,2019,682390.74,,,,0
FCSA:DF_TRADE_COUNTRY_YR(5.1.0),AE,A,AED,FCSC,ANN_CNT,REEXP,_Z,_Z,585,2020,522171.07,,,,0
FCSA:DF_TRADE_COUNTRY_YR(5.1.0),AE,A,AED,FCSC,ANN_CNT,REEXP,_Z,_Z,585,2021,717631.94,,,,0
FCSA:DF_TRADE_COUNTRY_YR(5.1.0),AE,A,AED,FCSC,ANN_CNT,REEXP,_Z,_Z,585,2022,1456610.02,,,,0
FCSA:DF_TRADE_COUNTRY_YR(5.1.0),AE,A,AED,FCSC,ANN_CNT,REEXP,_Z,_Z,585,2023,236101.25,,,,0
FCSA:DF_TRADE_COUNTRY_YR(5.1.0),AE,A,AED,FCSC,ANN_CNT,REEXP,_Z,_Z,585,2024,101735.92,,,,0
FCSA:DF_TRADE_COUNTRY_YR(5.1.0),AE,A,AED,FCSC,ANN_CNT,REEXP,_Z,_Z,798,2017,0.00,,,,0
FCSA:DF_TRADE_COUNTRY_YR(5.1.0),AE,A,AED,FCSC,ANN_CNT,REEXP,_Z,_Z,798,2018,96600.00,,,,0
FCSA:DF_TRADE_COUNTRY_YR(5.1.0),AE,A,AED,FCSC,ANN_CNT,REEXP,_Z,_Z,798,2019,0.00,,,,0
FCSA:DF_TRADE_COUNTRY_YR(5.1.0),AE,A,AED,FCSC,ANN_CNT,REEXP,_Z,_Z,798,2021,1268.44,,,,0
FCSA:DF_TRADE_COUNTRY_YR(5.1.0),AE,A,AED,FCSC,ANN_CNT,REEXP,_Z,_Z,798,2022,339877.98,,,,0
FCSA:DF_TRADE_COUNTRY_YR(5.1.0),AE,A,AED,FCSC,ANN_CNT,REEXP,_Z,_Z,798,2023,140399.46,,,,0
FCSA:DF_TRADE_COUNTRY_YR(5.1.0),AE,A,AED,FCSC,ANN_CNT,REEXP,_Z,_Z,798,2024,369220.02,,,,0
FCSA:DF_TRADE_COUNTRY_YR(5.1.0),AE,A,AED,FCSC,ANN_CNT,REEXP,_Z,_Z,232,2017,223260099.21,,,,0
FCSA:DF_TRADE_COUNTRY_YR(5.1.0),AE,A,AED,FCSC,ANN_CNT,REEXP,_Z,_Z,232,2018,251623612.80,,,,0
FCSA:DF_TRADE_COUNTRY_YR(5.1.0),AE,A,AED,FCSC,ANN_CNT,REEXP,_Z,_Z,232,2019,286431202.61,,,,0
FCSA:DF_TRADE_COUNTRY_YR(5.1.0),AE,A,AED,FCSC,ANN_CNT,REEXP,_Z,_Z,232,2020,218346716.23,,,,0
FCSA:DF_TRADE_COUNTRY_YR(5.1.0),AE,A,AED,FCSC,ANN_CNT,REEXP,_Z,_Z,232,2021,296793825.15,,,,0
FCSA:DF_TRADE_COUNTRY_YR(5.1.0),AE,A,AED,FCSC,ANN_CNT,REEXP,_Z,_Z,232,2022,294773593.22,,,,0
FCSA:DF_TRADE_COUNTRY_YR(5.1.0),AE,A,AED,FCSC,ANN_CNT,REEXP,_Z,_Z,232,2023,296164909.69,,,,0
FCSA:DF_TRADE_COUNTRY_YR(5.1.0),AE,A,AED,FCSC,ANN_CNT,REEXP,_Z,_Z,232,2024,283206293.63,,,,0
FCSA:DF_TRADE_COUNTRY_YR(5.1.0),AE,A,AED,FCSC,ANN_CNT,IMP,_Z,_Z,705,2017,396022714.23,,,,0
FCSA:DF_TRADE_COUNTRY_YR(5.1.0),AE,A,AED,FCSC,ANN_CNT,IMP,_Z,_Z,705,2018,462238948.56,,,,0
FCSA:DF_TRADE_COUNTRY_YR(5.1.0),AE,A,AED,FCSC,ANN_CNT,IMP,_Z,_Z,705,2019,425673992.76,,,,0
FCSA:DF_TRADE_COUNTRY_YR(5.1.0),AE,A,AED,FCSC,ANN_CNT,IMP,_Z,_Z,705,2020,402608830.23,,,,0
FCSA:DF_TRADE_COUNTRY_YR(5.1.0),AE,A,AED,FCSC,ANN_CNT,IMP,_Z,_Z,705,2021,488261037.13,,,,0
FCSA:DF_TRADE_COUNTRY_YR(5.1.0),AE,A,AED,FCSC,ANN_CNT,IMP,_Z,_Z,705,2022,539785152.36,,,,0
FCSA:DF_TRADE_COUNTRY_YR(5.1.0),AE,A,AED,FCSC,ANN_CNT,IMP,_Z,_Z,705,2023,628665800.15,,,,0
FCSA:DF_TRADE_COUNTRY_YR(5.1.0),AE,A,AED,FCSC,ANN_CNT,IMP,_Z,_Z,705,2024,753730333.80,,,,0
FCSA:DF_TRADE_COUNTRY_YR(5.1.0),AE,A,AED,FCSC,ANN_CNT,NOEXP,_Z,_Z,422,2017,1586601092.90,,,,0
FCSA:DF_TRADE_COUNTRY_YR(5.1.0),AE,A,AED,FCSC,ANN_CNT,NOEXP,_Z,_Z,422,2018,1520639686.86,,,,0
FCSA:DF_TRADE_COUNTRY_YR(5.1.0),AE,A,AED,FCSC,ANN_CNT,NOEXP,_Z,_Z,422,2019,1453846019.83,,,,0
FCSA:DF_TRADE_COUNTRY_YR(5.1.0),AE,A,AED,FCSC,ANN_CNT,NOEXP,_Z,_Z,422,2020,1756317114.43,,,,0
FCSA:DF_TRADE_COUNTRY_YR(5.1.0),AE,A,AED,FCSC,ANN_CNT,NOEXP,_Z,_Z,422,2021,1458677745.11,,,,0
FCSA:DF_TRADE_COUNTRY_YR(5.1.0),AE,A,AED,FCSC,ANN_CNT,NOEXP,_Z,_Z,422,2022,1210430274.98,,,,0
FCSA:DF_TRADE_COUNTRY_YR(5.1.0),AE,A,AED,FCSC,ANN_CNT,NOEXP,_Z,_Z,422,2023,1709879992.19,,,,0
FCSA:DF_TRADE_COUNTRY_YR(5.1.0),AE,A,AED,FCSC,ANN_CNT,NOEXP,_Z,_Z,422,2024,3851273219.07,,,,0
FCSA:DF_TRADE_COUNTRY_YR(5.1.0),AE,A,AED,FCSC,ANN_CNT,REEXP,_Z,_Z,788,2017,612543509.11,,,,0
FCSA:DF_TRADE_COUNTRY_YR(5.1.0),AE,A,AED,FCSC,ANN_CNT,REEXP,_Z,_Z,788,2018,435925465.89,,,,0
FCSA:DF_TRADE_COUNTRY_YR(5.1.0),AE,A,AED,FCSC,ANN_CNT,REEXP,_Z,_Z,788,2019,305879428.52,,,,0
FCSA:DF_TRADE_COUNTRY_YR(5.1.0),AE,A,AED,FCSC,ANN_CNT,REEXP,_Z,_Z,788,2020,566543234.27,,,,0
FCSA:DF_TRADE_COUNTRY_YR(5.1.0),AE,A,AED,FCSC,ANN_CNT,REEXP,_Z,_Z,788,2021,526211153.63,,,,0
FCSA:DF_TRADE_COUNTRY_YR(5.1.0),AE,A,AED,FCSC,ANN_CNT,REEXP,_Z,_Z,788,2022,506795153.29,,,,0
FCSA:DF_TRADE_COUNTRY_YR(5.1.0),AE,A,AED,FCSC,ANN_CNT,REEXP,_Z,_Z,788,2023,338181075.09,,,,0
FCSA:DF_TRADE_COUNTRY_YR(5.1.0),AE,A,AED,FCSC,ANN_CNT,REEXP,_Z,_Z,788,2024,395346755.83,,,,0
FCSA:DF_TRADE_COUNTRY_YR(5.1.0),AE,A,AED,FCSC,ANN_CNT,TTRADE,_Z,_Z,578,2017,2341661848.34,,,,0
FCSA:DF_TRADE_COUNTRY_YR(5.1.0),AE,A,AED,FCSC,ANN_CNT,TTRADE,_Z,_Z,578,2018,1253111807.18,,,,0
FCSA:DF_TRADE_COUNTRY_YR(5.1.0),AE,A,AED,FCSC,ANN_CNT,TTRADE,_Z,_Z,578,2019,1735786907.83,,,,0
FCSA:DF_TRADE_COUNTRY_YR(5.1.0),AE,A,AED,FCSC,ANN_CNT,TTRADE,_Z,_Z,578,2020,1334908670.16,,,,0
FCSA:DF_TRADE_COUNTRY_YR(5.1.0),AE,A,AED,FCSC,ANN_CNT,TTRADE,_Z,_Z,578,2021,1366279462.66,,,,0
FCSA:DF_TRADE_COUNTRY_YR(5.1.0),AE,A,AED,FCSC,ANN_CNT,TTRADE,_Z,_Z,578,2022,1296452631.38,,,,0
FCSA:DF_TRADE_COUNTRY_YR(5.1.0),AE,A,AED,FCSC,ANN_CNT,TTRADE,_Z,_Z,578,2023,1841410762.01,,,,0
FCSA:DF_TRADE_COUNTRY_YR(5.1.0),AE,A,AED,FCSC,ANN_CNT,TTRADE,_Z,_Z,578,2024,1774988288.07,,,,0
FCSA:DF_TRADE_COUNTRY_YR(5.1.0),AE,A,AED,FCSC,ANN_CNT,REEXP,_Z,_Z,466,2017,134371985.18,,,,0
FCSA:DF_TRADE_COUNTRY_YR(5.1.0),AE,A,AED,FCSC,ANN_CNT,REEXP,_Z,_Z,466,2018,224275760.78,,,,0
FCSA:DF_TRADE_COUNTRY_YR(5.1.0),AE,A,AED,FCSC,ANN_CNT,REEXP,_Z,_Z,466,2019,273158609.90,,,,0
FCSA:DF_TRADE_COUNTRY_YR(5.1.0),AE,A,AED,FCSC,ANN_CNT,REEXP,_Z,_Z,466,2020,377739633.72,,,,0
FCSA:DF_TRADE_COUNTRY_YR(5.1.0),AE,A,AED,FCSC,ANN_CNT,REEXP,_Z,_Z,466,2021,647940445.68,,,,0
FCSA:DF_TRADE_COUNTRY_YR(5.1.0),AE,A,AED,FCSC,ANN_CNT,REEXP,_Z,_Z,466,2022,657097087.19,,,,0
FCSA:DF_TRADE_COUNTRY_YR(5.1.0),AE,A,AED,FCSC,ANN_CNT,REEXP,_Z,_Z,466,2023,481744736.50,,,,0
FCSA:DF_TRADE_COUNTRY_YR(5.1.0),AE,A,AED,FCSC,ANN_CNT,REEXP,_Z,_Z,466,2024,540737793.67,,,,0
FCSA:DF_TRADE_COUNTRY_YR(5.1.0),AE,A,AED,FCSC,ANN_CNT,REEXP,_Z,_Z,638,2017,44421540.46,,,,0
FCSA:DF_TRADE_COUNTRY_YR(5.1.0),AE,A,AED,FCSC,ANN_CNT,REEXP,_Z,_Z,638,2018,32606358.72,,,,0
FCSA:DF_TRADE_COUNTRY_YR(5.1.0),AE,A,AED,FCSC,ANN_CNT,REEXP,_Z,_Z,638,2019,32392046.58,,,,0
FCSA:DF_TRADE_COUNTRY_YR(5.1.0),AE,A,AED,FCSC,ANN_CNT,REEXP,_Z,_Z,638,2020,18695855.46,,,,0
FCSA:DF_TRADE_COUNTRY_YR(5.1.0),AE,A,AED,FCSC,ANN_CNT,REEXP,_Z,_Z,638,2021,24480120.27,,,,0
FCSA:DF_TRADE_COUNTRY_YR(5.1.0),AE,A,AED,FCSC,ANN_CNT,REEXP,_Z,_Z,638,2022,35778142.66,,,,0
FCSA:DF_TRADE_COUNTRY_YR(5.1.0),AE,A,AED,FCSC,ANN_CNT,REEXP,_Z,_Z,638,2023,55432965.51,,,,0
FCSA:DF_TRADE_COUNTRY_YR(5.1.0),AE,A,AED,FCSC,ANN_CNT,REEXP,_Z,_Z,638,2024,664047012.69,,,,0
FCSA:DF_TRADE_COUNTRY_YR(5.1.0),AE,A,AED,FCSC,ANN_CNT,IMP,_Z,_Z,796,2017,0.00,,,,0
FCSA:DF_TRADE_COUNTRY_YR(5.1.0),AE,A,AED,FCSC,ANN_CNT,IMP,_Z,_Z,796,2018,794.62,,,,0
FCSA:DF_TRADE_COUNTRY_YR(5.1.0),AE,A,AED,FCSC,ANN_CNT,IMP,_Z,_Z,796,2019,0.00,,,,0
FCSA:DF_TRADE_COUNTRY_YR(5.1.0),AE,A,AED,FCSC,ANN_CNT,IMP,_Z,_Z,796,2020,55896.32,,,,0
FCSA:DF_TRADE_COUNTRY_YR(5.1.0),AE,A,AED,FCSC,ANN_CNT,IMP,_Z,_Z,796,2021,3995.09,,,,0
FCSA:DF_TRADE_COUNTRY_YR(5.1.0),AE,A,AED,FCSC,ANN_CNT,IMP,_Z,_Z,796,2022,0.00,,,,0
FCSA:DF_TRADE_COUNTRY_YR(5.1.0),AE,A,AED,FCSC,ANN_CNT,IMP,_Z,_Z,796,2023,2583171.47,,,,0
FCSA:DF_TRADE_COUNTRY_YR(5.1.0),AE,A,AED,FCSC,ANN_CNT,IMP,_Z,_Z,796,2024,6903890.00,,,,0
FCSA:DF_TRADE_COUNTRY_YR(5.1.0),AE,A,AED,FCSC,ANN_CNT,TTRADE,_Z,_Z,10,2017,13029.00,,,,0
FCSA:DF_TRADE_COUNTRY_YR(5.1.0),AE,A,AED,FCSC,ANN_CNT,TTRADE,_Z,_Z,10,2018,33792.00,,,,0
FCSA:DF_TRADE_COUNTRY_YR(5.1.0),AE,A,AED,FCSC,ANN_CNT,TTRADE,_Z,_Z,10,2019,20865.00,,,,0
FCSA:DF_TRADE_COUNTRY_YR(5.1.0),AE,A,AED,FCSC,ANN_CNT,TTRADE,_Z,_Z,10,2020,304936.60,,,,0
FCSA:DF_TRADE_COUNTRY_YR(5.1.0),AE,A,AED,FCSC,ANN_CNT,TTRADE,_Z,_Z,10,2021,211148.44,,,,0
FCSA:DF_TRADE_COUNTRY_YR(5.1.0),AE,A,AED,FCSC,ANN_CNT,TTRADE,_Z,_Z,10,2022,213623.12,,,,0
FCSA:DF_TRADE_COUNTRY_YR(5.1.0),AE,A,AED,FCSC,ANN_CNT,TTRADE,_Z,_Z,10,2023,1759045.76,,,,0
FCSA:DF_TRADE_COUNTRY_YR(5.1.0),AE,A,AED,FCSC,ANN_CNT,TTRADE,_Z,_Z,10,2024,67515.83,,,,0
FCSA:DF_TRADE_COUNTRY_YR(5.1.0),AE,A,AED,FCSC,ANN_CNT,TTRADE,_Z,_Z,760,2017,3719890194.58,,,,0
FCSA:DF_TRADE_COUNTRY_YR(5.1.0),AE,A,AED,FCSC,ANN_CNT,TTRADE,_Z,_Z,760,2018,4535286667.20,,,,0
FCSA:DF_TRADE_COUNTRY_YR(5.1.0),AE,A,AED,FCSC,ANN_CNT,TTRADE,_Z,_Z,760,2019,3202172893.72,,,,0
FCSA:DF_TRADE_COUNTRY_YR(5.1.0),AE,A,AED,FCSC,ANN_CNT,TTRADE,_Z,_Z,760,2020,2624888298.74,,,,0
FCSA:DF_TRADE_COUNTRY_YR(5.1.0),AE,A,AED,FCSC,ANN_CNT,TTRADE,_Z,_Z,760,2021,1879914234.92,,,,0
FCSA:DF_TRADE_COUNTRY_YR(5.1.0),AE,A,AED,FCSC,ANN_CNT,TTRADE,_Z,_Z,760,2022,1869325564.36,,,,0
FCSA:DF_TRADE_COUNTRY_YR(5.1.0),AE,A,AED,FCSC,ANN_CNT,TTRADE,_Z,_Z,760,2023,1936523935.28,,,,0
FCSA:DF_TRADE_COUNTRY_YR(5.1.0),AE,A,AED,FCSC,ANN_CNT,TTRADE,_Z,_Z,760,2024,2170716202.78,,,,0
FCSA:DF_TRADE_COUNTRY_YR(5.1.0),AE,A,AED,FCSC,ANN_CNT,REEXP,_Z,_Z,440,2017,77794686.33,,,,0
FCSA:DF_TRADE_COUNTRY_YR(5.1.0),AE,A,AED,FCSC,ANN_CNT,REEXP,_Z,_Z,440,2018,126885354.31,,,,0
FCSA:DF_TRADE_COUNTRY_YR(5.1.0),AE,A,AED,FCSC,ANN_CNT,REEXP,_Z,_Z,440,2019,161103586.95,,,,0
FCSA:DF_TRADE_COUNTRY_YR(5.1.0),AE,A,AED,FCSC,ANN_CNT,REEXP,_Z,_Z,440,2020,200054484.67,,,,0
FCSA:DF_TRADE_COUNTRY_YR(5.1.0),AE,A,AED,FCSC,ANN_CNT,REEXP,_Z,_Z,440,2021,187689271.43,,,,0
FCSA:DF_TRADE_COUNTRY_YR(5.1.0),AE,A,AED,FCSC,ANN_CNT,REEXP,_Z,_Z,440,2022,254285135.78,,,,0
FCSA:DF_TRADE_COUNTRY_YR(5.1.0),AE,A,AED,FCSC,ANN_CNT,REEXP,_Z,_Z,440,2023,250054657.79,,,,0
FCSA:DF_TRADE_COUNTRY_YR(5.1.0),AE,A,AED,FCSC,ANN_CNT,REEXP,_Z,_Z,440,2024,252799792.53,,,,0
FCSA:DF_TRADE_COUNTRY_YR(5.1.0),AE,A,AED,FCSC,ANN_CNT,NOEXP,_Z,_Z,646,2017,8729445.79,,,,0
FCSA:DF_TRADE_COUNTRY_YR(5.1.0),AE,A,AED,FCSC,ANN_CNT,NOEXP,_Z,_Z,646,2018,21425728.36,,,,0
FCSA:DF_TRADE_COUNTRY_YR(5.1.0),AE,A,AED,FCSC,ANN_CNT,NOEXP,_Z,_Z,646,2019,33610007.07,,,,0
FCSA:DF_TRADE_COUNTRY_YR(5.1.0),AE,A,AED,FCSC,ANN_CNT,NOEXP,_Z,_Z,646,2020,43770118.38,,,,0
FCSA:DF_TRADE_COUNTRY_YR(5.1.0),AE,A,AED,FCSC,ANN_CNT,NOEXP,_Z,_Z,646,2021,54593917.18,,,,0
FCSA:DF_TRADE_COUNTRY_YR(5.1.0),AE,A,AED,FCSC,ANN_CNT,NOEXP,_Z,_Z,646,2022,60069589.12,,,,0
FCSA:DF_TRADE_COUNTRY_YR(5.1.0),AE,A,AED,FCSC,ANN_CNT,NOEXP,_Z,_Z,646,2023,90568746.57,,,,0
FCSA:DF_TRADE_COUNTRY_YR(5.1.0),AE,A,AED,FCSC,ANN_CNT,NOEXP,_Z,_Z,646,2024,73348324.26,,,,0
FCSA:DF_TRADE_COUNTRY_YR(5.1.0),AE,A,AED,FCSC,ANN_CNT,TNOEXP,_Z,_Z,328,2017,5530226.55,,,,0
FCSA:DF_TRADE_COUNTRY_YR(5.1.0),AE,A,AED,FCSC,ANN_CNT,TNOEXP,_Z,_Z,328,2018,8579921.36,,,,0
FCSA:DF_TRADE_COUNTRY_YR(5.1.0),AE,A,AED,FCSC,ANN_CNT,TNOEXP,_Z,_Z,328,2019,12207113.36,,,,0
FCSA:DF_TRADE_COUNTRY_YR(5.1.0),AE,A,AED,FCSC,ANN_CNT,TNOEXP,_Z,_Z,328,2020,23691935.50,,,,0
FCSA:DF_TRADE_COUNTRY_YR(5.1.0),AE,A,AED,FCSC,ANN_CNT,TNOEXP,_Z,_Z,328,2021,53976784.95,,,,0
FCSA:DF_TRADE_COUNTRY_YR(5.1.0),AE,A,AED,FCSC,ANN_CNT,TNOEXP,_Z,_Z,328,2022,45820350.31,,,,0
FCSA:DF_TRADE_COUNTRY_YR(5.1.0),AE,A,AED,FCSC,ANN_CNT,TNOEXP,_Z,_Z,328,2023,84322044.05,,,,0
FCSA:DF_TRADE_COUNTRY_YR(5.1.0),AE,A,AED,FCSC,ANN_CNT,TNOEXP,_Z,_Z,328,2024,113276921.54,,,,0
FCSA:DF_TRADE_COUNTRY_YR(5.1.0),AE,A,AED,FCSC,ANN_CNT,REEXP,_Z,_Z,703,2017,8937466.81,,,,0
FCSA:DF_TRADE_COUNTRY_YR(5.1.0),AE,A,AED,FCSC,ANN_CNT,REEXP,_Z,_Z,703,2018,6830955.88,,,,0
FCSA:DF_TRADE_COUNTRY_YR(5.1.0),AE,A,AED,FCSC,ANN_CNT,REEXP,_Z,_Z,703,2019,21626122.38,,,,0
FCSA:DF_TRADE_COUNTRY_YR(5.1.0),AE,A,AED,FCSC,ANN_CNT,REEXP,_Z,_Z,703,2020,43746244.31,,,,0
FCSA:DF_TRADE_COUNTRY_YR(5.1.0),AE,A,AED,FCSC,ANN_CNT,REEXP,_Z,_Z,703,2021,39163769.40,,,,0
FCSA:DF_TRADE_COUNTRY_YR(5.1.0),AE,A,AED,FCSC,ANN_CNT,REEXP,_Z,_Z,703,2022,42346233.63,,,,0
FCSA:DF_TRADE_COUNTRY_YR(5.1.0),AE,A,AED,FCSC,ANN_CNT,REEXP,_Z,_Z,703,2023,40800266.05,,,,0
FCSA:DF_TRADE_COUNTRY_YR(5.1.0),AE,A,AED,FCSC,ANN_CNT,REEXP,_Z,_Z,703,2024,24728728.43,,,,0
FCSA:DF_TRADE_COUNTRY_YR(5.1.0),AE,A,AED,FCSC,ANN_CNT,REEXP,_Z,_Z,612,2020,176094.43,,,,0
FCSA:DF_TRADE_COUNTRY_YR(5.1.0),AE,A,AED,FCSC,ANN_CNT,REEXP,_Z,_Z,612,2021,0.00,,,,0
FCSA:DF_TRADE_COUNTRY_YR(5.1.0),AE,A,AED,FCSC,ANN_CNT,REEXP,_Z,_Z,612,2022,0.00,,,,0
FCSA:DF_TRADE_COUNTRY_YR(5.1.0),AE,A,AED,FCSC,ANN_CNT,REEXP,_Z,_Z,612,2023,2548.78,,,,0
FCSA:DF_TRADE_COUNTRY_YR(5.1.0),AE,A,AED,FCSC,ANN_CNT,REEXP,_Z,_Z,612,2024,0.00,,,,0
FCSA:DF_TRADE_COUNTRY_YR(5.1.0),AE,A,AED,FCSC,ANN_CNT,REEXP,_Z,_Z,729,2017,1979884308.32,,,,0
FCSA:DF_TRADE_COUNTRY_YR(5.1.0),AE,A,AED,FCSC,ANN_CNT,REEXP,_Z,_Z,729,2018,1718724753.70,,,,0
FCSA:DF_TRADE_COUNTRY_YR(5.1.0),AE,A,AED,FCSC,ANN_CNT,REEXP,_Z,_Z,729,2019,1840462952.50,,,,0
FCSA:DF_TRADE_COUNTRY_YR(5.1.0),AE,A,AED,FCSC,ANN_CNT,REEXP,_Z,_Z,729,2020,2358786274.18,,,,0
FCSA:DF_TRADE_COUNTRY_YR(5.1.0),AE,A,AED,FCSC,ANN_CNT,REEXP,_Z,_Z,729,2021,2472963100.43,,,,0
FCSA:DF_TRADE_COUNTRY_YR(5.1.0),AE,A,AED,FCSC,ANN_CNT,REEXP,_Z,_Z,729,2022,3117514303.76,,,,0
FCSA:DF_TRADE_COUNTRY_YR(5.1.0),AE,A,AED,FCSC,ANN_CNT,REEXP,_Z,_Z,729,2023,1825834972.77,,,,0
FCSA:DF_TRADE_COUNTRY_YR(5.1.0),AE,A,AED,FCSC,ANN_CNT,REEXP,_Z,_Z,729,2024,3971433739.32,,,,0
FCSA:DF_TRADE_COUNTRY_YR(5.1.0),AE,A,AED,FCSC,ANN_CNT,IMP,_Z,_Z,484,2017,3901939943.38,,,,0
FCSA:DF_TRADE_COUNTRY_YR(5.1.0),AE,A,AED,FCSC,ANN_CNT,IMP,_Z,_Z,484,2018,4185585490.34,,,,0
FCSA:DF_TRADE_COUNTRY_YR(5.1.0),AE,A,AED,FCSC,ANN_CNT,IMP,_Z,_Z,484,2019,4801608128.79,,,,0
FCSA:DF_TRADE_COUNTRY_YR(5.1.0),AE,A,AED,FCSC,ANN_CNT,IMP,_Z,_Z,484,2020,4496195116.23,,,,0
FCSA:DF_TRADE_COUNTRY_YR(5.1.0),AE,A,AED,FCSC,ANN_CNT,IMP,_Z,_Z,484,2021,4638292226.72,,,,0
FCSA:DF_TRADE_COUNTRY_YR(5.1.0),AE,A,AED,FCSC,ANN_CNT,IMP,_Z,_Z,484,2022,6003830510.83,,,,0
FCSA:DF_TRADE_COUNTRY_YR(5.1.0),AE,A,AED,FCSC,ANN_CNT,IMP,_Z,_Z,484,2023,7762733875.05,,,,0
FCSA:DF_TRADE_COUNTRY_YR(5.1.0),AE,A,AED,FCSC,ANN_CNT,IMP,_Z,_Z,484,2024,8050382256.66,,,,0
FCSA:DF_TRADE_COUNTRY_YR(5.1.0),AE,A,AED,FCSC,ANN_CNT,TTRADE,_Z,_Z,478,2017,562673545.56,,,,0
FCSA:DF_TRADE_COUNTRY_YR(5.1.0),AE,A,AED,FCSC,ANN_CNT,TTRADE,_Z,_Z,478,2018,619393663.04,,,,0
FCSA:DF_TRADE_COUNTRY_YR(5.1.0),AE,A,AED,FCSC,ANN_CNT,TTRADE,_Z,_Z,478,2019,545580808.92,,,,0
FCSA:DF_TRADE_COUNTRY_YR(5.1.0),AE,A,AED,FCSC,ANN_CNT,TTRADE,_Z,_Z,478,2020,682465190.04,,,,0
FCSA:DF_TRADE_COUNTRY_YR(5.1.0),AE,A,AED,FCSC,ANN_CNT,TTRADE,_Z,_Z,478,2021,854678617.60,,,,0
FCSA:DF_TRADE_COUNTRY_YR(5.1.0),AE,A,AED,FCSC,ANN_CNT,TTRADE,_Z,_Z,478,2022,2198214920.64,,,,0
FCSA:DF_TRADE_COUNTRY_YR(5.1.0),AE,A,AED,FCSC,ANN_CNT,TTRADE,_Z,_Z,478,2023,1726908256.52,,,,0
FCSA:DF_TRADE_COUNTRY_YR(5.1.0),AE,A,AED,FCSC,ANN_CNT,TTRADE,_Z,_Z,478,2024,1525097519.49,,,,0
FCSA:DF_TRADE_COUNTRY_YR(5.1.0),AE,A,AED,FCSC,ANN_CNT,NOEXP,_Z,_Z,562,2017,15560527.90,,,,0
FCSA:DF_TRADE_COUNTRY_YR(5.1.0),AE,A,AED,FCSC,ANN_CNT,NOEXP,_Z,_Z,562,2018,24836431.95,,,,0
FCSA:DF_TRADE_COUNTRY_YR(5.1.0),AE,A,AED,FCSC,ANN_CNT,NOEXP,_Z,_Z,562,2019,85135329.35,,,,0
FCSA:DF_TRADE_COUNTRY_YR(5.1.0),AE,A,AED,FCSC,ANN_CNT,NOEXP,_Z,_Z,562,2020,171613571.32,,,,0
FCSA:DF_TRADE_COUNTRY_YR(5.1.0),AE,A,AED,FCSC,ANN_CNT,NOEXP,_Z,_Z,562,2021,249804550.33,,,,0
FCSA:DF_TRADE_COUNTRY_YR(5.1.0),AE,A,AED,FCSC,ANN_CNT,NOEXP,_Z,_Z,562,2022,360752685.99,,,,0
FCSA:DF_TRADE_COUNTRY_YR(5.1.0),AE,A,AED,FCSC,ANN_CNT,NOEXP,_Z,_Z,562,2023,340651172.28,,,,0
FCSA:DF_TRADE_COUNTRY_YR(5.1.0),AE,A,AED,FCSC,ANN_CNT,NOEXP,_Z,_Z,562,2024,489789472.20,,,,0
FCSA:DF_TRADE_COUNTRY_YR(5.1.0),AE,A,AED,FCSC,ANN_CNT,REEXP,_Z,_Z,360,2017,488665042.01,,,,0
FCSA:DF_TRADE_COUNTRY_YR(5.1.0),AE,A,AED,FCSC,ANN_CNT,REEXP,_Z,_Z,360,2018,437481253.32,,,,0
FCSA:DF_TRADE_COUNTRY_YR(5.1.0),AE,A,AED,FCSC,ANN_CNT,REEXP,_Z,_Z,360,2019,1359684734.48,,,,0
FCSA:DF_TRADE_COUNTRY_YR(5.1.0),AE,A,AED,FCSC,ANN_CNT,REEXP,_Z,_Z,360,2020,624077711.29,,,,0
FCSA:DF_TRADE_COUNTRY_YR(5.1.0),AE,A,AED,FCSC,ANN_CNT,REEXP,_Z,_Z,360,2021,1128189980.16,,,,0
FCSA:DF_TRADE_COUNTRY_YR(5.1.0),AE,A,AED,FCSC,ANN_CNT,REEXP,_Z,_Z,360,2022,1184719916.73,,,,0
FCSA:DF_TRADE_COUNTRY_YR(5.1.0),AE,A,AED,FCSC,ANN_CNT,REEXP,_Z,_Z,360,2023,995901474.21,,,,0
FCSA:DF_TRADE_COUNTRY_YR(5.1.0),AE,A,AED,FCSC,ANN_CNT,REEXP,_Z,_Z,360,2024,1762025246.88,,,,0
FCSA:DF_TRADE_COUNTRY_YR(5.1.0),AE,A,AED,FCSC,ANN_CNT,REEXP,_Z,_Z,222,2017,3053012.22,,,,0
FCSA:DF_TRADE_COUNTRY_YR(5.1.0),AE,A,AED,FCSC,ANN_CNT,REEXP,_Z,_Z,222,2018,3334125.79,,,,0
FCSA:DF_TRADE_COUNTRY_YR(5.1.0),AE,A,AED,FCSC,ANN_CNT,REEXP,_Z,_Z,222,2019,374336.82,,,,0
FCSA:DF_TRADE_COUNTRY_YR(5.1.0),AE,A,AED,FCSC,ANN_CNT,REEXP,_Z,_Z,222,2020,3756696.07,,,,0
FCSA:DF_TRADE_COUNTRY_YR(5.1.0),AE,A,AED,FCSC,ANN_CNT,REEXP,_Z,_Z,222,2021,3199621.97,,,,0
FCSA:DF_TRADE_COUNTRY_YR(5.1.0),AE,A,AED,FCSC,ANN_CNT,REEXP,_Z,_Z,222,2022,4073144.29,,,,0
FCSA:DF_TRADE_COUNTRY_YR(5.1.0),AE,A,AED,FCSC,ANN_CNT,REEXP,_Z,_Z,222,2023,4341361.58,,,,0
FCSA:DF_TRADE_COUNTRY_YR(5.1.0),AE,A,AED,FCSC,ANN_CNT,REEXP,_Z,_Z,222,2024,2632654.76,,,,0
FCSA:DF_TRADE_COUNTRY_YR(5.1.0),AE,A,AED,FCSC,ANN_CNT,NOEXP,_Z,_Z,191,2017,35325141.56,,,,0
FCSA:DF_TRADE_COUNTRY_YR(5.1.0),AE,A,AED,FCSC,ANN_CNT,NOEXP,_Z,_Z,191,2018,43501734.38,,,,0
FCSA:DF_TRADE_COUNTRY_YR(5.1.0),AE,A,AED,FCSC,ANN_CNT,NOEXP,_Z,_Z,191,2019,49527237.17,,,,0
FCSA:DF_TRADE_COUNTRY_YR(5.1.0),AE,A,AED,FCSC,ANN_CNT,NOEXP,_Z,_Z,191,2020,42504640.38,,,,0
FCSA:DF_TRADE_COUNTRY_YR(5.1.0),AE,A,AED,FCSC,ANN_CNT,NOEXP,_Z,_Z,191,2021,137379231.12,,,,0
FCSA:DF_TRADE_COUNTRY_YR(5.1.0),AE,A,AED,FCSC,ANN_CNT,NOEXP,_Z,_Z,191,2022,140668991.70,,,,0
FCSA:DF_TRADE_COUNTRY_YR(5.1.0),AE,A,AED,FCSC,ANN_CNT,NOEXP,_Z,_Z,191,2023,158089825.37,,,,0
FCSA:DF_TRADE_COUNTRY_YR(5.1.0),AE,A,AED,FCSC,ANN_CNT,NOEXP,_Z,_Z,191,2024,151602366.10,,,,0
FCSA:DF_TRADE_COUNTRY_YR(5.1.0),AE,A,AED,FCSC,ANN_CNT,NOEXP,_Z,_Z,850,2017,0.00,,,,0
FCSA:DF_TRADE_COUNTRY_YR(5.1.0),AE,A,AED,FCSC,ANN_CNT,NOEXP,_Z,_Z,850,2018,523091.39,,,,0
FCSA:DF_TRADE_COUNTRY_YR(5.1.0),AE,A,AED,FCSC,ANN_CNT,NOEXP,_Z,_Z,850,2019,7135064.61,,,,0
FCSA:DF_TRADE_COUNTRY_YR(5.1.0),AE,A,AED,FCSC,ANN_CNT,NOEXP,_Z,_Z,850,2020,14565.56,,,,0
FCSA:DF_TRADE_COUNTRY_YR(5.1.0),AE,A,AED,FCSC,ANN_CNT,NOEXP,_Z,_Z,850,2021,70656.86,,,,0
FCSA:DF_TRADE_COUNTRY_YR(5.1.0),AE,A,AED,FCSC,ANN_CNT,NOEXP,_Z,_Z,850,2022,268829.04,,,,0
FCSA:DF_TRADE_COUNTRY_YR(5.1.0),AE,A,AED,FCSC,ANN_CNT,NOEXP,_Z,_Z,850,2023,72616.83,,,,0
FCSA:DF_TRADE_COUNTRY_YR(5.1.0),AE,A,AED,FCSC,ANN_CNT,NOEXP,_Z,_Z,850,2024,147559.89,,,,0
FCSA:DF_TRADE_COUNTRY_YR(5.1.0),AE,A,AED,FCSC,ANN_CNT,TNOEXP,_Z,_Z,764,2017,4106326841.70,,,,0
FCSA:DF_TRADE_COUNTRY_YR(5.1.0),AE,A,AED,FCSC,ANN_CNT,TNOEXP,_Z,_Z,764,2018,4076803346.14,,,,0
FCSA:DF_TRADE_COUNTRY_YR(5.1.0),AE,A,AED,FCSC,ANN_CNT,TNOEXP,_Z,_Z,764,2019,5130212899.12,,,,0
FCSA:DF_TRADE_COUNTRY_YR(5.1.0),AE,A,AED,FCSC,ANN_CNT,TNOEXP,_Z,_Z,764,2020,2696276294.46,,,,0
FCSA:DF_TRADE_COUNTRY_YR(5.1.0),AE,A,AED,FCSC,ANN_CNT,TNOEXP,_Z,_Z,764,2021,4488877646.10,,,,0
FCSA:DF_TRADE_COUNTRY_YR(5.1.0),AE,A,AED,FCSC,ANN_CNT,TNOEXP,_Z,_Z,764,2022,5473147395.79,,,,0
FCSA:DF_TRADE_COUNTRY_YR(5.1.0),AE,A,AED,FCSC,ANN_CNT,TNOEXP,_Z,_Z,764,2023,5341244025.38,,,,0
FCSA:DF_TRADE_COUNTRY_YR(5.1.0),AE,A,AED,FCSC,ANN_CNT,TNOEXP,_Z,_Z,764,2024,6106285518.31,,,,0
FCSA:DF_TRADE_COUNTRY_YR(5.1.0),AE,A,AED,FCSC,ANN_CNT,REEXP,_Z,_Z,716,2017,144322697.84,,,,0
FCSA:DF_TRADE_COUNTRY_YR(5.1.0),AE,A,AED,FCSC,ANN_CNT,REEXP,_Z,_Z,716,2018,211678566.17,,,,0
FCSA:DF_TRADE_COUNTRY_YR(5.1.0),AE,A,AED,FCSC,ANN_CNT,REEXP,_Z,_Z,716,2019,214428413.95,,,,0
FCSA:DF_TRADE_COUNTRY_YR(5.1.0),AE,A,AED,FCSC,ANN_CNT,REEXP,_Z,_Z,716,2020,299210340.80,,,,0
FCSA:DF_TRADE_COUNTRY_YR(5.1.0),AE,A,AED,FCSC,ANN_CNT,REEXP,_Z,_Z,716,2021,462249253.51,,,,0
FCSA:DF_TRADE_COUNTRY_YR(5.1.0),AE,A,AED,FCSC,ANN_CNT,REEXP,_Z,_Z,716,2022,1052256149.69,,,,0
FCSA:DF_TRADE_COUNTRY_YR(5.1.0),AE,A,AED,FCSC,ANN_CNT,REEXP,_Z,_Z,716,2023,869427129.13,,,,0
FCSA:DF_TRADE_COUNTRY_YR(5.1.0),AE,A,AED,FCSC,ANN_CNT,REEXP,_Z,_Z,716,2024,674376373.43,,,,0
FCSA:DF_TRADE_COUNTRY_YR(5.1.0),AE,A,AED,FCSC,ANN_CNT,REEXP,_Z,_Z,72,2017,449444040.25,,,,0
FCSA:DF_TRADE_COUNTRY_YR(5.1.0),AE,A,AED,FCSC,ANN_CNT,REEXP,_Z,_Z,72,2018,174020215.67,,,,0
FCSA:DF_TRADE_COUNTRY_YR(5.1.0),AE,A,AED,FCSC,ANN_CNT,REEXP,_Z,_Z,72,2019,144163168.53,,,,0
FCSA:DF_TRADE_COUNTRY_YR(5.1.0),AE,A,AED,FCSC,ANN_CNT,REEXP,_Z,_Z,72,2020,993243107.08,,,,0
FCSA:DF_TRADE_COUNTRY_YR(5.1.0),AE,A,AED,FCSC,ANN_CNT,REEXP,_Z,_Z,72,2021,1407448551.81,,,,0
FCSA:DF_TRADE_COUNTRY_YR(5.1.0),AE,A,AED,FCSC,ANN_CNT,REEXP,_Z,_Z,72,2022,489737045.28,,,,0
FCSA:DF_TRADE_COUNTRY_YR(5.1.0),AE,A,AED,FCSC,ANN_CNT,REEXP,_Z,_Z,72,2023,635068921.14,,,,0
FCSA:DF_TRADE_COUNTRY_YR(5.1.0),AE,A,AED,FCSC,ANN_CNT,REEXP,_Z,_Z,72,2024,363915034.34,,,,0
FCSA:DF_TRADE_COUNTRY_YR(5.1.0),AE,A,AED,FCSC,ANN_CNT,TNOEXP,_Z,_Z,512,2017,27816651246.93,,,,0
FCSA:DF_TRADE_COUNTRY_YR(5.1.0),AE,A,AED,FCSC,ANN_CNT,TNOEXP,_Z,_Z,512,2018,37763236001.26,,,,0
FCSA:DF_TRADE_COUNTRY_YR(5.1.0),AE,A,AED,FCSC,ANN_CNT,TNOEXP,_Z,_Z,512,2019,39994179997.54,,,,0
FCSA:DF_TRADE_COUNTRY_YR(5.1.0),AE,A,AED,FCSC,ANN_CNT,TNOEXP,_Z,_Z,512,2020,35583954934.12,,,,0
FCSA:DF_TRADE_COUNTRY_YR(5.1.0),AE,A,AED,FCSC,ANN_CNT,TNOEXP,_Z,_Z,512,2021,37046830828.57,,,,0
FCSA:DF_TRADE_COUNTRY_YR(5.1.0),AE,A,AED,FCSC,ANN_CNT,TNOEXP,_Z,_Z,512,2022,39068437489.11,,,,0
FCSA:DF_TRADE_COUNTRY_YR(5.1.0),AE,A,AED,FCSC,ANN_CNT,TNOEXP,_Z,_Z,512,2023,40084603943.91,,,,0
FCSA:DF_TRADE_COUNTRY_YR(5.1.0),AE,A,AED,FCSC,ANN_CNT,TNOEXP,_Z,_Z,512,2024,40525998421.66,,,,0
FCSA:DF_TRADE_COUNTRY_YR(5.1.0),AE,A,AED,FCSC,ANN_CNT,TTRADE,_Z,_Z,404,2017,7840395986.97,,,,0
FCSA:DF_TRADE_COUNTRY_YR(5.1.0),AE,A,AED,FCSC,ANN_CNT,TTRADE,_Z,_Z,404,2018,7071594604.69,,,,0
FCSA:DF_TRADE_COUNTRY_YR(5.1.0),AE,A,AED,FCSC,ANN_CNT,TTRADE,_Z,_Z,404,2019,9771498224.99,,,,0
FCSA:DF_TRADE_COUNTRY_YR(5.1.0),AE,A,AED,FCSC,ANN_CNT,TTRADE,_Z,_Z,404,2020,6854565425.92,,,,0
FCSA:DF_TRADE_COUNTRY_YR(5.1.0),AE,A,AED,FCSC,ANN_CNT,TTRADE,_Z,_Z,404,2021,8172742571.44,,,,0
FCSA:DF_TRADE_COUNTRY_YR(5.1.0),AE,A,AED,FCSC,ANN_CNT,TTRADE,_Z,_Z,404,2022,8892252884.02,,,,0
FCSA:DF_TRADE_COUNTRY_YR(5.1.0),AE,A,AED,FCSC,ANN_CNT,TTRADE,_Z,_Z,404,2023,11433093872.10,,,,0
FCSA:DF_TRADE_COUNTRY_YR(5.1.0),AE,A,AED,FCSC,ANN_CNT,TTRADE,_Z,_Z,404,2024,14615454425.32,,,,0
FCSA:DF_TRADE_COUNTRY_YR(5.1.0),AE,A,AED,FCSC,ANN_CNT,IMP,_Z,_Z,694,2017,44984027.70,,,,0
FCSA:DF_TRADE_COUNTRY_YR(5.1.0),AE,A,AED,FCSC,ANN_CNT,IMP,_Z,_Z,694,2018,75101842.51,,,,0
FCSA:DF_TRADE_COUNTRY_YR(5.1.0),AE,A,AED,FCSC,ANN_CNT,IMP,_Z,_Z,694,2019,155620992.83,,,,0
FCSA:DF_TRADE_COUNTRY_YR(5.1.0),AE,A,AED,FCSC,ANN_CNT,IMP,_Z,_Z,694,2020,104132907.01,,,,0
FCSA:DF_TRADE_COUNTRY_YR(5.1.0),AE,A,AED,FCSC,ANN_CNT,IMP,_Z,_Z,694,2021,256427945.60,,,,0
FCSA:DF_TRADE_COUNTRY_YR(5.1.0),AE,A,AED,FCSC,ANN_CNT,IMP,_Z,_Z,694,2022,237215699.31,,,,0
FCSA:DF_TRADE_COUNTRY_YR(5.1.0),AE,A,AED,FCSC,ANN_CNT,IMP,_Z,_Z,694,2023,175399163.79,,,,0
FCSA:DF_TRADE_COUNTRY_YR(5.1.0),AE,A,AED,FCSC,ANN_CNT,IMP,_Z,_Z,694,2024,283366800.10,,,,0
FCSA:DF_TRADE_COUNTRY_YR(5.1.0),AE,A,AED,FCSC,ANN_CNT,TTRADE,_Z,_Z,260,2018,21523.00,,,,0
FCSA:DF_TRADE_COUNTRY_YR(5.1.0),AE,A,AED,FCSC,ANN_CNT,TTRADE,_Z,_Z,260,2023,1229.16,,,,0
FCSA:DF_TRADE_COUNTRY_YR(5.1.0),AE,A,AED,FCSC,ANN_CNT,TTRADE,_Z,_Z,260,2024,71775.15,,,,0
FCSA:DF_TRADE_COUNTRY_YR(5.1.0),AE,A,AED,FCSC,ANN_CNT,TTRADE,_Z,_Z,643,2017,9252202663.46,,,,0
FCSA:DF_TRADE_COUNTRY_YR(5.1.0),AE,A,AED,FCSC,ANN_CNT,TTRADE,_Z,_Z,643,2018,12544550143.69,,,,0
FCSA:DF_TRADE_COUNTRY_YR(5.1.0),AE,A,AED,FCSC,ANN_CNT,TTRADE,_Z,_Z,643,2019,13521845399.18,,,,0
FCSA:DF_TRADE_COUNTRY_YR(5.1.0),AE,A,AED,FCSC,ANN_CNT,TTRADE,_Z,_Z,643,2020,9394011103.38,,,,0
FCSA:DF_TRADE_COUNTRY_YR(5.1.0),AE,A,AED,FCSC,ANN_CNT,TTRADE,_Z,_Z,643,2021,18951920770.70,,,,0
FCSA:DF_TRADE_COUNTRY_YR(5.1.0),AE,A,AED,FCSC,ANN_CNT,TTRADE,_Z,_Z,643,2022,39590229354.16,,,,0
FCSA:DF_TRADE_COUNTRY_YR(5.1.0),AE,A,AED,FCSC,ANN_CNT,TTRADE,_Z,_Z,643,2023,40175561443.80,,,,0
FCSA:DF_TRADE_COUNTRY_YR(5.1.0),AE,A,AED,FCSC,ANN_CNT,TTRADE,_Z,_Z,643,2024,42161078151.04,,,,0
FCSA:DF_TRADE_COUNTRY_YR(5.1.0),AE,A,AED,FCSC,ANN_CNT,IMP,_Z,_Z,40,2017,4376565566.27,,,,0
FCSA:DF_TRADE_COUNTRY_YR(5.1.0),AE,A,AED,FCSC,ANN_CNT,IMP,_Z,_Z,40,2018,4584850588.57,,,,0
FCSA:DF_TRADE_COUNTRY_YR(5.1.0),AE,A,AED,FCSC,ANN_CNT,IMP,_Z,_Z,40,2019,3788355225.37,,,,0
FCSA:DF_TRADE_COUNTRY_YR(5.1.0),AE,A,AED,FCSC,ANN_CNT,IMP,_Z,_Z,40,2020,3465561490.29,,,,0
FCSA:DF_TRADE_COUNTRY_YR(5.1.0),AE,A,AED,FCSC,ANN_CNT,IMP,_Z,_Z,40,2021,3554183032.39,,,,0
FCSA:DF_TRADE_COUNTRY_YR(5.1.0),AE,A,AED,FCSC,ANN_CNT,IMP,_Z,_Z,40,2022,3880503202.78,,,,0
FCSA:DF_TRADE_COUNTRY_YR(5.1.0),AE,A,AED,FCSC,ANN_CNT,IMP,_Z,_Z,40,2023,4795229628.95,,,,0
FCSA:DF_TRADE_COUNTRY_YR(5.1.0),AE,A,AED,FCSC,ANN_CNT,IMP,_Z,_Z,40,2024,5736739879.55,,,,0
FCSA:DF_TRADE_COUNTRY_YR(5.1.0),AE,A,AED,FCSC,ANN_CNT,IMP,_Z,_Z,454,2017,51372830.65,,,,0
FCSA:DF_TRADE_COUNTRY_YR(5.1.0),AE,A,AED,FCSC,ANN_CNT,IMP,_Z,_Z,454,2018,105811041.59,,,,0
FCSA:DF_TRADE_COUNTRY_YR(5.1.0),AE,A,AED,FCSC,ANN_CNT,IMP,_Z,_Z,454,2019,112654402.47,,,,0
FCSA:DF_TRADE_COUNTRY_YR(5.1.0),AE,A,AED,FCSC,ANN_CNT,IMP,_Z,_Z,454,2020,125986435.72,,,,0
FCSA:DF_TRADE_COUNTRY_YR(5.1.0),AE,A,AED,FCSC,ANN_CNT,IMP,_Z,_Z,454,2021,353505417.08,,,,0
FCSA:DF_TRADE_COUNTRY_YR(5.1.0),AE,A,AED,FCSC,ANN_CNT,IMP,_Z,_Z,454,2022,893585092.27,,,,0
FCSA:DF_TRADE_COUNTRY_YR(5.1.0),AE,A,AED,FCSC,ANN_CNT,IMP,_Z,_Z,454,2023,92282023.26,,,,0
FCSA:DF_TRADE_COUNTRY_YR(5.1.0),AE,A,AED,FCSC,ANN_CNT,IMP,_Z,_Z,454,2024,388548919.28,,,,0
FCSA:DF_TRADE_COUNTRY_YR(5.1.0),AE,A,AED,FCSC,ANN_CNT,TNOEXP,_Z,_Z,492,2017,13154214.24,,,,0
FCSA:DF_TRADE_COUNTRY_YR(5.1.0),AE,A,AED,FCSC,ANN_CNT,TNOEXP,_Z,_Z,492,2018,1984061.18,,,,0
FCSA:DF_TRADE_COUNTRY_YR(5.1.0),AE,A,AED,FCSC,ANN_CNT,TNOEXP,_Z,_Z,492,2019,3611770.75,,,,0
FCSA:DF_TRADE_COUNTRY_YR(5.1.0),AE,A,AED,FCSC,ANN_CNT,TNOEXP,_Z,_Z,492,2020,493381.07,,,,0
FCSA:DF_TRADE_COUNTRY_YR(5.1.0),AE,A,AED,FCSC,ANN_CNT,TNOEXP,_Z,_Z,492,2021,439789.72,,,,0
FCSA:DF_TRADE_COUNTRY_YR(5.1.0),AE,A,AED,FCSC,ANN_CNT,TNOEXP,_Z,_Z,492,2022,7012917.77,,,,0
FCSA:DF_TRADE_COUNTRY_YR(5.1.0),AE,A,AED,FCSC,ANN_CNT,TNOEXP,_Z,_Z,492,2023,10402335.27,,,,0
FCSA:DF_TRADE_COUNTRY_YR(5.1.0),AE,A,AED,FCSC,ANN_CNT,TNOEXP,_Z,_Z,492,2024,19618976.59,,,,0
FCSA:DF_TRADE_COUNTRY_YR(5.1.0),AE,A,AED,FCSC,ANN_CNT,IMP,_Z,_Z,748,2017,36029357.51,,,,0
FCSA:DF_TRADE_COUNTRY_YR(5.1.0),AE,A,AED,FCSC,ANN_CNT,IMP,_Z,_Z,748,2018,12707594.59,,,,0
FCSA:DF_TRADE_COUNTRY_YR(5.1.0),AE,A,AED,FCSC,ANN_CNT,IMP,_Z,_Z,748,2019,49919371.03,,,,0
FCSA:DF_TRADE_COUNTRY_YR(5.1.0),AE,A,AED,FCSC,ANN_CNT,IMP,_Z,_Z,748,2020,26415077.40,,,,0
FCSA:DF_TRADE_COUNTRY_YR(5.1.0),AE,A,AED,FCSC,ANN_CNT,IMP,_Z,_Z,748,2021,36760571.29,,,,0
FCSA:DF_TRADE_COUNTRY_YR(5.1.0),AE,A,AED,FCSC,ANN_CNT,IMP,_Z,_Z,748,2022,26602682.29,,,,0
FCSA:DF_TRADE_COUNTRY_YR(5.1.0),AE,A,AED,FCSC,ANN_CNT,IMP,_Z,_Z,748,2023,31436904.62,,,,0
FCSA:DF_TRADE_COUNTRY_YR(5.1.0),AE,A,AED,FCSC,ANN_CNT,IMP,_Z,_Z,748,2024,42622759.18,,,,0
FCSA:DF_TRADE_COUNTRY_YR(5.1.0),AE,A,AED,FCSC,ANN_CNT,TTRADE,_Z,_Z,674,2017,11214779.53,,,,0
FCSA:DF_TRADE_COUNTRY_YR(5.1.0),AE,A,AED,FCSC,ANN_CNT,TTRADE,_Z,_Z,674,2018,20086818.91,,,,0
FCSA:DF_TRADE_COUNTRY_YR(5.1.0),AE,A,AED,FCSC,ANN_CNT,TTRADE,_Z,_Z,674,2019,25271009.44,,,,0
FCSA:DF_TRADE_COUNTRY_YR(5.1.0),AE,A,AED,FCSC,ANN_CNT,TTRADE,_Z,_Z,674,2020,7621044.13,,,,0
FCSA:DF_TRADE_COUNTRY_YR(5.1.0),AE,A,AED,FCSC,ANN_CNT,TTRADE,_Z,_Z,674,2021,17077579.79,,,,0
FCSA:DF_TRADE_COUNTRY_YR(5.1.0),AE,A,AED,FCSC,ANN_CNT,TTRADE,_Z,_Z,674,2022,16124290.29,,,,0
FCSA:DF_TRADE_COUNTRY_YR(5.1.0),AE,A,AED,FCSC,ANN_CNT,TTRADE,_Z,_Z,674,2023,32797609.04,,,,0
FCSA:DF_TRADE_COUNTRY_YR(5.1.0),AE,A,AED,FCSC,ANN_CNT,TTRADE,_Z,_Z,674,2024,36093669.67,,,,0
FCSA:DF_TRADE_COUNTRY_YR(5.1.0),AE,A,AED,FCSC,ANN_CNT,NOEXP,_Z,_Z,408,2017,0.00,,,,0
FCSA:DF_TRADE_COUNTRY_YR(5.1.0),AE,A,AED,FCSC,ANN_CNT,NOEXP,_Z,_Z,408,2018,2597958.00,,,,0
FCSA:DF_TRADE_COUNTRY_YR(5.1.0),AE,A,AED,FCSC,ANN_CNT,NOEXP,_Z,_Z,408,2019,0.00,,,,0
FCSA:DF_TRADE_COUNTRY_YR(5.1.0),AE,A,AED,FCSC,ANN_CNT,NOEXP,_Z,_Z,408,2020,0.00,,,,0
FCSA:DF_TRADE_COUNTRY_YR(5.1.0),AE,A,AED,FCSC,ANN_CNT,NOEXP,_Z,_Z,408,2021,4497596.00,,,,0
FCSA:DF_TRADE_COUNTRY_YR(5.1.0),AE,A,AED,FCSC,ANN_CNT,NOEXP,_Z,_Z,408,2022,0.00,,,,0
FCSA:DF_TRADE_COUNTRY_YR(5.1.0),AE,A,AED,FCSC,ANN_CNT,NOEXP,_Z,_Z,392,2017,2850223833.80,,,,0
FCSA:DF_TRADE_COUNTRY_YR(5.1.0),AE,A,AED,FCSC,ANN_CNT,NOEXP,_Z,_Z,392,2018,2939422119.00,,,,0
FCSA:DF_TRADE_COUNTRY_YR(5.1.0),AE,A,AED,FCSC,ANN_CNT,NOEXP,_Z,_Z,392,2019,4434258853.55,,,,0
FCSA:DF_TRADE_COUNTRY_YR(5.1.0),AE,A,AED,FCSC,ANN_CNT,NOEXP,_Z,_Z,392,2020,3341179760.62,,,,0
FCSA:DF_TRADE_COUNTRY_YR(5.1.0),AE,A,AED,FCSC,ANN_CNT,NOEXP,_Z,_Z,392,2021,6344706287.93,,,,0
FCSA:DF_TRADE_COUNTRY_YR(5.1.0),AE,A,AED,FCSC,ANN_CNT,NOEXP,_Z,_Z,392,2022,6521822013.34,,,,0
FCSA:DF_TRADE_COUNTRY_YR(5.1.0),AE,A,AED,FCSC,ANN_CNT,NOEXP,_Z,_Z,392,2023,4761647484.18,,,,0
FCSA:DF_TRADE_COUNTRY_YR(5.1.0),AE,A,AED,FCSC,ANN_CNT,NOEXP,_Z,_Z,392,2024,4203987448.21,,,,0
FCSA:DF_TRADE_COUNTRY_YR(5.1.0),AE,A,AED,FCSC,ANN_CNT,TNOEXP,_Z,_Z,50,2017,2864347724.38,,,,0
FCSA:DF_TRADE_COUNTRY_YR(5.1.0),AE,A,AED,FCSC,ANN_CNT,TNOEXP,_Z,_Z,50,2018,4242227320.49,,,,0
FCSA:DF_TRADE_COUNTRY_YR(5.1.0),AE,A,AED,FCSC,ANN_CNT,TNOEXP,_Z,_Z,50,2019,4601585285.06,,,,0
FCSA:DF_TRADE_COUNTRY_YR(5.1.0),AE,A,AED,FCSC,ANN_CNT,TNOEXP,_Z,_Z,50,2020,3712002206.18,,,,0
FCSA:DF_TRADE_COUNTRY_YR(5.1.0),AE,A,AED,FCSC,ANN_CNT,TNOEXP,_Z,_Z,50,2021,4335841677.52,,,,0
FCSA:DF_TRADE_COUNTRY_YR(5.1.0),AE,A,AED,FCSC,ANN_CNT,TNOEXP,_Z,_Z,50,2022,4910470180.16,,,,0
FCSA:DF_TRADE_COUNTRY_YR(5.1.0),AE,A,AED,FCSC,ANN_CNT,TNOEXP,_Z,_Z,50,2023,4696112821.14,,,,0
FCSA:DF_TRADE_COUNTRY_YR(5.1.0),AE,A,AED,FCSC,ANN_CNT,TNOEXP,_Z,_Z,50,2024,4520992411.81,,,,0
FCSA:DF_TRADE_COUNTRY_YR(5.1.0),AE,A,AED,FCSC,ANN_CNT,TTRADE,_Z,_Z,724,2017,8941496403.98,,,,0
FCSA:DF_TRADE_COUNTRY_YR(5.1.0),AE,A,AED,FCSC,ANN_CNT,TTRADE,_Z,_Z,724,2018,9714299471.31,,,,0
FCSA:DF_TRADE_COUNTRY_YR(5.1.0),AE,A,AED,FCSC,ANN_CNT,TTRADE,_Z,_Z,724,2019,9341321618.22,,,,0
FCSA:DF_TRADE_COUNTRY_YR(5.1.0),AE,A,AED,FCSC,ANN_CNT,TTRADE,_Z,_Z,724,2020,8023898796.94,,,,0
FCSA:DF_TRADE_COUNTRY_YR(5.1.0),AE,A,AED,FCSC,ANN_CNT,TTRADE,_Z,_Z,724,2021,9473798755.38,,,,0
FCSA:DF_TRADE_COUNTRY_YR(5.1.0),AE,A,AED,FCSC,ANN_CNT,TTRADE,_Z,_Z,724,2022,9849962669.19,,,,0
FCSA:DF_TRADE_COUNTRY_YR(5.1.0),AE,A,AED,FCSC,ANN_CNT,TTRADE,_Z,_Z,724,2023,10344703285.05,,,,0
FCSA:DF_TRADE_COUNTRY_YR(5.1.0),AE,A,AED,FCSC,ANN_CNT,TTRADE,_Z,_Z,724,2024,11920392029.19,,,,0
FCSA:DF_TRADE_COUNTRY_YR(5.1.0),AE,A,AED,FCSC,ANN_CNT,TNOEXP,_Z,_Z,833,2017,486319.75,,,,0
FCSA:DF_TRADE_COUNTRY_YR(5.1.0),AE,A,AED,FCSC,ANN_CNT,TNOEXP,_Z,_Z,833,2018,45945.00,,,,0
FCSA:DF_TRADE_COUNTRY_YR(5.1.0),AE,A,AED,FCSC,ANN_CNT,TNOEXP,_Z,_Z,833,2019,6882.00,,,,0
FCSA:DF_TRADE_COUNTRY_YR(5.1.0),AE,A,AED,FCSC,ANN_CNT,TNOEXP,_Z,_Z,833,2020,283076.98,,,,0
FCSA:DF_TRADE_COUNTRY_YR(5.1.0),AE,A,AED,FCSC,ANN_CNT,TNOEXP,_Z,_Z,833,2021,257886.00,,,,0
FCSA:DF_TRADE_COUNTRY_YR(5.1.0),AE,A,AED,FCSC,ANN_CNT,TNOEXP,_Z,_Z,833,2023,438334.75,,,,0
FCSA:DF_TRADE_COUNTRY_YR(5.1.0),AE,A,AED,FCSC,ANN_CNT,TNOEXP,_Z,_Z,833,2024,1063026.35,,,,0
FCSA:DF_TRADE_COUNTRY_YR(5.1.0),AE,A,AED,FCSC,ANN_CNT,TNOEXP,_Z,_Z,438,2017,35541.83,,,,0
FCSA:DF_TRADE_COUNTRY_YR(5.1.0),AE,A,AED,FCSC,ANN_CNT,TNOEXP,_Z,_Z,438,2018,1013379.54,,,,0
FCSA:DF_TRADE_COUNTRY_YR(5.1.0),AE,A,AED,FCSC,ANN_CNT,TNOEXP,_Z,_Z,438,2019,148478.19,,,,0
FCSA:DF_TRADE_COUNTRY_YR(5.1.0),AE,A,AED,FCSC,ANN_CNT,TNOEXP,_Z,_Z,438,2020,45560.39,,,,0
FCSA:DF_TRADE_COUNTRY_YR(5.1.0),AE,A,AED,FCSC,ANN_CNT,TNOEXP,_Z,_Z,438,2021,9509264.08,,,,0
FCSA:DF_TRADE_COUNTRY_YR(5.1.0),AE,A,AED,FCSC,ANN_CNT,TNOEXP,_Z,_Z,438,2022,284087.33,,,,0
FCSA:DF_TRADE_COUNTRY_YR(5.1.0),AE,A,AED,FCSC,ANN_CNT,TNOEXP,_Z,_Z,438,2023,345220.19,,,,0
FCSA:DF_TRADE_COUNTRY_YR(5.1.0),AE,A,AED,FCSC,ANN_CNT,TNOEXP,_Z,_Z,438,2024,16675.00,,,,0
FCSA:DF_TRADE_COUNTRY_YR(5.1.0),AE,A,AED,FCSC,ANN_CNT,TTRADE,_Z,_Z,840,2017,112242349627.45,,,,0
FCSA:DF_TRADE_COUNTRY_YR(5.1.0),AE,A,AED,FCSC,ANN_CNT,TTRADE,_Z,_Z,840,2018,99349065177.64,,,,0
FCSA:DF_TRADE_COUNTRY_YR(5.1.0),AE,A,AED,FCSC,ANN_CNT,TTRADE,_Z,_Z,840,2019,96568649393.73,,,,0
FCSA:DF_TRADE_COUNTRY_YR(5.1.0),AE,A,AED,FCSC,ANN_CNT,TTRADE,_Z,_Z,840,2020,80211763780.85,,,,0
FCSA:DF_TRADE_COUNTRY_YR(5.1.0),AE,A,AED,FCSC,ANN_CNT,TTRADE,_Z,_Z,840,2021,89998744304.35,,,,0
FCSA:DF_TRADE_COUNTRY_YR(5.1.0),AE,A,AED,FCSC,ANN_CNT,TTRADE,_Z,_Z,840,2022,120840647566.24,,,,0
FCSA:DF_TRADE_COUNTRY_YR(5.1.0),AE,A,AED,FCSC,ANN_CNT,TTRADE,_Z,_Z,840,2023,148203942872.35,,,,0
FCSA:DF_TRADE_COUNTRY_YR(5.1.0),AE,A,AED,FCSC,ANN_CNT,TTRADE,_Z,_Z,840,2024,139555740183.23,,,,0
FCSA:DF_TRADE_COUNTRY_YR(5.1.0),AE,A,AED,FCSC,ANN_CNT,IMP,_Z,_Z,434,2017,6001898424.69,,,,0
FCSA:DF_TRADE_COUNTRY_YR(5.1.0),AE,A,AED,FCSC,ANN_CNT,IMP,_Z,_Z,434,2018,2513153713.72,,,,0
FCSA:DF_TRADE_COUNTRY_YR(5.1.0),AE,A,AED,FCSC,ANN_CNT,IMP,_Z,_Z,434,2019,5767254856.32,,,,0
FCSA:DF_TRADE_COUNTRY_YR(5.1.0),AE,A,AED,FCSC,ANN_CNT,IMP,_Z,_Z,434,2020,3507885104.93,,,,0
FCSA:DF_TRADE_COUNTRY_YR(5.1.0),AE,A,AED,FCSC,ANN_CNT,IMP,_Z,_Z,434,2021,3511480601.80,,,,0
FCSA:DF_TRADE_COUNTRY_YR(5.1.0),AE,A,AED,FCSC,ANN_CNT,IMP,_Z,_Z,434,2022,6555098596.27,,,,0
FCSA:DF_TRADE_COUNTRY_YR(5.1.0),AE,A,AED,FCSC,ANN_CNT,IMP,_Z,_Z,434,2023,6794841948.43,,,,0
FCSA:DF_TRADE_COUNTRY_YR(5.1.0),AE,A,AED,FCSC,ANN_CNT,IMP,_Z,_Z,434,2024,6261640348.43,,,,0
FCSA:DF_TRADE_COUNTRY_YR(5.1.0),AE,A,AED,FCSC,ANN_CNT,NOEXP,_Z,_Z,12,2017,594053726.21,,,,0
FCSA:DF_TRADE_COUNTRY_YR(5.1.0),AE,A,AED,FCSC,ANN_CNT,NOEXP,_Z,_Z,12,2018,995702933.02,,,,0
FCSA:DF_TRADE_COUNTRY_YR(5.1.0),AE,A,AED,FCSC,ANN_CNT,NOEXP,_Z,_Z,12,2019,714753915.88,,,,0
FCSA:DF_TRADE_COUNTRY_YR(5.1.0),AE,A,AED,FCSC,ANN_CNT,NOEXP,_Z,_Z,12,2020,792854879.86,,,,0
FCSA:DF_TRADE_COUNTRY_YR(5.1.0),AE,A,AED,FCSC,ANN_CNT,NOEXP,_Z,_Z,12,2021,1188783970.08,,,,0
FCSA:DF_TRADE_COUNTRY_YR(5.1.0),AE,A,AED,FCSC,ANN_CNT,NOEXP,_Z,_Z,12,2022,1107926973.90,,,,0
FCSA:DF_TRADE_COUNTRY_YR(5.1.0),AE,A,AED,FCSC,ANN_CNT,NOEXP,_Z,_Z,12,2023,1876422862.67,,,,0
FCSA:DF_TRADE_COUNTRY_YR(5.1.0),AE,A,AED,FCSC,ANN_CNT,NOEXP,_Z,_Z,12,2024,1939757976.14,,,,0
FCSA:DF_TRADE_COUNTRY_YR(5.1.0),AE,A,AED,FCSC,ANN_CNT,TTRADE,_Z,_Z,795,2017,1097326269.19,,,,0
FCSA:DF_TRADE_COUNTRY_YR(5.1.0),AE,A,AED,FCSC,ANN_CNT,TTRADE,_Z,_Z,795,2018,1114674594.84,,,,0
FCSA:DF_TRADE_COUNTRY_YR(5.1.0),AE,A,AED,FCSC,ANN_CNT,TTRADE,_Z,_Z,795,2019,1023054791.77,,,,0
FCSA:DF_TRADE_COUNTRY_YR(5.1.0),AE,A,AED,FCSC,ANN_CNT,TTRADE,_Z,_Z,795,2020,739519082.91,,,,0
FCSA:DF_TRADE_COUNTRY_YR(5.1.0),AE,A,AED,FCSC,ANN_CNT,TTRADE,_Z,_Z,795,2021,937741274.43,,,,0
FCSA:DF_TRADE_COUNTRY_YR(5.1.0),AE,A,AED,FCSC,ANN_CNT,TTRADE,_Z,_Z,795,2022,4523923959.10,,,,0
FCSA:DF_TRADE_COUNTRY_YR(5.1.0),AE,A,AED,FCSC,ANN_CNT,TTRADE,_Z,_Z,795,2023,3762058523.71,,,,0
FCSA:DF_TRADE_COUNTRY_YR(5.1.0),AE,A,AED,FCSC,ANN_CNT,TTRADE,_Z,_Z,795,2024,6416916011.33,,,,0
FCSA:DF_TRADE_COUNTRY_YR(5.1.0),AE,A,AED,FCSC,ANN_CNT,TNOEXP,_Z,_Z,666,2021,32039.00,,,,0
FCSA:DF_TRADE_COUNTRY_YR(5.1.0),AE,A,AED,FCSC,ANN_CNT,TNOEXP,_Z,_Z,666,2022,212146.00,,,,0
FCSA:DF_TRADE_COUNTRY_YR(5.1.0),AE,A,AED,FCSC,ANN_CNT,TNOEXP,_Z,_Z,666,2023,40766.00,,,,0
FCSA:DF_TRADE_COUNTRY_YR(5.1.0),AE,A,AED,FCSC,ANN_CNT,TNOEXP,_Z,_Z,666,2024,1500.00,,,,0
FCSA:DF_TRADE_COUNTRY_YR(5.1.0),AE,A,AED,FCSC,ANN_CNT,TNOEXP,_Z,_Z,788,2017,1014229405.57,,,,0
FCSA:DF_TRADE_COUNTRY_YR(5.1.0),AE,A,AED,FCSC,ANN_CNT,TNOEXP,_Z,_Z,788,2018,807784948.00,,,,0
FCSA:DF_TRADE_COUNTRY_YR(5.1.0),AE,A,AED,FCSC,ANN_CNT,TNOEXP,_Z,_Z,788,2019,783654256.56,,,,0
FCSA:DF_TRADE_COUNTRY_YR(5.1.0),AE,A,AED,FCSC,ANN_CNT,TNOEXP,_Z,_Z,788,2020,901718513.14,,,,0
FCSA:DF_TRADE_COUNTRY_YR(5.1.0),AE,A,AED,FCSC,ANN_CNT,TNOEXP,_Z,_Z,788,2021,931840709.45,,,,0
FCSA:DF_TRADE_COUNTRY_YR(5.1.0),AE,A,AED,FCSC,ANN_CNT,TNOEXP,_Z,_Z,788,2022,975542723.34,,,,0
FCSA:DF_TRADE_COUNTRY_YR(5.1.0),AE,A,AED,FCSC,ANN_CNT,TNOEXP,_Z,_Z,788,2023,711304898.53,,,,0
FCSA:DF_TRADE_COUNTRY_YR(5.1.0),AE,A,AED,FCSC,ANN_CNT,TNOEXP,_Z,_Z,788,2024,719420469.17,,,,0
FCSA:DF_TRADE_COUNTRY_YR(5.1.0),AE,A,AED,FCSC,ANN_CNT,IMP,_Z,_Z,780,2017,1989896.16,,,,0
FCSA:DF_TRADE_COUNTRY_YR(5.1.0),AE,A,AED,FCSC,ANN_CNT,IMP,_Z,_Z,780,2018,1550485.68,,,,0
FCSA:DF_TRADE_COUNTRY_YR(5.1.0),AE,A,AED,FCSC,ANN_CNT,IMP,_Z,_Z,780,2019,700187.67,,,,0
FCSA:DF_TRADE_COUNTRY_YR(5.1.0),AE,A,AED,FCSC,ANN_CNT,IMP,_Z,_Z,780,2020,969978.18,,,,0
FCSA:DF_TRADE_COUNTRY_YR(5.1.0),AE,A,AED,FCSC,ANN_CNT,IMP,_Z,_Z,780,2021,3431899.58,,,,0
FCSA:DF_TRADE_COUNTRY_YR(5.1.0),AE,A,AED,FCSC,ANN_CNT,IMP,_Z,_Z,780,2022,4055307.96,,,,0
FCSA:DF_TRADE_COUNTRY_YR(5.1.0),AE,A,AED,FCSC,ANN_CNT,IMP,_Z,_Z,780,2023,2657413.60,,,,0
FCSA:DF_TRADE_COUNTRY_YR(5.1.0),AE,A,AED,FCSC,ANN_CNT,IMP,_Z,_Z,780,2024,2550577.67,,,,0
FCSA:DF_TRADE_COUNTRY_YR(5.1.0),AE,A,AED,FCSC,ANN_CNT,TNOEXP,_Z,_Z,466,2017,176844834.71,,,,0
FCSA:DF_TRADE_COUNTRY_YR(5.1.0),AE,A,AED,FCSC,ANN_CNT,TNOEXP,_Z,_Z,466,2018,307070497.48,,,,0
FCSA:DF_TRADE_COUNTRY_YR(5.1.0),AE,A,AED,FCSC,ANN_CNT,TNOEXP,_Z,_Z,466,2019,381566559.75,,,,0
FCSA:DF_TRADE_COUNTRY_YR(5.1.0),AE,A,AED,FCSC,ANN_CNT,TNOEXP,_Z,_Z,466,2020,860653174.59,,,,0
FCSA:DF_TRADE_COUNTRY_YR(5.1.0),AE,A,AED,FCSC,ANN_CNT,TNOEXP,_Z,_Z,466,2021,798505992.88,,,,0
FCSA:DF_TRADE_COUNTRY_YR(5.1.0),AE,A,AED,FCSC,ANN_CNT,TNOEXP,_Z,_Z,466,2022,833065247.60,,,,0
FCSA:DF_TRADE_COUNTRY_YR(5.1.0),AE,A,AED,FCSC,ANN_CNT,TNOEXP,_Z,_Z,466,2023,707007897.15,,,,0
FCSA:DF_TRADE_COUNTRY_YR(5.1.0),AE,A,AED,FCSC,ANN_CNT,TNOEXP,_Z,_Z,466,2024,735936592.30,,,,0
FCSA:DF_TRADE_COUNTRY_YR(5.1.0),AE,A,AED,FCSC,ANN_CNT,IMP,_Z,_Z,191,2017,149770186.16,,,,0
FCSA:DF_TRADE_COUNTRY_YR(5.1.0),AE,A,AED,FCSC,ANN_CNT,IMP,_Z,_Z,191,2018,124649776.89,,,,0
FCSA:DF_TRADE_COUNTRY_YR(5.1.0),AE,A,AED,FCSC,ANN_CNT,IMP,_Z,_Z,191,2019,279266385.10,,,,0
FCSA:DF_TRADE_COUNTRY_YR(5.1.0),AE,A,AED,FCSC,ANN_CNT,IMP,_Z,_Z,191,2020,199315450.90,,,,0
FCSA:DF_TRADE_COUNTRY_YR(5.1.0),AE,A,AED,FCSC,ANN_CNT,IMP,_Z,_Z,191,2021,242261818.83,,,,0
FCSA:DF_TRADE_COUNTRY_YR(5.1.0),AE,A,AED,FCSC,ANN_CNT,IMP,_Z,_Z,191,2022,236108131.64,,,,0
FCSA:DF_TRADE_COUNTRY_YR(5.1.0),AE,A,AED,FCSC,ANN_CNT,IMP,_Z,_Z,191,2023,191019278.21,,,,0
FCSA:DF_TRADE_COUNTRY_YR(5.1.0),AE,A,AED,FCSC,ANN_CNT,IMP,_Z,_Z,191,2024,348376268.93,,,,0
FCSA:DF_TRADE_COUNTRY_YR(5.1.0),AE,A,AED,FCSC,ANN_CNT,TNOEXP,_Z,_Z,638,2017,51917723.27,,,,0
FCSA:DF_TRADE_COUNTRY_YR(5.1.0),AE,A,AED,FCSC,ANN_CNT,TNOEXP,_Z,_Z,638,2018,41422351.30,,,,0
FCSA:DF_TRADE_COUNTRY_YR(5.1.0),AE,A,AED,FCSC,ANN_CNT,TNOEXP,_Z,_Z,638,2019,44382520.67,,,,0
FCSA:DF_TRADE_COUNTRY_YR(5.1.0),AE,A,AED,FCSC,ANN_CNT,TNOEXP,_Z,_Z,638,2020,28572607.48,,,,0
FCSA:DF_TRADE_COUNTRY_YR(5.1.0),AE,A,AED,FCSC,ANN_CNT,TNOEXP,_Z,_Z,638,2021,42846358.77,,,,0
FCSA:DF_TRADE_COUNTRY_YR(5.1.0),AE,A,AED,FCSC,ANN_CNT,TNOEXP,_Z,_Z,638,2022,58853816.34,,,,0
FCSA:DF_TRADE_COUNTRY_YR(5.1.0),AE,A,AED,FCSC,ANN_CNT,TNOEXP,_Z,_Z,638,2023,66070347.82,,,,0
FCSA:DF_TRADE_COUNTRY_YR(5.1.0),AE,A,AED,FCSC,ANN_CNT,TNOEXP,_Z,_Z,638,2024,1608945566.52,,,,0
FCSA:DF_TRADE_COUNTRY_YR(5.1.0),AE,A,AED,FCSC,ANN_CNT,TTRADE,_Z,_Z,678,2017,4285129.95,,,,0
FCSA:DF_TRADE_COUNTRY_YR(5.1.0),AE,A,AED,FCSC,ANN_CNT,TTRADE,_Z,_Z,678,2018,8754870.91,,,,0
FCSA:DF_TRADE_COUNTRY_YR(5.1.0),AE,A,AED,FCSC,ANN_CNT,TTRADE,_Z,_Z,678,2019,7624503.36,,,,0
FCSA:DF_TRADE_COUNTRY_YR(5.1.0),AE,A,AED,FCSC,ANN_CNT,TTRADE,_Z,_Z,678,2020,9012200.04,,,,0
FCSA:DF_TRADE_COUNTRY_YR(5.1.0),AE,A,AED,FCSC,ANN_CNT,TTRADE,_Z,_Z,678,2021,5979972.24,,,,0
FCSA:DF_TRADE_COUNTRY_YR(5.1.0),AE,A,AED,FCSC,ANN_CNT,TTRADE,_Z,_Z,678,2022,3151391.30,,,,0
FCSA:DF_TRADE_COUNTRY_YR(5.1.0),AE,A,AED,FCSC,ANN_CNT,TTRADE,_Z,_Z,678,2023,10676917.85,,,,0
FCSA:DF_TRADE_COUNTRY_YR(5.1.0),AE,A,AED,FCSC,ANN_CNT,TTRADE,_Z,_Z,678,2024,6726122.97,,,,0
FCSA:DF_TRADE_COUNTRY_YR(5.1.0),AE,A,AED,FCSC,ANN_CNT,REEXP,_Z,_Z,24,2017,1158796365.77,,,,0
FCSA:DF_TRADE_COUNTRY_YR(5.1.0),AE,A,AED,FCSC,ANN_CNT,REEXP,_Z,_Z,24,2018,1716579264.88,,,,0
FCSA:DF_TRADE_COUNTRY_YR(5.1.0),AE,A,AED,FCSC,ANN_CNT,REEXP,_Z,_Z,24,2019,890362315.59,,,,0
FCSA:DF_TRADE_COUNTRY_YR(5.1.0),AE,A,AED,FCSC,ANN_CNT,REEXP,_Z,_Z,24,2020,558063130.49,,,,0
FCSA:DF_TRADE_COUNTRY_YR(5.1.0),AE,A,AED,FCSC,ANN_CNT,REEXP,_Z,_Z,24,2021,1134046099.03,,,,0
FCSA:DF_TRADE_COUNTRY_YR(5.1.0),AE,A,AED,FCSC,ANN_CNT,REEXP,_Z,_Z,24,2022,2546461630.76,,,,0
FCSA:DF_TRADE_COUNTRY_YR(5.1.0),AE,A,AED,FCSC,ANN_CNT,REEXP,_Z,_Z,24,2023,1315650611.34,,,,0
FCSA:DF_TRADE_COUNTRY_YR(5.1.0),AE,A,AED,FCSC,ANN_CNT,REEXP,_Z,_Z,24,2024,1044240796.74,,,,0
FCSA:DF_TRADE_COUNTRY_YR(5.1.0),AE,A,AED,FCSC,ANN_CNT,TTRADE,_Z,_Z,32,2017,1109778964.80,,,,0
FCSA:DF_TRADE_COUNTRY_YR(5.1.0),AE,A,AED,FCSC,ANN_CNT,TTRADE,_Z,_Z,32,2018,1151198448.64,,,,0
FCSA:DF_TRADE_COUNTRY_YR(5.1.0),AE,A,AED,FCSC,ANN_CNT,TTRADE,_Z,_Z,32,2019,1173577475.59,,,,0
FCSA:DF_TRADE_COUNTRY_YR(5.1.0),AE,A,AED,FCSC,ANN_CNT,TTRADE,_Z,_Z,32,2020,1114566329.52,,,,0
FCSA:DF_TRADE_COUNTRY_YR(5.1.0),AE,A,AED,FCSC,ANN_CNT,TTRADE,_Z,_Z,32,2021,1490873720.15,,,,0
FCSA:DF_TRADE_COUNTRY_YR(5.1.0),AE,A,AED,FCSC,ANN_CNT,TTRADE,_Z,_Z,32,2022,1734153326.30,,,,0
FCSA:DF_TRADE_COUNTRY_YR(5.1.0),AE,A,AED,FCSC,ANN_CNT,TTRADE,_Z,_Z,32,2023,1663596587.36,,,,0
FCSA:DF_TRADE_COUNTRY_YR(5.1.0),AE,A,AED,FCSC,ANN_CNT,TTRADE,_Z,_Z,32,2024,1977359337.27,,,,0
FCSA:DF_TRADE_COUNTRY_YR(5.1.0),AE,A,AED,FCSC,ANN_CNT,REEXP,_Z,_Z,663,2017,1905565.96,,,,0
FCSA:DF_TRADE_COUNTRY_YR(5.1.0),AE,A,AED,FCSC,ANN_CNT,REEXP,_Z,_Z,663,2018,1481888.01,,,,0
FCSA:DF_TRADE_COUNTRY_YR(5.1.0),AE,A,AED,FCSC,ANN_CNT,REEXP,_Z,_Z,663,2019,1533298.02,,,,0
FCSA:DF_TRADE_COUNTRY_YR(5.1.0),AE,A,AED,FCSC,ANN_CNT,REEXP,_Z,_Z,663,2020,1277610.30,,,,0
FCSA:DF_TRADE_COUNTRY_YR(5.1.0),AE,A,AED,FCSC,ANN_CNT,REEXP,_Z,_Z,663,2021,2735336.00,,,,0
FCSA:DF_TRADE_COUNTRY_YR(5.1.0),AE,A,AED,FCSC,ANN_CNT,REEXP,_Z,_Z,663,2022,3745821.98,,,,0
FCSA:DF_TRADE_COUNTRY_YR(5.1.0),AE,A,AED,FCSC,ANN_CNT,REEXP,_Z,_Z,663,2023,8425180.88,,,,0
FCSA:DF_TRADE_COUNTRY_YR(5.1.0),AE,A,AED,FCSC,ANN_CNT,REEXP,_Z,_Z,663,2024,9129647.77,,,,0
FCSA:DF_TRADE_COUNTRY_YR(5.1.0),AE,A,AED,FCSC,ANN_CNT,NOEXP,_Z,_Z,16,2017,37.00,,,,0
FCSA:DF_TRADE_COUNTRY_YR(5.1.0),AE,A,AED,FCSC,ANN_CNT,NOEXP,_Z,_Z,16,2018,0.00,,,,0
FCSA:DF_TRADE_COUNTRY_YR(5.1.0),AE,A,AED,FCSC,ANN_CNT,NOEXP,_Z,_Z,16,2019,10800.00,,,,0
FCSA:DF_TRADE_COUNTRY_YR(5.1.0),AE,A,AED,FCSC,ANN_CNT,NOEXP,_Z,_Z,16,2020,0.00,,,,0
FCSA:DF_TRADE_COUNTRY_YR(5.1.0),AE,A,AED,FCSC,ANN_CNT,NOEXP,_Z,_Z,16,2021,0.00,,,,0
FCSA:DF_TRADE_COUNTRY_YR(5.1.0),AE,A,AED,FCSC,ANN_CNT,NOEXP,_Z,_Z,16,2022,0.00,,,,0
FCSA:DF_TRADE_COUNTRY_YR(5.1.0),AE,A,AED,FCSC,ANN_CNT,NOEXP,_Z,_Z,16,2023,335671.67,,,,0
FCSA:DF_TRADE_COUNTRY_YR(5.1.0),AE,A,AED,FCSC,ANN_CNT,NOEXP,_Z,_Z,16,2024,823717.12,,,,0
FCSA:DF_TRADE_COUNTRY_YR(5.1.0),AE,A,AED,FCSC,ANN_CNT,NOEXP,_Z,_Z,262,2017,568886013.38,,,,0
FCSA:DF_TRADE_COUNTRY_YR(5.1.0),AE,A,AED,FCSC,ANN_CNT,NOEXP,_Z,_Z,262,2018,904036507.01,,,,0
FCSA:DF_TRADE_COUNTRY_YR(5.1.0),AE,A,AED,FCSC,ANN_CNT,NOEXP,_Z,_Z,262,2019,834368763.52,,,,0
FCSA:DF_TRADE_COUNTRY_YR(5.1.0),AE,A,AED,FCSC,ANN_CNT,NOEXP,_Z,_Z,262,2020,747502191.51,,,,0
FCSA:DF_TRADE_COUNTRY_YR(5.1.0),AE,A,AED,FCSC,ANN_CNT,NOEXP,_Z,_Z,262,2021,952118152.48,,,,0
FCSA:DF_TRADE_COUNTRY_YR(5.1.0),AE,A,AED,FCSC,ANN_CNT,NOEXP,_Z,_Z,262,2022,1719447513.84,,,,0
FCSA:DF_TRADE_COUNTRY_YR(5.1.0),AE,A,AED,FCSC,ANN_CNT,NOEXP,_Z,_Z,262,2023,1885326240.10,,,,0
FCSA:DF_TRADE_COUNTRY_YR(5.1.0),AE,A,AED,FCSC,ANN_CNT,NOEXP,_Z,_Z,262,2024,1802687025.10,,,,0
FCSA:DF_TRADE_COUNTRY_YR(5.1.0),AE,A,AED,FCSC,ANN_CNT,TNOEXP,_Z,_Z,585,2017,1029890.00,,,,0
FCSA:DF_TRADE_COUNTRY_YR(5.1.0),AE,A,AED,FCSC,ANN_CNT,TNOEXP,_Z,_Z,585,2018,776736.10,,,,0
FCSA:DF_TRADE_COUNTRY_YR(5.1.0),AE,A,AED,FCSC,ANN_CNT,TNOEXP,_Z,_Z,585,2019,682390.74,,,,0
FCSA:DF_TRADE_COUNTRY_YR(5.1.0),AE,A,AED,FCSC,ANN_CNT,TNOEXP,_Z,_Z,585,2020,603120.87,,,,0
FCSA:DF_TRADE_COUNTRY_YR(5.1.0),AE,A,AED,FCSC,ANN_CNT,TNOEXP,_Z,_Z,585,2021,3336310.74,,,,0
FCSA:DF_TRADE_COUNTRY_YR(5.1.0),AE,A,AED,FCSC,ANN_CNT,TNOEXP,_Z,_Z,585,2022,1457465.02,,,,0
FCSA:DF_TRADE_COUNTRY_YR(5.1.0),AE,A,AED,FCSC,ANN_CNT,TNOEXP,_Z,_Z,585,2023,394516.73,,,,0
FCSA:DF_TRADE_COUNTRY_YR(5.1.0),AE,A,AED,FCSC,ANN_CNT,TNOEXP,_Z,_Z,585,2024,105465.85,,,,0
FCSA:DF_TRADE_COUNTRY_YR(5.1.0),AE,A,AED,FCSC,ANN_CNT,TNOEXP,_Z,_Z,706,2017,2870204870.01,,,,0
FCSA:DF_TRADE_COUNTRY_YR(5.1.0),AE,A,AED,FCSC,ANN_CNT,TNOEXP,_Z,_Z,706,2018,3769434974.69,,,,0
FCSA:DF_TRADE_COUNTRY_YR(5.1.0),AE,A,AED,FCSC,ANN_CNT,TNOEXP,_Z,_Z,706,2019,4254771440.77,,,,0
FCSA:DF_TRADE_COUNTRY_YR(5.1.0),AE,A,AED,FCSC,ANN_CNT,TNOEXP,_Z,_Z,706,2020,4701622565.87,,,,0
FCSA:DF_TRADE_COUNTRY_YR(5.1.0),AE,A,AED,FCSC,ANN_CNT,TNOEXP,_Z,_Z,706,2021,5624158062.41,,,,0
FCSA:DF_TRADE_COUNTRY_YR(5.1.0),AE,A,AED,FCSC,ANN_CNT,TNOEXP,_Z,_Z,706,2022,6946443256.53,,,,0
FCSA:DF_TRADE_COUNTRY_YR(5.1.0),AE,A,AED,FCSC,ANN_CNT,TNOEXP,_Z,_Z,706,2023,5600900420.47,,,,0
FCSA:DF_TRADE_COUNTRY_YR(5.1.0),AE,A,AED,FCSC,ANN_CNT,TNOEXP,_Z,_Z,706,2024,6772134108.04,,,,0
FCSA:DF_TRADE_COUNTRY_YR(5.1.0),AE,A,AED,FCSC,ANN_CNT,REEXP,_Z,_Z,860,2017,1260685135.64,,,,0
FCSA:DF_TRADE_COUNTRY_YR(5.1.0),AE,A,AED,FCSC,ANN_CNT,REEXP,_Z,_Z,860,2018,655873841.62,,,,0
FCSA:DF_TRADE_COUNTRY_YR(5.1.0),AE,A,AED,FCSC,ANN_CNT,REEXP,_Z,_Z,860,2019,962136480.25,,,,0
FCSA:DF_TRADE_COUNTRY_YR(5.1.0),AE,A,AED,FCSC,ANN_CNT,REEXP,_Z,_Z,860,2020,1077584884.52,,,,0
FCSA:DF_TRADE_COUNTRY_YR(5.1.0),AE,A,AED,FCSC,ANN_CNT,REEXP,_Z,_Z,860,2021,1312584904.90,,,,0
FCSA:DF_TRADE_COUNTRY_YR(5.1.0),AE,A,AED,FCSC,ANN_CNT,REEXP,_Z,_Z,860,2022,2689593621.05,,,,0
FCSA:DF_TRADE_COUNTRY_YR(5.1.0),AE,A,AED,FCSC,ANN_CNT,REEXP,_Z,_Z,860,2023,4769050861.32,,,,0
FCSA:DF_TRADE_COUNTRY_YR(5.1.0),AE,A,AED,FCSC,ANN_CNT,REEXP,_Z,_Z,860,2024,5897199402.10,,,,0
FCSA:DF_TRADE_COUNTRY_YR(5.1.0),AE,A,AED,FCSC,ANN_CNT,TNOEXP,_Z,_Z,440,2017,106946610.59,,,,0
FCSA:DF_TRADE_COUNTRY_YR(5.1.0),AE,A,AED,FCSC,ANN_CNT,TNOEXP,_Z,_Z,440,2018,158326777.88,,,,0
FCSA:DF_TRADE_COUNTRY_YR(5.1.0),AE,A,AED,FCSC,ANN_CNT,TNOEXP,_Z,_Z,440,2019,200594676.94,,,,0
FCSA:DF_TRADE_COUNTRY_YR(5.1.0),AE,A,AED,FCSC,ANN_CNT,TNOEXP,_Z,_Z,440,2020,230385180.43,,,,0
FCSA:DF_TRADE_COUNTRY_YR(5.1.0),AE,A,AED,FCSC,ANN_CNT,TNOEXP,_Z,_Z,440,2021,231101811.32,,,,0
FCSA:DF_TRADE_COUNTRY_YR(5.1.0),AE,A,AED,FCSC,ANN_CNT,TNOEXP,_Z,_Z,440,2022,295749382.06,,,,0
FCSA:DF_TRADE_COUNTRY_YR(5.1.0),AE,A,AED,FCSC,ANN_CNT,TNOEXP,_Z,_Z,440,2023,434897381.34,,,,0
FCSA:DF_TRADE_COUNTRY_YR(5.1.0),AE,A,AED,FCSC,ANN_CNT,TNOEXP,_Z,_Z,440,2024,488479169.77,,,,0
FCSA:DF_TRADE_COUNTRY_YR(5.1.0),AE,A,AED,FCSC,ANN_CNT,TTRADE,_Z,_Z,740,2017,419874128.44,,,,0
FCSA:DF_TRADE_COUNTRY_YR(5.1.0),AE,A,AED,FCSC,ANN_CNT,TTRADE,_Z,_Z,740,2018,1523232936.80,,,,0
FCSA:DF_TRADE_COUNTRY_YR(5.1.0),AE,A,AED,FCSC,ANN_CNT,TTRADE,_Z,_Z,740,2019,3860613431.71,,,,0
FCSA:DF_TRADE_COUNTRY_YR(5.1.0),AE,A,AED,FCSC,ANN_CNT,TTRADE,_Z,_Z,740,2020,2609511039.35,,,,0
FCSA:DF_TRADE_COUNTRY_YR(5.1.0),AE,A,AED,FCSC,ANN_CNT,TTRADE,_Z,_Z,740,2021,2486285250.18,,,,0
FCSA:DF_TRADE_COUNTRY_YR(5.1.0),AE,A,AED,FCSC,ANN_CNT,TTRADE,_Z,_Z,740,2022,2389494279.88,,,,0
FCSA:DF_TRADE_COUNTRY_YR(5.1.0),AE,A,AED,FCSC,ANN_CNT,TTRADE,_Z,_Z,740,2023,2576173019.31,,,,0
FCSA:DF_TRADE_COUNTRY_YR(5.1.0),AE,A,AED,FCSC,ANN_CNT,TTRADE,_Z,_Z,740,2024,3082676376.46,,,,0
FCSA:DF_TRADE_COUNTRY_YR(5.1.0),AE,A,AED,FCSC,ANN_CNT,IMP,_Z,_Z,807,2017,13398710.38,,,,0
FCSA:DF_TRADE_COUNTRY_YR(5.1.0),AE,A,AED,FCSC,ANN_CNT,IMP,_Z,_Z,807,2018,13216860.50,,,,0
FCSA:DF_TRADE_COUNTRY_YR(5.1.0),AE,A,AED,FCSC,ANN_CNT,IMP,_Z,_Z,807,2019,20375287.49,,,,0
FCSA:DF_TRADE_COUNTRY_YR(5.1.0),AE,A,AED,FCSC,ANN_CNT,IMP,_Z,_Z,807,2020,12525777.03,,,,0
FCSA:DF_TRADE_COUNTRY_YR(5.1.0),AE,A,AED,FCSC,ANN_CNT,IMP,_Z,_Z,807,2021,29248738.14,,,,0
FCSA:DF_TRADE_COUNTRY_YR(5.1.0),AE,A,AED,FCSC,ANN_CNT,IMP,_Z,_Z,807,2022,28931040.81,,,,0
FCSA:DF_TRADE_COUNTRY_YR(5.1.0),AE,A,AED,FCSC,ANN_CNT,IMP,_Z,_Z,807,2023,23060869.05,,,,0
FCSA:DF_TRADE_COUNTRY_YR(5.1.0),AE,A,AED,FCSC,ANN_CNT,IMP,_Z,_Z,807,2024,32545002.71,,,,0
FCSA:DF_TRADE_COUNTRY_YR(5.1.0),AE,A,AED,FCSC,ANN_CNT,NOEXP,_Z,_Z,832,2017,0.00,,,,0
FCSA:DF_TRADE_COUNTRY_YR(5.1.0),AE,A,AED,FCSC,ANN_CNT,NOEXP,_Z,_Z,832,2018,0.00,,,,0
FCSA:DF_TRADE_COUNTRY_YR(5.1.0),AE,A,AED,FCSC,ANN_CNT,NOEXP,_Z,_Z,832,2019,0.00,,,,0
FCSA:DF_TRADE_COUNTRY_YR(5.1.0),AE,A,AED,FCSC,ANN_CNT,NOEXP,_Z,_Z,832,2020,31100.00,,,,0
FCSA:DF_TRADE_COUNTRY_YR(5.1.0),AE,A,AED,FCSC,ANN_CNT,NOEXP,_Z,_Z,832,2021,122425.00,,,,0
FCSA:DF_TRADE_COUNTRY_YR(5.1.0),AE,A,AED,FCSC,ANN_CNT,NOEXP,_Z,_Z,832,2022,529279.04,,,,0
FCSA:DF_TRADE_COUNTRY_YR(5.1.0),AE,A,AED,FCSC,ANN_CNT,NOEXP,_Z,_Z,832,2023,40386.64,,,,0
FCSA:DF_TRADE_COUNTRY_YR(5.1.0),AE,A,AED,FCSC,ANN_CNT,NOEXP,_Z,_Z,832,2024,7151643.74,,,,0
FCSA:DF_TRADE_COUNTRY_YR(5.1.0),AE,A,AED,FCSC,ANN_CNT,IMP,_Z,_Z,336,2018,7420.00,,,,0
FCSA:DF_TRADE_COUNTRY_YR(5.1.0),AE,A,AED,FCSC,ANN_CNT,IMP,_Z,_Z,336,2022,0.00,,,,0
FCSA:DF_TRADE_COUNTRY_YR(5.1.0),AE,A,AED,FCSC,ANN_CNT,IMP,_Z,_Z,336,2024,21259.22,,,,0
FCSA:DF_TRADE_COUNTRY_YR(5.1.0),AE,A,AED,FCSC,ANN_CNT,TNOEXP,_Z,_Z,612,2020,176094.43,,,,0
FCSA:DF_TRADE_COUNTRY_YR(5.1.0),AE,A,AED,FCSC,ANN_CNT,TNOEXP,_Z,_Z,612,2021,224075.00,,,,0
FCSA:DF_TRADE_COUNTRY_YR(5.1.0),AE,A,AED,FCSC,ANN_CNT,TNOEXP,_Z,_Z,612,2022,723958.00,,,,0
FCSA:DF_TRADE_COUNTRY_YR(5.1.0),AE,A,AED,FCSC,ANN_CNT,TNOEXP,_Z,_Z,612,2023,276392.21,,,,0
FCSA:DF_TRADE_COUNTRY_YR(5.1.0),AE,A,AED,FCSC,ANN_CNT,TNOEXP,_Z,_Z,612,2024,0.00,,,,0
FCSA:DF_TRADE_COUNTRY_YR(5.1.0),AE,A,AED,FCSC,ANN_CNT,IMP,_Z,_Z,458,2017,8493826255.81,,,,0
FCSA:DF_TRADE_COUNTRY_YR(5.1.0),AE,A,AED,FCSC,ANN_CNT,IMP,_Z,_Z,458,2018,10719435564.44,,,,0
FCSA:DF_TRADE_COUNTRY_YR(5.1.0),AE,A,AED,FCSC,ANN_CNT,IMP,_Z,_Z,458,2019,10207358043.91,,,,0
FCSA:DF_TRADE_COUNTRY_YR(5.1.0),AE,A,AED,FCSC,ANN_CNT,IMP,_Z,_Z,458,2020,7857406550.87,,,,0
FCSA:DF_TRADE_COUNTRY_YR(5.1.0),AE,A,AED,FCSC,ANN_CNT,IMP,_Z,_Z,458,2021,9773890975.89,,,,0
FCSA:DF_TRADE_COUNTRY_YR(5.1.0),AE,A,AED,FCSC,ANN_CNT,IMP,_Z,_Z,458,2022,10881381065.56,,,,0
FCSA:DF_TRADE_COUNTRY_YR(5.1.0),AE,A,AED,FCSC,ANN_CNT,IMP,_Z,_Z,458,2023,11050398270.34,,,,0
FCSA:DF_TRADE_COUNTRY_YR(5.1.0),AE,A,AED,FCSC,ANN_CNT,IMP,_Z,_Z,458,2024,11189147878.22,,,,0
FCSA:DF_TRADE_COUNTRY_YR(5.1.0),AE,A,AED,FCSC,ANN_CNT,NOEXP,_Z,_Z,104,2017,205934108.90,,,,0
FCSA:DF_TRADE_COUNTRY_YR(5.1.0),AE,A,AED,FCSC,ANN_CNT,NOEXP,_Z,_Z,104,2018,178057925.48,,,,0
FCSA:DF_TRADE_COUNTRY_YR(5.1.0),AE,A,AED,FCSC,ANN_CNT,NOEXP,_Z,_Z,104,2019,191819252.19,,,,0
FCSA:DF_TRADE_COUNTRY_YR(5.1.0),AE,A,AED,FCSC,ANN_CNT,NOEXP,_Z,_Z,104,2020,289182906.04,,,,0
FCSA:DF_TRADE_COUNTRY_YR(5.1.0),AE,A,AED,FCSC,ANN_CNT,NOEXP,_Z,_Z,104,2021,248218546.84,,,,0
FCSA:DF_TRADE_COUNTRY_YR(5.1.0),AE,A,AED,FCSC,ANN_CNT,NOEXP,_Z,_Z,104,2022,284430437.42,,,,0
FCSA:DF_TRADE_COUNTRY_YR(5.1.0),AE,A,AED,FCSC,ANN_CNT,NOEXP,_Z,_Z,104,2023,263005497.58,,,,0
FCSA:DF_TRADE_COUNTRY_YR(5.1.0),AE,A,AED,FCSC,ANN_CNT,NOEXP,_Z,_Z,104,2024,117496991.86,,,,0
FCSA:DF_TRADE_COUNTRY_YR(5.1.0),AE,A,AED,FCSC,ANN_CNT,TTRADE,_Z,_Z,84,2017,80877292.42,,,,0
FCSA:DF_TRADE_COUNTRY_YR(5.1.0),AE,A,AED,FCSC,ANN_CNT,TTRADE,_Z,_Z,84,2018,65434174.00,,,,0
FCSA:DF_TRADE_COUNTRY_YR(5.1.0),AE,A,AED,FCSC,ANN_CNT,TTRADE,_Z,_Z,84,2019,39469191.57,,,,0
FCSA:DF_TRADE_COUNTRY_YR(5.1.0),AE,A,AED,FCSC,ANN_CNT,TTRADE,_Z,_Z,84,2020,90669816.42,,,,0
FCSA:DF_TRADE_COUNTRY_YR(5.1.0),AE,A,AED,FCSC,ANN_CNT,TTRADE,_Z,_Z,84,2021,83025967.97,,,,0
FCSA:DF_TRADE_COUNTRY_YR(5.1.0),AE,A,AED,FCSC,ANN_CNT,TTRADE,_Z,_Z,84,2022,82378420.41,,,,0
FCSA:DF_TRADE_COUNTRY_YR(5.1.0),AE,A,AED,FCSC,ANN_CNT,TTRADE,_Z,_Z,84,2023,41324443.05,,,,0
FCSA:DF_TRADE_COUNTRY_YR(5.1.0),AE,A,AED,FCSC,ANN_CNT,TTRADE,_Z,_Z,84,2024,48755127.45,,,,0
FCSA:DF_TRADE_COUNTRY_YR(5.1.0),AE,A,AED,FCSC,ANN_CNT,TTRADE,_Z,_Z,446,2017,24465977.12,,,,0
FCSA:DF_TRADE_COUNTRY_YR(5.1.0),AE,A,AED,FCSC,ANN_CNT,TTRADE,_Z,_Z,446,2018,18083344.29,,,,0
FCSA:DF_TRADE_COUNTRY_YR(5.1.0),AE,A,AED,FCSC,ANN_CNT,TTRADE,_Z,_Z,446,2019,7474867.27,,,,0
FCSA:DF_TRADE_COUNTRY_YR(5.1.0),AE,A,AED,FCSC,ANN_CNT,TTRADE,_Z,_Z,446,2020,14637146.68,,,,0
FCSA:DF_TRADE_COUNTRY_YR(5.1.0),AE,A,AED,FCSC,ANN_CNT,TTRADE,_Z,_Z,446,2021,239306722.02,,,,0
FCSA:DF_TRADE_COUNTRY_YR(5.1.0),AE,A,AED,FCSC,ANN_CNT,TTRADE,_Z,_Z,446,2022,108326888.06,,,,0
FCSA:DF_TRADE_COUNTRY_YR(5.1.0),AE,A,AED,FCSC,ANN_CNT,TTRADE,_Z,_Z,446,2023,82804514.52,,,,0
FCSA:DF_TRADE_COUNTRY_YR(5.1.0),AE,A,AED,FCSC,ANN_CNT,TTRADE,_Z,_Z,446,2024,73709514.89,,,,0
FCSA:DF_TRADE_COUNTRY_YR(5.1.0),AE,A,AED,FCSC,ANN_CNT,NOEXP,_Z,_Z,531,2017,578123.34,,,,0
FCSA:DF_TRADE_COUNTRY_YR(5.1.0),AE,A,AED,FCSC,ANN_CNT,NOEXP,_Z,_Z,531,2018,541598.65,,,,0
FCSA:DF_TRADE_COUNTRY_YR(5.1.0),AE,A,AED,FCSC,ANN_CNT,NOEXP,_Z,_Z,531,2019,2397529.97,,,,0
FCSA:DF_TRADE_COUNTRY_YR(5.1.0),AE,A,AED,FCSC,ANN_CNT,NOEXP,_Z,_Z,531,2020,606856.55,,,,0
FCSA:DF_TRADE_COUNTRY_YR(5.1.0),AE,A,AED,FCSC,ANN_CNT,NOEXP,_Z,_Z,531,2021,461399.20,,,,0
FCSA:DF_TRADE_COUNTRY_YR(5.1.0),AE,A,AED,FCSC,ANN_CNT,NOEXP,_Z,_Z,531,2022,8938232.85,,,,0
FCSA:DF_TRADE_COUNTRY_YR(5.1.0),AE,A,AED,FCSC,ANN_CNT,NOEXP,_Z,_Z,531,2023,2612166.89,,,,0
FCSA:DF_TRADE_COUNTRY_YR(5.1.0),AE,A,AED,FCSC,ANN_CNT,NOEXP,_Z,_Z,531,2024,28107993.23,,,,0
FCSA:DF_TRADE_COUNTRY_YR(5.1.0),AE,A,AED,FCSC,ANN_CNT,TTRADE,_Z,_Z,258,2017,2428937.27,,,,0
FCSA:DF_TRADE_COUNTRY_YR(5.1.0),AE,A,AED,FCSC,ANN_CNT,TTRADE,_Z,_Z,258,2018,2203031.76,,,,0
FCSA:DF_TRADE_COUNTRY_YR(5.1.0),AE,A,AED,FCSC,ANN_CNT,TTRADE,_Z,_Z,258,2019,3670209.82,,,,0
FCSA:DF_TRADE_COUNTRY_YR(5.1.0),AE,A,AED,FCSC,ANN_CNT,TTRADE,_Z,_Z,258,2020,4574454.59,,,,0
FCSA:DF_TRADE_COUNTRY_YR(5.1.0),AE,A,AED,FCSC,ANN_CNT,TTRADE,_Z,_Z,258,2021,6200073.75,,,,0
FCSA:DF_TRADE_COUNTRY_YR(5.1.0),AE,A,AED,FCSC,ANN_CNT,TTRADE,_Z,_Z,258,2022,2839646.43,,,,0
FCSA:DF_TRADE_COUNTRY_YR(5.1.0),AE,A,AED,FCSC,ANN_CNT,TTRADE,_Z,_Z,258,2023,6864331.91,,,,0
FCSA:DF_TRADE_COUNTRY_YR(5.1.0),AE,A,AED,FCSC,ANN_CNT,TTRADE,_Z,_Z,258,2024,8893214.13,,,,0
FCSA:DF_TRADE_COUNTRY_YR(5.1.0),AE,A,AED,FCSC,ANN_CNT,NOEXP,_Z,_Z,728,2017,153668.30,,,,0
FCSA:DF_TRADE_COUNTRY_YR(5.1.0),AE,A,AED,FCSC,ANN_CNT,NOEXP,_Z,_Z,728,2018,117253599.00,,,,0
FCSA:DF_TRADE_COUNTRY_YR(5.1.0),AE,A,AED,FCSC,ANN_CNT,NOEXP,_Z,_Z,728,2019,138998484.40,,,,0
FCSA:DF_TRADE_COUNTRY_YR(5.1.0),AE,A,AED,FCSC,ANN_CNT,NOEXP,_Z,_Z,728,2020,149969009.80,,,,0
FCSA:DF_TRADE_COUNTRY_YR(5.1.0),AE,A,AED,FCSC,ANN_CNT,NOEXP,_Z,_Z,728,2021,145295769.00,,,,0
FCSA:DF_TRADE_COUNTRY_YR(5.1.0),AE,A,AED,FCSC,ANN_CNT,NOEXP,_Z,_Z,728,2022,277729719.59,,,,0
FCSA:DF_TRADE_COUNTRY_YR(5.1.0),AE,A,AED,FCSC,ANN_CNT,NOEXP,_Z,_Z,728,2023,255285883.46,,,,0
FCSA:DF_TRADE_COUNTRY_YR(5.1.0),AE,A,AED,FCSC,ANN_CNT,NOEXP,_Z,_Z,728,2024,369554172.02,,,,0
FCSA:DF_TRADE_COUNTRY_YR(5.1.0),AE,A,AED,FCSC,ANN_CNT,IMP,_Z,_Z,891,2022,0.00,,,,0
FCSA:DF_TRADE_COUNTRY_YR(5.1.0),AE,A,AED,FCSC,ANN_CNT,IMP,_Z,_Z,891,2023,5456932.00,,,,0
FCSA:DF_TRADE_COUNTRY_YR(5.1.0),AE,A,AED,FCSC,ANN_CNT,IMP,_Z,_Z,891,2024,80000.00,,,,0
FCSA:DF_TRADE_COUNTRY_YR(5.1.0),AE,A,AED,FCSC,ANN_CNT,NOEXP,_Z,_Z,56,2017,685270930.70,,,,0
FCSA:DF_TRADE_COUNTRY_YR(5.1.0),AE,A,AED,FCSC,ANN_CNT,NOEXP,_Z,_Z,56,2018,1271465796.23,,,,0
FCSA:DF_TRADE_COUNTRY_YR(5.1.0),AE,A,AED,FCSC,ANN_CNT,NOEXP,_Z,_Z,56,2019,720668735.58,,,,0
FCSA:DF_TRADE_COUNTRY_YR(5.1.0),AE,A,AED,FCSC,ANN_CNT,NOEXP,_Z,_Z,56,2020,588958675.06,,,,0
FCSA:DF_TRADE_COUNTRY_YR(5.1.0),AE,A,AED,FCSC,ANN_CNT,NOEXP,_Z,_Z,56,2021,1147391515.23,,,,0
FCSA:DF_TRADE_COUNTRY_YR(5.1.0),AE,A,AED,FCSC,ANN_CNT,NOEXP,_Z,_Z,56,2022,940801463.08,,,,0
FCSA:DF_TRADE_COUNTRY_YR(5.1.0),AE,A,AED,FCSC,ANN_CNT,NOEXP,_Z,_Z,56,2023,1004056475.62,,,,0
FCSA:DF_TRADE_COUNTRY_YR(5.1.0),AE,A,AED,FCSC,ANN_CNT,NOEXP,_Z,_Z,56,2024,715672455.34,,,,0
FCSA:DF_TRADE_COUNTRY_YR(5.1.0),AE,A,AED,FCSC,ANN_CNT,IMP,_Z,_Z,508,2017,758524068.24,,,,0
FCSA:DF_TRADE_COUNTRY_YR(5.1.0),AE,A,AED,FCSC,ANN_CNT,IMP,_Z,_Z,508,2018,927702976.78,,,,0
FCSA:DF_TRADE_COUNTRY_YR(5.1.0),AE,A,AED,FCSC,ANN_CNT,IMP,_Z,_Z,508,2019,1031775869.80,,,,0
FCSA:DF_TRADE_COUNTRY_YR(5.1.0),AE,A,AED,FCSC,ANN_CNT,IMP,_Z,_Z,508,2020,1210965449.37,,,,0
FCSA:DF_TRADE_COUNTRY_YR(5.1.0),AE,A,AED,FCSC,ANN_CNT,IMP,_Z,_Z,508,2021,1791148070.59,,,,0
FCSA:DF_TRADE_COUNTRY_YR(5.1.0),AE,A,AED,FCSC,ANN_CNT,IMP,_Z,_Z,508,2022,3281401069.92,,,,0
FCSA:DF_TRADE_COUNTRY_YR(5.1.0),AE,A,AED,FCSC,ANN_CNT,IMP,_Z,_Z,508,2023,2242188175.07,,,,0
FCSA:DF_TRADE_COUNTRY_YR(5.1.0),AE,A,AED,FCSC,ANN_CNT,IMP,_Z,_Z,508,2024,3691014173.09,,,,0
FCSA:DF_TRADE_COUNTRY_YR(5.1.0),AE,A,AED,FCSC,ANN_CNT,NOEXP,_Z,_Z,508,2017,177856499.14,,,,0
FCSA:DF_TRADE_COUNTRY_YR(5.1.0),AE,A,AED,FCSC,ANN_CNT,NOEXP,_Z,_Z,508,2018,132333382.33,,,,0
FCSA:DF_TRADE_COUNTRY_YR(5.1.0),AE,A,AED,FCSC,ANN_CNT,NOEXP,_Z,_Z,508,2019,177538698.97,,,,0
FCSA:DF_TRADE_COUNTRY_YR(5.1.0),AE,A,AED,FCSC,ANN_CNT,NOEXP,_Z,_Z,508,2020,203898330.57,,,,0
FCSA:DF_TRADE_COUNTRY_YR(5.1.0),AE,A,AED,FCSC,ANN_CNT,NOEXP,_Z,_Z,508,2021,243168641.97,,,,0
FCSA:DF_TRADE_COUNTRY_YR(5.1.0),AE,A,AED,FCSC,ANN_CNT,NOEXP,_Z,_Z,508,2022,389345656.06,,,,0
FCSA:DF_TRADE_COUNTRY_YR(5.1.0),AE,A,AED,FCSC,ANN_CNT,NOEXP,_Z,_Z,508,2023,409839120.57,,,,0
FCSA:DF_TRADE_COUNTRY_YR(5.1.0),AE,A,AED,FCSC,ANN_CNT,NOEXP,_Z,_Z,508,2024,326449249.15,,,,0
FCSA:DF_TRADE_COUNTRY_YR(5.1.0),AE,A,AED,FCSC,ANN_CNT,NOEXP,_Z,_Z,76,2017,126617964.04,,,,0
FCSA:DF_TRADE_COUNTRY_YR(5.1.0),AE,A,AED,FCSC,ANN_CNT,NOEXP,_Z,_Z,76,2018,218997143.42,,,,0
FCSA:DF_TRADE_COUNTRY_YR(5.1.0),AE,A,AED,FCSC,ANN_CNT,NOEXP,_Z,_Z,76,2019,182615300.93,,,,0
FCSA:DF_TRADE_COUNTRY_YR(5.1.0),AE,A,AED,FCSC,ANN_CNT,NOEXP,_Z,_Z,76,2020,166464315.47,,,,0
FCSA:DF_TRADE_COUNTRY_YR(5.1.0),AE,A,AED,FCSC,ANN_CNT,NOEXP,_Z,_Z,76,2021,401041225.48,,,,0
FCSA:DF_TRADE_COUNTRY_YR(5.1.0),AE,A,AED,FCSC,ANN_CNT,NOEXP,_Z,_Z,76,2022,386391088.11,,,,0
FCSA:DF_TRADE_COUNTRY_YR(5.1.0),AE,A,AED,FCSC,ANN_CNT,NOEXP,_Z,_Z,76,2023,461773962.70,,,,0
FCSA:DF_TRADE_COUNTRY_YR(5.1.0),AE,A,AED,FCSC,ANN_CNT,NOEXP,_Z,_Z,76,2024,669877058.01,,,,0
FCSA:DF_TRADE_COUNTRY_YR(5.1.0),AE,A,AED,FCSC,ANN_CNT,TNOEXP,_Z,_Z,148,2017,274109091.83,,,,0
FCSA:DF_TRADE_COUNTRY_YR(5.1.0),AE,A,AED,FCSC,ANN_CNT,TNOEXP,_Z,_Z,148,2018,413807814.59,,,,0
FCSA:DF_TRADE_COUNTRY_YR(5.1.0),AE,A,AED,FCSC,ANN_CNT,TNOEXP,_Z,_Z,148,2019,582736387.07,,,,0
FCSA:DF_TRADE_COUNTRY_YR(5.1.0),AE,A,AED,FCSC,ANN_CNT,TNOEXP,_Z,_Z,148,2020,683367152.80,,,,0
FCSA:DF_TRADE_COUNTRY_YR(5.1.0),AE,A,AED,FCSC,ANN_CNT,TNOEXP,_Z,_Z,148,2021,947174975.47,,,,0
FCSA:DF_TRADE_COUNTRY_YR(5.1.0),AE,A,AED,FCSC,ANN_CNT,TNOEXP,_Z,_Z,148,2022,841984745.09,,,,0
FCSA:DF_TRADE_COUNTRY_YR(5.1.0),AE,A,AED,FCSC,ANN_CNT,TNOEXP,_Z,_Z,148,2023,1129373793.16,,,,0
FCSA:DF_TRADE_COUNTRY_YR(5.1.0),AE,A,AED,FCSC,ANN_CNT,TNOEXP,_Z,_Z,148,2024,1608524510.26,,,,0
FCSA:DF_TRADE_COUNTRY_YR(5.1.0),AE,A,AED,FCSC,ANN_CNT,TNOEXP,_Z,_Z,232,2017,279313356.45,,,,0
FCSA:DF_TRADE_COUNTRY_YR(5.1.0),AE,A,AED,FCSC,ANN_CNT,TNOEXP,_Z,_Z,232,2018,291411507.31,,,,0
FCSA:DF_TRADE_COUNTRY_YR(5.1.0),AE,A,AED,FCSC,ANN_CNT,TNOEXP,_Z,_Z,232,2019,337016343.48,,,,0
FCSA:DF_TRADE_COUNTRY_YR(5.1.0),AE,A,AED,FCSC,ANN_CNT,TNOEXP,_Z,_Z,232,2020,284167607.00,,,,0
FCSA:DF_TRADE_COUNTRY_YR(5.1.0),AE,A,AED,FCSC,ANN_CNT,TNOEXP,_Z,_Z,232,2021,386174201.65,,,,0
FCSA:DF_TRADE_COUNTRY_YR(5.1.0),AE,A,AED,FCSC,ANN_CNT,TNOEXP,_Z,_Z,232,2022,419998688.66,,,,0
FCSA:DF_TRADE_COUNTRY_YR(5.1.0),AE,A,AED,FCSC,ANN_CNT,TNOEXP,_Z,_Z,232,2023,440265380.54,,,,0
FCSA:DF_TRADE_COUNTRY_YR(5.1.0),AE,A,AED,FCSC,ANN_CNT,TNOEXP,_Z,_Z,232,2024,465476842.16,,,,0
FCSA:DF_TRADE_COUNTRY_YR(5.1.0),AE,A,AED,FCSC,ANN_CNT,IMP,_Z,_Z,226,2017,47174972.94,,,,0
FCSA:DF_TRADE_COUNTRY_YR(5.1.0),AE,A,AED,FCSC,ANN_CNT,IMP,_Z,_Z,226,2018,167852686.30,,,,0
FCSA:DF_TRADE_COUNTRY_YR(5.1.0),AE,A,AED,FCSC,ANN_CNT,IMP,_Z,_Z,226,2019,378860439.05,,,,0
FCSA:DF_TRADE_COUNTRY_YR(5.1.0),AE,A,AED,FCSC,ANN_CNT,IMP,_Z,_Z,226,2020,1922260.99,,,,0
FCSA:DF_TRADE_COUNTRY_YR(5.1.0),AE,A,AED,FCSC,ANN_CNT,IMP,_Z,_Z,226,2021,147385106.55,,,,0
FCSA:DF_TRADE_COUNTRY_YR(5.1.0),AE,A,AED,FCSC,ANN_CNT,IMP,_Z,_Z,226,2022,4588318.31,,,,0
FCSA:DF_TRADE_COUNTRY_YR(5.1.0),AE,A,AED,FCSC,ANN_CNT,IMP,_Z,_Z,226,2023,8990392.80,,,,0
FCSA:DF_TRADE_COUNTRY_YR(5.1.0),AE,A,AED,FCSC,ANN_CNT,IMP,_Z,_Z,226,2024,165110623.43,,,,0
FCSA:DF_TRADE_COUNTRY_YR(5.1.0),AE,A,AED,FCSC,ANN_CNT,NOEXP,_Z,_Z,226,2017,12329878.58,,,,0
FCSA:DF_TRADE_COUNTRY_YR(5.1.0),AE,A,AED,FCSC,ANN_CNT,NOEXP,_Z,_Z,226,2018,12325253.08,,,,0
FCSA:DF_TRADE_COUNTRY_YR(5.1.0),AE,A,AED,FCSC,ANN_CNT,NOEXP,_Z,_Z,226,2019,17623837.25,,,,0
FCSA:DF_TRADE_COUNTRY_YR(5.1.0),AE,A,AED,FCSC,ANN_CNT,NOEXP,_Z,_Z,226,2020,27400802.01,,,,0
FCSA:DF_TRADE_COUNTRY_YR(5.1.0),AE,A,AED,FCSC,ANN_CNT,NOEXP,_Z,_Z,226,2021,21342142.68,,,,0
FCSA:DF_TRADE_COUNTRY_YR(5.1.0),AE,A,AED,FCSC,ANN_CNT,NOEXP,_Z,_Z,226,2022,27772546.19,,,,0
FCSA:DF_TRADE_COUNTRY_YR(5.1.0),AE,A,AED,FCSC,ANN_CNT,NOEXP,_Z,_Z,226,2023,37882259.73,,,,0
FCSA:DF_TRADE_COUNTRY_YR(5.1.0),AE,A,AED,FCSC,ANN_CNT,NOEXP,_Z,_Z,226,2024,62929600.54,,,,0
FCSA:DF_TRADE_COUNTRY_YR(5.1.0),AE,A,AED,FCSC,ANN_CNT,IMP,_Z,_Z,44,2017,5909059.00,,,,0
FCSA:DF_TRADE_COUNTRY_YR(5.1.0),AE,A,AED,FCSC,ANN_CNT,IMP,_Z,_Z,44,2018,8089238.85,,,,0
FCSA:DF_TRADE_COUNTRY_YR(5.1.0),AE,A,AED,FCSC,ANN_CNT,IMP,_Z,_Z,44,2019,13477224.78,,,,0
FCSA:DF_TRADE_COUNTRY_YR(5.1.0),AE,A,AED,FCSC,ANN_CNT,IMP,_Z,_Z,44,2020,3404058.12,,,,0
FCSA:DF_TRADE_COUNTRY_YR(5.1.0),AE,A,AED,FCSC,ANN_CNT,IMP,_Z,_Z,44,2021,4093459.28,,,,0
FCSA:DF_TRADE_COUNTRY_YR(5.1.0),AE,A,AED,FCSC,ANN_CNT,IMP,_Z,_Z,44,2022,8727898.85,,,,0
FCSA:DF_TRADE_COUNTRY_YR(5.1.0),AE,A,AED,FCSC,ANN_CNT,IMP,_Z,_Z,44,2023,746966.61,,,,0
FCSA:DF_TRADE_COUNTRY_YR(5.1.0),AE,A,AED,FCSC,ANN_CNT,IMP,_Z,_Z,44,2024,986346.17,,,,0
FCSA:DF_TRADE_COUNTRY_YR(5.1.0),AE,A,AED,FCSC,ANN_CNT,NOEXP,_Z,_Z,580,2017,1141.14,,,,0
FCSA:DF_TRADE_COUNTRY_YR(5.1.0),AE,A,AED,FCSC,ANN_CNT,NOEXP,_Z,_Z,580,2018,0.00,,,,0
FCSA:DF_TRADE_COUNTRY_YR(5.1.0),AE,A,AED,FCSC,ANN_CNT,NOEXP,_Z,_Z,580,2019,0.00,,,,0
FCSA:DF_TRADE_COUNTRY_YR(5.1.0),AE,A,AED,FCSC,ANN_CNT,NOEXP,_Z,_Z,580,2020,208467.58,,,,0
FCSA:DF_TRADE_COUNTRY_YR(5.1.0),AE,A,AED,FCSC,ANN_CNT,NOEXP,_Z,_Z,580,2021,474246.55,,,,0
FCSA:DF_TRADE_COUNTRY_YR(5.1.0),AE,A,AED,FCSC,ANN_CNT,NOEXP,_Z,_Z,580,2022,232664.17,,,,0
FCSA:DF_TRADE_COUNTRY_YR(5.1.0),AE,A,AED,FCSC,ANN_CNT,NOEXP,_Z,_Z,580,2023,174726.42,,,,0
FCSA:DF_TRADE_COUNTRY_YR(5.1.0),AE,A,AED,FCSC,ANN_CNT,NOEXP,_Z,_Z,580,2024,228.74,,,,0
FCSA:DF_TRADE_COUNTRY_YR(5.1.0),AE,A,AED,FCSC,ANN_CNT,REEXP,_Z,_Z,96,2017,94959209.49,,,,0
FCSA:DF_TRADE_COUNTRY_YR(5.1.0),AE,A,AED,FCSC,ANN_CNT,REEXP,_Z,_Z,96,2018,41505818.52,,,,0
FCSA:DF_TRADE_COUNTRY_YR(5.1.0),AE,A,AED,FCSC,ANN_CNT,REEXP,_Z,_Z,96,2019,89024698.38,,,,0
FCSA:DF_TRADE_COUNTRY_YR(5.1.0),AE,A,AED,FCSC,ANN_CNT,REEXP,_Z,_Z,96,2020,33851746.46,,,,0
FCSA:DF_TRADE_COUNTRY_YR(5.1.0),AE,A,AED,FCSC,ANN_CNT,REEXP,_Z,_Z,96,2021,21219755.36,,,,0
FCSA:DF_TRADE_COUNTRY_YR(5.1.0),AE,A,AED,FCSC,ANN_CNT,REEXP,_Z,_Z,96,2022,30092741.43,,,,0
FCSA:DF_TRADE_COUNTRY_YR(5.1.0),AE,A,AED,FCSC,ANN_CNT,REEXP,_Z,_Z,96,2023,45131883.03,,,,0
FCSA:DF_TRADE_COUNTRY_YR(5.1.0),AE,A,AED,FCSC,ANN_CNT,REEXP,_Z,_Z,96,2024,78684355.77,,,,0
FCSA:DF_TRADE_COUNTRY_YR(5.1.0),AE,A,AED,FCSC,ANN_CNT,REEXP,_Z,_Z,901,2017,46330827.59,,,,0
FCSA:DF_TRADE_COUNTRY_YR(5.1.0),AE,A,AED,FCSC,ANN_CNT,REEXP,_Z,_Z,901,2018,24431782.21,,,,0
FCSA:DF_TRADE_COUNTRY_YR(5.1.0),AE,A,AED,FCSC,ANN_CNT,REEXP,_Z,_Z,901,2019,13021548.75,,,,0
FCSA:DF_TRADE_COUNTRY_YR(5.1.0),AE,A,AED,FCSC,ANN_CNT,REEXP,_Z,_Z,901,2020,12811566.00,,,,0
FCSA:DF_TRADE_COUNTRY_YR(5.1.0),AE,A,AED,FCSC,ANN_CNT,REEXP,_Z,_Z,901,2021,16550217.54,,,,0
FCSA:DF_TRADE_COUNTRY_YR(5.1.0),AE,A,AED,FCSC,ANN_CNT,REEXP,_Z,_Z,901,2022,15759997.97,,,,0
FCSA:DF_TRADE_COUNTRY_YR(5.1.0),AE,A,AED,FCSC,ANN_CNT,REEXP,_Z,_Z,901,2023,64962109.25,,,,0
FCSA:DF_TRADE_COUNTRY_YR(5.1.0),AE,A,AED,FCSC,ANN_CNT,REEXP,_Z,_Z,901,2024,66860777.50,,,,0
FCSA:DF_TRADE_COUNTRY_YR(5.1.0),AE,A,AED,FCSC,ANN_CNT,TTRADE,_Z,_Z,312,2017,2009548.06,,,,0
FCSA:DF_TRADE_COUNTRY_YR(5.1.0),AE,A,AED,FCSC,ANN_CNT,TTRADE,_Z,_Z,312,2018,3139891.66,,,,0
FCSA:DF_TRADE_COUNTRY_YR(5.1.0),AE,A,AED,FCSC,ANN_CNT,TTRADE,_Z,_Z,312,2019,2900690.14,,,,0
FCSA:DF_TRADE_COUNTRY_YR(5.1.0),AE,A,AED,FCSC,ANN_CNT,TTRADE,_Z,_Z,312,2020,1361711.42,,,,0
FCSA:DF_TRADE_COUNTRY_YR(5.1.0),AE,A,AED,FCSC,ANN_CNT,TTRADE,_Z,_Z,312,2021,3431098.45,,,,0
FCSA:DF_TRADE_COUNTRY_YR(5.1.0),AE,A,AED,FCSC,ANN_CNT,TTRADE,_Z,_Z,312,2022,3165716.34,,,,0
FCSA:DF_TRADE_COUNTRY_YR(5.1.0),AE,A,AED,FCSC,ANN_CNT,TTRADE,_Z,_Z,312,2023,3779500.52,,,,0
FCSA:DF_TRADE_COUNTRY_YR(5.1.0),AE,A,AED,FCSC,ANN_CNT,TTRADE,_Z,_Z,312,2024,2787183.90,,,,0
FCSA:DF_TRADE_COUNTRY_YR(5.1.0),AE,A,AED,FCSC,ANN_CNT,TTRADE,_Z,_Z,166,2017,13536.93,,,,0
FCSA:DF_TRADE_COUNTRY_YR(5.1.0),AE,A,AED,FCSC,ANN_CNT,TTRADE,_Z,_Z,166,2018,923.25,,,,0
FCSA:DF_TRADE_COUNTRY_YR(5.1.0),AE,A,AED,FCSC,ANN_CNT,TTRADE,_Z,_Z,166,2019,3376062.31,,,,0
FCSA:DF_TRADE_COUNTRY_YR(5.1.0),AE,A,AED,FCSC,ANN_CNT,TTRADE,_Z,_Z,166,2020,289754.60,,,,0
FCSA:DF_TRADE_COUNTRY_YR(5.1.0),AE,A,AED,FCSC,ANN_CNT,TTRADE,_Z,_Z,166,2021,497331.02,,,,0
FCSA:DF_TRADE_COUNTRY_YR(5.1.0),AE,A,AED,FCSC,ANN_CNT,TTRADE,_Z,_Z,166,2022,169605.00,,,,0
FCSA:DF_TRADE_COUNTRY_YR(5.1.0),AE,A,AED,FCSC,ANN_CNT,TTRADE,_Z,_Z,166,2023,26988.82,,,,0
FCSA:DF_TRADE_COUNTRY_YR(5.1.0),AE,A,AED,FCSC,ANN_CNT,TTRADE,_Z,_Z,166,2024,148579.69,,,,0
FCSA:DF_TRADE_COUNTRY_YR(5.1.0),AE,A,AED,FCSC,ANN_CNT,NOEXP,_Z,_Z,891,2022,9650.00,,,,0
FCSA:DF_TRADE_COUNTRY_YR(5.1.0),AE,A,AED,FCSC,ANN_CNT,NOEXP,_Z,_Z,891,2023,0.00,,,,0
FCSA:DF_TRADE_COUNTRY_YR(5.1.0),AE,A,AED,FCSC,ANN_CNT,NOEXP,_Z,_Z,891,2024,0.00,,,,0
FCSA:DF_TRADE_COUNTRY_YR(5.1.0),AE,A,AED,FCSC,ANN_CNT,TNOEXP,_Z,_Z,860,2017,1360352934.39,,,,0
FCSA:DF_TRADE_COUNTRY_YR(5.1.0),AE,A,AED,FCSC,ANN_CNT,TNOEXP,_Z,_Z,860,2018,1134107051.80,,,,0
FCSA:DF_TRADE_COUNTRY_YR(5.1.0),AE,A,AED,FCSC,ANN_CNT,TNOEXP,_Z,_Z,860,2019,1197082983.91,,,,0
FCSA:DF_TRADE_COUNTRY_YR(5.1.0),AE,A,AED,FCSC,ANN_CNT,TNOEXP,_Z,_Z,860,2020,1179132632.52,,,,0
FCSA:DF_TRADE_COUNTRY_YR(5.1.0),AE,A,AED,FCSC,ANN_CNT,TNOEXP,_Z,_Z,860,2021,1424801102.93,,,,0
FCSA:DF_TRADE_COUNTRY_YR(5.1.0),AE,A,AED,FCSC,ANN_CNT,TNOEXP,_Z,_Z,860,2022,3034389932.81,,,,0
FCSA:DF_TRADE_COUNTRY_YR(5.1.0),AE,A,AED,FCSC,ANN_CNT,TNOEXP,_Z,_Z,860,2023,5377167237.06,,,,0
FCSA:DF_TRADE_COUNTRY_YR(5.1.0),AE,A,AED,FCSC,ANN_CNT,TNOEXP,_Z,_Z,860,2024,6871071993.24,,,,0
FCSA:DF_TRADE_COUNTRY_YR(5.1.0),AE,A,AED,FCSC,ANN_CNT,TNOEXP,_Z,_Z,266,2017,205261671.13,,,,0
FCSA:DF_TRADE_COUNTRY_YR(5.1.0),AE,A,AED,FCSC,ANN_CNT,TNOEXP,_Z,_Z,266,2018,314163917.80,,,,0
FCSA:DF_TRADE_COUNTRY_YR(5.1.0),AE,A,AED,FCSC,ANN_CNT,TNOEXP,_Z,_Z,266,2019,405358096.67,,,,0
FCSA:DF_TRADE_COUNTRY_YR(5.1.0),AE,A,AED,FCSC,ANN_CNT,TNOEXP,_Z,_Z,266,2020,302072014.24,,,,0
FCSA:DF_TRADE_COUNTRY_YR(5.1.0),AE,A,AED,FCSC,ANN_CNT,TNOEXP,_Z,_Z,266,2021,425375112.45,,,,0
FCSA:DF_TRADE_COUNTRY_YR(5.1.0),AE,A,AED,FCSC,ANN_CNT,TNOEXP,_Z,_Z,266,2022,529353768.41,,,,0
FCSA:DF_TRADE_COUNTRY_YR(5.1.0),AE,A,AED,FCSC,ANN_CNT,TNOEXP,_Z,_Z,266,2023,738456184.41,,,,0
FCSA:DF_TRADE_COUNTRY_YR(5.1.0),AE,A,AED,FCSC,ANN_CNT,TNOEXP,_Z,_Z,266,2024,989491445.56,,,,0
FCSA:DF_TRADE_COUNTRY_YR(5.1.0),AE,A,AED,FCSC,ANN_CNT,TNOEXP,_Z,_Z,68,2017,9438132.90,,,,0
FCSA:DF_TRADE_COUNTRY_YR(5.1.0),AE,A,AED,FCSC,ANN_CNT,TNOEXP,_Z,_Z,68,2018,11422490.66,,,,0
FCSA:DF_TRADE_COUNTRY_YR(5.1.0),AE,A,AED,FCSC,ANN_CNT,TNOEXP,_Z,_Z,68,2019,8298064.16,,,,0
FCSA:DF_TRADE_COUNTRY_YR(5.1.0),AE,A,AED,FCSC,ANN_CNT,TNOEXP,_Z,_Z,68,2020,8759504.43,,,,0
FCSA:DF_TRADE_COUNTRY_YR(5.1.0),AE,A,AED,FCSC,ANN_CNT,TNOEXP,_Z,_Z,68,2021,31639694.94,,,,0
FCSA:DF_TRADE_COUNTRY_YR(5.1.0),AE,A,AED,FCSC,ANN_CNT,TNOEXP,_Z,_Z,68,2022,40284200.38,,,,0
FCSA:DF_TRADE_COUNTRY_YR(5.1.0),AE,A,AED,FCSC,ANN_CNT,TNOEXP,_Z,_Z,68,2023,29969249.56,,,,0
FCSA:DF_TRADE_COUNTRY_YR(5.1.0),AE,A,AED,FCSC,ANN_CNT,TNOEXP,_Z,_Z,68,2024,27661854.65,,,,0
FCSA:DF_TRADE_COUNTRY_YR(5.1.0),AE,A,AED,FCSC,ANN_CNT,TNOEXP,_Z,_Z,90,2017,958168.15,,,,0
FCSA:DF_TRADE_COUNTRY_YR(5.1.0),AE,A,AED,FCSC,ANN_CNT,TNOEXP,_Z,_Z,90,2018,306155.77,,,,0
FCSA:DF_TRADE_COUNTRY_YR(5.1.0),AE,A,AED,FCSC,ANN_CNT,TNOEXP,_Z,_Z,90,2019,4251282.38,,,,0
FCSA:DF_TRADE_COUNTRY_YR(5.1.0),AE,A,AED,FCSC,ANN_CNT,TNOEXP,_Z,_Z,90,2020,4525678.52,,,,0
FCSA:DF_TRADE_COUNTRY_YR(5.1.0),AE,A,AED,FCSC,ANN_CNT,TNOEXP,_Z,_Z,90,2021,2790788.16,,,,0
FCSA:DF_TRADE_COUNTRY_YR(5.1.0),AE,A,AED,FCSC,ANN_CNT,TNOEXP,_Z,_Z,90,2022,5591743.64,,,,0
FCSA:DF_TRADE_COUNTRY_YR(5.1.0),AE,A,AED,FCSC,ANN_CNT,TNOEXP,_Z,_Z,90,2023,7145150.41,,,,0
FCSA:DF_TRADE_COUNTRY_YR(5.1.0),AE,A,AED,FCSC,ANN_CNT,TNOEXP,_Z,_Z,90,2024,523183.01,,,,0
FCSA:DF_TRADE_COUNTRY_YR(5.1.0),AE,A,AED,FCSC,ANN_CNT,NOEXP,_Z,_Z,60,2017,95553.95,,,,0
FCSA:DF_TRADE_COUNTRY_YR(5.1.0),AE,A,AED,FCSC,ANN_CNT,NOEXP,_Z,_Z,60,2018,9096.03,,,,0
FCSA:DF_TRADE_COUNTRY_YR(5.1.0),AE,A,AED,FCSC,ANN_CNT,NOEXP,_Z,_Z,60,2019,1249030.82,,,,0
FCSA:DF_TRADE_COUNTRY_YR(5.1.0),AE,A,AED,FCSC,ANN_CNT,NOEXP,_Z,_Z,60,2020,21931.82,,,,0
FCSA:DF_TRADE_COUNTRY_YR(5.1.0),AE,A,AED,FCSC,ANN_CNT,NOEXP,_Z,_Z,60,2021,7035.39,,,,0
FCSA:DF_TRADE_COUNTRY_YR(5.1.0),AE,A,AED,FCSC,ANN_CNT,NOEXP,_Z,_Z,60,2022,16343.10,,,,0
FCSA:DF_TRADE_COUNTRY_YR(5.1.0),AE,A,AED,FCSC,ANN_CNT,NOEXP,_Z,_Z,60,2023,30766.05,,,,0
FCSA:DF_TRADE_COUNTRY_YR(5.1.0),AE,A,AED,FCSC,ANN_CNT,NOEXP,_Z,_Z,60,2024,22870.29,,,,0
FCSA:DF_TRADE_COUNTRY_YR(5.1.0),AE,A,AED,FCSC,ANN_CNT,IMP,_Z,_Z,832,2017,20366.00,,,,0
FCSA:DF_TRADE_COUNTRY_YR(5.1.0),AE,A,AED,FCSC,ANN_CNT,IMP,_Z,_Z,832,2018,21502.26,,,,0
FCSA:DF_TRADE_COUNTRY_YR(5.1.0),AE,A,AED,FCSC,ANN_CNT,IMP,_Z,_Z,832,2019,14457.37,,,,0
FCSA:DF_TRADE_COUNTRY_YR(5.1.0),AE,A,AED,FCSC,ANN_CNT,IMP,_Z,_Z,832,2020,344865.44,,,,0
FCSA:DF_TRADE_COUNTRY_YR(5.1.0),AE,A,AED,FCSC,ANN_CNT,IMP,_Z,_Z,832,2021,23335.68,,,,0
FCSA:DF_TRADE_COUNTRY_YR(5.1.0),AE,A,AED,FCSC,ANN_CNT,IMP,_Z,_Z,832,2022,7336.00,,,,0
FCSA:DF_TRADE_COUNTRY_YR(5.1.0),AE,A,AED,FCSC,ANN_CNT,IMP,_Z,_Z,832,2023,460151.82,,,,0
FCSA:DF_TRADE_COUNTRY_YR(5.1.0),AE,A,AED,FCSC,ANN_CNT,IMP,_Z,_Z,832,2024,13211.23,,,,0
FCSA:DF_TRADE_COUNTRY_YR(5.1.0),AE,A,AED,FCSC,ANN_CNT,IMP,_Z,_Z,682,2017,25350772166.46,,,,0
FCSA:DF_TRADE_COUNTRY_YR(5.1.0),AE,A,AED,FCSC,ANN_CNT,IMP,_Z,_Z,682,2018,27826958439.66,,,,0
FCSA:DF_TRADE_COUNTRY_YR(5.1.0),AE,A,AED,FCSC,ANN_CNT,IMP,_Z,_Z,682,2019,25139679420.25,,,,0
FCSA:DF_TRADE_COUNTRY_YR(5.1.0),AE,A,AED,FCSC,ANN_CNT,IMP,_Z,_Z,682,2020,23782432172.11,,,,0
FCSA:DF_TRADE_COUNTRY_YR(5.1.0),AE,A,AED,FCSC,ANN_CNT,IMP,_Z,_Z,682,2021,27096698041.66,,,,0
FCSA:DF_TRADE_COUNTRY_YR(5.1.0),AE,A,AED,FCSC,ANN_CNT,IMP,_Z,_Z,682,2022,34315881365.14,,,,0
FCSA:DF_TRADE_COUNTRY_YR(5.1.0),AE,A,AED,FCSC,ANN_CNT,IMP,_Z,_Z,682,2023,28902975282.03,,,,0
FCSA:DF_TRADE_COUNTRY_YR(5.1.0),AE,A,AED,FCSC,ANN_CNT,IMP,_Z,_Z,682,2024,31159718796.59,,,,0
FCSA:DF_TRADE_COUNTRY_YR(5.1.0),AE,A,AED,FCSC,ANN_CNT,TNOEXP,_Z,_Z,48,2017,8623549086.56,,,,0
FCSA:DF_TRADE_COUNTRY_YR(5.1.0),AE,A,AED,FCSC,ANN_CNT,TNOEXP,_Z,_Z,48,2018,16250158284.65,,,,0
FCSA:DF_TRADE_COUNTRY_YR(5.1.0),AE,A,AED,FCSC,ANN_CNT,TNOEXP,_Z,_Z,48,2019,12986975549.40,,,,0
FCSA:DF_TRADE_COUNTRY_YR(5.1.0),AE,A,AED,FCSC,ANN_CNT,TNOEXP,_Z,_Z,48,2020,11064497216.37,,,,0
FCSA:DF_TRADE_COUNTRY_YR(5.1.0),AE,A,AED,FCSC,ANN_CNT,TNOEXP,_Z,_Z,48,2021,13651608747.01,,,,0
FCSA:DF_TRADE_COUNTRY_YR(5.1.0),AE,A,AED,FCSC,ANN_CNT,TNOEXP,_Z,_Z,48,2022,15791952278.26,,,,0
FCSA:DF_TRADE_COUNTRY_YR(5.1.0),AE,A,AED,FCSC,ANN_CNT,TNOEXP,_Z,_Z,48,2023,17171744976.64,,,,0
FCSA:DF_TRADE_COUNTRY_YR(5.1.0),AE,A,AED,FCSC,ANN_CNT,TNOEXP,_Z,_Z,48,2024,17428897283.90,,,,0
FCSA:DF_TRADE_COUNTRY_YR(5.1.0),AE,A,AED,FCSC,ANN_CNT,TTRADE,_Z,_Z,504,2017,1923005716.72,,,,0
FCSA:DF_TRADE_COUNTRY_YR(5.1.0),AE,A,AED,FCSC,ANN_CNT,TTRADE,_Z,_Z,504,2018,2163469448.07,,,,0
FCSA:DF_TRADE_COUNTRY_YR(5.1.0),AE,A,AED,FCSC,ANN_CNT,TTRADE,_Z,_Z,504,2019,2608103525.50,,,,0
FCSA:DF_TRADE_COUNTRY_YR(5.1.0),AE,A,AED,FCSC,ANN_CNT,TTRADE,_Z,_Z,504,2020,2176103478.53,,,,0
FCSA:DF_TRADE_COUNTRY_YR(5.1.0),AE,A,AED,FCSC,ANN_CNT,TTRADE,_Z,_Z,504,2021,3136557489.75,,,,0
FCSA:DF_TRADE_COUNTRY_YR(5.1.0),AE,A,AED,FCSC,ANN_CNT,TTRADE,_Z,_Z,504,2022,3686398173.99,,,,0
FCSA:DF_TRADE_COUNTRY_YR(5.1.0),AE,A,AED,FCSC,ANN_CNT,TTRADE,_Z,_Z,504,2023,3593526417.01,,,,0
FCSA:DF_TRADE_COUNTRY_YR(5.1.0),AE,A,AED,FCSC,ANN_CNT,TTRADE,_Z,_Z,504,2024,4066255024.73,,,,0
FCSA:DF_TRADE_COUNTRY_YR(5.1.0),AE,A,AED,FCSC,ANN_CNT,REEXP,_Z,_Z,380,2017,1733035433.33,,,,0
FCSA:DF_TRADE_COUNTRY_YR(5.1.0),AE,A,AED,FCSC,ANN_CNT,REEXP,_Z,_Z,380,2018,1722664860.77,,,,0
FCSA:DF_TRADE_COUNTRY_YR(5.1.0),AE,A,AED,FCSC,ANN_CNT,REEXP,_Z,_Z,380,2019,2395285860.72,,,,0
FCSA:DF_TRADE_COUNTRY_YR(5.1.0),AE,A,AED,FCSC,ANN_CNT,REEXP,_Z,_Z,380,2020,1664029066.39,,,,0
FCSA:DF_TRADE_COUNTRY_YR(5.1.0),AE,A,AED,FCSC,ANN_CNT,REEXP,_Z,_Z,380,2021,2663673828.85,,,,0
FCSA:DF_TRADE_COUNTRY_YR(5.1.0),AE,A,AED,FCSC,ANN_CNT,REEXP,_Z,_Z,380,2022,5459813825.86,,,,0
FCSA:DF_TRADE_COUNTRY_YR(5.1.0),AE,A,AED,FCSC,ANN_CNT,REEXP,_Z,_Z,380,2023,2863065401.60,,,,0
FCSA:DF_TRADE_COUNTRY_YR(5.1.0),AE,A,AED,FCSC,ANN_CNT,REEXP,_Z,_Z,380,2024,2707524794.91,,,,0
FCSA:DF_TRADE_COUNTRY_YR(5.1.0),AE,A,AED,FCSC,ANN_CNT,TNOEXP,_Z,_Z,24,2017,1438678150.66,,,,0
FCSA:DF_TRADE_COUNTRY_YR(5.1.0),AE,A,AED,FCSC,ANN_CNT,TNOEXP,_Z,_Z,24,2018,1970313543.64,,,,0
FCSA:DF_TRADE_COUNTRY_YR(5.1.0),AE,A,AED,FCSC,ANN_CNT,TNOEXP,_Z,_Z,24,2019,1100682189.53,,,,0
FCSA:DF_TRADE_COUNTRY_YR(5.1.0),AE,A,AED,FCSC,ANN_CNT,TNOEXP,_Z,_Z,24,2020,796543526.89,,,,0
FCSA:DF_TRADE_COUNTRY_YR(5.1.0),AE,A,AED,FCSC,ANN_CNT,TNOEXP,_Z,_Z,24,2021,1439589675.15,,,,0
FCSA:DF_TRADE_COUNTRY_YR(5.1.0),AE,A,AED,FCSC,ANN_CNT,TNOEXP,_Z,_Z,24,2022,2988713086.63,,,,0
FCSA:DF_TRADE_COUNTRY_YR(5.1.0),AE,A,AED,FCSC,ANN_CNT,TNOEXP,_Z,_Z,24,2023,1956401166.00,,,,0
FCSA:DF_TRADE_COUNTRY_YR(5.1.0),AE,A,AED,FCSC,ANN_CNT,TNOEXP,_Z,_Z,24,2024,1542460444.06,,,,0
FCSA:DF_TRADE_COUNTRY_YR(5.1.0),AE,A,AED,FCSC,ANN_CNT,IMP,_Z,_Z,430,2017,453082375.47,,,,0
FCSA:DF_TRADE_COUNTRY_YR(5.1.0),AE,A,AED,FCSC,ANN_CNT,IMP,_Z,_Z,430,2018,201757723.25,,,,0
FCSA:DF_TRADE_COUNTRY_YR(5.1.0),AE,A,AED,FCSC,ANN_CNT,IMP,_Z,_Z,430,2019,77633980.88,,,,0
FCSA:DF_TRADE_COUNTRY_YR(5.1.0),AE,A,AED,FCSC,ANN_CNT,IMP,_Z,_Z,430,2020,52193796.96,,,,0
FCSA:DF_TRADE_COUNTRY_YR(5.1.0),AE,A,AED,FCSC,ANN_CNT,IMP,_Z,_Z,430,2021,105469497.14,,,,0
FCSA:DF_TRADE_COUNTRY_YR(5.1.0),AE,A,AED,FCSC,ANN_CNT,IMP,_Z,_Z,430,2022,222555730.52,,,,0
FCSA:DF_TRADE_COUNTRY_YR(5.1.0),AE,A,AED,FCSC,ANN_CNT,IMP,_Z,_Z,430,2023,249466076.01,,,,0
FCSA:DF_TRADE_COUNTRY_YR(5.1.0),AE,A,AED,FCSC,ANN_CNT,IMP,_Z,_Z,430,2024,300749839.41,,,,0
FCSA:DF_TRADE_COUNTRY_YR(5.1.0),AE,A,AED,FCSC,ANN_CNT,TTRADE,_Z,_Z,188,2017,72810802.50,,,,0
FCSA:DF_TRADE_COUNTRY_YR(5.1.0),AE,A,AED,FCSC,ANN_CNT,TTRADE,_Z,_Z,188,2018,96621535.33,,,,0
FCSA:DF_TRADE_COUNTRY_YR(5.1.0),AE,A,AED,FCSC,ANN_CNT,TTRADE,_Z,_Z,188,2019,125679619.43,,,,0
FCSA:DF_TRADE_COUNTRY_YR(5.1.0),AE,A,AED,FCSC,ANN_CNT,TTRADE,_Z,_Z,188,2020,131530791.91,,,,0
FCSA:DF_TRADE_COUNTRY_YR(5.1.0),AE,A,AED,FCSC,ANN_CNT,TTRADE,_Z,_Z,188,2021,180887796.05,,,,0
FCSA:DF_TRADE_COUNTRY_YR(5.1.0),AE,A,AED,FCSC,ANN_CNT,TTRADE,_Z,_Z,188,2022,221850199.01,,,,0
FCSA:DF_TRADE_COUNTRY_YR(5.1.0),AE,A,AED,FCSC,ANN_CNT,TTRADE,_Z,_Z,188,2023,238085666.38,,,,0
FCSA:DF_TRADE_COUNTRY_YR(5.1.0),AE,A,AED,FCSC,ANN_CNT,TTRADE,_Z,_Z,188,2024,302080561.19,,,,0
FCSA:DF_TRADE_COUNTRY_YR(5.1.0),AE,A,AED,FCSC,ANN_CNT,TNOEXP,_Z,_Z,663,2017,2005502.23,,,,0
FCSA:DF_TRADE_COUNTRY_YR(5.1.0),AE,A,AED,FCSC,ANN_CNT,TNOEXP,_Z,_Z,663,2018,1833567.53,,,,0
FCSA:DF_TRADE_COUNTRY_YR(5.1.0),AE,A,AED,FCSC,ANN_CNT,TNOEXP,_Z,_Z,663,2019,1776088.31,,,,0
FCSA:DF_TRADE_COUNTRY_YR(5.1.0),AE,A,AED,FCSC,ANN_CNT,TNOEXP,_Z,_Z,663,2020,1280610.30,,,,0
FCSA:DF_TRADE_COUNTRY_YR(5.1.0),AE,A,AED,FCSC,ANN_CNT,TNOEXP,_Z,_Z,663,2021,3039889.58,,,,0
FCSA:DF_TRADE_COUNTRY_YR(5.1.0),AE,A,AED,FCSC,ANN_CNT,TNOEXP,_Z,_Z,663,2022,9777035.12,,,,0
FCSA:DF_TRADE_COUNTRY_YR(5.1.0),AE,A,AED,FCSC,ANN_CNT,TNOEXP,_Z,_Z,663,2023,9604479.46,,,,0
FCSA:DF_TRADE_COUNTRY_YR(5.1.0),AE,A,AED,FCSC,ANN_CNT,TNOEXP,_Z,_Z,663,2024,9783219.93,,,,0
FCSA:DF_TRADE_COUNTRY_YR(5.1.0),AE,A,AED,FCSC,ANN_CNT,IMP,_Z,_Z,16,2017,425052.00,,,,0
FCSA:DF_TRADE_COUNTRY_YR(5.1.0),AE,A,AED,FCSC,ANN_CNT,IMP,_Z,_Z,16,2018,560594.56,,,,0
FCSA:DF_TRADE_COUNTRY_YR(5.1.0),AE,A,AED,FCSC,ANN_CNT,IMP,_Z,_Z,16,2019,21475.00,,,,0
FCSA:DF_TRADE_COUNTRY_YR(5.1.0),AE,A,AED,FCSC,ANN_CNT,IMP,_Z,_Z,16,2020,670976.13,,,,0
FCSA:DF_TRADE_COUNTRY_YR(5.1.0),AE,A,AED,FCSC,ANN_CNT,IMP,_Z,_Z,16,2021,628968.08,,,,0
FCSA:DF_TRADE_COUNTRY_YR(5.1.0),AE,A,AED,FCSC,ANN_CNT,IMP,_Z,_Z,16,2022,456186.73,,,,0
FCSA:DF_TRADE_COUNTRY_YR(5.1.0),AE,A,AED,FCSC,ANN_CNT,IMP,_Z,_Z,16,2023,5148877.75,,,,0
FCSA:DF_TRADE_COUNTRY_YR(5.1.0),AE,A,AED,FCSC,ANN_CNT,IMP,_Z,_Z,16,2024,17071292.97,,,,0
FCSA:DF_TRADE_COUNTRY_YR(5.1.0),AE,A,AED,FCSC,ANN_CNT,IMP,_Z,_Z,276,2017,43637022225.51,,,,0
FCSA:DF_TRADE_COUNTRY_YR(5.1.0),AE,A,AED,FCSC,ANN_CNT,IMP,_Z,_Z,276,2018,40179333392.64,,,,0
FCSA:DF_TRADE_COUNTRY_YR(5.1.0),AE,A,AED,FCSC,ANN_CNT,IMP,_Z,_Z,276,2019,36997638304.78,,,,0
FCSA:DF_TRADE_COUNTRY_YR(5.1.0),AE,A,AED,FCSC,ANN_CNT,IMP,_Z,_Z,276,2020,26711124982.77,,,,0
FCSA:DF_TRADE_COUNTRY_YR(5.1.0),AE,A,AED,FCSC,ANN_CNT,IMP,_Z,_Z,276,2021,30479061929.04,,,,0
FCSA:DF_TRADE_COUNTRY_YR(5.1.0),AE,A,AED,FCSC,ANN_CNT,IMP,_Z,_Z,276,2022,31260844192.44,,,,0
FCSA:DF_TRADE_COUNTRY_YR(5.1.0),AE,A,AED,FCSC,ANN_CNT,IMP,_Z,_Z,276,2023,41494355630.75,,,,0
FCSA:DF_TRADE_COUNTRY_YR(5.1.0),AE,A,AED,FCSC,ANN_CNT,IMP,_Z,_Z,276,2024,43912222105.36,,,,0
FCSA:DF_TRADE_COUNTRY_YR(5.1.0),AE,A,AED,FCSC,ANN_CNT,IMP,_Z,_Z,174,2017,24460805.16,,,,0
FCSA:DF_TRADE_COUNTRY_YR(5.1.0),AE,A,AED,FCSC,ANN_CNT,IMP,_Z,_Z,174,2018,22895316.05,,,,0
FCSA:DF_TRADE_COUNTRY_YR(5.1.0),AE,A,AED,FCSC,ANN_CNT,IMP,_Z,_Z,174,2019,10188675.15,,,,0
FCSA:DF_TRADE_COUNTRY_YR(5.1.0),AE,A,AED,FCSC,ANN_CNT,IMP,_Z,_Z,174,2020,5472148.78,,,,0
FCSA:DF_TRADE_COUNTRY_YR(5.1.0),AE,A,AED,FCSC,ANN_CNT,IMP,_Z,_Z,174,2021,3031776.02,,,,0
FCSA:DF_TRADE_COUNTRY_YR(5.1.0),AE,A,AED,FCSC,ANN_CNT,IMP,_Z,_Z,174,2022,22105119.59,,,,0
FCSA:DF_TRADE_COUNTRY_YR(5.1.0),AE,A,AED,FCSC,ANN_CNT,IMP,_Z,_Z,174,2023,40528100.16,,,,0
FCSA:DF_TRADE_COUNTRY_YR(5.1.0),AE,A,AED,FCSC,ANN_CNT,IMP,_Z,_Z,174,2024,12839798.81,,,,0
FCSA:DF_TRADE_COUNTRY_YR(5.1.0),AE,A,AED,FCSC,ANN_CNT,IMP,_Z,_Z,170,2017,353722691.60,,,,0
FCSA:DF_TRADE_COUNTRY_YR(5.1.0),AE,A,AED,FCSC,ANN_CNT,IMP,_Z,_Z,170,2018,308013237.81,,,,0
FCSA:DF_TRADE_COUNTRY_YR(5.1.0),AE,A,AED,FCSC,ANN_CNT,IMP,_Z,_Z,170,2019,387508058.61,,,,0
FCSA:DF_TRADE_COUNTRY_YR(5.1.0),AE,A,AED,FCSC,ANN_CNT,IMP,_Z,_Z,170,2020,842724996.32,,,,0
FCSA:DF_TRADE_COUNTRY_YR(5.1.0),AE,A,AED,FCSC,ANN_CNT,IMP,_Z,_Z,170,2021,609606413.06,,,,0
FCSA:DF_TRADE_COUNTRY_YR(5.1.0),AE,A,AED,FCSC,ANN_CNT,IMP,_Z,_Z,170,2022,1006784602.25,,,,0
FCSA:DF_TRADE_COUNTRY_YR(5.1.0),AE,A,AED,FCSC,ANN_CNT,IMP,_Z,_Z,170,2023,1704294089.57,,,,0
FCSA:DF_TRADE_COUNTRY_YR(5.1.0),AE,A,AED,FCSC,ANN_CNT,IMP,_Z,_Z,170,2024,1651205779.79,,,,0
FCSA:DF_TRADE_COUNTRY_YR(5.1.0),AE,A,AED,FCSC,ANN_CNT,TNOEXP,_Z,_Z,152,2017,327565446.36,,,,0
FCSA:DF_TRADE_COUNTRY_YR(5.1.0),AE,A,AED,FCSC,ANN_CNT,TNOEXP,_Z,_Z,152,2018,332109510.18,,,,0
FCSA:DF_TRADE_COUNTRY_YR(5.1.0),AE,A,AED,FCSC,ANN_CNT,TNOEXP,_Z,_Z,152,2019,311088458.27,,,,0
FCSA:DF_TRADE_COUNTRY_YR(5.1.0),AE,A,AED,FCSC,ANN_CNT,TNOEXP,_Z,_Z,152,2020,240160045.68,,,,0
FCSA:DF_TRADE_COUNTRY_YR(5.1.0),AE,A,AED,FCSC,ANN_CNT,TNOEXP,_Z,_Z,152,2021,410077739.47,,,,0
FCSA:DF_TRADE_COUNTRY_YR(5.1.0),AE,A,AED,FCSC,ANN_CNT,TNOEXP,_Z,_Z,152,2022,527931776.28,,,,0
FCSA:DF_TRADE_COUNTRY_YR(5.1.0),AE,A,AED,FCSC,ANN_CNT,TNOEXP,_Z,_Z,152,2023,400593801.99,,,,0
FCSA:DF_TRADE_COUNTRY_YR(5.1.0),AE,A,AED,FCSC,ANN_CNT,TNOEXP,_Z,_Z,152,2024,435297299.18,,,,0
FCSA:DF_TRADE_COUNTRY_YR(5.1.0),AE,A,AED,FCSC,ANN_CNT,IMP,_Z,_Z,762,2017,5099828.60,,,,0
FCSA:DF_TRADE_COUNTRY_YR(5.1.0),AE,A,AED,FCSC,ANN_CNT,IMP,_Z,_Z,762,2018,7094986.68,,,,0
FCSA:DF_TRADE_COUNTRY_YR(5.1.0),AE,A,AED,FCSC,ANN_CNT,IMP,_Z,_Z,762,2019,1477270.15,,,,0
FCSA:DF_TRADE_COUNTRY_YR(5.1.0),AE,A,AED,FCSC,ANN_CNT,IMP,_Z,_Z,762,2020,6558984.05,,,,0
FCSA:DF_TRADE_COUNTRY_YR(5.1.0),AE,A,AED,FCSC,ANN_CNT,IMP,_Z,_Z,762,2021,9905635.17,,,,0
FCSA:DF_TRADE_COUNTRY_YR(5.1.0),AE,A,AED,FCSC,ANN_CNT,IMP,_Z,_Z,762,2022,29038089.65,,,,0
FCSA:DF_TRADE_COUNTRY_YR(5.1.0),AE,A,AED,FCSC,ANN_CNT,IMP,_Z,_Z,762,2023,44569162.14,,,,0
FCSA:DF_TRADE_COUNTRY_YR(5.1.0),AE,A,AED,FCSC,ANN_CNT,IMP,_Z,_Z,762,2024,30536616.75,,,,0
FCSA:DF_TRADE_COUNTRY_YR(5.1.0),AE,A,AED,FCSC,ANN_CNT,IMP,_Z,_Z,408,2017,460703.45,,,,0
FCSA:DF_TRADE_COUNTRY_YR(5.1.0),AE,A,AED,FCSC,ANN_CNT,IMP,_Z,_Z,408,2018,830819.18,,,,0
FCSA:DF_TRADE_COUNTRY_YR(5.1.0),AE,A,AED,FCSC,ANN_CNT,IMP,_Z,_Z,408,2019,12449041.96,,,,0
FCSA:DF_TRADE_COUNTRY_YR(5.1.0),AE,A,AED,FCSC,ANN_CNT,IMP,_Z,_Z,408,2020,560578.60,,,,0
FCSA:DF_TRADE_COUNTRY_YR(5.1.0),AE,A,AED,FCSC,ANN_CNT,IMP,_Z,_Z,408,2021,14899582.86,,,,0
FCSA:DF_TRADE_COUNTRY_YR(5.1.0),AE,A,AED,FCSC,ANN_CNT,IMP,_Z,_Z,408,2022,765879.07,,,,0
FCSA:DF_TRADE_COUNTRY_YR(5.1.0),AE,A,AED,FCSC,ANN_CNT,TNOEXP,_Z,_Z,826,2017,13052630301.14,,,,0
FCSA:DF_TRADE_COUNTRY_YR(5.1.0),AE,A,AED,FCSC,ANN_CNT,TNOEXP,_Z,_Z,826,2018,13201657426.46,,,,0
FCSA:DF_TRADE_COUNTRY_YR(5.1.0),AE,A,AED,FCSC,ANN_CNT,TNOEXP,_Z,_Z,826,2019,9786610524.54,,,,0
FCSA:DF_TRADE_COUNTRY_YR(5.1.0),AE,A,AED,FCSC,ANN_CNT,TNOEXP,_Z,_Z,826,2020,7951422534.59,,,,0
FCSA:DF_TRADE_COUNTRY_YR(5.1.0),AE,A,AED,FCSC,ANN_CNT,TNOEXP,_Z,_Z,826,2021,9577748379.93,,,,0
FCSA:DF_TRADE_COUNTRY_YR(5.1.0),AE,A,AED,FCSC,ANN_CNT,TNOEXP,_Z,_Z,826,2022,8499089374.82,,,,0
FCSA:DF_TRADE_COUNTRY_YR(5.1.0),AE,A,AED,FCSC,ANN_CNT,TNOEXP,_Z,_Z,826,2023,10573462910.05,,,,0
FCSA:DF_TRADE_COUNTRY_YR(5.1.0),AE,A,AED,FCSC,ANN_CNT,TNOEXP,_Z,_Z,826,2024,12803190094.47,,,,0
FCSA:DF_TRADE_COUNTRY_YR(5.1.0),AE,A,AED,FCSC,ANN_CNT,TTRADE,_Z,_Z,36,2017,11058766813.78,,,,0
FCSA:DF_TRADE_COUNTRY_YR(5.1.0),AE,A,AED,FCSC,ANN_CNT,TTRADE,_Z,_Z,36,2018,12353949844.19,,,,0
FCSA:DF_TRADE_COUNTRY_YR(5.1.0),AE,A,AED,FCSC,ANN_CNT,TTRADE,_Z,_Z,36,2019,14512215842.44,,,,0
FCSA:DF_TRADE_COUNTRY_YR(5.1.0),AE,A,AED,FCSC,ANN_CNT,TTRADE,_Z,_Z,36,2020,8477902551.34,,,,0
FCSA:DF_TRADE_COUNTRY_YR(5.1.0),AE,A,AED,FCSC,ANN_CNT,TTRADE,_Z,_Z,36,2021,13025155179.51,,,,0
FCSA:DF_TRADE_COUNTRY_YR(5.1.0),AE,A,AED,FCSC,ANN_CNT,TTRADE,_Z,_Z,36,2022,16656634362.55,,,,0
FCSA:DF_TRADE_COUNTRY_YR(5.1.0),AE,A,AED,FCSC,ANN_CNT,TTRADE,_Z,_Z,36,2023,15539349065.57,,,,0
FCSA:DF_TRADE_COUNTRY_YR(5.1.0),AE,A,AED,FCSC,ANN_CNT,TTRADE,_Z,_Z,36,2024,15462318062.99,,,,0
FCSA:DF_TRADE_COUNTRY_YR(5.1.0),AE,A,AED,FCSC,ANN_CNT,REEXP,_Z,_Z,834,2017,3420335054.54,,,,0
FCSA:DF_TRADE_COUNTRY_YR(5.1.0),AE,A,AED,FCSC,ANN_CNT,REEXP,_Z,_Z,834,2018,3415762959.93,,,,0
FCSA:DF_TRADE_COUNTRY_YR(5.1.0),AE,A,AED,FCSC,ANN_CNT,REEXP,_Z,_Z,834,2019,3740307974.57,,,,0
FCSA:DF_TRADE_COUNTRY_YR(5.1.0),AE,A,AED,FCSC,ANN_CNT,REEXP,_Z,_Z,834,2020,2039642168.07,,,,0
FCSA:DF_TRADE_COUNTRY_YR(5.1.0),AE,A,AED,FCSC,ANN_CNT,REEXP,_Z,_Z,834,2021,2200499113.37,,,,0
FCSA:DF_TRADE_COUNTRY_YR(5.1.0),AE,A,AED,FCSC,ANN_CNT,REEXP,_Z,_Z,834,2022,3613756128.30,,,,0
FCSA:DF_TRADE_COUNTRY_YR(5.1.0),AE,A,AED,FCSC,ANN_CNT,REEXP,_Z,_Z,834,2023,3390720297.35,,,,0
FCSA:DF_TRADE_COUNTRY_YR(5.1.0),AE,A,AED,FCSC,ANN_CNT,REEXP,_Z,_Z,834,2024,3526076008.62,,,,0
FCSA:DF_TRADE_COUNTRY_YR(5.1.0),AE,A,AED,FCSC,ANN_CNT,NOEXP,_Z,_Z,566,2017,459077579.12,,,,0
FCSA:DF_TRADE_COUNTRY_YR(5.1.0),AE,A,AED,FCSC,ANN_CNT,NOEXP,_Z,_Z,566,2018,525310091.02,,,,0
FCSA:DF_TRADE_COUNTRY_YR(5.1.0),AE,A,AED,FCSC,ANN_CNT,NOEXP,_Z,_Z,566,2019,785615233.49,,,,0
FCSA:DF_TRADE_COUNTRY_YR(5.1.0),AE,A,AED,FCSC,ANN_CNT,NOEXP,_Z,_Z,566,2020,703890687.62,,,,0
FCSA:DF_TRADE_COUNTRY_YR(5.1.0),AE,A,AED,FCSC,ANN_CNT,NOEXP,_Z,_Z,566,2021,1424459671.39,,,,0
FCSA:DF_TRADE_COUNTRY_YR(5.1.0),AE,A,AED,FCSC,ANN_CNT,NOEXP,_Z,_Z,566,2022,1616229043.04,,,,0
FCSA:DF_TRADE_COUNTRY_YR(5.1.0),AE,A,AED,FCSC,ANN_CNT,NOEXP,_Z,_Z,566,2023,1607130799.57,,,,0
FCSA:DF_TRADE_COUNTRY_YR(5.1.0),AE,A,AED,FCSC,ANN_CNT,NOEXP,_Z,_Z,566,2024,1385086782.52,,,,0
FCSA:DF_TRADE_COUNTRY_YR(5.1.0),AE,A,AED,FCSC,ANN_CNT,TNOEXP,_Z,_Z,120,2017,328972631.62,,,,0
FCSA:DF_TRADE_COUNTRY_YR(5.1.0),AE,A,AED,FCSC,ANN_CNT,TNOEXP,_Z,_Z,120,2018,527338712.74,,,,0
FCSA:DF_TRADE_COUNTRY_YR(5.1.0),AE,A,AED,FCSC,ANN_CNT,TNOEXP,_Z,_Z,120,2019,580651844.21,,,,0
FCSA:DF_TRADE_COUNTRY_YR(5.1.0),AE,A,AED,FCSC,ANN_CNT,TNOEXP,_Z,_Z,120,2020,840850552.19,,,,0
FCSA:DF_TRADE_COUNTRY_YR(5.1.0),AE,A,AED,FCSC,ANN_CNT,TNOEXP,_Z,_Z,120,2021,896066871.99,,,,0
FCSA:DF_TRADE_COUNTRY_YR(5.1.0),AE,A,AED,FCSC,ANN_CNT,TNOEXP,_Z,_Z,120,2022,1063351775.69,,,,0
FCSA:DF_TRADE_COUNTRY_YR(5.1.0),AE,A,AED,FCSC,ANN_CNT,TNOEXP,_Z,_Z,120,2023,1178191272.59,,,,0
FCSA:DF_TRADE_COUNTRY_YR(5.1.0),AE,A,AED,FCSC,ANN_CNT,TNOEXP,_Z,_Z,120,2024,1063647971.82,,,,0
FCSA:DF_TRADE_COUNTRY_YR(5.1.0),AE,A,AED,FCSC,ANN_CNT,NOEXP,_Z,_Z,84,2017,78267265.53,,,,0
FCSA:DF_TRADE_COUNTRY_YR(5.1.0),AE,A,AED,FCSC,ANN_CNT,NOEXP,_Z,_Z,84,2018,60051963.13,,,,0
FCSA:DF_TRADE_COUNTRY_YR(5.1.0),AE,A,AED,FCSC,ANN_CNT,NOEXP,_Z,_Z,84,2019,30810267.60,,,,0
FCSA:DF_TRADE_COUNTRY_YR(5.1.0),AE,A,AED,FCSC,ANN_CNT,NOEXP,_Z,_Z,84,2020,72656171.50,,,,0
FCSA:DF_TRADE_COUNTRY_YR(5.1.0),AE,A,AED,FCSC,ANN_CNT,NOEXP,_Z,_Z,84,2021,63742306.60,,,,0
FCSA:DF_TRADE_COUNTRY_YR(5.1.0),AE,A,AED,FCSC,ANN_CNT,NOEXP,_Z,_Z,84,2022,55891024.26,,,,0
FCSA:DF_TRADE_COUNTRY_YR(5.1.0),AE,A,AED,FCSC,ANN_CNT,NOEXP,_Z,_Z,84,2023,33929876.32,,,,0
FCSA:DF_TRADE_COUNTRY_YR(5.1.0),AE,A,AED,FCSC,ANN_CNT,NOEXP,_Z,_Z,84,2024,40728077.53,,,,0
FCSA:DF_TRADE_COUNTRY_YR(5.1.0),AE,A,AED,FCSC,ANN_CNT,NOEXP,_Z,_Z,428,2017,36202461.85,,,,0
FCSA:DF_TRADE_COUNTRY_YR(5.1.0),AE,A,AED,FCSC,ANN_CNT,NOEXP,_Z,_Z,428,2018,35950107.29,,,,0
FCSA:DF_TRADE_COUNTRY_YR(5.1.0),AE,A,AED,FCSC,ANN_CNT,NOEXP,_Z,_Z,428,2019,48263534.66,,,,0
FCSA:DF_TRADE_COUNTRY_YR(5.1.0),AE,A,AED,FCSC,ANN_CNT,NOEXP,_Z,_Z,428,2020,37054192.56,,,,0
FCSA:DF_TRADE_COUNTRY_YR(5.1.0),AE,A,AED,FCSC,ANN_CNT,NOEXP,_Z,_Z,428,2021,39281470.38,,,,0
FCSA:DF_TRADE_COUNTRY_YR(5.1.0),AE,A,AED,FCSC,ANN_CNT,NOEXP,_Z,_Z,428,2022,28286663.57,,,,0
FCSA:DF_TRADE_COUNTRY_YR(5.1.0),AE,A,AED,FCSC,ANN_CNT,NOEXP,_Z,_Z,428,2023,49243840.39,,,,0
FCSA:DF_TRADE_COUNTRY_YR(5.1.0),AE,A,AED,FCSC,ANN_CNT,NOEXP,_Z,_Z,428,2024,41821167.30,,,,0
FCSA:DF_TRADE_COUNTRY_YR(5.1.0),AE,A,AED,FCSC,ANN_CNT,IMP,_Z,_Z,112,2017,106099136.79,,,,0
FCSA:DF_TRADE_COUNTRY_YR(5.1.0),AE,A,AED,FCSC,ANN_CNT,IMP,_Z,_Z,112,2018,125162718.40,,,,0
FCSA:DF_TRADE_COUNTRY_YR(5.1.0),AE,A,AED,FCSC,ANN_CNT,IMP,_Z,_Z,112,2019,298442750.02,,,,0
FCSA:DF_TRADE_COUNTRY_YR(5.1.0),AE,A,AED,FCSC,ANN_CNT,IMP,_Z,_Z,112,2020,111012436.27,,,,0
FCSA:DF_TRADE_COUNTRY_YR(5.1.0),AE,A,AED,FCSC,ANN_CNT,IMP,_Z,_Z,112,2021,117610601.15,,,,0
FCSA:DF_TRADE_COUNTRY_YR(5.1.0),AE,A,AED,FCSC,ANN_CNT,IMP,_Z,_Z,112,2022,110196109.48,,,,0
FCSA:DF_TRADE_COUNTRY_YR(5.1.0),AE,A,AED,FCSC,ANN_CNT,IMP,_Z,_Z,112,2023,280038967.45,,,,0
FCSA:DF_TRADE_COUNTRY_YR(5.1.0),AE,A,AED,FCSC,ANN_CNT,IMP,_Z,_Z,112,2024,789938385.34,,,,0
FCSA:DF_TRADE_COUNTRY_YR(5.1.0),AE,A,AED,FCSC,ANN_CNT,NOEXP,_Z,_Z,254,2017,356466.78,,,,0
FCSA:DF_TRADE_COUNTRY_YR(5.1.0),AE,A,AED,FCSC,ANN_CNT,NOEXP,_Z,_Z,254,2018,544721.53,,,,0
FCSA:DF_TRADE_COUNTRY_YR(5.1.0),AE,A,AED,FCSC,ANN_CNT,NOEXP,_Z,_Z,254,2019,146285.87,,,,0
FCSA:DF_TRADE_COUNTRY_YR(5.1.0),AE,A,AED,FCSC,ANN_CNT,NOEXP,_Z,_Z,254,2020,233139.03,,,,0
FCSA:DF_TRADE_COUNTRY_YR(5.1.0),AE,A,AED,FCSC,ANN_CNT,NOEXP,_Z,_Z,254,2021,86393.00,,,,0
FCSA:DF_TRADE_COUNTRY_YR(5.1.0),AE,A,AED,FCSC,ANN_CNT,NOEXP,_Z,_Z,254,2022,84027.00,,,,0
FCSA:DF_TRADE_COUNTRY_YR(5.1.0),AE,A,AED,FCSC,ANN_CNT,NOEXP,_Z,_Z,254,2023,1075059.47,,,,0
FCSA:DF_TRADE_COUNTRY_YR(5.1.0),AE,A,AED,FCSC,ANN_CNT,NOEXP,_Z,_Z,254,2024,300.00,,,,0
FCSA:DF_TRADE_COUNTRY_YR(5.1.0),AE,A,AED,FCSC,ANN_CNT,TTRADE,_Z,_Z,728,2017,3056569.56,,,,0
FCSA:DF_TRADE_COUNTRY_YR(5.1.0),AE,A,AED,FCSC,ANN_CNT,TTRADE,_Z,_Z,728,2018,783589470.00,,,,0
FCSA:DF_TRADE_COUNTRY_YR(5.1.0),AE,A,AED,FCSC,ANN_CNT,TTRADE,_Z,_Z,728,2019,1204402479.57,,,,0
FCSA:DF_TRADE_COUNTRY_YR(5.1.0),AE,A,AED,FCSC,ANN_CNT,TTRADE,_Z,_Z,728,2020,918169708.05,,,,0
FCSA:DF_TRADE_COUNTRY_YR(5.1.0),AE,A,AED,FCSC,ANN_CNT,TTRADE,_Z,_Z,728,2021,1312363998.60,,,,0
FCSA:DF_TRADE_COUNTRY_YR(5.1.0),AE,A,AED,FCSC,ANN_CNT,TTRADE,_Z,_Z,728,2022,1510744877.04,,,,0
FCSA:DF_TRADE_COUNTRY_YR(5.1.0),AE,A,AED,FCSC,ANN_CNT,TTRADE,_Z,_Z,728,2023,1768364235.31,,,,0
FCSA:DF_TRADE_COUNTRY_YR(5.1.0),AE,A,AED,FCSC,ANN_CNT,TTRADE,_Z,_Z,728,2024,1207782158.14,,,,0
FCSA:DF_TRADE_COUNTRY_YR(5.1.0),AE,A,AED,FCSC,ANN_CNT,TTRADE,_Z,_Z,574,2017,65329.17,,,,0
FCSA:DF_TRADE_COUNTRY_YR(5.1.0),AE,A,AED,FCSC,ANN_CNT,TTRADE,_Z,_Z,574,2018,38457.20,,,,0
FCSA:DF_TRADE_COUNTRY_YR(5.1.0),AE,A,AED,FCSC,ANN_CNT,TTRADE,_Z,_Z,574,2019,465207.21,,,,0
FCSA:DF_TRADE_COUNTRY_YR(5.1.0),AE,A,AED,FCSC,ANN_CNT,TTRADE,_Z,_Z,574,2020,57912.75,,,,0
FCSA:DF_TRADE_COUNTRY_YR(5.1.0),AE,A,AED,FCSC,ANN_CNT,TTRADE,_Z,_Z,574,2021,352855.58,,,,0
FCSA:DF_TRADE_COUNTRY_YR(5.1.0),AE,A,AED,FCSC,ANN_CNT,TTRADE,_Z,_Z,574,2022,596.00,,,,0
FCSA:DF_TRADE_COUNTRY_YR(5.1.0),AE,A,AED,FCSC,ANN_CNT,TTRADE,_Z,_Z,574,2023,38.78,,,,0
FCSA:DF_TRADE_COUNTRY_YR(5.1.0),AE,A,AED,FCSC,ANN_CNT,TTRADE,_Z,_Z,574,2024,430801.30,,,,0
FCSA:DF_TRADE_COUNTRY_YR(5.1.0),AE,A,AED,FCSC,ANN_CNT,NOEXP,_Z,_Z,702,2017,5494446744.40,,,,0
FCSA:DF_TRADE_COUNTRY_YR(5.1.0),AE,A,AED,FCSC,ANN_CNT,NOEXP,_Z,_Z,702,2018,3661340299.36,,,,0
FCSA:DF_TRADE_COUNTRY_YR(5.1.0),AE,A,AED,FCSC,ANN_CNT,NOEXP,_Z,_Z,702,2019,5238961114.50,,,,0
FCSA:DF_TRADE_COUNTRY_YR(5.1.0),AE,A,AED,FCSC,ANN_CNT,NOEXP,_Z,_Z,702,2020,3132704157.23,,,,0
FCSA:DF_TRADE_COUNTRY_YR(5.1.0),AE,A,AED,FCSC,ANN_CNT,NOEXP,_Z,_Z,702,2021,4150141331.77,,,,0
FCSA:DF_TRADE_COUNTRY_YR(5.1.0),AE,A,AED,FCSC,ANN_CNT,NOEXP,_Z,_Z,702,2022,5531068157.85,,,,0
FCSA:DF_TRADE_COUNTRY_YR(5.1.0),AE,A,AED,FCSC,ANN_CNT,NOEXP,_Z,_Z,702,2023,6952493832.04,,,,0
FCSA:DF_TRADE_COUNTRY_YR(5.1.0),AE,A,AED,FCSC,ANN_CNT,NOEXP,_Z,_Z,702,2024,6651397321.77,,,,0
FCSA:DF_TRADE_COUNTRY_YR(5.1.0),AE,A,AED,FCSC,ANN_CNT,TTRADE,_Z,_Z,56,2017,28757635931.75,,,,0
FCSA:DF_TRADE_COUNTRY_YR(5.1.0),AE,A,AED,FCSC,ANN_CNT,TTRADE,_Z,_Z,56,2018,27847474294.83,,,,0
FCSA:DF_TRADE_COUNTRY_YR(5.1.0),AE,A,AED,FCSC,ANN_CNT,TTRADE,_Z,_Z,56,2019,20990087178.88,,,,0
FCSA:DF_TRADE_COUNTRY_YR(5.1.0),AE,A,AED,FCSC,ANN_CNT,TTRADE,_Z,_Z,56,2020,16934831797.44,,,,0
FCSA:DF_TRADE_COUNTRY_YR(5.1.0),AE,A,AED,FCSC,ANN_CNT,TTRADE,_Z,_Z,56,2021,25055067133.69,,,,0
FCSA:DF_TRADE_COUNTRY_YR(5.1.0),AE,A,AED,FCSC,ANN_CNT,TTRADE,_Z,_Z,56,2022,30885098446.72,,,,0
FCSA:DF_TRADE_COUNTRY_YR(5.1.0),AE,A,AED,FCSC,ANN_CNT,TTRADE,_Z,_Z,56,2023,27579425386.05,,,,0
FCSA:DF_TRADE_COUNTRY_YR(5.1.0),AE,A,AED,FCSC,ANN_CNT,TTRADE,_Z,_Z,56,2024,17204285334.82,,,,0
FCSA:DF_TRADE_COUNTRY_YR(5.1.0),AE,A,AED,FCSC,ANN_CNT,TNOEXP,_Z,_Z,231,2017,2411918437.18,,,,0
FCSA:DF_TRADE_COUNTRY_YR(5.1.0),AE,A,AED,FCSC,ANN_CNT,TNOEXP,_Z,_Z,231,2018,2534582779.62,,,,0
FCSA:DF_TRADE_COUNTRY_YR(5.1.0),AE,A,AED,FCSC,ANN_CNT,TNOEXP,_Z,_Z,231,2019,2566944773.07,,,,0
FCSA:DF_TRADE_COUNTRY_YR(5.1.0),AE,A,AED,FCSC,ANN_CNT,TNOEXP,_Z,_Z,231,2020,2095329034.03,,,,0
FCSA:DF_TRADE_COUNTRY_YR(5.1.0),AE,A,AED,FCSC,ANN_CNT,TNOEXP,_Z,_Z,231,2021,2611393888.21,,,,0
FCSA:DF_TRADE_COUNTRY_YR(5.1.0),AE,A,AED,FCSC,ANN_CNT,TNOEXP,_Z,_Z,231,2022,2805428680.87,,,,0
FCSA:DF_TRADE_COUNTRY_YR(5.1.0),AE,A,AED,FCSC,ANN_CNT,TNOEXP,_Z,_Z,231,2023,2588152681.97,,,,0
FCSA:DF_TRADE_COUNTRY_YR(5.1.0),AE,A,AED,FCSC,ANN_CNT,TNOEXP,_Z,_Z,231,2024,3135428095.68,,,,0
FCSA:DF_TRADE_COUNTRY_YR(5.1.0),AE,A,AED,FCSC,ANN_CNT,NOEXP,_Z,_Z,795,2017,127044238.16,,,,0
FCSA:DF_TRADE_COUNTRY_YR(5.1.0),AE,A,AED,FCSC,ANN_CNT,NOEXP,_Z,_Z,795,2018,158358179.86,,,,0
FCSA:DF_TRADE_COUNTRY_YR(5.1.0),AE,A,AED,FCSC,ANN_CNT,NOEXP,_Z,_Z,795,2019,276168987.99,,,,0
FCSA:DF_TRADE_COUNTRY_YR(5.1.0),AE,A,AED,FCSC,ANN_CNT,NOEXP,_Z,_Z,795,2020,115270212.94,,,,0
FCSA:DF_TRADE_COUNTRY_YR(5.1.0),AE,A,AED,FCSC,ANN_CNT,NOEXP,_Z,_Z,795,2021,105077236.85,,,,0
FCSA:DF_TRADE_COUNTRY_YR(5.1.0),AE,A,AED,FCSC,ANN_CNT,NOEXP,_Z,_Z,795,2022,272233054.45,,,,0
FCSA:DF_TRADE_COUNTRY_YR(5.1.0),AE,A,AED,FCSC,ANN_CNT,NOEXP,_Z,_Z,795,2023,258881407.49,,,,0
FCSA:DF_TRADE_COUNTRY_YR(5.1.0),AE,A,AED,FCSC,ANN_CNT,NOEXP,_Z,_Z,795,2024,232297850.64,,,,0
FCSA:DF_TRADE_COUNTRY_YR(5.1.0),AE,A,AED,FCSC,ANN_CNT,TTRADE,_Z,_Z,76,2017,10907060941.84,,,,0
FCSA:DF_TRADE_COUNTRY_YR(5.1.0),AE,A,AED,FCSC,ANN_CNT,TTRADE,_Z,_Z,76,2018,9222921093.93,,,,0
FCSA:DF_TRADE_COUNTRY_YR(5.1.0),AE,A,AED,FCSC,ANN_CNT,TTRADE,_Z,_Z,76,2019,10404569031.31,,,,0
FCSA:DF_TRADE_COUNTRY_YR(5.1.0),AE,A,AED,FCSC,ANN_CNT,TTRADE,_Z,_Z,76,2020,8892820846.70,,,,0
FCSA:DF_TRADE_COUNTRY_YR(5.1.0),AE,A,AED,FCSC,ANN_CNT,TTRADE,_Z,_Z,76,2021,11224095365.97,,,,0
FCSA:DF_TRADE_COUNTRY_YR(5.1.0),AE,A,AED,FCSC,ANN_CNT,TTRADE,_Z,_Z,76,2022,15761280797.76,,,,0
FCSA:DF_TRADE_COUNTRY_YR(5.1.0),AE,A,AED,FCSC,ANN_CNT,TTRADE,_Z,_Z,76,2023,16011355692.26,,,,0
FCSA:DF_TRADE_COUNTRY_YR(5.1.0),AE,A,AED,FCSC,ANN_CNT,TTRADE,_Z,_Z,76,2024,19095570404.14,,,,0
FCSA:DF_TRADE_COUNTRY_YR(5.1.0),AE,A,AED,FCSC,ANN_CNT,TTRADE,_Z,_Z,52,2017,1048387.16,,,,0
FCSA:DF_TRADE_COUNTRY_YR(5.1.0),AE,A,AED,FCSC,ANN_CNT,TTRADE,_Z,_Z,52,2018,2714411.70,,,,0
FCSA:DF_TRADE_COUNTRY_YR(5.1.0),AE,A,AED,FCSC,ANN_CNT,TTRADE,_Z,_Z,52,2019,12544542.13,,,,0
FCSA:DF_TRADE_COUNTRY_YR(5.1.0),AE,A,AED,FCSC,ANN_CNT,TTRADE,_Z,_Z,52,2020,5020375.84,,,,0
FCSA:DF_TRADE_COUNTRY_YR(5.1.0),AE,A,AED,FCSC,ANN_CNT,TTRADE,_Z,_Z,52,2021,3192161.79,,,,0
FCSA:DF_TRADE_COUNTRY_YR(5.1.0),AE,A,AED,FCSC,ANN_CNT,TTRADE,_Z,_Z,52,2022,3304168.22,,,,0
FCSA:DF_TRADE_COUNTRY_YR(5.1.0),AE,A,AED,FCSC,ANN_CNT,TTRADE,_Z,_Z,52,2023,6028658.83,,,,0
FCSA:DF_TRADE_COUNTRY_YR(5.1.0),AE,A,AED,FCSC,ANN_CNT,TTRADE,_Z,_Z,52,2024,4680951.44,,,,0
FCSA:DF_TRADE_COUNTRY_YR(5.1.0),AE,A,AED,FCSC,ANN_CNT,IMP,_Z,_Z,818,2017,7716575238.20,,,,0
FCSA:DF_TRADE_COUNTRY_YR(5.1.0),AE,A,AED,FCSC,ANN_CNT,IMP,_Z,_Z,818,2018,7036963814.88,,,,0
FCSA:DF_TRADE_COUNTRY_YR(5.1.0),AE,A,AED,FCSC,ANN_CNT,IMP,_Z,_Z,818,2019,8606242915.42,,,,0
FCSA:DF_TRADE_COUNTRY_YR(5.1.0),AE,A,AED,FCSC,ANN_CNT,IMP,_Z,_Z,818,2020,11780143541.41,,,,0
FCSA:DF_TRADE_COUNTRY_YR(5.1.0),AE,A,AED,FCSC,ANN_CNT,IMP,_Z,_Z,818,2021,6200455729.35,,,,0
FCSA:DF_TRADE_COUNTRY_YR(5.1.0),AE,A,AED,FCSC,ANN_CNT,IMP,_Z,_Z,818,2022,8133086289.59,,,,0
FCSA:DF_TRADE_COUNTRY_YR(5.1.0),AE,A,AED,FCSC,ANN_CNT,IMP,_Z,_Z,818,2023,8877141268.95,,,,0
FCSA:DF_TRADE_COUNTRY_YR(5.1.0),AE,A,AED,FCSC,ANN_CNT,IMP,_Z,_Z,818,2024,12904989238.35,,,,0
FCSA:DF_TRADE_COUNTRY_YR(5.1.0),AE,A,AED,FCSC,ANN_CNT,TNOEXP,_Z,_Z,634,2017,7273199624.71,,,,0
FCSA:DF_TRADE_COUNTRY_YR(5.1.0),AE,A,AED,FCSC,ANN_CNT,TNOEXP,_Z,_Z,634,2018,10557579.75,,,,0
FCSA:DF_TRADE_COUNTRY_YR(5.1.0),AE,A,AED,FCSC,ANN_CNT,TNOEXP,_Z,_Z,634,2019,4616564.79,,,,0
FCSA:DF_TRADE_COUNTRY_YR(5.1.0),AE,A,AED,FCSC,ANN_CNT,TNOEXP,_Z,_Z,634,2020,1630566.72,,,,0
FCSA:DF_TRADE_COUNTRY_YR(5.1.0),AE,A,AED,FCSC,ANN_CNT,TNOEXP,_Z,_Z,634,2021,9267216451.83,,,,0
FCSA:DF_TRADE_COUNTRY_YR(5.1.0),AE,A,AED,FCSC,ANN_CNT,TNOEXP,_Z,_Z,634,2022,22097169192.27,,,,0
FCSA:DF_TRADE_COUNTRY_YR(5.1.0),AE,A,AED,FCSC,ANN_CNT,TNOEXP,_Z,_Z,634,2023,28968959623.45,,,,0
FCSA:DF_TRADE_COUNTRY_YR(5.1.0),AE,A,AED,FCSC,ANN_CNT,TNOEXP,_Z,_Z,634,2024,31643681617.34,,,,0
FCSA:DF_TRADE_COUNTRY_YR(5.1.0),AE,A,AED,FCSC,ANN_CNT,TTRADE,_Z,_Z,104,2017,828610106.15,,,,0
FCSA:DF_TRADE_COUNTRY_YR(5.1.0),AE,A,AED,FCSC,ANN_CNT,TTRADE,_Z,_Z,104,2018,790395856.25,,,,0
FCSA:DF_TRADE_COUNTRY_YR(5.1.0),AE,A,AED,FCSC,ANN_CNT,TTRADE,_Z,_Z,104,2019,892342129.29,,,,0
FCSA:DF_TRADE_COUNTRY_YR(5.1.0),AE,A,AED,FCSC,ANN_CNT,TTRADE,_Z,_Z,104,2020,894665086.64,,,,0
FCSA:DF_TRADE_COUNTRY_YR(5.1.0),AE,A,AED,FCSC,ANN_CNT,TTRADE,_Z,_Z,104,2021,871769060.56,,,,0
FCSA:DF_TRADE_COUNTRY_YR(5.1.0),AE,A,AED,FCSC,ANN_CNT,TTRADE,_Z,_Z,104,2022,740794681.22,,,,0
FCSA:DF_TRADE_COUNTRY_YR(5.1.0),AE,A,AED,FCSC,ANN_CNT,TTRADE,_Z,_Z,104,2023,720937352.33,,,,0
FCSA:DF_TRADE_COUNTRY_YR(5.1.0),AE,A,AED,FCSC,ANN_CNT,TTRADE,_Z,_Z,104,2024,519769727.67,,,,0
FCSA:DF_TRADE_COUNTRY_YR(5.1.0),AE,A,AED,FCSC,ANN_CNT,NOEXP,_Z,_Z,352,2017,222205.23,,,,0
FCSA:DF_TRADE_COUNTRY_YR(5.1.0),AE,A,AED,FCSC,ANN_CNT,NOEXP,_Z,_Z,352,2018,373263.94,,,,0
FCSA:DF_TRADE_COUNTRY_YR(5.1.0),AE,A,AED,FCSC,ANN_CNT,NOEXP,_Z,_Z,352,2019,5569698.02,,,,0
FCSA:DF_TRADE_COUNTRY_YR(5.1.0),AE,A,AED,FCSC,ANN_CNT,NOEXP,_Z,_Z,352,2020,208902.10,,,,0
FCSA:DF_TRADE_COUNTRY_YR(5.1.0),AE,A,AED,FCSC,ANN_CNT,NOEXP,_Z,_Z,352,2021,2091471.38,,,,0
FCSA:DF_TRADE_COUNTRY_YR(5.1.0),AE,A,AED,FCSC,ANN_CNT,NOEXP,_Z,_Z,352,2022,2381428.47,,,,0
FCSA:DF_TRADE_COUNTRY_YR(5.1.0),AE,A,AED,FCSC,ANN_CNT,NOEXP,_Z,_Z,352,2023,1399064.53,,,,0
FCSA:DF_TRADE_COUNTRY_YR(5.1.0),AE,A,AED,FCSC,ANN_CNT,NOEXP,_Z,_Z,352,2024,6073389.02,,,,0
FCSA:DF_TRADE_COUNTRY_YR(5.1.0),AE,A,AED,FCSC,ANN_CNT,REEXP,_Z,_Z,570,2018,1477.20,,,,0
FCSA:DF_TRADE_COUNTRY_YR(5.1.0),AE,A,AED,FCSC,ANN_CNT,REEXP,_Z,_Z,570,2019,0.00,,,,0
FCSA:DF_TRADE_COUNTRY_YR(5.1.0),AE,A,AED,FCSC,ANN_CNT,REEXP,_Z,_Z,570,2021,0.00,,,,0
FCSA:DF_TRADE_COUNTRY_YR(5.1.0),AE,A,AED,FCSC,ANN_CNT,REEXP,_Z,_Z,570,2022,55205.55,,,,0
FCSA:DF_TRADE_COUNTRY_YR(5.1.0),AE,A,AED,FCSC,ANN_CNT,REEXP,_Z,_Z,570,2023,0.00,,,,0
FCSA:DF_TRADE_COUNTRY_YR(5.1.0),AE,A,AED,FCSC,ANN_CNT,REEXP,_Z,_Z,570,2024,0.00,,,,0
FCSA:DF_TRADE_COUNTRY_YR(5.1.0),AE,A,AED,FCSC,ANN_CNT,REEXP,_Z,_Z,48,2017,4623584817.11,,,,0
FCSA:DF_TRADE_COUNTRY_YR(5.1.0),AE,A,AED,FCSC,ANN_CNT,REEXP,_Z,_Z,48,2018,9630371335.28,,,,0
FCSA:DF_TRADE_COUNTRY_YR(5.1.0),AE,A,AED,FCSC,ANN_CNT,REEXP,_Z,_Z,48,2019,7979566466.80,,,,0
FCSA:DF_TRADE_COUNTRY_YR(5.1.0),AE,A,AED,FCSC,ANN_CNT,REEXP,_Z,_Z,48,2020,7476386690.12,,,,0
FCSA:DF_TRADE_COUNTRY_YR(5.1.0),AE,A,AED,FCSC,ANN_CNT,REEXP,_Z,_Z,48,2021,8726855720.40,,,,0
FCSA:DF_TRADE_COUNTRY_YR(5.1.0),AE,A,AED,FCSC,ANN_CNT,REEXP,_Z,_Z,48,2022,9934827582.50,,,,0
FCSA:DF_TRADE_COUNTRY_YR(5.1.0),AE,A,AED,FCSC,ANN_CNT,REEXP,_Z,_Z,48,2023,10306110109.22,,,,0
FCSA:DF_TRADE_COUNTRY_YR(5.1.0),AE,A,AED,FCSC,ANN_CNT,REEXP,_Z,_Z,48,2024,11327330290.91,,,,0
FCSA:DF_TRADE_COUNTRY_YR(5.1.0),AE,A,AED,FCSC,ANN_CNT,TTRADE,_Z,_Z,334,2023,49747732.46,,,,0
FCSA:DF_TRADE_COUNTRY_YR(5.1.0),AE,A,AED,FCSC,ANN_CNT,TTRADE,_Z,_Z,334,2024,17940.35,,,,0
FCSA:DF_TRADE_COUNTRY_YR(5.1.0),AE,A,AED,FCSC,ANN_CNT,REEXP,_Z,_Z,344,2017,17424500341.56,,,,0
FCSA:DF_TRADE_COUNTRY_YR(5.1.0),AE,A,AED,FCSC,ANN_CNT,REEXP,_Z,_Z,344,2018,21131551419.52,,,,0
FCSA:DF_TRADE_COUNTRY_YR(5.1.0),AE,A,AED,FCSC,ANN_CNT,REEXP,_Z,_Z,344,2019,17444441323.53,,,,0
FCSA:DF_TRADE_COUNTRY_YR(5.1.0),AE,A,AED,FCSC,ANN_CNT,REEXP,_Z,_Z,344,2020,11374591960.20,,,,0
FCSA:DF_TRADE_COUNTRY_YR(5.1.0),AE,A,AED,FCSC,ANN_CNT,REEXP,_Z,_Z,344,2021,13617416030.81,,,,0
FCSA:DF_TRADE_COUNTRY_YR(5.1.0),AE,A,AED,FCSC,ANN_CNT,REEXP,_Z,_Z,344,2022,15309325342.78,,,,0
FCSA:DF_TRADE_COUNTRY_YR(5.1.0),AE,A,AED,FCSC,ANN_CNT,REEXP,_Z,_Z,344,2023,21449556543.95,,,,0
FCSA:DF_TRADE_COUNTRY_YR(5.1.0),AE,A,AED,FCSC,ANN_CNT,REEXP,_Z,_Z,344,2024,17711314226.29,,,,0
FCSA:DF_TRADE_COUNTRY_YR(5.1.0),AE,A,AED,FCSC,ANN_CNT,TNOEXP,_Z,_Z,4,2017,9522993949.60,,,,0
FCSA:DF_TRADE_COUNTRY_YR(5.1.0),AE,A,AED,FCSC,ANN_CNT,TNOEXP,_Z,_Z,4,2018,6730919059.52,,,,0
FCSA:DF_TRADE_COUNTRY_YR(5.1.0),AE,A,AED,FCSC,ANN_CNT,TNOEXP,_Z,_Z,4,2019,5950325067.64,,,,0
FCSA:DF_TRADE_COUNTRY_YR(5.1.0),AE,A,AED,FCSC,ANN_CNT,TNOEXP,_Z,_Z,4,2020,6091907793.56,,,,0
FCSA:DF_TRADE_COUNTRY_YR(5.1.0),AE,A,AED,FCSC,ANN_CNT,TNOEXP,_Z,_Z,4,2021,4282457447.37,,,,0
FCSA:DF_TRADE_COUNTRY_YR(5.1.0),AE,A,AED,FCSC,ANN_CNT,TNOEXP,_Z,_Z,4,2022,4495989830.43,,,,0
FCSA:DF_TRADE_COUNTRY_YR(5.1.0),AE,A,AED,FCSC,ANN_CNT,TNOEXP,_Z,_Z,4,2023,6767317438.11,,,,0
FCSA:DF_TRADE_COUNTRY_YR(5.1.0),AE,A,AED,FCSC,ANN_CNT,TNOEXP,_Z,_Z,4,2024,9645002875.63,,,,0
FCSA:DF_TRADE_COUNTRY_YR(5.1.0),AE,A,AED,FCSC,ANN_CNT,TTRADE,_Z,_Z,384,2017,621045636.91,,,,0
FCSA:DF_TRADE_COUNTRY_YR(5.1.0),AE,A,AED,FCSC,ANN_CNT,TTRADE,_Z,_Z,384,2018,754054624.98,,,,0
FCSA:DF_TRADE_COUNTRY_YR(5.1.0),AE,A,AED,FCSC,ANN_CNT,TTRADE,_Z,_Z,384,2019,890028769.96,,,,0
FCSA:DF_TRADE_COUNTRY_YR(5.1.0),AE,A,AED,FCSC,ANN_CNT,TTRADE,_Z,_Z,384,2020,882559148.34,,,,0
FCSA:DF_TRADE_COUNTRY_YR(5.1.0),AE,A,AED,FCSC,ANN_CNT,TTRADE,_Z,_Z,384,2021,1725052104.77,,,,0
FCSA:DF_TRADE_COUNTRY_YR(5.1.0),AE,A,AED,FCSC,ANN_CNT,TTRADE,_Z,_Z,384,2022,1991458062.61,,,,0
FCSA:DF_TRADE_COUNTRY_YR(5.1.0),AE,A,AED,FCSC,ANN_CNT,TTRADE,_Z,_Z,384,2023,1737045933.22,,,,0
FCSA:DF_TRADE_COUNTRY_YR(5.1.0),AE,A,AED,FCSC,ANN_CNT,TTRADE,_Z,_Z,384,2024,1765800586.68,,,,0
FCSA:DF_TRADE_COUNTRY_YR(5.1.0),AE,A,AED,FCSC,ANN_CNT,TNOEXP,_Z,_Z,716,2017,217462451.70,,,,0
FCSA:DF_TRADE_COUNTRY_YR(5.1.0),AE,A,AED,FCSC,ANN_CNT,TNOEXP,_Z,_Z,716,2018,398395356.92,,,,0
FCSA:DF_TRADE_COUNTRY_YR(5.1.0),AE,A,AED,FCSC,ANN_CNT,TNOEXP,_Z,_Z,716,2019,411116841.70,,,,0
FCSA:DF_TRADE_COUNTRY_YR(5.1.0),AE,A,AED,FCSC,ANN_CNT,TNOEXP,_Z,_Z,716,2020,438820995.98,,,,0
FCSA:DF_TRADE_COUNTRY_YR(5.1.0),AE,A,AED,FCSC,ANN_CNT,TNOEXP,_Z,_Z,716,2021,767814798.44,,,,0
FCSA:DF_TRADE_COUNTRY_YR(5.1.0),AE,A,AED,FCSC,ANN_CNT,TNOEXP,_Z,_Z,716,2022,1367886603.90,,,,0
FCSA:DF_TRADE_COUNTRY_YR(5.1.0),AE,A,AED,FCSC,ANN_CNT,TNOEXP,_Z,_Z,716,2023,981086496.79,,,,0
FCSA:DF_TRADE_COUNTRY_YR(5.1.0),AE,A,AED,FCSC,ANN_CNT,TNOEXP,_Z,_Z,716,2024,787594145.33,,,,0
FCSA:DF_TRADE_COUNTRY_YR(5.1.0),AE,A,AED,FCSC,ANN_CNT,REEXP,_Z,_Z,233,2017,54398906.18,,,,0
FCSA:DF_TRADE_COUNTRY_YR(5.1.0),AE,A,AED,FCSC,ANN_CNT,REEXP,_Z,_Z,233,2018,60910085.75,,,,0
FCSA:DF_TRADE_COUNTRY_YR(5.1.0),AE,A,AED,FCSC,ANN_CNT,REEXP,_Z,_Z,233,2019,95630301.41,,,,0
FCSA:DF_TRADE_COUNTRY_YR(5.1.0),AE,A,AED,FCSC,ANN_CNT,REEXP,_Z,_Z,233,2020,74969636.86,,,,0
FCSA:DF_TRADE_COUNTRY_YR(5.1.0),AE,A,AED,FCSC,ANN_CNT,REEXP,_Z,_Z,233,2021,255144966.07,,,,0
FCSA:DF_TRADE_COUNTRY_YR(5.1.0),AE,A,AED,FCSC,ANN_CNT,REEXP,_Z,_Z,233,2022,86587849.52,,,,0
FCSA:DF_TRADE_COUNTRY_YR(5.1.0),AE,A,AED,FCSC,ANN_CNT,REEXP,_Z,_Z,233,2023,144021272.76,,,,0
FCSA:DF_TRADE_COUNTRY_YR(5.1.0),AE,A,AED,FCSC,ANN_CNT,REEXP,_Z,_Z,233,2024,140380726.59,,,,0
FCSA:DF_TRADE_COUNTRY_YR(5.1.0),AE,A,AED,FCSC,ANN_CNT,REEXP,_Z,_Z,68,2017,7210079.06,,,,0
FCSA:DF_TRADE_COUNTRY_YR(5.1.0),AE,A,AED,FCSC,ANN_CNT,REEXP,_Z,_Z,68,2018,7492839.43,,,,0
FCSA:DF_TRADE_COUNTRY_YR(5.1.0),AE,A,AED,FCSC,ANN_CNT,REEXP,_Z,_Z,68,2019,5918257.73,,,,0
FCSA:DF_TRADE_COUNTRY_YR(5.1.0),AE,A,AED,FCSC,ANN_CNT,REEXP,_Z,_Z,68,2020,4549984.09,,,,0
FCSA:DF_TRADE_COUNTRY_YR(5.1.0),AE,A,AED,FCSC,ANN_CNT,REEXP,_Z,_Z,68,2021,11214608.42,,,,0
FCSA:DF_TRADE_COUNTRY_YR(5.1.0),AE,A,AED,FCSC,ANN_CNT,REEXP,_Z,_Z,68,2022,16101412.25,,,,0
FCSA:DF_TRADE_COUNTRY_YR(5.1.0),AE,A,AED,FCSC,ANN_CNT,REEXP,_Z,_Z,68,2023,14811980.71,,,,0
FCSA:DF_TRADE_COUNTRY_YR(5.1.0),AE,A,AED,FCSC,ANN_CNT,REEXP,_Z,_Z,68,2024,10484845.18,,,,0
FCSA:DF_TRADE_COUNTRY_YR(5.1.0),AE,A,AED,FCSC,ANN_CNT,REEXP,_Z,_Z,90,2017,311893.15,,,,0
FCSA:DF_TRADE_COUNTRY_YR(5.1.0),AE,A,AED,FCSC,ANN_CNT,REEXP,_Z,_Z,90,2018,306155.77,,,,0
FCSA:DF_TRADE_COUNTRY_YR(5.1.0),AE,A,AED,FCSC,ANN_CNT,REEXP,_Z,_Z,90,2019,514235.25,,,,0
FCSA:DF_TRADE_COUNTRY_YR(5.1.0),AE,A,AED,FCSC,ANN_CNT,REEXP,_Z,_Z,90,2020,3580333.52,,,,0
FCSA:DF_TRADE_COUNTRY_YR(5.1.0),AE,A,AED,FCSC,ANN_CNT,REEXP,_Z,_Z,90,2021,444114.06,,,,0
FCSA:DF_TRADE_COUNTRY_YR(5.1.0),AE,A,AED,FCSC,ANN_CNT,REEXP,_Z,_Z,90,2022,2867209.81,,,,0
FCSA:DF_TRADE_COUNTRY_YR(5.1.0),AE,A,AED,FCSC,ANN_CNT,REEXP,_Z,_Z,90,2023,1642763.58,,,,0
FCSA:DF_TRADE_COUNTRY_YR(5.1.0),AE,A,AED,FCSC,ANN_CNT,REEXP,_Z,_Z,90,2024,393386.71,,,,0
FCSA:DF_TRADE_COUNTRY_YR(5.1.0),AE,A,AED,FCSC,ANN_CNT,REEXP,_Z,_Z,764,2017,1911497012.82,,,,0
FCSA:DF_TRADE_COUNTRY_YR(5.1.0),AE,A,AED,FCSC,ANN_CNT,REEXP,_Z,_Z,764,2018,1330645888.65,,,,0
FCSA:DF_TRADE_COUNTRY_YR(5.1.0),AE,A,AED,FCSC,ANN_CNT,REEXP,_Z,_Z,764,2019,2254156874.00,,,,0
FCSA:DF_TRADE_COUNTRY_YR(5.1.0),AE,A,AED,FCSC,ANN_CNT,REEXP,_Z,_Z,764,2020,1252842035.68,,,,0
FCSA:DF_TRADE_COUNTRY_YR(5.1.0),AE,A,AED,FCSC,ANN_CNT,REEXP,_Z,_Z,764,2021,2206782280.86,,,,0
FCSA:DF_TRADE_COUNTRY_YR(5.1.0),AE,A,AED,FCSC,ANN_CNT,REEXP,_Z,_Z,764,2022,2750384720.13,,,,0
FCSA:DF_TRADE_COUNTRY_YR(5.1.0),AE,A,AED,FCSC,ANN_CNT,REEXP,_Z,_Z,764,2023,2521292809.62,,,,0
FCSA:DF_TRADE_COUNTRY_YR(5.1.0),AE,A,AED,FCSC,ANN_CNT,REEXP,_Z,_Z,764,2024,1584639953.93,,,,0
FCSA:DF_TRADE_COUNTRY_YR(5.1.0),AE,A,AED,FCSC,ANN_CNT,TNOEXP,_Z,_Z,894,2017,336979965.46,,,,0
FCSA:DF_TRADE_COUNTRY_YR(5.1.0),AE,A,AED,FCSC,ANN_CNT,TNOEXP,_Z,_Z,894,2018,497751786.41,,,,0
FCSA:DF_TRADE_COUNTRY_YR(5.1.0),AE,A,AED,FCSC,ANN_CNT,TNOEXP,_Z,_Z,894,2019,938720620.70,,,,0
FCSA:DF_TRADE_COUNTRY_YR(5.1.0),AE,A,AED,FCSC,ANN_CNT,TNOEXP,_Z,_Z,894,2020,546283725.17,,,,0
FCSA:DF_TRADE_COUNTRY_YR(5.1.0),AE,A,AED,FCSC,ANN_CNT,TNOEXP,_Z,_Z,894,2021,583914427.32,,,,0
FCSA:DF_TRADE_COUNTRY_YR(5.1.0),AE,A,AED,FCSC,ANN_CNT,TNOEXP,_Z,_Z,894,2022,890334644.77,,,,0
FCSA:DF_TRADE_COUNTRY_YR(5.1.0),AE,A,AED,FCSC,ANN_CNT,TNOEXP,_Z,_Z,894,2023,1164086228.81,,,,0
FCSA:DF_TRADE_COUNTRY_YR(5.1.0),AE,A,AED,FCSC,ANN_CNT,TNOEXP,_Z,_Z,894,2024,1635307048.08,,,,0
FCSA:DF_TRADE_COUNTRY_YR(5.1.0),AE,A,AED,FCSC,ANN_CNT,TNOEXP,_Z,_Z,222,2017,45152881.35,,,,0
FCSA:DF_TRADE_COUNTRY_YR(5.1.0),AE,A,AED,FCSC,ANN_CNT,TNOEXP,_Z,_Z,222,2018,64266895.44,,,,0
FCSA:DF_TRADE_COUNTRY_YR(5.1.0),AE,A,AED,FCSC,ANN_CNT,TNOEXP,_Z,_Z,222,2019,38321922.22,,,,0
FCSA:DF_TRADE_COUNTRY_YR(5.1.0),AE,A,AED,FCSC,ANN_CNT,TNOEXP,_Z,_Z,222,2020,34137314.23,,,,0
FCSA:DF_TRADE_COUNTRY_YR(5.1.0),AE,A,AED,FCSC,ANN_CNT,TNOEXP,_Z,_Z,222,2021,53612778.08,,,,0
FCSA:DF_TRADE_COUNTRY_YR(5.1.0),AE,A,AED,FCSC,ANN_CNT,TNOEXP,_Z,_Z,222,2022,65120689.18,,,,0
FCSA:DF_TRADE_COUNTRY_YR(5.1.0),AE,A,AED,FCSC,ANN_CNT,TNOEXP,_Z,_Z,222,2023,58461548.66,,,,0
FCSA:DF_TRADE_COUNTRY_YR(5.1.0),AE,A,AED,FCSC,ANN_CNT,TNOEXP,_Z,_Z,222,2024,80228116.65,,,,0
FCSA:DF_TRADE_COUNTRY_YR(5.1.0),AE,A,AED,FCSC,ANN_CNT,TNOEXP,_Z,_Z,96,2017,102810487.61,,,,0
FCSA:DF_TRADE_COUNTRY_YR(5.1.0),AE,A,AED,FCSC,ANN_CNT,TNOEXP,_Z,_Z,96,2018,48346034.40,,,,0
FCSA:DF_TRADE_COUNTRY_YR(5.1.0),AE,A,AED,FCSC,ANN_CNT,TNOEXP,_Z,_Z,96,2019,97581391.55,,,,0
FCSA:DF_TRADE_COUNTRY_YR(5.1.0),AE,A,AED,FCSC,ANN_CNT,TNOEXP,_Z,_Z,96,2020,50869460.68,,,,0
FCSA:DF_TRADE_COUNTRY_YR(5.1.0),AE,A,AED,FCSC,ANN_CNT,TNOEXP,_Z,_Z,96,2021,39220827.17,,,,0
FCSA:DF_TRADE_COUNTRY_YR(5.1.0),AE,A,AED,FCSC,ANN_CNT,TNOEXP,_Z,_Z,96,2022,145183543.07,,,,0
FCSA:DF_TRADE_COUNTRY_YR(5.1.0),AE,A,AED,FCSC,ANN_CNT,TNOEXP,_Z,_Z,96,2023,242013183.50,,,,0
FCSA:DF_TRADE_COUNTRY_YR(5.1.0),AE,A,AED,FCSC,ANN_CNT,TNOEXP,_Z,_Z,96,2024,288437762.17,,,,0
FCSA:DF_TRADE_COUNTRY_YR(5.1.0),AE,A,AED,FCSC,ANN_CNT,TNOEXP,_Z,_Z,72,2017,455015750.71,,,,0
FCSA:DF_TRADE_COUNTRY_YR(5.1.0),AE,A,AED,FCSC,ANN_CNT,TNOEXP,_Z,_Z,72,2018,179349071.89,,,,0
FCSA:DF_TRADE_COUNTRY_YR(5.1.0),AE,A,AED,FCSC,ANN_CNT,TNOEXP,_Z,_Z,72,2019,156594940.37,,,,0
FCSA:DF_TRADE_COUNTRY_YR(5.1.0),AE,A,AED,FCSC,ANN_CNT,TNOEXP,_Z,_Z,72,2020,998624117.18,,,,0
FCSA:DF_TRADE_COUNTRY_YR(5.1.0),AE,A,AED,FCSC,ANN_CNT,TNOEXP,_Z,_Z,72,2021,1412923240.93,,,,0
FCSA:DF_TRADE_COUNTRY_YR(5.1.0),AE,A,AED,FCSC,ANN_CNT,TNOEXP,_Z,_Z,72,2022,493016260.02,,,,0
FCSA:DF_TRADE_COUNTRY_YR(5.1.0),AE,A,AED,FCSC,ANN_CNT,TNOEXP,_Z,_Z,72,2023,647588914.40,,,,0
FCSA:DF_TRADE_COUNTRY_YR(5.1.0),AE,A,AED,FCSC,ANN_CNT,TNOEXP,_Z,_Z,72,2024,368813747.86,,,,0
FCSA:DF_TRADE_COUNTRY_YR(5.1.0),AE,A,AED,FCSC,ANN_CNT,TTRADE,_Z,_Z,831,2017,1439.25,,,,0
FCSA:DF_TRADE_COUNTRY_YR(5.1.0),AE,A,AED,FCSC,ANN_CNT,TTRADE,_Z,_Z,831,2018,2777.87,,,,0
FCSA:DF_TRADE_COUNTRY_YR(5.1.0),AE,A,AED,FCSC,ANN_CNT,TTRADE,_Z,_Z,831,2019,10562.66,,,,0
FCSA:DF_TRADE_COUNTRY_YR(5.1.0),AE,A,AED,FCSC,ANN_CNT,TTRADE,_Z,_Z,831,2020,15555.99,,,,0
FCSA:DF_TRADE_COUNTRY_YR(5.1.0),AE,A,AED,FCSC,ANN_CNT,TTRADE,_Z,_Z,831,2021,168296.27,,,,0
FCSA:DF_TRADE_COUNTRY_YR(5.1.0),AE,A,AED,FCSC,ANN_CNT,TTRADE,_Z,_Z,831,2022,39808.19,,,,0
FCSA:DF_TRADE_COUNTRY_YR(5.1.0),AE,A,AED,FCSC,ANN_CNT,TTRADE,_Z,_Z,831,2023,57192.05,,,,0
FCSA:DF_TRADE_COUNTRY_YR(5.1.0),AE,A,AED,FCSC,ANN_CNT,TTRADE,_Z,_Z,831,2024,97527.51,,,,0
FCSA:DF_TRADE_COUNTRY_YR(5.1.0),AE,A,AED,FCSC,ANN_CNT,REEXP,_Z,_Z,772,2017,3693.00,,,,0
FCSA:DF_TRADE_COUNTRY_YR(5.1.0),AE,A,AED,FCSC,ANN_CNT,REEXP,_Z,_Z,772,2018,0.00,,,,0
FCSA:DF_TRADE_COUNTRY_YR(5.1.0),AE,A,AED,FCSC,ANN_CNT,REEXP,_Z,_Z,772,2019,0.00,,,,0
FCSA:DF_TRADE_COUNTRY_YR(5.1.0),AE,A,AED,FCSC,ANN_CNT,REEXP,_Z,_Z,772,2020,0.00,,,,0
FCSA:DF_TRADE_COUNTRY_YR(5.1.0),AE,A,AED,FCSC,ANN_CNT,REEXP,_Z,_Z,772,2021,0.00,,,,0
FCSA:DF_TRADE_COUNTRY_YR(5.1.0),AE,A,AED,FCSC,ANN_CNT,REEXP,_Z,_Z,772,2022,0.00,,,,0
FCSA:DF_TRADE_COUNTRY_YR(5.1.0),AE,A,AED,FCSC,ANN_CNT,REEXP,_Z,_Z,772,2023,0.00,,,,0
FCSA:DF_TRADE_COUNTRY_YR(5.1.0),AE,A,AED,FCSC,ANN_CNT,REEXP,_Z,_Z,772,2024,45000.00,,,,0
FCSA:DF_TRADE_COUNTRY_YR(5.1.0),AE,A,AED,FCSC,ANN_CNT,TNOEXP,_Z,_Z,380,2017,3830393750.00,,,,0
FCSA:DF_TRADE_COUNTRY_YR(5.1.0),AE,A,AED,FCSC,ANN_CNT,TNOEXP,_Z,_Z,380,2018,3501932031.03,,,,0
FCSA:DF_TRADE_COUNTRY_YR(5.1.0),AE,A,AED,FCSC,ANN_CNT,TNOEXP,_Z,_Z,380,2019,4070100014.59,,,,0
FCSA:DF_TRADE_COUNTRY_YR(5.1.0),AE,A,AED,FCSC,ANN_CNT,TNOEXP,_Z,_Z,380,2020,19893434511.69,,,,0
FCSA:DF_TRADE_COUNTRY_YR(5.1.0),AE,A,AED,FCSC,ANN_CNT,TNOEXP,_Z,_Z,380,2021,9685482563.99,,,,0
FCSA:DF_TRADE_COUNTRY_YR(5.1.0),AE,A,AED,FCSC,ANN_CNT,TNOEXP,_Z,_Z,380,2022,10007348340.21,,,,0
FCSA:DF_TRADE_COUNTRY_YR(5.1.0),AE,A,AED,FCSC,ANN_CNT,TNOEXP,_Z,_Z,380,2023,5771859758.71,,,,0
FCSA:DF_TRADE_COUNTRY_YR(5.1.0),AE,A,AED,FCSC,ANN_CNT,TNOEXP,_Z,_Z,380,2024,7057286762.96,,,,0
FCSA:DF_TRADE_COUNTRY_YR(5.1.0),AE,A,AED,FCSC,ANN_CNT,TTRADE,_Z,_Z,616,2017,4412714438.30,,,,0
FCSA:DF_TRADE_COUNTRY_YR(5.1.0),AE,A,AED,FCSC,ANN_CNT,TTRADE,_Z,_Z,616,2018,4293714104.21,,,,0
FCSA:DF_TRADE_COUNTRY_YR(5.1.0),AE,A,AED,FCSC,ANN_CNT,TTRADE,_Z,_Z,616,2019,5452262543.08,,,,0
FCSA:DF_TRADE_COUNTRY_YR(5.1.0),AE,A,AED,FCSC,ANN_CNT,TTRADE,_Z,_Z,616,2020,4739896599.54,,,,0
FCSA:DF_TRADE_COUNTRY_YR(5.1.0),AE,A,AED,FCSC,ANN_CNT,TTRADE,_Z,_Z,616,2021,5325002928.13,,,,0
FCSA:DF_TRADE_COUNTRY_YR(5.1.0),AE,A,AED,FCSC,ANN_CNT,TTRADE,_Z,_Z,616,2022,6552065612.60,,,,0
FCSA:DF_TRADE_COUNTRY_YR(5.1.0),AE,A,AED,FCSC,ANN_CNT,TTRADE,_Z,_Z,616,2023,8137773457.95,,,,0
FCSA:DF_TRADE_COUNTRY_YR(5.1.0),AE,A,AED,FCSC,ANN_CNT,TTRADE,_Z,_Z,616,2024,7870700875.98,,,,0
FCSA:DF_TRADE_COUNTRY_YR(5.1.0),AE,A,AED,FCSC,ANN_CNT,NOEXP,_Z,_Z,500,2017,425609.92,,,,0
FCSA:DF_TRADE_COUNTRY_YR(5.1.0),AE,A,AED,FCSC,ANN_CNT,NOEXP,_Z,_Z,500,2018,0.00,,,,0
FCSA:DF_TRADE_COUNTRY_YR(5.1.0),AE,A,AED,FCSC,ANN_CNT,NOEXP,_Z,_Z,500,2019,0.00,,,,0
FCSA:DF_TRADE_COUNTRY_YR(5.1.0),AE,A,AED,FCSC,ANN_CNT,NOEXP,_Z,_Z,500,2020,69.32,,,,0
FCSA:DF_TRADE_COUNTRY_YR(5.1.0),AE,A,AED,FCSC,ANN_CNT,NOEXP,_Z,_Z,500,2021,0.00,,,,0
FCSA:DF_TRADE_COUNTRY_YR(5.1.0),AE,A,AED,FCSC,ANN_CNT,NOEXP,_Z,_Z,500,2022,0.00,,,,0
FCSA:DF_TRADE_COUNTRY_YR(5.1.0),AE,A,AED,FCSC,ANN_CNT,NOEXP,_Z,_Z,500,2023,0.00,,,,0
FCSA:DF_TRADE_COUNTRY_YR(5.1.0),AE,A,AED,FCSC,ANN_CNT,NOEXP,_Z,_Z,500,2024,0.00,,,,0
FCSA:DF_TRADE_COUNTRY_YR(5.1.0),AE,A,AED,FCSC,ANN_CNT,TNOEXP,_Z,_Z,356,2017,53365372162.25,,,,0
FCSA:DF_TRADE_COUNTRY_YR(5.1.0),AE,A,AED,FCSC,ANN_CNT,TNOEXP,_Z,_Z,356,2018,47197535001.11,,,,0
FCSA:DF_TRADE_COUNTRY_YR(5.1.0),AE,A,AED,FCSC,ANN_CNT,TNOEXP,_Z,_Z,356,2019,53866572193.48,,,,0
FCSA:DF_TRADE_COUNTRY_YR(5.1.0),AE,A,AED,FCSC,ANN_CNT,TNOEXP,_Z,_Z,356,2020,42058832702.97,,,,0
FCSA:DF_TRADE_COUNTRY_YR(5.1.0),AE,A,AED,FCSC,ANN_CNT,TNOEXP,_Z,_Z,356,2021,87903906521.70,,,,0
FCSA:DF_TRADE_COUNTRY_YR(5.1.0),AE,A,AED,FCSC,ANN_CNT,TNOEXP,_Z,_Z,356,2022,88632434629.73,,,,0
FCSA:DF_TRADE_COUNTRY_YR(5.1.0),AE,A,AED,FCSC,ANN_CNT,TNOEXP,_Z,_Z,356,2023,87502398415.93,,,,0
FCSA:DF_TRADE_COUNTRY_YR(5.1.0),AE,A,AED,FCSC,ANN_CNT,TNOEXP,_Z,_Z,356,2024,117044604482.74,,,,0
FCSA:DF_TRADE_COUNTRY_YR(5.1.0),AE,A,AED,FCSC,ANN_CNT,NOEXP,_Z,_Z,458,2017,1885350207.12,,,,0
FCSA:DF_TRADE_COUNTRY_YR(5.1.0),AE,A,AED,FCSC,ANN_CNT,NOEXP,_Z,_Z,458,2018,2039845611.80,,,,0
FCSA:DF_TRADE_COUNTRY_YR(5.1.0),AE,A,AED,FCSC,ANN_CNT,NOEXP,_Z,_Z,458,2019,2460127904.06,,,,0
FCSA:DF_TRADE_COUNTRY_YR(5.1.0),AE,A,AED,FCSC,ANN_CNT,NOEXP,_Z,_Z,458,2020,3918470737.05,,,,0
FCSA:DF_TRADE_COUNTRY_YR(5.1.0),AE,A,AED,FCSC,ANN_CNT,NOEXP,_Z,_Z,458,2021,4988892531.30,,,,0
FCSA:DF_TRADE_COUNTRY_YR(5.1.0),AE,A,AED,FCSC,ANN_CNT,NOEXP,_Z,_Z,458,2022,4198256462.78,,,,0
FCSA:DF_TRADE_COUNTRY_YR(5.1.0),AE,A,AED,FCSC,ANN_CNT,NOEXP,_Z,_Z,458,2023,4558123979.51,,,,0
FCSA:DF_TRADE_COUNTRY_YR(5.1.0),AE,A,AED,FCSC,ANN_CNT,NOEXP,_Z,_Z,458,2024,5967939582.05,,,,0
FCSA:DF_TRADE_COUNTRY_YR(5.1.0),AE,A,AED,FCSC,ANN_CNT,TTRADE,_Z,_Z,524,2017,1558530249.04,,,,0
FCSA:DF_TRADE_COUNTRY_YR(5.1.0),AE,A,AED,FCSC,ANN_CNT,TTRADE,_Z,_Z,524,2018,1458790362.13,,,,0
FCSA:DF_TRADE_COUNTRY_YR(5.1.0),AE,A,AED,FCSC,ANN_CNT,TTRADE,_Z,_Z,524,2019,1044169823.90,,,,0
FCSA:DF_TRADE_COUNTRY_YR(5.1.0),AE,A,AED,FCSC,ANN_CNT,TTRADE,_Z,_Z,524,2020,720791209.93,,,,0
FCSA:DF_TRADE_COUNTRY_YR(5.1.0),AE,A,AED,FCSC,ANN_CNT,TTRADE,_Z,_Z,524,2021,1762745422.81,,,,0
FCSA:DF_TRADE_COUNTRY_YR(5.1.0),AE,A,AED,FCSC,ANN_CNT,TTRADE,_Z,_Z,524,2022,1209235553.87,,,,0
FCSA:DF_TRADE_COUNTRY_YR(5.1.0),AE,A,AED,FCSC,ANN_CNT,TTRADE,_Z,_Z,524,2023,992784750.76,,,,0
FCSA:DF_TRADE_COUNTRY_YR(5.1.0),AE,A,AED,FCSC,ANN_CNT,TTRADE,_Z,_Z,524,2024,847101411.69,,,,0
FCSA:DF_TRADE_COUNTRY_YR(5.1.0),AE,A,AED,FCSC,ANN_CNT,NOEXP,_Z,_Z,450,2017,106887118.08,,,,0
FCSA:DF_TRADE_COUNTRY_YR(5.1.0),AE,A,AED,FCSC,ANN_CNT,NOEXP,_Z,_Z,450,2018,133206501.38,,,,0
FCSA:DF_TRADE_COUNTRY_YR(5.1.0),AE,A,AED,FCSC,ANN_CNT,NOEXP,_Z,_Z,450,2019,117182490.66,,,,0
FCSA:DF_TRADE_COUNTRY_YR(5.1.0),AE,A,AED,FCSC,ANN_CNT,NOEXP,_Z,_Z,450,2020,119286543.17,,,,0
FCSA:DF_TRADE_COUNTRY_YR(5.1.0),AE,A,AED,FCSC,ANN_CNT,NOEXP,_Z,_Z,450,2021,148555411.39,,,,0
FCSA:DF_TRADE_COUNTRY_YR(5.1.0),AE,A,AED,FCSC,ANN_CNT,NOEXP,_Z,_Z,450,2022,191028248.66,,,,0
FCSA:DF_TRADE_COUNTRY_YR(5.1.0),AE,A,AED,FCSC,ANN_CNT,NOEXP,_Z,_Z,450,2023,205682136.67,,,,0
FCSA:DF_TRADE_COUNTRY_YR(5.1.0),AE,A,AED,FCSC,ANN_CNT,NOEXP,_Z,_Z,450,2024,193072920.15,,,,0
FCSA:DF_TRADE_COUNTRY_YR(5.1.0),AE,A,AED,FCSC,ANN_CNT,TNOEXP,_Z,_Z,768,2017,291999652.79,,,,0
FCSA:DF_TRADE_COUNTRY_YR(5.1.0),AE,A,AED,FCSC,ANN_CNT,TNOEXP,_Z,_Z,768,2018,353655794.09,,,,0
FCSA:DF_TRADE_COUNTRY_YR(5.1.0),AE,A,AED,FCSC,ANN_CNT,TNOEXP,_Z,_Z,768,2019,480367821.89,,,,0
FCSA:DF_TRADE_COUNTRY_YR(5.1.0),AE,A,AED,FCSC,ANN_CNT,TNOEXP,_Z,_Z,768,2020,791587323.67,,,,0
FCSA:DF_TRADE_COUNTRY_YR(5.1.0),AE,A,AED,FCSC,ANN_CNT,TNOEXP,_Z,_Z,768,2021,923066801.99,,,,0
FCSA:DF_TRADE_COUNTRY_YR(5.1.0),AE,A,AED,FCSC,ANN_CNT,TNOEXP,_Z,_Z,768,2022,1471980359.43,,,,0
FCSA:DF_TRADE_COUNTRY_YR(5.1.0),AE,A,AED,FCSC,ANN_CNT,TNOEXP,_Z,_Z,768,2023,691719472.73,,,,0
FCSA:DF_TRADE_COUNTRY_YR(5.1.0),AE,A,AED,FCSC,ANN_CNT,TNOEXP,_Z,_Z,768,2024,845194698.93,,,,0
FCSA:DF_TRADE_COUNTRY_YR(5.1.0),AE,A,AED,FCSC,ANN_CNT,TNOEXP,_Z,_Z,410,2017,5581385457.21,,,,0
FCSA:DF_TRADE_COUNTRY_YR(5.1.0),AE,A,AED,FCSC,ANN_CNT,TNOEXP,_Z,_Z,410,2018,1806626674.28,,,,0
FCSA:DF_TRADE_COUNTRY_YR(5.1.0),AE,A,AED,FCSC,ANN_CNT,TNOEXP,_Z,_Z,410,2019,4235012499.08,,,,0
FCSA:DF_TRADE_COUNTRY_YR(5.1.0),AE,A,AED,FCSC,ANN_CNT,TNOEXP,_Z,_Z,410,2020,2921551706.41,,,,0
FCSA:DF_TRADE_COUNTRY_YR(5.1.0),AE,A,AED,FCSC,ANN_CNT,TNOEXP,_Z,_Z,410,2021,4064951548.30,,,,0
FCSA:DF_TRADE_COUNTRY_YR(5.1.0),AE,A,AED,FCSC,ANN_CNT,TNOEXP,_Z,_Z,410,2022,4954297735.03,,,,0
FCSA:DF_TRADE_COUNTRY_YR(5.1.0),AE,A,AED,FCSC,ANN_CNT,TNOEXP,_Z,_Z,410,2023,4783539266.15,,,,0
FCSA:DF_TRADE_COUNTRY_YR(5.1.0),AE,A,AED,FCSC,ANN_CNT,TNOEXP,_Z,_Z,410,2024,3417315797.18,,,,0
FCSA:DF_TRADE_COUNTRY_YR(5.1.0),AE,A,AED,FCSC,ANN_CNT,REEXP,_Z,_Z,706,2017,1856865262.49,,,,0
FCSA:DF_TRADE_COUNTRY_YR(5.1.0),AE,A,AED,FCSC,ANN_CNT,REEXP,_Z,_Z,706,2018,2066404025.47,,,,0
FCSA:DF_TRADE_COUNTRY_YR(5.1.0),AE,A,AED,FCSC,ANN_CNT,REEXP,_Z,_Z,706,2019,1761040984.34,,,,0
FCSA:DF_TRADE_COUNTRY_YR(5.1.0),AE,A,AED,FCSC,ANN_CNT,REEXP,_Z,_Z,706,2020,1739200827.52,,,,0
FCSA:DF_TRADE_COUNTRY_YR(5.1.0),AE,A,AED,FCSC,ANN_CNT,REEXP,_Z,_Z,706,2021,2575838038.58,,,,0
FCSA:DF_TRADE_COUNTRY_YR(5.1.0),AE,A,AED,FCSC,ANN_CNT,REEXP,_Z,_Z,706,2022,3293652388.33,,,,0
FCSA:DF_TRADE_COUNTRY_YR(5.1.0),AE,A,AED,FCSC,ANN_CNT,REEXP,_Z,_Z,706,2023,3090908595.80,,,,0
FCSA:DF_TRADE_COUNTRY_YR(5.1.0),AE,A,AED,FCSC,ANN_CNT,REEXP,_Z,_Z,706,2024,3469031474.73,,,,0
FCSA:DF_TRADE_COUNTRY_YR(5.1.0),AE,A,AED,FCSC,ANN_CNT,IMP,_Z,_Z,231,2017,457750685.82,,,,0
FCSA:DF_TRADE_COUNTRY_YR(5.1.0),AE,A,AED,FCSC,ANN_CNT,IMP,_Z,_Z,231,2018,537503991.47,,,,0
FCSA:DF_TRADE_COUNTRY_YR(5.1.0),AE,A,AED,FCSC,ANN_CNT,IMP,_Z,_Z,231,2019,314395967.03,,,,0
FCSA:DF_TRADE_COUNTRY_YR(5.1.0),AE,A,AED,FCSC,ANN_CNT,IMP,_Z,_Z,231,2020,502735027.71,,,,0
FCSA:DF_TRADE_COUNTRY_YR(5.1.0),AE,A,AED,FCSC,ANN_CNT,IMP,_Z,_Z,231,2021,3495815847.92,,,,0
FCSA:DF_TRADE_COUNTRY_YR(5.1.0),AE,A,AED,FCSC,ANN_CNT,IMP,_Z,_Z,231,2022,2307276419.57,,,,0
FCSA:DF_TRADE_COUNTRY_YR(5.1.0),AE,A,AED,FCSC,ANN_CNT,IMP,_Z,_Z,231,2023,1107165016.78,,,,0
FCSA:DF_TRADE_COUNTRY_YR(5.1.0),AE,A,AED,FCSC,ANN_CNT,IMP,_Z,_Z,231,2024,3899226897.12,,,,0
FCSA:DF_TRADE_COUNTRY_YR(5.1.0),AE,A,AED,FCSC,ANN_CNT,IMP,_Z,_Z,480,2017,61783619.96,,,,0
FCSA:DF_TRADE_COUNTRY_YR(5.1.0),AE,A,AED,FCSC,ANN_CNT,IMP,_Z,_Z,480,2018,77641721.29,,,,0
FCSA:DF_TRADE_COUNTRY_YR(5.1.0),AE,A,AED,FCSC,ANN_CNT,IMP,_Z,_Z,480,2019,43551658.42,,,,0
FCSA:DF_TRADE_COUNTRY_YR(5.1.0),AE,A,AED,FCSC,ANN_CNT,IMP,_Z,_Z,480,2020,37283507.81,,,,0
FCSA:DF_TRADE_COUNTRY_YR(5.1.0),AE,A,AED,FCSC,ANN_CNT,IMP,_Z,_Z,480,2021,46245981.44,,,,0
FCSA:DF_TRADE_COUNTRY_YR(5.1.0),AE,A,AED,FCSC,ANN_CNT,IMP,_Z,_Z,480,2022,52821054.87,,,,0
FCSA:DF_TRADE_COUNTRY_YR(5.1.0),AE,A,AED,FCSC,ANN_CNT,IMP,_Z,_Z,480,2023,47918922.76,,,,0
FCSA:DF_TRADE_COUNTRY_YR(5.1.0),AE,A,AED,FCSC,ANN_CNT,IMP,_Z,_Z,480,2024,56360113.00,,,,0
FCSA:DF_TRADE_COUNTRY_YR(5.1.0),AE,A,AED,FCSC,ANN_CNT,TTRADE,_Z,_Z,51,2017,915802188.64,,,,0
FCSA:DF_TRADE_COUNTRY_YR(5.1.0),AE,A,AED,FCSC,ANN_CNT,TTRADE,_Z,_Z,51,2018,802474757.64,,,,0
FCSA:DF_TRADE_COUNTRY_YR(5.1.0),AE,A,AED,FCSC,ANN_CNT,TTRADE,_Z,_Z,51,2019,922117528.51,,,,0
FCSA:DF_TRADE_COUNTRY_YR(5.1.0),AE,A,AED,FCSC,ANN_CNT,TTRADE,_Z,_Z,51,2020,607412431.78,,,,0
FCSA:DF_TRADE_COUNTRY_YR(5.1.0),AE,A,AED,FCSC,ANN_CNT,TTRADE,_Z,_Z,51,2021,789217427.06,,,,0
FCSA:DF_TRADE_COUNTRY_YR(5.1.0),AE,A,AED,FCSC,ANN_CNT,TTRADE,_Z,_Z,51,2022,10267830358.10,,,,0
FCSA:DF_TRADE_COUNTRY_YR(5.1.0),AE,A,AED,FCSC,ANN_CNT,TTRADE,_Z,_Z,51,2023,17222623295.14,,,,0
FCSA:DF_TRADE_COUNTRY_YR(5.1.0),AE,A,AED,FCSC,ANN_CNT,TTRADE,_Z,_Z,51,2024,31911059510.65,,,,0
FCSA:DF_TRADE_COUNTRY_YR(5.1.0),AE,A,AED,FCSC,ANN_CNT,TTRADE,_Z,_Z,530,2017,13229624.28,,,,0
FCSA:DF_TRADE_COUNTRY_YR(5.1.0),AE,A,AED,FCSC,ANN_CNT,TTRADE,_Z,_Z,530,2018,39692226.65,,,,0
FCSA:DF_TRADE_COUNTRY_YR(5.1.0),AE,A,AED,FCSC,ANN_CNT,TTRADE,_Z,_Z,530,2019,30411155.97,,,,0
FCSA:DF_TRADE_COUNTRY_YR(5.1.0),AE,A,AED,FCSC,ANN_CNT,TTRADE,_Z,_Z,530,2020,4090025.96,,,,0
FCSA:DF_TRADE_COUNTRY_YR(5.1.0),AE,A,AED,FCSC,ANN_CNT,TTRADE,_Z,_Z,530,2021,1237000.16,,,,0
FCSA:DF_TRADE_COUNTRY_YR(5.1.0),AE,A,AED,FCSC,ANN_CNT,TTRADE,_Z,_Z,530,2022,1581922.19,,,,0
FCSA:DF_TRADE_COUNTRY_YR(5.1.0),AE,A,AED,FCSC,ANN_CNT,TTRADE,_Z,_Z,530,2023,8010876.92,,,,0
FCSA:DF_TRADE_COUNTRY_YR(5.1.0),AE,A,AED,FCSC,ANN_CNT,TTRADE,_Z,_Z,530,2024,7613378.44,,,,0
FCSA:DF_TRADE_COUNTRY_YR(5.1.0),AE,A,AED,FCSC,ANN_CNT,TNOEXP,_Z,_Z,70,2017,75736334.33,,,,0
FCSA:DF_TRADE_COUNTRY_YR(5.1.0),AE,A,AED,FCSC,ANN_CNT,TNOEXP,_Z,_Z,70,2018,9381532.49,,,,0
FCSA:DF_TRADE_COUNTRY_YR(5.1.0),AE,A,AED,FCSC,ANN_CNT,TNOEXP,_Z,_Z,70,2019,6660822.51,,,,0
FCSA:DF_TRADE_COUNTRY_YR(5.1.0),AE,A,AED,FCSC,ANN_CNT,TNOEXP,_Z,_Z,70,2020,14566735.82,,,,0
FCSA:DF_TRADE_COUNTRY_YR(5.1.0),AE,A,AED,FCSC,ANN_CNT,TNOEXP,_Z,_Z,70,2021,14424500.24,,,,0
FCSA:DF_TRADE_COUNTRY_YR(5.1.0),AE,A,AED,FCSC,ANN_CNT,TNOEXP,_Z,_Z,70,2022,59414483.48,,,,0
FCSA:DF_TRADE_COUNTRY_YR(5.1.0),AE,A,AED,FCSC,ANN_CNT,TNOEXP,_Z,_Z,70,2023,71377223.60,,,,0
FCSA:DF_TRADE_COUNTRY_YR(5.1.0),AE,A,AED,FCSC,ANN_CNT,TNOEXP,_Z,_Z,70,2024,96129929.98,,,,0
FCSA:DF_TRADE_COUNTRY_YR(5.1.0),AE,A,AED,FCSC,ANN_CNT,REEXP,_Z,_Z,732,2017,132823.36,,,,0
FCSA:DF_TRADE_COUNTRY_YR(5.1.0),AE,A,AED,FCSC,ANN_CNT,REEXP,_Z,_Z,732,2018,333503.73,,,,0
FCSA:DF_TRADE_COUNTRY_YR(5.1.0),AE,A,AED,FCSC,ANN_CNT,REEXP,_Z,_Z,732,2019,296805.15,,,,0
FCSA:DF_TRADE_COUNTRY_YR(5.1.0),AE,A,AED,FCSC,ANN_CNT,REEXP,_Z,_Z,732,2020,372773.30,,,,0
FCSA:DF_TRADE_COUNTRY_YR(5.1.0),AE,A,AED,FCSC,ANN_CNT,REEXP,_Z,_Z,732,2021,0.00,,,,0
FCSA:DF_TRADE_COUNTRY_YR(5.1.0),AE,A,AED,FCSC,ANN_CNT,REEXP,_Z,_Z,732,2022,216291.62,,,,0
FCSA:DF_TRADE_COUNTRY_YR(5.1.0),AE,A,AED,FCSC,ANN_CNT,REEXP,_Z,_Z,732,2023,0.00,,,,0
FCSA:DF_TRADE_COUNTRY_YR(5.1.0),AE,A,AED,FCSC,ANN_CNT,REEXP,_Z,_Z,732,2024,0.00,,,,0
FCSA:DF_TRADE_COUNTRY_YR(5.1.0),AE,A,AED,FCSC,ANN_CNT,TTRADE,_Z,_Z,830,2017,572604.00,,,,0
FCSA:DF_TRADE_COUNTRY_YR(5.1.0),AE,A,AED,FCSC,ANN_CNT,TTRADE,_Z,_Z,830,2018,16594.00,,,,0
FCSA:DF_TRADE_COUNTRY_YR(5.1.0),AE,A,AED,FCSC,ANN_CNT,TTRADE,_Z,_Z,830,2019,45508.00,,,,0
FCSA:DF_TRADE_COUNTRY_YR(5.1.0),AE,A,AED,FCSC,ANN_CNT,TTRADE,_Z,_Z,830,2020,694.00,,,,0
FCSA:DF_TRADE_COUNTRY_YR(5.1.0),AE,A,AED,FCSC,ANN_CNT,TTRADE,_Z,_Z,830,2021,4751.00,,,,0
FCSA:DF_TRADE_COUNTRY_YR(5.1.0),AE,A,AED,FCSC,ANN_CNT,TTRADE,_Z,_Z,830,2022,313489.00,,,,0
FCSA:DF_TRADE_COUNTRY_YR(5.1.0),AE,A,AED,FCSC,ANN_CNT,TTRADE,_Z,_Z,830,2023,345069.00,,,,0
FCSA:DF_TRADE_COUNTRY_YR(5.1.0),AE,A,AED,FCSC,ANN_CNT,TTRADE,_Z,_Z,830,2024,884001.00,,,,0
FCSA:DF_TRADE_COUNTRY_YR(5.1.0),AE,A,AED,FCSC,ANN_CNT,TTRADE,_Z,_Z,528,2017,12517061533.03,,,,0
FCSA:DF_TRADE_COUNTRY_YR(5.1.0),AE,A,AED,FCSC,ANN_CNT,TTRADE,_Z,_Z,528,2018,14192841914.50,,,,0
FCSA:DF_TRADE_COUNTRY_YR(5.1.0),AE,A,AED,FCSC,ANN_CNT,TTRADE,_Z,_Z,528,2019,12245376806.03,,,,0
FCSA:DF_TRADE_COUNTRY_YR(5.1.0),AE,A,AED,FCSC,ANN_CNT,TTRADE,_Z,_Z,528,2020,11149320607.57,,,,0
FCSA:DF_TRADE_COUNTRY_YR(5.1.0),AE,A,AED,FCSC,ANN_CNT,TTRADE,_Z,_Z,528,2021,16045609430.99,,,,0
FCSA:DF_TRADE_COUNTRY_YR(5.1.0),AE,A,AED,FCSC,ANN_CNT,TTRADE,_Z,_Z,528,2022,17201514343.93,,,,0
FCSA:DF_TRADE_COUNTRY_YR(5.1.0),AE,A,AED,FCSC,ANN_CNT,TTRADE,_Z,_Z,528,2023,21165278082.82,,,,0
FCSA:DF_TRADE_COUNTRY_YR(5.1.0),AE,A,AED,FCSC,ANN_CNT,TTRADE,_Z,_Z,528,2024,19070596439.84,,,,0
FCSA:DF_TRADE_COUNTRY_YR(5.1.0),AE,A,AED,FCSC,ANN_CNT,TNOEXP,_Z,_Z,818,2017,9997974715.56,,,,0
FCSA:DF_TRADE_COUNTRY_YR(5.1.0),AE,A,AED,FCSC,ANN_CNT,TNOEXP,_Z,_Z,818,2018,13108819560.38,,,,0
FCSA:DF_TRADE_COUNTRY_YR(5.1.0),AE,A,AED,FCSC,ANN_CNT,TNOEXP,_Z,_Z,818,2019,13484205741.16,,,,0
FCSA:DF_TRADE_COUNTRY_YR(5.1.0),AE,A,AED,FCSC,ANN_CNT,TNOEXP,_Z,_Z,818,2020,14044370704.78,,,,0
FCSA:DF_TRADE_COUNTRY_YR(5.1.0),AE,A,AED,FCSC,ANN_CNT,TNOEXP,_Z,_Z,818,2021,21595396597.19,,,,0
FCSA:DF_TRADE_COUNTRY_YR(5.1.0),AE,A,AED,FCSC,ANN_CNT,TNOEXP,_Z,_Z,818,2022,21093241124.09,,,,0
FCSA:DF_TRADE_COUNTRY_YR(5.1.0),AE,A,AED,FCSC,ANN_CNT,TNOEXP,_Z,_Z,818,2023,16610738046.43,,,,0
FCSA:DF_TRADE_COUNTRY_YR(5.1.0),AE,A,AED,FCSC,ANN_CNT,TNOEXP,_Z,_Z,818,2024,17900357228.28,,,,0
FCSA:DF_TRADE_COUNTRY_YR(5.1.0),AE,A,AED,FCSC,ANN_CNT,REEXP,_Z,_Z,148,2017,188985692.78,,,,0
FCSA:DF_TRADE_COUNTRY_YR(5.1.0),AE,A,AED,FCSC,ANN_CNT,REEXP,_Z,_Z,148,2018,321406168.12,,,,0
FCSA:DF_TRADE_COUNTRY_YR(5.1.0),AE,A,AED,FCSC,ANN_CNT,REEXP,_Z,_Z,148,2019,360733756.33,,,,0
FCSA:DF_TRADE_COUNTRY_YR(5.1.0),AE,A,AED,FCSC,ANN_CNT,REEXP,_Z,_Z,148,2020,394678835.03,,,,0
FCSA:DF_TRADE_COUNTRY_YR(5.1.0),AE,A,AED,FCSC,ANN_CNT,REEXP,_Z,_Z,148,2021,558740288.63,,,,0
FCSA:DF_TRADE_COUNTRY_YR(5.1.0),AE,A,AED,FCSC,ANN_CNT,REEXP,_Z,_Z,148,2022,391822348.68,,,,0
FCSA:DF_TRADE_COUNTRY_YR(5.1.0),AE,A,AED,FCSC,ANN_CNT,REEXP,_Z,_Z,148,2023,543326731.70,,,,0
FCSA:DF_TRADE_COUNTRY_YR(5.1.0),AE,A,AED,FCSC,ANN_CNT,REEXP,_Z,_Z,148,2024,905023140.12,,,,0
FCSA:DF_TRADE_COUNTRY_YR(5.1.0),AE,A,AED,FCSC,ANN_CNT,TNOEXP,_Z,_Z,174,2017,207082107.45,,,,0
FCSA:DF_TRADE_COUNTRY_YR(5.1.0),AE,A,AED,FCSC,ANN_CNT,TNOEXP,_Z,_Z,174,2018,185264999.05,,,,0
FCSA:DF_TRADE_COUNTRY_YR(5.1.0),AE,A,AED,FCSC,ANN_CNT,TNOEXP,_Z,_Z,174,2019,208804649.88,,,,0
FCSA:DF_TRADE_COUNTRY_YR(5.1.0),AE,A,AED,FCSC,ANN_CNT,TNOEXP,_Z,_Z,174,2020,168982820.00,,,,0
FCSA:DF_TRADE_COUNTRY_YR(5.1.0),AE,A,AED,FCSC,ANN_CNT,TNOEXP,_Z,_Z,174,2021,388948640.00,,,,0
FCSA:DF_TRADE_COUNTRY_YR(5.1.0),AE,A,AED,FCSC,ANN_CNT,TNOEXP,_Z,_Z,174,2022,320189093.60,,,,0
FCSA:DF_TRADE_COUNTRY_YR(5.1.0),AE,A,AED,FCSC,ANN_CNT,TNOEXP,_Z,_Z,174,2023,348031228.26,,,,0
FCSA:DF_TRADE_COUNTRY_YR(5.1.0),AE,A,AED,FCSC,ANN_CNT,TNOEXP,_Z,_Z,174,2024,402508300.87,,,,0
FCSA:DF_TRADE_COUNTRY_YR(5.1.0),AE,A,AED,FCSC,ANN_CNT,TTRADE,_Z,_Z,8,2017,69776678.41,,,,0
FCSA:DF_TRADE_COUNTRY_YR(5.1.0),AE,A,AED,FCSC,ANN_CNT,TTRADE,_Z,_Z,8,2018,103311504.37,,,,0
FCSA:DF_TRADE_COUNTRY_YR(5.1.0),AE,A,AED,FCSC,ANN_CNT,TTRADE,_Z,_Z,8,2019,90466830.78,,,,0
FCSA:DF_TRADE_COUNTRY_YR(5.1.0),AE,A,AED,FCSC,ANN_CNT,TTRADE,_Z,_Z,8,2020,95304850.81,,,,0
FCSA:DF_TRADE_COUNTRY_YR(5.1.0),AE,A,AED,FCSC,ANN_CNT,TTRADE,_Z,_Z,8,2021,156731231.77,,,,0
FCSA:DF_TRADE_COUNTRY_YR(5.1.0),AE,A,AED,FCSC,ANN_CNT,TTRADE,_Z,_Z,8,2022,135259906.24,,,,0
FCSA:DF_TRADE_COUNTRY_YR(5.1.0),AE,A,AED,FCSC,ANN_CNT,TTRADE,_Z,_Z,8,2023,293611809.36,,,,0
FCSA:DF_TRADE_COUNTRY_YR(5.1.0),AE,A,AED,FCSC,ANN_CNT,TTRADE,_Z,_Z,8,2024,671932939.83,,,,0
FCSA:DF_TRADE_COUNTRY_YR(5.1.0),AE,A,AED,FCSC,ANN_CNT,TNOEXP,_Z,_Z,214,2017,39804541.23,,,,0
FCSA:DF_TRADE_COUNTRY_YR(5.1.0),AE,A,AED,FCSC,ANN_CNT,TNOEXP,_Z,_Z,214,2018,33060653.59,,,,0
FCSA:DF_TRADE_COUNTRY_YR(5.1.0),AE,A,AED,FCSC,ANN_CNT,TNOEXP,_Z,_Z,214,2019,40590205.37,,,,0
FCSA:DF_TRADE_COUNTRY_YR(5.1.0),AE,A,AED,FCSC,ANN_CNT,TNOEXP,_Z,_Z,214,2020,28137731.88,,,,0
FCSA:DF_TRADE_COUNTRY_YR(5.1.0),AE,A,AED,FCSC,ANN_CNT,TNOEXP,_Z,_Z,214,2021,76462449.32,,,,0
FCSA:DF_TRADE_COUNTRY_YR(5.1.0),AE,A,AED,FCSC,ANN_CNT,TNOEXP,_Z,_Z,214,2022,137255080.22,,,,0
FCSA:DF_TRADE_COUNTRY_YR(5.1.0),AE,A,AED,FCSC,ANN_CNT,TNOEXP,_Z,_Z,214,2023,118983053.28,,,,0
FCSA:DF_TRADE_COUNTRY_YR(5.1.0),AE,A,AED,FCSC,ANN_CNT,TNOEXP,_Z,_Z,214,2024,115665072.24,,,,0
FCSA:DF_TRADE_COUNTRY_YR(5.1.0),AE,A,AED,FCSC,ANN_CNT,NOEXP,_Z,_Z,316,2017,620237.63,,,,0
FCSA:DF_TRADE_COUNTRY_YR(5.1.0),AE,A,AED,FCSC,ANN_CNT,NOEXP,_Z,_Z,316,2018,105328.86,,,,0
FCSA:DF_TRADE_COUNTRY_YR(5.1.0),AE,A,AED,FCSC,ANN_CNT,NOEXP,_Z,_Z,316,2019,249979.98,,,,0
FCSA:DF_TRADE_COUNTRY_YR(5.1.0),AE,A,AED,FCSC,ANN_CNT,NOEXP,_Z,_Z,316,2020,2585521.60,,,,0
FCSA:DF_TRADE_COUNTRY_YR(5.1.0),AE,A,AED,FCSC,ANN_CNT,NOEXP,_Z,_Z,316,2021,1592672.93,,,,0
FCSA:DF_TRADE_COUNTRY_YR(5.1.0),AE,A,AED,FCSC,ANN_CNT,NOEXP,_Z,_Z,316,2022,341853.31,,,,0
FCSA:DF_TRADE_COUNTRY_YR(5.1.0),AE,A,AED,FCSC,ANN_CNT,NOEXP,_Z,_Z,316,2023,1884708.21,,,,0
FCSA:DF_TRADE_COUNTRY_YR(5.1.0),AE,A,AED,FCSC,ANN_CNT,NOEXP,_Z,_Z,316,2024,1075788.95,,,,0
FCSA:DF_TRADE_COUNTRY_YR(5.1.0),AE,A,AED,FCSC,ANN_CNT,NOEXP,_Z,_Z,368,2017,8476166718.58,,,,0
FCSA:DF_TRADE_COUNTRY_YR(5.1.0),AE,A,AED,FCSC,ANN_CNT,NOEXP,_Z,_Z,368,2018,9121460504.02,,,,0
FCSA:DF_TRADE_COUNTRY_YR(5.1.0),AE,A,AED,FCSC,ANN_CNT,NOEXP,_Z,_Z,368,2019,9187528243.00,,,,0
FCSA:DF_TRADE_COUNTRY_YR(5.1.0),AE,A,AED,FCSC,ANN_CNT,NOEXP,_Z,_Z,368,2020,7538888311.53,,,,0
FCSA:DF_TRADE_COUNTRY_YR(5.1.0),AE,A,AED,FCSC,ANN_CNT,NOEXP,_Z,_Z,368,2021,7932520115.24,,,,0
FCSA:DF_TRADE_COUNTRY_YR(5.1.0),AE,A,AED,FCSC,ANN_CNT,NOEXP,_Z,_Z,368,2022,15415521729.70,,,,0
FCSA:DF_TRADE_COUNTRY_YR(5.1.0),AE,A,AED,FCSC,ANN_CNT,NOEXP,_Z,_Z,368,2023,19789313468.67,,,,0
FCSA:DF_TRADE_COUNTRY_YR(5.1.0),AE,A,AED,FCSC,ANN_CNT,NOEXP,_Z,_Z,368,2024,53236369883.14,,,,0
FCSA:DF_TRADE_COUNTRY_YR(5.1.0),AE,A,AED,FCSC,ANN_CNT,TTRADE,_Z,_Z,242,2017,25497570.47,,,,0
FCSA:DF_TRADE_COUNTRY_YR(5.1.0),AE,A,AED,FCSC,ANN_CNT,TTRADE,_Z,_Z,242,2018,48264862.46,,,,0
FCSA:DF_TRADE_COUNTRY_YR(5.1.0),AE,A,AED,FCSC,ANN_CNT,TTRADE,_Z,_Z,242,2019,28052208.89,,,,0
FCSA:DF_TRADE_COUNTRY_YR(5.1.0),AE,A,AED,FCSC,ANN_CNT,TTRADE,_Z,_Z,242,2020,34654434.08,,,,0
FCSA:DF_TRADE_COUNTRY_YR(5.1.0),AE,A,AED,FCSC,ANN_CNT,TTRADE,_Z,_Z,242,2021,42589517.88,,,,0
FCSA:DF_TRADE_COUNTRY_YR(5.1.0),AE,A,AED,FCSC,ANN_CNT,TTRADE,_Z,_Z,242,2022,54429506.01,,,,0
FCSA:DF_TRADE_COUNTRY_YR(5.1.0),AE,A,AED,FCSC,ANN_CNT,TTRADE,_Z,_Z,242,2023,58386937.05,,,,0
FCSA:DF_TRADE_COUNTRY_YR(5.1.0),AE,A,AED,FCSC,ANN_CNT,TTRADE,_Z,_Z,242,2024,51027163.83,,,,0
FCSA:DF_TRADE_COUNTRY_YR(5.1.0),AE,A,AED,FCSC,ANN_CNT,TNOEXP,_Z,_Z,28,2017,12482045.49,,,,0
FCSA:DF_TRADE_COUNTRY_YR(5.1.0),AE,A,AED,FCSC,ANN_CNT,TNOEXP,_Z,_Z,28,2018,5392522.09,,,,0
FCSA:DF_TRADE_COUNTRY_YR(5.1.0),AE,A,AED,FCSC,ANN_CNT,TNOEXP,_Z,_Z,28,2019,1527066.88,,,,0
FCSA:DF_TRADE_COUNTRY_YR(5.1.0),AE,A,AED,FCSC,ANN_CNT,TNOEXP,_Z,_Z,28,2020,2134307.90,,,,0
FCSA:DF_TRADE_COUNTRY_YR(5.1.0),AE,A,AED,FCSC,ANN_CNT,TNOEXP,_Z,_Z,28,2021,582129.92,,,,0
FCSA:DF_TRADE_COUNTRY_YR(5.1.0),AE,A,AED,FCSC,ANN_CNT,TNOEXP,_Z,_Z,28,2022,15149365.15,,,,0
FCSA:DF_TRADE_COUNTRY_YR(5.1.0),AE,A,AED,FCSC,ANN_CNT,TNOEXP,_Z,_Z,28,2023,10273051.17,,,,0
FCSA:DF_TRADE_COUNTRY_YR(5.1.0),AE,A,AED,FCSC,ANN_CNT,TNOEXP,_Z,_Z,28,2024,7985497.42,,,,0
FCSA:DF_TRADE_COUNTRY_YR(5.1.0),AE,A,AED,FCSC,ANN_CNT,TTRADE,_Z,_Z,662,2017,427819.86,,,,0
FCSA:DF_TRADE_COUNTRY_YR(5.1.0),AE,A,AED,FCSC,ANN_CNT,TTRADE,_Z,_Z,662,2018,412573.32,,,,0
FCSA:DF_TRADE_COUNTRY_YR(5.1.0),AE,A,AED,FCSC,ANN_CNT,TTRADE,_Z,_Z,662,2019,673006.63,,,,0
FCSA:DF_TRADE_COUNTRY_YR(5.1.0),AE,A,AED,FCSC,ANN_CNT,TTRADE,_Z,_Z,662,2020,1507068.76,,,,0
FCSA:DF_TRADE_COUNTRY_YR(5.1.0),AE,A,AED,FCSC,ANN_CNT,TTRADE,_Z,_Z,662,2021,1352745.34,,,,0
FCSA:DF_TRADE_COUNTRY_YR(5.1.0),AE,A,AED,FCSC,ANN_CNT,TTRADE,_Z,_Z,662,2022,1671423.41,,,,0
FCSA:DF_TRADE_COUNTRY_YR(5.1.0),AE,A,AED,FCSC,ANN_CNT,TTRADE,_Z,_Z,662,2023,840137.37,,,,0
FCSA:DF_TRADE_COUNTRY_YR(5.1.0),AE,A,AED,FCSC,ANN_CNT,TTRADE,_Z,_Z,662,2024,2382104.06,,,,0
FCSA:DF_TRADE_COUNTRY_YR(5.1.0),AE,A,AED,FCSC,ANN_CNT,NOEXP,_Z,_Z,320,2017,13341982.24,,,,0
FCSA:DF_TRADE_COUNTRY_YR(5.1.0),AE,A,AED,FCSC,ANN_CNT,NOEXP,_Z,_Z,320,2018,38267293.38,,,,0
FCSA:DF_TRADE_COUNTRY_YR(5.1.0),AE,A,AED,FCSC,ANN_CNT,NOEXP,_Z,_Z,320,2019,28337880.85,,,,0
FCSA:DF_TRADE_COUNTRY_YR(5.1.0),AE,A,AED,FCSC,ANN_CNT,NOEXP,_Z,_Z,320,2020,33055460.74,,,,0
FCSA:DF_TRADE_COUNTRY_YR(5.1.0),AE,A,AED,FCSC,ANN_CNT,NOEXP,_Z,_Z,320,2021,72269373.28,,,,0
FCSA:DF_TRADE_COUNTRY_YR(5.1.0),AE,A,AED,FCSC,ANN_CNT,NOEXP,_Z,_Z,320,2022,46466607.14,,,,0
FCSA:DF_TRADE_COUNTRY_YR(5.1.0),AE,A,AED,FCSC,ANN_CNT,NOEXP,_Z,_Z,320,2023,48757128.49,,,,0
FCSA:DF_TRADE_COUNTRY_YR(5.1.0),AE,A,AED,FCSC,ANN_CNT,NOEXP,_Z,_Z,320,2024,58914693.08,,,,0
FCSA:DF_TRADE_COUNTRY_YR(5.1.0),AE,A,AED,FCSC,ANN_CNT,IMP,_Z,_Z,192,2017,9564108.24,,,,0
FCSA:DF_TRADE_COUNTRY_YR(5.1.0),AE,A,AED,FCSC,ANN_CNT,IMP,_Z,_Z,192,2018,7069630.99,,,,0
FCSA:DF_TRADE_COUNTRY_YR(5.1.0),AE,A,AED,FCSC,ANN_CNT,IMP,_Z,_Z,192,2019,10110666.65,,,,0
FCSA:DF_TRADE_COUNTRY_YR(5.1.0),AE,A,AED,FCSC,ANN_CNT,IMP,_Z,_Z,192,2020,10828104.37,,,,0
FCSA:DF_TRADE_COUNTRY_YR(5.1.0),AE,A,AED,FCSC,ANN_CNT,IMP,_Z,_Z,192,2021,16644674.88,,,,0
FCSA:DF_TRADE_COUNTRY_YR(5.1.0),AE,A,AED,FCSC,ANN_CNT,IMP,_Z,_Z,192,2022,18990152.10,,,,0
FCSA:DF_TRADE_COUNTRY_YR(5.1.0),AE,A,AED,FCSC,ANN_CNT,IMP,_Z,_Z,192,2023,12567555.94,,,,0
FCSA:DF_TRADE_COUNTRY_YR(5.1.0),AE,A,AED,FCSC,ANN_CNT,IMP,_Z,_Z,192,2024,74573710.58,,,,0
FCSA:DF_TRADE_COUNTRY_YR(5.1.0),AE,A,AED,FCSC,ANN_CNT,NOEXP,_Z,_Z,418,2017,18.47,,,,0
FCSA:DF_TRADE_COUNTRY_YR(5.1.0),AE,A,AED,FCSC,ANN_CNT,NOEXP,_Z,_Z,418,2018,12620.00,,,,0
FCSA:DF_TRADE_COUNTRY_YR(5.1.0),AE,A,AED,FCSC,ANN_CNT,NOEXP,_Z,_Z,418,2019,91720.12,,,,0
FCSA:DF_TRADE_COUNTRY_YR(5.1.0),AE,A,AED,FCSC,ANN_CNT,NOEXP,_Z,_Z,418,2020,1214951.16,,,,0
FCSA:DF_TRADE_COUNTRY_YR(5.1.0),AE,A,AED,FCSC,ANN_CNT,NOEXP,_Z,_Z,418,2021,1470948.24,,,,0
FCSA:DF_TRADE_COUNTRY_YR(5.1.0),AE,A,AED,FCSC,ANN_CNT,NOEXP,_Z,_Z,418,2022,240392.73,,,,0
FCSA:DF_TRADE_COUNTRY_YR(5.1.0),AE,A,AED,FCSC,ANN_CNT,NOEXP,_Z,_Z,418,2023,262782.88,,,,0
FCSA:DF_TRADE_COUNTRY_YR(5.1.0),AE,A,AED,FCSC,ANN_CNT,NOEXP,_Z,_Z,418,2024,919442.15,,,,0
FCSA:DF_TRADE_COUNTRY_YR(5.1.0),AE,A,AED,FCSC,ANN_CNT,TNOEXP,_Z,_Z,654,2017,47754.55,,,,0
FCSA:DF_TRADE_COUNTRY_YR(5.1.0),AE,A,AED,FCSC,ANN_CNT,TNOEXP,_Z,_Z,654,2018,228952.92,,,,0
FCSA:DF_TRADE_COUNTRY_YR(5.1.0),AE,A,AED,FCSC,ANN_CNT,TNOEXP,_Z,_Z,654,2019,283976.31,,,,0
FCSA:DF_TRADE_COUNTRY_YR(5.1.0),AE,A,AED,FCSC,ANN_CNT,TNOEXP,_Z,_Z,654,2020,196659.26,,,,0
FCSA:DF_TRADE_COUNTRY_YR(5.1.0),AE,A,AED,FCSC,ANN_CNT,TNOEXP,_Z,_Z,654,2021,0.00,,,,0
FCSA:DF_TRADE_COUNTRY_YR(5.1.0),AE,A,AED,FCSC,ANN_CNT,TNOEXP,_Z,_Z,654,2022,657389.05,,,,0
FCSA:DF_TRADE_COUNTRY_YR(5.1.0),AE,A,AED,FCSC,ANN_CNT,TNOEXP,_Z,_Z,654,2023,228.00,,,,0
FCSA:DF_TRADE_COUNTRY_YR(5.1.0),AE,A,AED,FCSC,ANN_CNT,TNOEXP,_Z,_Z,654,2024,0.00,,,,0
FCSA:DF_TRADE_COUNTRY_YR(5.1.0),AE,A,AED,FCSC,ANN_CNT,REEXP,_Z,_Z,586,2017,6323514512.33,,,,0
FCSA:DF_TRADE_COUNTRY_YR(5.1.0),AE,A,AED,FCSC,ANN_CNT,REEXP,_Z,_Z,586,2018,6148719150.05,,,,0
FCSA:DF_TRADE_COUNTRY_YR(5.1.0),AE,A,AED,FCSC,ANN_CNT,REEXP,_Z,_Z,586,2019,9251389691.05,,,,0
FCSA:DF_TRADE_COUNTRY_YR(5.1.0),AE,A,AED,FCSC,ANN_CNT,REEXP,_Z,_Z,586,2020,7213129288.37,,,,0
FCSA:DF_TRADE_COUNTRY_YR(5.1.0),AE,A,AED,FCSC,ANN_CNT,REEXP,_Z,_Z,586,2021,9935950901.82,,,,0
FCSA:DF_TRADE_COUNTRY_YR(5.1.0),AE,A,AED,FCSC,ANN_CNT,REEXP,_Z,_Z,586,2022,10801020631.90,,,,0
FCSA:DF_TRADE_COUNTRY_YR(5.1.0),AE,A,AED,FCSC,ANN_CNT,REEXP,_Z,_Z,586,2023,10683626750.61,,,,0
FCSA:DF_TRADE_COUNTRY_YR(5.1.0),AE,A,AED,FCSC,ANN_CNT,REEXP,_Z,_Z,586,2024,9912210640.82,,,,0
FCSA:DF_TRADE_COUNTRY_YR(5.1.0),AE,A,AED,FCSC,ANN_CNT,REEXP,_Z,_Z,324,2017,240010691.10,,,,0
FCSA:DF_TRADE_COUNTRY_YR(5.1.0),AE,A,AED,FCSC,ANN_CNT,REEXP,_Z,_Z,324,2018,257393721.70,,,,0
FCSA:DF_TRADE_COUNTRY_YR(5.1.0),AE,A,AED,FCSC,ANN_CNT,REEXP,_Z,_Z,324,2019,280882885.44,,,,0
FCSA:DF_TRADE_COUNTRY_YR(5.1.0),AE,A,AED,FCSC,ANN_CNT,REEXP,_Z,_Z,324,2020,348098832.61,,,,0
FCSA:DF_TRADE_COUNTRY_YR(5.1.0),AE,A,AED,FCSC,ANN_CNT,REEXP,_Z,_Z,324,2021,427645390.85,,,,0
FCSA:DF_TRADE_COUNTRY_YR(5.1.0),AE,A,AED,FCSC,ANN_CNT,REEXP,_Z,_Z,324,2022,481535074.20,,,,0
FCSA:DF_TRADE_COUNTRY_YR(5.1.0),AE,A,AED,FCSC,ANN_CNT,REEXP,_Z,_Z,324,2023,547363999.95,,,,0
FCSA:DF_TRADE_COUNTRY_YR(5.1.0),AE,A,AED,FCSC,ANN_CNT,REEXP,_Z,_Z,324,2024,953162092.58,,,,0
FCSA:DF_TRADE_COUNTRY_YR(5.1.0),AE,A,AED,FCSC,ANN_CNT,TTRADE,_Z,_Z,31,2017,1002906961.84,,,,0
FCSA:DF_TRADE_COUNTRY_YR(5.1.0),AE,A,AED,FCSC,ANN_CNT,TTRADE,_Z,_Z,31,2018,973975962.55,,,,0
FCSA:DF_TRADE_COUNTRY_YR(5.1.0),AE,A,AED,FCSC,ANN_CNT,TTRADE,_Z,_Z,31,2019,1272560713.52,,,,0
FCSA:DF_TRADE_COUNTRY_YR(5.1.0),AE,A,AED,FCSC,ANN_CNT,TTRADE,_Z,_Z,31,2020,1849002054.40,,,,0
FCSA:DF_TRADE_COUNTRY_YR(5.1.0),AE,A,AED,FCSC,ANN_CNT,TTRADE,_Z,_Z,31,2021,2472141689.46,,,,0
FCSA:DF_TRADE_COUNTRY_YR(5.1.0),AE,A,AED,FCSC,ANN_CNT,TTRADE,_Z,_Z,31,2022,3597632906.90,,,,0
FCSA:DF_TRADE_COUNTRY_YR(5.1.0),AE,A,AED,FCSC,ANN_CNT,TTRADE,_Z,_Z,31,2023,6028306570.20,,,,0
FCSA:DF_TRADE_COUNTRY_YR(5.1.0),AE,A,AED,FCSC,ANN_CNT,TTRADE,_Z,_Z,31,2024,8213054952.36,,,,0
FCSA:DF_TRADE_COUNTRY_YR(5.1.0),AE,A,AED,FCSC,ANN_CNT,TTRADE,_Z,_Z,480,2017,351280717.78,,,,0
FCSA:DF_TRADE_COUNTRY_YR(5.1.0),AE,A,AED,FCSC,ANN_CNT,TTRADE,_Z,_Z,480,2018,407593501.66,,,,0
FCSA:DF_TRADE_COUNTRY_YR(5.1.0),AE,A,AED,FCSC,ANN_CNT,TTRADE,_Z,_Z,480,2019,428611599.67,,,,0
FCSA:DF_TRADE_COUNTRY_YR(5.1.0),AE,A,AED,FCSC,ANN_CNT,TTRADE,_Z,_Z,480,2020,332674724.83,,,,0
FCSA:DF_TRADE_COUNTRY_YR(5.1.0),AE,A,AED,FCSC,ANN_CNT,TTRADE,_Z,_Z,480,2021,431518049.20,,,,0
FCSA:DF_TRADE_COUNTRY_YR(5.1.0),AE,A,AED,FCSC,ANN_CNT,TTRADE,_Z,_Z,480,2022,546848093.53,,,,0
FCSA:DF_TRADE_COUNTRY_YR(5.1.0),AE,A,AED,FCSC,ANN_CNT,TTRADE,_Z,_Z,480,2023,637910206.64,,,,0
FCSA:DF_TRADE_COUNTRY_YR(5.1.0),AE,A,AED,FCSC,ANN_CNT,TTRADE,_Z,_Z,480,2024,757816643.10,,,,0
FCSA:DF_TRADE_COUNTRY_YR(5.1.0),AE,A,AED,FCSC,ANN_CNT,REEXP,_Z,_Z,862,2017,170849822.35,,,,0
FCSA:DF_TRADE_COUNTRY_YR(5.1.0),AE,A,AED,FCSC,ANN_CNT,REEXP,_Z,_Z,862,2018,106500583.54,,,,0
FCSA:DF_TRADE_COUNTRY_YR(5.1.0),AE,A,AED,FCSC,ANN_CNT,REEXP,_Z,_Z,862,2019,80702167.19,,,,0
FCSA:DF_TRADE_COUNTRY_YR(5.1.0),AE,A,AED,FCSC,ANN_CNT,REEXP,_Z,_Z,862,2020,139744867.29,,,,0
FCSA:DF_TRADE_COUNTRY_YR(5.1.0),AE,A,AED,FCSC,ANN_CNT,REEXP,_Z,_Z,862,2021,99604585.38,,,,0
FCSA:DF_TRADE_COUNTRY_YR(5.1.0),AE,A,AED,FCSC,ANN_CNT,REEXP,_Z,_Z,862,2022,164943951.52,,,,0
FCSA:DF_TRADE_COUNTRY_YR(5.1.0),AE,A,AED,FCSC,ANN_CNT,REEXP,_Z,_Z,862,2023,325081882.50,,,,0
FCSA:DF_TRADE_COUNTRY_YR(5.1.0),AE,A,AED,FCSC,ANN_CNT,REEXP,_Z,_Z,862,2024,578886395.95,,,,0
FCSA:DF_TRADE_COUNTRY_YR(5.1.0),AE,A,AED,FCSC,ANN_CNT,TNOEXP,_Z,_Z,710,2017,3456649361.26,,,,0
FCSA:DF_TRADE_COUNTRY_YR(5.1.0),AE,A,AED,FCSC,ANN_CNT,TNOEXP,_Z,_Z,710,2018,3486332117.17,,,,0
FCSA:DF_TRADE_COUNTRY_YR(5.1.0),AE,A,AED,FCSC,ANN_CNT,TNOEXP,_Z,_Z,710,2019,4016691480.84,,,,0
FCSA:DF_TRADE_COUNTRY_YR(5.1.0),AE,A,AED,FCSC,ANN_CNT,TNOEXP,_Z,_Z,710,2020,3049100579.70,,,,0
FCSA:DF_TRADE_COUNTRY_YR(5.1.0),AE,A,AED,FCSC,ANN_CNT,TNOEXP,_Z,_Z,710,2021,5350106636.82,,,,0
FCSA:DF_TRADE_COUNTRY_YR(5.1.0),AE,A,AED,FCSC,ANN_CNT,TNOEXP,_Z,_Z,710,2022,7678159640.28,,,,0
FCSA:DF_TRADE_COUNTRY_YR(5.1.0),AE,A,AED,FCSC,ANN_CNT,TNOEXP,_Z,_Z,710,2023,8972003728.81,,,,0
FCSA:DF_TRADE_COUNTRY_YR(5.1.0),AE,A,AED,FCSC,ANN_CNT,TNOEXP,_Z,_Z,710,2024,9054825979.37,,,,0
FCSA:DF_TRADE_COUNTRY_YR(5.1.0),AE,A,AED,FCSC,ANN_CNT,NOEXP,_Z,_Z,372,2017,119613855.85,,,,0
FCSA:DF_TRADE_COUNTRY_YR(5.1.0),AE,A,AED,FCSC,ANN_CNT,NOEXP,_Z,_Z,372,2018,205520301.29,,,,0
FCSA:DF_TRADE_COUNTRY_YR(5.1.0),AE,A,AED,FCSC,ANN_CNT,NOEXP,_Z,_Z,372,2019,163173662.98,,,,0
FCSA:DF_TRADE_COUNTRY_YR(5.1.0),AE,A,AED,FCSC,ANN_CNT,NOEXP,_Z,_Z,372,2020,94953578.70,,,,0
FCSA:DF_TRADE_COUNTRY_YR(5.1.0),AE,A,AED,FCSC,ANN_CNT,NOEXP,_Z,_Z,372,2021,138370842.36,,,,0
FCSA:DF_TRADE_COUNTRY_YR(5.1.0),AE,A,AED,FCSC,ANN_CNT,NOEXP,_Z,_Z,372,2022,272508032.90,,,,0
FCSA:DF_TRADE_COUNTRY_YR(5.1.0),AE,A,AED,FCSC,ANN_CNT,NOEXP,_Z,_Z,372,2023,298442625.73,,,,0
FCSA:DF_TRADE_COUNTRY_YR(5.1.0),AE,A,AED,FCSC,ANN_CNT,NOEXP,_Z,_Z,372,2024,91104036.80,,,,0
FCSA:DF_TRADE_COUNTRY_YR(5.1.0),AE,A,AED,FCSC,ANN_CNT,NOEXP,_Z,_Z,887,2017,507533175.08,,,,0
FCSA:DF_TRADE_COUNTRY_YR(5.1.0),AE,A,AED,FCSC,ANN_CNT,NOEXP,_Z,_Z,887,2018,1024227827.96,,,,0
FCSA:DF_TRADE_COUNTRY_YR(5.1.0),AE,A,AED,FCSC,ANN_CNT,NOEXP,_Z,_Z,887,2019,1407276802.42,,,,0
FCSA:DF_TRADE_COUNTRY_YR(5.1.0),AE,A,AED,FCSC,ANN_CNT,NOEXP,_Z,_Z,887,2020,1570297714.74,,,,0
FCSA:DF_TRADE_COUNTRY_YR(5.1.0),AE,A,AED,FCSC,ANN_CNT,NOEXP,_Z,_Z,887,2021,1848781143.68,,,,0
FCSA:DF_TRADE_COUNTRY_YR(5.1.0),AE,A,AED,FCSC,ANN_CNT,NOEXP,_Z,_Z,887,2022,2192874832.16,,,,0
FCSA:DF_TRADE_COUNTRY_YR(5.1.0),AE,A,AED,FCSC,ANN_CNT,NOEXP,_Z,_Z,887,2023,3130651416.91,,,,0
FCSA:DF_TRADE_COUNTRY_YR(5.1.0),AE,A,AED,FCSC,ANN_CNT,NOEXP,_Z,_Z,887,2024,2717311973.90,,,,0
FCSA:DF_TRADE_COUNTRY_YR(5.1.0),AE,A,AED,FCSC,ANN_CNT,REEXP,_Z,_Z,268,2017,360646823.54,,,,0
FCSA:DF_TRADE_COUNTRY_YR(5.1.0),AE,A,AED,FCSC,ANN_CNT,REEXP,_Z,_Z,268,2018,526345885.76,,,,0
FCSA:DF_TRADE_COUNTRY_YR(5.1.0),AE,A,AED,FCSC,ANN_CNT,REEXP,_Z,_Z,268,2019,577495620.41,,,,0
FCSA:DF_TRADE_COUNTRY_YR(5.1.0),AE,A,AED,FCSC,ANN_CNT,REEXP,_Z,_Z,268,2020,462369325.86,,,,0
FCSA:DF_TRADE_COUNTRY_YR(5.1.0),AE,A,AED,FCSC,ANN_CNT,REEXP,_Z,_Z,268,2021,677181703.76,,,,0
FCSA:DF_TRADE_COUNTRY_YR(5.1.0),AE,A,AED,FCSC,ANN_CNT,REEXP,_Z,_Z,268,2022,1254914428.55,,,,0
FCSA:DF_TRADE_COUNTRY_YR(5.1.0),AE,A,AED,FCSC,ANN_CNT,REEXP,_Z,_Z,268,2023,1373226892.60,,,,0
FCSA:DF_TRADE_COUNTRY_YR(5.1.0),AE,A,AED,FCSC,ANN_CNT,REEXP,_Z,_Z,268,2024,1735745729.87,,,,0
FCSA:DF_TRADE_COUNTRY_YR(5.1.0),AE,A,AED,FCSC,ANN_CNT,NOEXP,_Z,_Z,214,2017,19807548.32,,,,0
FCSA:DF_TRADE_COUNTRY_YR(5.1.0),AE,A,AED,FCSC,ANN_CNT,NOEXP,_Z,_Z,214,2018,18092143.24,,,,0
FCSA:DF_TRADE_COUNTRY_YR(5.1.0),AE,A,AED,FCSC,ANN_CNT,NOEXP,_Z,_Z,214,2019,21116938.72,,,,0
FCSA:DF_TRADE_COUNTRY_YR(5.1.0),AE,A,AED,FCSC,ANN_CNT,NOEXP,_Z,_Z,214,2020,14217721.12,,,,0
FCSA:DF_TRADE_COUNTRY_YR(5.1.0),AE,A,AED,FCSC,ANN_CNT,NOEXP,_Z,_Z,214,2021,37248506.42,,,,0
FCSA:DF_TRADE_COUNTRY_YR(5.1.0),AE,A,AED,FCSC,ANN_CNT,NOEXP,_Z,_Z,214,2022,28302060.71,,,,0
FCSA:DF_TRADE_COUNTRY_YR(5.1.0),AE,A,AED,FCSC,ANN_CNT,NOEXP,_Z,_Z,214,2023,23886782.28,,,,0
FCSA:DF_TRADE_COUNTRY_YR(5.1.0),AE,A,AED,FCSC,ANN_CNT,NOEXP,_Z,_Z,214,2024,25676578.32,,,,0
FCSA:DF_TRADE_COUNTRY_YR(5.1.0),AE,A,AED,FCSC,ANN_CNT,IMP,_Z,_Z,530,2017,4795738.06,,,,0
FCSA:DF_TRADE_COUNTRY_YR(5.1.0),AE,A,AED,FCSC,ANN_CNT,IMP,_Z,_Z,530,2018,36465726.97,,,,0
FCSA:DF_TRADE_COUNTRY_YR(5.1.0),AE,A,AED,FCSC,ANN_CNT,IMP,_Z,_Z,530,2019,26676875.06,,,,0
FCSA:DF_TRADE_COUNTRY_YR(5.1.0),AE,A,AED,FCSC,ANN_CNT,IMP,_Z,_Z,530,2020,1773295.45,,,,0
FCSA:DF_TRADE_COUNTRY_YR(5.1.0),AE,A,AED,FCSC,ANN_CNT,IMP,_Z,_Z,530,2021,478191.89,,,,0
FCSA:DF_TRADE_COUNTRY_YR(5.1.0),AE,A,AED,FCSC,ANN_CNT,IMP,_Z,_Z,530,2022,480932.64,,,,0
FCSA:DF_TRADE_COUNTRY_YR(5.1.0),AE,A,AED,FCSC,ANN_CNT,IMP,_Z,_Z,530,2023,103893.30,,,,0
FCSA:DF_TRADE_COUNTRY_YR(5.1.0),AE,A,AED,FCSC,ANN_CNT,IMP,_Z,_Z,530,2024,165134.19,,,,0
FCSA:DF_TRADE_COUNTRY_YR(5.1.0),AE,A,AED,FCSC,ANN_CNT,TNOEXP,_Z,_Z,296,2017,174831.23,,,,0
FCSA:DF_TRADE_COUNTRY_YR(5.1.0),AE,A,AED,FCSC,ANN_CNT,TNOEXP,_Z,_Z,296,2018,25162.10,,,,0
FCSA:DF_TRADE_COUNTRY_YR(5.1.0),AE,A,AED,FCSC,ANN_CNT,TNOEXP,_Z,_Z,296,2019,94636.50,,,,0
FCSA:DF_TRADE_COUNTRY_YR(5.1.0),AE,A,AED,FCSC,ANN_CNT,TNOEXP,_Z,_Z,296,2020,210844.04,,,,0
FCSA:DF_TRADE_COUNTRY_YR(5.1.0),AE,A,AED,FCSC,ANN_CNT,TNOEXP,_Z,_Z,296,2021,618342.24,,,,0
FCSA:DF_TRADE_COUNTRY_YR(5.1.0),AE,A,AED,FCSC,ANN_CNT,TNOEXP,_Z,_Z,296,2022,1361239.65,,,,0
FCSA:DF_TRADE_COUNTRY_YR(5.1.0),AE,A,AED,FCSC,ANN_CNT,TNOEXP,_Z,_Z,296,2023,496738.18,,,,0
FCSA:DF_TRADE_COUNTRY_YR(5.1.0),AE,A,AED,FCSC,ANN_CNT,TNOEXP,_Z,_Z,296,2024,2409708.19,,,,0
FCSA:DF_TRADE_COUNTRY_YR(5.1.0),AE,A,AED,FCSC,ANN_CNT,TTRADE,_Z,_Z,580,2017,433378.23,,,,0
FCSA:DF_TRADE_COUNTRY_YR(5.1.0),AE,A,AED,FCSC,ANN_CNT,TTRADE,_Z,_Z,580,2018,224704.28,,,,0
FCSA:DF_TRADE_COUNTRY_YR(5.1.0),AE,A,AED,FCSC,ANN_CNT,TTRADE,_Z,_Z,580,2019,542573.85,,,,0
FCSA:DF_TRADE_COUNTRY_YR(5.1.0),AE,A,AED,FCSC,ANN_CNT,TTRADE,_Z,_Z,580,2020,656924.84,,,,0
FCSA:DF_TRADE_COUNTRY_YR(5.1.0),AE,A,AED,FCSC,ANN_CNT,TTRADE,_Z,_Z,580,2021,834795.00,,,,0
FCSA:DF_TRADE_COUNTRY_YR(5.1.0),AE,A,AED,FCSC,ANN_CNT,TTRADE,_Z,_Z,580,2022,921983.84,,,,0
FCSA:DF_TRADE_COUNTRY_YR(5.1.0),AE,A,AED,FCSC,ANN_CNT,TTRADE,_Z,_Z,580,2023,4439769.83,,,,0
FCSA:DF_TRADE_COUNTRY_YR(5.1.0),AE,A,AED,FCSC,ANN_CNT,TTRADE,_Z,_Z,580,2024,7436216.92,,,,0
FCSA:DF_TRADE_COUNTRY_YR(5.1.0),AE,A,AED,FCSC,ANN_CNT,REEXP,_Z,_Z,376,2020,413117746.94,,,,0
FCSA:DF_TRADE_COUNTRY_YR(5.1.0),AE,A,AED,FCSC,ANN_CNT,REEXP,_Z,_Z,376,2021,2976642993.17,,,,0
FCSA:DF_TRADE_COUNTRY_YR(5.1.0),AE,A,AED,FCSC,ANN_CNT,REEXP,_Z,_Z,376,2022,5211436406.57,,,,0
FCSA:DF_TRADE_COUNTRY_YR(5.1.0),AE,A,AED,FCSC,ANN_CNT,REEXP,_Z,_Z,376,2023,4691763391.92,,,,0
FCSA:DF_TRADE_COUNTRY_YR(5.1.0),AE,A,AED,FCSC,ANN_CNT,REEXP,_Z,_Z,376,2024,4690487741.34,,,,0
FCSA:DF_TRADE_COUNTRY_YR(5.1.0),AE,A,AED,FCSC,ANN_CNT,NOEXP,_Z,_Z,OTH,2022,0.00,,,,0
FCSA:DF_TRADE_COUNTRY_YR(5.1.0),AE,A,AED,FCSC,ANN_CNT,NOEXP,_Z,_Z,OTH,2023,0.00,,,,0
FCSA:DF_TRADE_COUNTRY_YR(5.1.0),AE,A,AED,FCSC,ANN_CNT,NOEXP,_Z,_Z,OTH,2024,0.00,,,,0
FCSA:DF_TRADE_COUNTRY_YR(5.1.0),AE,A,AED,FCSC,ANN_CNT,TNOEXP,_Z,_Z,398,2017,1005602957.02,,,,0
FCSA:DF_TRADE_COUNTRY_YR(5.1.0),AE,A,AED,FCSC,ANN_CNT,TNOEXP,_Z,_Z,398,2018,909533513.28,,,,0
FCSA:DF_TRADE_COUNTRY_YR(5.1.0),AE,A,AED,FCSC,ANN_CNT,TNOEXP,_Z,_Z,398,2019,1056821661.35,,,,0
FCSA:DF_TRADE_COUNTRY_YR(5.1.0),AE,A,AED,FCSC,ANN_CNT,TNOEXP,_Z,_Z,398,2020,877703696.08,,,,0
FCSA:DF_TRADE_COUNTRY_YR(5.1.0),AE,A,AED,FCSC,ANN_CNT,TNOEXP,_Z,_Z,398,2021,2368328691.33,,,,0
FCSA:DF_TRADE_COUNTRY_YR(5.1.0),AE,A,AED,FCSC,ANN_CNT,TNOEXP,_Z,_Z,398,2022,6202878072.87,,,,0
FCSA:DF_TRADE_COUNTRY_YR(5.1.0),AE,A,AED,FCSC,ANN_CNT,TNOEXP,_Z,_Z,398,2023,13492682893.20,,,,0
FCSA:DF_TRADE_COUNTRY_YR(5.1.0),AE,A,AED,FCSC,ANN_CNT,TNOEXP,_Z,_Z,398,2024,19115157511.06,,,,0
FCSA:DF_TRADE_COUNTRY_YR(5.1.0),AE,A,AED,FCSC,ANN_CNT,NOEXP,_Z,_Z,212,2017,78061.84,,,,0
FCSA:DF_TRADE_COUNTRY_YR(5.1.0),AE,A,AED,FCSC,ANN_CNT,NOEXP,_Z,_Z,212,2018,5287214.98,,,,0
FCSA:DF_TRADE_COUNTRY_YR(5.1.0),AE,A,AED,FCSC,ANN_CNT,NOEXP,_Z,_Z,212,2019,800189.75,,,,0
FCSA:DF_TRADE_COUNTRY_YR(5.1.0),AE,A,AED,FCSC,ANN_CNT,NOEXP,_Z,_Z,212,2020,191943.05,,,,0
FCSA:DF_TRADE_COUNTRY_YR(5.1.0),AE,A,AED,FCSC,ANN_CNT,NOEXP,_Z,_Z,212,2021,1987024.56,,,,0
FCSA:DF_TRADE_COUNTRY_YR(5.1.0),AE,A,AED,FCSC,ANN_CNT,NOEXP,_Z,_Z,212,2022,610905.84,,,,0
FCSA:DF_TRADE_COUNTRY_YR(5.1.0),AE,A,AED,FCSC,ANN_CNT,NOEXP,_Z,_Z,212,2023,428980.13,,,,0
FCSA:DF_TRADE_COUNTRY_YR(5.1.0),AE,A,AED,FCSC,ANN_CNT,NOEXP,_Z,_Z,212,2024,1616259.52,,,,0
FCSA:DF_TRADE_COUNTRY_YR(5.1.0),AE,A,AED,FCSC,ANN_CNT,TNOEXP,_Z,_Z,608,2017,1034378027.43,,,,0
FCSA:DF_TRADE_COUNTRY_YR(5.1.0),AE,A,AED,FCSC,ANN_CNT,TNOEXP,_Z,_Z,608,2018,1168680212.37,,,,0
FCSA:DF_TRADE_COUNTRY_YR(5.1.0),AE,A,AED,FCSC,ANN_CNT,TNOEXP,_Z,_Z,608,2019,1230020789.32,,,,0
FCSA:DF_TRADE_COUNTRY_YR(5.1.0),AE,A,AED,FCSC,ANN_CNT,TNOEXP,_Z,_Z,608,2020,1107935347.63,,,,0
FCSA:DF_TRADE_COUNTRY_YR(5.1.0),AE,A,AED,FCSC,ANN_CNT,TNOEXP,_Z,_Z,608,2021,1504472302.62,,,,0
FCSA:DF_TRADE_COUNTRY_YR(5.1.0),AE,A,AED,FCSC,ANN_CNT,TNOEXP,_Z,_Z,608,2022,1406037611.55,,,,0
FCSA:DF_TRADE_COUNTRY_YR(5.1.0),AE,A,AED,FCSC,ANN_CNT,TNOEXP,_Z,_Z,608,2023,1181697956.13,,,,0
FCSA:DF_TRADE_COUNTRY_YR(5.1.0),AE,A,AED,FCSC,ANN_CNT,TNOEXP,_Z,_Z,608,2024,1067413801.14,,,,0
FCSA:DF_TRADE_COUNTRY_YR(5.1.0),AE,A,AED,FCSC,ANN_CNT,IMP,_Z,_Z,630,2017,687107868.75,,,,0
FCSA:DF_TRADE_COUNTRY_YR(5.1.0),AE,A,AED,FCSC,ANN_CNT,IMP,_Z,_Z,630,2018,454375269.73,,,,0
FCSA:DF_TRADE_COUNTRY_YR(5.1.0),AE,A,AED,FCSC,ANN_CNT,IMP,_Z,_Z,630,2019,385027167.05,,,,0
FCSA:DF_TRADE_COUNTRY_YR(5.1.0),AE,A,AED,FCSC,ANN_CNT,IMP,_Z,_Z,630,2020,85035761.35,,,,0
FCSA:DF_TRADE_COUNTRY_YR(5.1.0),AE,A,AED,FCSC,ANN_CNT,IMP,_Z,_Z,630,2021,122890629.42,,,,0
FCSA:DF_TRADE_COUNTRY_YR(5.1.0),AE,A,AED,FCSC,ANN_CNT,IMP,_Z,_Z,630,2022,124053344.56,,,,0
FCSA:DF_TRADE_COUNTRY_YR(5.1.0),AE,A,AED,FCSC,ANN_CNT,IMP,_Z,_Z,630,2023,161709743.65,,,,0
FCSA:DF_TRADE_COUNTRY_YR(5.1.0),AE,A,AED,FCSC,ANN_CNT,IMP,_Z,_Z,630,2024,176364748.70,,,,0
FCSA:DF_TRADE_COUNTRY_YR(5.1.0),AE,A,AED,FCSC,ANN_CNT,TTRADE,_Z,_Z,732,2017,453334.39,,,,0
FCSA:DF_TRADE_COUNTRY_YR(5.1.0),AE,A,AED,FCSC,ANN_CNT,TTRADE,_Z,_Z,732,2018,469847.62,,,,0
FCSA:DF_TRADE_COUNTRY_YR(5.1.0),AE,A,AED,FCSC,ANN_CNT,TTRADE,_Z,_Z,732,2019,306605.18,,,,0
FCSA:DF_TRADE_COUNTRY_YR(5.1.0),AE,A,AED,FCSC,ANN_CNT,TTRADE,_Z,_Z,732,2020,397774.91,,,,0
FCSA:DF_TRADE_COUNTRY_YR(5.1.0),AE,A,AED,FCSC,ANN_CNT,TTRADE,_Z,_Z,732,2021,658210.02,,,,0
FCSA:DF_TRADE_COUNTRY_YR(5.1.0),AE,A,AED,FCSC,ANN_CNT,TTRADE,_Z,_Z,732,2022,232151.36,,,,0
FCSA:DF_TRADE_COUNTRY_YR(5.1.0),AE,A,AED,FCSC,ANN_CNT,TTRADE,_Z,_Z,732,2023,31719.48,,,,0
FCSA:DF_TRADE_COUNTRY_YR(5.1.0),AE,A,AED,FCSC,ANN_CNT,TTRADE,_Z,_Z,732,2024,592914.49,,,,0
FCSA:DF_TRADE_COUNTRY_YR(5.1.0),AE,A,AED,FCSC,ANN_CNT,NOEXP,_Z,_Z,608,2017,542640458.85,,,,0
FCSA:DF_TRADE_COUNTRY_YR(5.1.0),AE,A,AED,FCSC,ANN_CNT,NOEXP,_Z,_Z,608,2018,690878744.01,,,,0
FCSA:DF_TRADE_COUNTRY_YR(5.1.0),AE,A,AED,FCSC,ANN_CNT,NOEXP,_Z,_Z,608,2019,665805478.37,,,,0
FCSA:DF_TRADE_COUNTRY_YR(5.1.0),AE,A,AED,FCSC,ANN_CNT,NOEXP,_Z,_Z,608,2020,622356255.46,,,,0
FCSA:DF_TRADE_COUNTRY_YR(5.1.0),AE,A,AED,FCSC,ANN_CNT,NOEXP,_Z,_Z,608,2021,1145267177.89,,,,0
FCSA:DF_TRADE_COUNTRY_YR(5.1.0),AE,A,AED,FCSC,ANN_CNT,NOEXP,_Z,_Z,608,2022,963684875.01,,,,0
FCSA:DF_TRADE_COUNTRY_YR(5.1.0),AE,A,AED,FCSC,ANN_CNT,NOEXP,_Z,_Z,608,2023,720380457.87,,,,0
FCSA:DF_TRADE_COUNTRY_YR(5.1.0),AE,A,AED,FCSC,ANN_CNT,NOEXP,_Z,_Z,608,2024,645164061.32,,,,0
FCSA:DF_TRADE_COUNTRY_YR(5.1.0),AE,A,AED,FCSC,ANN_CNT,TTRADE,_Z,_Z,474,2017,6319615.85,,,,0
FCSA:DF_TRADE_COUNTRY_YR(5.1.0),AE,A,AED,FCSC,ANN_CNT,TTRADE,_Z,_Z,474,2018,7370238.40,,,,0
FCSA:DF_TRADE_COUNTRY_YR(5.1.0),AE,A,AED,FCSC,ANN_CNT,TTRADE,_Z,_Z,474,2019,6410085.32,,,,0
FCSA:DF_TRADE_COUNTRY_YR(5.1.0),AE,A,AED,FCSC,ANN_CNT,TTRADE,_Z,_Z,474,2020,1092015.40,,,,0
FCSA:DF_TRADE_COUNTRY_YR(5.1.0),AE,A,AED,FCSC,ANN_CNT,TTRADE,_Z,_Z,474,2021,3816010.45,,,,0
FCSA:DF_TRADE_COUNTRY_YR(5.1.0),AE,A,AED,FCSC,ANN_CNT,TTRADE,_Z,_Z,474,2022,858319.89,,,,0
FCSA:DF_TRADE_COUNTRY_YR(5.1.0),AE,A,AED,FCSC,ANN_CNT,TTRADE,_Z,_Z,474,2023,4229051.99,,,,0
FCSA:DF_TRADE_COUNTRY_YR(5.1.0),AE,A,AED,FCSC,ANN_CNT,TTRADE,_Z,_Z,474,2024,2705374.26,,,,0
FCSA:DF_TRADE_COUNTRY_YR(5.1.0),AE,A,AED,FCSC,ANN_CNT,NOEXP,_Z,_Z,166,2017,0.00,,,,0
FCSA:DF_TRADE_COUNTRY_YR(5.1.0),AE,A,AED,FCSC,ANN_CNT,NOEXP,_Z,_Z,166,2018,0.00,,,,0
FCSA:DF_TRADE_COUNTRY_YR(5.1.0),AE,A,AED,FCSC,ANN_CNT,NOEXP,_Z,_Z,166,2019,3254801.00,,,,0
FCSA:DF_TRADE_COUNTRY_YR(5.1.0),AE,A,AED,FCSC,ANN_CNT,NOEXP,_Z,_Z,166,2020,0.00,,,,0
FCSA:DF_TRADE_COUNTRY_YR(5.1.0),AE,A,AED,FCSC,ANN_CNT,NOEXP,_Z,_Z,166,2021,0.00,,,,0
FCSA:DF_TRADE_COUNTRY_YR(5.1.0),AE,A,AED,FCSC,ANN_CNT,NOEXP,_Z,_Z,166,2022,38120.00,,,,0
FCSA:DF_TRADE_COUNTRY_YR(5.1.0),AE,A,AED,FCSC,ANN_CNT,NOEXP,_Z,_Z,166,2023,0.00,,,,0
FCSA:DF_TRADE_COUNTRY_YR(5.1.0),AE,A,AED,FCSC,ANN_CNT,NOEXP,_Z,_Z,166,2024,1700.00,,,,0
FCSA:DF_TRADE_COUNTRY_YR(5.1.0),AE,A,AED,FCSC,ANN_CNT,IMP,_Z,_Z,250,2017,23057530879.47,,,,0
FCSA:DF_TRADE_COUNTRY_YR(5.1.0),AE,A,AED,FCSC,ANN_CNT,IMP,_Z,_Z,250,2018,23893053654.89,,,,0
FCSA:DF_TRADE_COUNTRY_YR(5.1.0),AE,A,AED,FCSC,ANN_CNT,IMP,_Z,_Z,250,2019,24832189621.55,,,,0
FCSA:DF_TRADE_COUNTRY_YR(5.1.0),AE,A,AED,FCSC,ANN_CNT,IMP,_Z,_Z,250,2020,17483823661.27,,,,0
FCSA:DF_TRADE_COUNTRY_YR(5.1.0),AE,A,AED,FCSC,ANN_CNT,IMP,_Z,_Z,250,2021,22354386058.17,,,,0
FCSA:DF_TRADE_COUNTRY_YR(5.1.0),AE,A,AED,FCSC,ANN_CNT,IMP,_Z,_Z,250,2022,25918106639.61,,,,0
FCSA:DF_TRADE_COUNTRY_YR(5.1.0),AE,A,AED,FCSC,ANN_CNT,IMP,_Z,_Z,250,2023,31517886559.21,,,,0
FCSA:DF_TRADE_COUNTRY_YR(5.1.0),AE,A,AED,FCSC,ANN_CNT,IMP,_Z,_Z,250,2024,37253729390.50,,,,0
FCSA:DF_TRADE_COUNTRY_YR(5.1.0),AE,A,AED,FCSC,ANN_CNT,IMP,_Z,_Z,148,2017,375519359.09,,,,0
FCSA:DF_TRADE_COUNTRY_YR(5.1.0),AE,A,AED,FCSC,ANN_CNT,IMP,_Z,_Z,148,2018,505725320.89,,,,0
FCSA:DF_TRADE_COUNTRY_YR(5.1.0),AE,A,AED,FCSC,ANN_CNT,IMP,_Z,_Z,148,2019,927557759.06,,,,0
FCSA:DF_TRADE_COUNTRY_YR(5.1.0),AE,A,AED,FCSC,ANN_CNT,IMP,_Z,_Z,148,2020,795029044.10,,,,0
FCSA:DF_TRADE_COUNTRY_YR(5.1.0),AE,A,AED,FCSC,ANN_CNT,IMP,_Z,_Z,148,2021,2795198742.99,,,,0
FCSA:DF_TRADE_COUNTRY_YR(5.1.0),AE,A,AED,FCSC,ANN_CNT,IMP,_Z,_Z,148,2022,3243137308.36,,,,0
FCSA:DF_TRADE_COUNTRY_YR(5.1.0),AE,A,AED,FCSC,ANN_CNT,IMP,_Z,_Z,148,2023,4091218340.90,,,,0
FCSA:DF_TRADE_COUNTRY_YR(5.1.0),AE,A,AED,FCSC,ANN_CNT,IMP,_Z,_Z,148,2024,5298577979.40,,,,0
FCSA:DF_TRADE_COUNTRY_YR(5.1.0),AE,A,AED,FCSC,ANN_CNT,REEXP,_Z,_Z,270,2017,56412875.53,,,,0
FCSA:DF_TRADE_COUNTRY_YR(5.1.0),AE,A,AED,FCSC,ANN_CNT,REEXP,_Z,_Z,270,2018,55781941.98,,,,0
FCSA:DF_TRADE_COUNTRY_YR(5.1.0),AE,A,AED,FCSC,ANN_CNT,REEXP,_Z,_Z,270,2019,66805832.07,,,,0
FCSA:DF_TRADE_COUNTRY_YR(5.1.0),AE,A,AED,FCSC,ANN_CNT,REEXP,_Z,_Z,270,2020,61201000.86,,,,0
FCSA:DF_TRADE_COUNTRY_YR(5.1.0),AE,A,AED,FCSC,ANN_CNT,REEXP,_Z,_Z,270,2021,79136612.32,,,,0
FCSA:DF_TRADE_COUNTRY_YR(5.1.0),AE,A,AED,FCSC,ANN_CNT,REEXP,_Z,_Z,270,2022,71684291.28,,,,0
FCSA:DF_TRADE_COUNTRY_YR(5.1.0),AE,A,AED,FCSC,ANN_CNT,REEXP,_Z,_Z,270,2023,77199612.26,,,,0
FCSA:DF_TRADE_COUNTRY_YR(5.1.0),AE,A,AED,FCSC,ANN_CNT,REEXP,_Z,_Z,270,2024,88958887.71,,,,0
FCSA:DF_TRADE_COUNTRY_YR(5.1.0),AE,A,AED,FCSC,ANN_CNT,IMP,_Z,_Z,562,2017,319706241.73,,,,0
FCSA:DF_TRADE_COUNTRY_YR(5.1.0),AE,A,AED,FCSC,ANN_CNT,IMP,_Z,_Z,562,2018,1086234463.97,,,,0
FCSA:DF_TRADE_COUNTRY_YR(5.1.0),AE,A,AED,FCSC,ANN_CNT,IMP,_Z,_Z,562,2019,1684887757.75,,,,0
FCSA:DF_TRADE_COUNTRY_YR(5.1.0),AE,A,AED,FCSC,ANN_CNT,IMP,_Z,_Z,562,2020,6404649603.31,,,,0
FCSA:DF_TRADE_COUNTRY_YR(5.1.0),AE,A,AED,FCSC,ANN_CNT,IMP,_Z,_Z,562,2021,9834449512.66,,,,0
FCSA:DF_TRADE_COUNTRY_YR(5.1.0),AE,A,AED,FCSC,ANN_CNT,IMP,_Z,_Z,562,2022,8227595579.31,,,,0
FCSA:DF_TRADE_COUNTRY_YR(5.1.0),AE,A,AED,FCSC,ANN_CNT,IMP,_Z,_Z,562,2023,1591298326.41,,,,0
FCSA:DF_TRADE_COUNTRY_YR(5.1.0),AE,A,AED,FCSC,ANN_CNT,IMP,_Z,_Z,562,2024,740049025.36,,,,0
FCSA:DF_TRADE_COUNTRY_YR(5.1.0),AE,A,AED,FCSC,ANN_CNT,TTRADE,_Z,_Z,600,2017,156168142.65,,,,0
FCSA:DF_TRADE_COUNTRY_YR(5.1.0),AE,A,AED,FCSC,ANN_CNT,TTRADE,_Z,_Z,600,2018,225368395.52,,,,0
FCSA:DF_TRADE_COUNTRY_YR(5.1.0),AE,A,AED,FCSC,ANN_CNT,TTRADE,_Z,_Z,600,2019,175259633.46,,,,0
FCSA:DF_TRADE_COUNTRY_YR(5.1.0),AE,A,AED,FCSC,ANN_CNT,TTRADE,_Z,_Z,600,2020,94792568.08,,,,0
FCSA:DF_TRADE_COUNTRY_YR(5.1.0),AE,A,AED,FCSC,ANN_CNT,TTRADE,_Z,_Z,600,2021,137372218.15,,,,0
FCSA:DF_TRADE_COUNTRY_YR(5.1.0),AE,A,AED,FCSC,ANN_CNT,TTRADE,_Z,_Z,600,2022,210587287.56,,,,0
FCSA:DF_TRADE_COUNTRY_YR(5.1.0),AE,A,AED,FCSC,ANN_CNT,TTRADE,_Z,_Z,600,2023,619517021.21,,,,0
FCSA:DF_TRADE_COUNTRY_YR(5.1.0),AE,A,AED,FCSC,ANN_CNT,TTRADE,_Z,_Z,600,2024,595272934.68,,,,0
FCSA:DF_TRADE_COUNTRY_YR(5.1.0),AE,A,AED,FCSC,ANN_CNT,NOEXP,_Z,_Z,188,2017,8078933.77,,,,0
FCSA:DF_TRADE_COUNTRY_YR(5.1.0),AE,A,AED,FCSC,ANN_CNT,NOEXP,_Z,_Z,188,2018,19613625.26,,,,0
FCSA:DF_TRADE_COUNTRY_YR(5.1.0),AE,A,AED,FCSC,ANN_CNT,NOEXP,_Z,_Z,188,2019,25574595.12,,,,0
FCSA:DF_TRADE_COUNTRY_YR(5.1.0),AE,A,AED,FCSC,ANN_CNT,NOEXP,_Z,_Z,188,2020,23909569.69,,,,0
FCSA:DF_TRADE_COUNTRY_YR(5.1.0),AE,A,AED,FCSC,ANN_CNT,NOEXP,_Z,_Z,188,2021,31705375.14,,,,0
FCSA:DF_TRADE_COUNTRY_YR(5.1.0),AE,A,AED,FCSC,ANN_CNT,NOEXP,_Z,_Z,188,2022,29575848.29,,,,0
FCSA:DF_TRADE_COUNTRY_YR(5.1.0),AE,A,AED,FCSC,ANN_CNT,NOEXP,_Z,_Z,188,2023,24467817.52,,,,0
FCSA:DF_TRADE_COUNTRY_YR(5.1.0),AE,A,AED,FCSC,ANN_CNT,NOEXP,_Z,_Z,188,2024,52945551.28,,,,0
FCSA:DF_TRADE_COUNTRY_YR(5.1.0),AE,A,AED,FCSC,ANN_CNT,NOEXP,_Z,_Z,356,2017,19280562104.05,,,,0
FCSA:DF_TRADE_COUNTRY_YR(5.1.0),AE,A,AED,FCSC,ANN_CNT,NOEXP,_Z,_Z,356,2018,17888834146.76,,,,0
FCSA:DF_TRADE_COUNTRY_YR(5.1.0),AE,A,AED,FCSC,ANN_CNT,NOEXP,_Z,_Z,356,2019,23956717031.06,,,,0
FCSA:DF_TRADE_COUNTRY_YR(5.1.0),AE,A,AED,FCSC,ANN_CNT,NOEXP,_Z,_Z,356,2020,19737018217.61,,,,0
FCSA:DF_TRADE_COUNTRY_YR(5.1.0),AE,A,AED,FCSC,ANN_CNT,NOEXP,_Z,_Z,356,2021,45715921071.47,,,,0
FCSA:DF_TRADE_COUNTRY_YR(5.1.0),AE,A,AED,FCSC,ANN_CNT,NOEXP,_Z,_Z,356,2022,40227880733.68,,,,0
FCSA:DF_TRADE_COUNTRY_YR(5.1.0),AE,A,AED,FCSC,ANN_CNT,NOEXP,_Z,_Z,356,2023,43299338911.15,,,,0
FCSA:DF_TRADE_COUNTRY_YR(5.1.0),AE,A,AED,FCSC,ANN_CNT,NOEXP,_Z,_Z,356,2024,75631420491.20,,,,0
FCSA:DF_TRADE_COUNTRY_YR(5.1.0),AE,A,AED,FCSC,ANN_CNT,TNOEXP,_Z,_Z,364,2017,56080258051.30,,,,0
FCSA:DF_TRADE_COUNTRY_YR(5.1.0),AE,A,AED,FCSC,ANN_CNT,TNOEXP,_Z,_Z,364,2018,37585454726.05,,,,0
FCSA:DF_TRADE_COUNTRY_YR(5.1.0),AE,A,AED,FCSC,ANN_CNT,TNOEXP,_Z,_Z,364,2019,26016033305.61,,,,0
FCSA:DF_TRADE_COUNTRY_YR(5.1.0),AE,A,AED,FCSC,ANN_CNT,TNOEXP,_Z,_Z,364,2020,16646269243.77,,,,0
FCSA:DF_TRADE_COUNTRY_YR(5.1.0),AE,A,AED,FCSC,ANN_CNT,TNOEXP,_Z,_Z,364,2021,24169405550.34,,,,0
FCSA:DF_TRADE_COUNTRY_YR(5.1.0),AE,A,AED,FCSC,ANN_CNT,TNOEXP,_Z,_Z,364,2022,24818422721.51,,,,0
FCSA:DF_TRADE_COUNTRY_YR(5.1.0),AE,A,AED,FCSC,ANN_CNT,TNOEXP,_Z,_Z,364,2023,21278436130.99,,,,0
FCSA:DF_TRADE_COUNTRY_YR(5.1.0),AE,A,AED,FCSC,ANN_CNT,TNOEXP,_Z,_Z,364,2024,22301231237.91,,,,0
FCSA:DF_TRADE_COUNTRY_YR(5.1.0),AE,A,AED,FCSC,ANN_CNT,TTRADE,_Z,_Z,99999,2017,2079975726.74,,,,0
FCSA:DF_TRADE_COUNTRY_YR(5.1.0),AE,A,AED,FCSC,ANN_CNT,TTRADE,_Z,_Z,99999,2018,278365096.02,,,,0
FCSA:DF_TRADE_COUNTRY_YR(5.1.0),AE,A,AED,FCSC,ANN_CNT,TTRADE,_Z,_Z,99999,2019,350056029.46,,,,0
FCSA:DF_TRADE_COUNTRY_YR(5.1.0),AE,A,AED,FCSC,ANN_CNT,TTRADE,_Z,_Z,99999,2020,511565688.79,,,,0
FCSA:DF_TRADE_COUNTRY_YR(5.1.0),AE,A,AED,FCSC,ANN_CNT,TTRADE,_Z,_Z,99999,2021,779571603.75,,,,0
FCSA:DF_TRADE_COUNTRY_YR(5.1.0),AE,A,AED,FCSC,ANN_CNT,IMP,_Z,_Z,604,2017,2386604330.49,,,,0
FCSA:DF_TRADE_COUNTRY_YR(5.1.0),AE,A,AED,FCSC,ANN_CNT,IMP,_Z,_Z,604,2018,1712029353.76,,,,0
FCSA:DF_TRADE_COUNTRY_YR(5.1.0),AE,A,AED,FCSC,ANN_CNT,IMP,_Z,_Z,604,2019,3954970560.38,,,,0
FCSA:DF_TRADE_COUNTRY_YR(5.1.0),AE,A,AED,FCSC,ANN_CNT,IMP,_Z,_Z,604,2020,4233480902.31,,,,0
FCSA:DF_TRADE_COUNTRY_YR(5.1.0),AE,A,AED,FCSC,ANN_CNT,IMP,_Z,_Z,604,2021,3258738715.21,,,,0
FCSA:DF_TRADE_COUNTRY_YR(5.1.0),AE,A,AED,FCSC,ANN_CNT,IMP,_Z,_Z,604,2022,2779381499.99,,,,0
FCSA:DF_TRADE_COUNTRY_YR(5.1.0),AE,A,AED,FCSC,ANN_CNT,IMP,_Z,_Z,604,2023,4277377142.74,,,,0
FCSA:DF_TRADE_COUNTRY_YR(5.1.0),AE,A,AED,FCSC,ANN_CNT,IMP,_Z,_Z,604,2024,8266689438.18,,,,0
FCSA:DF_TRADE_COUNTRY_YR(5.1.0),AE,A,AED,FCSC,ANN_CNT,TTRADE,_Z,_Z,540,2017,4260441.58,,,,0
FCSA:DF_TRADE_COUNTRY_YR(5.1.0),AE,A,AED,FCSC,ANN_CNT,TTRADE,_Z,_Z,540,2018,5173869.74,,,,0
FCSA:DF_TRADE_COUNTRY_YR(5.1.0),AE,A,AED,FCSC,ANN_CNT,TTRADE,_Z,_Z,540,2019,7037690.09,,,,0
FCSA:DF_TRADE_COUNTRY_YR(5.1.0),AE,A,AED,FCSC,ANN_CNT,TTRADE,_Z,_Z,540,2020,32132349.46,,,,0
FCSA:DF_TRADE_COUNTRY_YR(5.1.0),AE,A,AED,FCSC,ANN_CNT,TTRADE,_Z,_Z,540,2021,4170940.77,,,,0
FCSA:DF_TRADE_COUNTRY_YR(5.1.0),AE,A,AED,FCSC,ANN_CNT,TTRADE,_Z,_Z,540,2022,2651696.42,,,,0
FCSA:DF_TRADE_COUNTRY_YR(5.1.0),AE,A,AED,FCSC,ANN_CNT,TTRADE,_Z,_Z,540,2023,12621724.49,,,,0
FCSA:DF_TRADE_COUNTRY_YR(5.1.0),AE,A,AED,FCSC,ANN_CNT,TTRADE,_Z,_Z,540,2024,11331774.57,,,,0
FCSA:DF_TRADE_COUNTRY_YR(5.1.0),AE,A,AED,FCSC,ANN_CNT,IMP,_Z,_Z,558,2017,32172156.51,,,,0
FCSA:DF_TRADE_COUNTRY_YR(5.1.0),AE,A,AED,FCSC,ANN_CNT,IMP,_Z,_Z,558,2018,30197651.69,,,,0
FCSA:DF_TRADE_COUNTRY_YR(5.1.0),AE,A,AED,FCSC,ANN_CNT,IMP,_Z,_Z,558,2019,37937982.93,,,,0
FCSA:DF_TRADE_COUNTRY_YR(5.1.0),AE,A,AED,FCSC,ANN_CNT,IMP,_Z,_Z,558,2020,48072620.96,,,,0
FCSA:DF_TRADE_COUNTRY_YR(5.1.0),AE,A,AED,FCSC,ANN_CNT,IMP,_Z,_Z,558,2021,175608242.62,,,,0
FCSA:DF_TRADE_COUNTRY_YR(5.1.0),AE,A,AED,FCSC,ANN_CNT,IMP,_Z,_Z,558,2022,81813510.87,,,,0
FCSA:DF_TRADE_COUNTRY_YR(5.1.0),AE,A,AED,FCSC,ANN_CNT,IMP,_Z,_Z,558,2023,66870289.45,,,,0
FCSA:DF_TRADE_COUNTRY_YR(5.1.0),AE,A,AED,FCSC,ANN_CNT,IMP,_Z,_Z,558,2024,63845548.55,,,,0
FCSA:DF_TRADE_COUNTRY_YR(5.1.0),AE,A,AED,FCSC,ANN_CNT,TNOEXP,_Z,_Z,584,2017,1612987.10,,,,0
FCSA:DF_TRADE_COUNTRY_YR(5.1.0),AE,A,AED,FCSC,ANN_CNT,TNOEXP,_Z,_Z,584,2018,1066000.00,,,,0
FCSA:DF_TRADE_COUNTRY_YR(5.1.0),AE,A,AED,FCSC,ANN_CNT,TNOEXP,_Z,_Z,584,2019,1374526.01,,,,0
FCSA:DF_TRADE_COUNTRY_YR(5.1.0),AE,A,AED,FCSC,ANN_CNT,TNOEXP,_Z,_Z,584,2020,1197418.20,,,,0
FCSA:DF_TRADE_COUNTRY_YR(5.1.0),AE,A,AED,FCSC,ANN_CNT,TNOEXP,_Z,_Z,584,2021,3579363.19,,,,0
FCSA:DF_TRADE_COUNTRY_YR(5.1.0),AE,A,AED,FCSC,ANN_CNT,TNOEXP,_Z,_Z,584,2022,3238240.93,,,,0
FCSA:DF_TRADE_COUNTRY_YR(5.1.0),AE,A,AED,FCSC,ANN_CNT,TNOEXP,_Z,_Z,584,2023,4421087.45,,,,0
FCSA:DF_TRADE_COUNTRY_YR(5.1.0),AE,A,AED,FCSC,ANN_CNT,TNOEXP,_Z,_Z,584,2024,60971530.40,,,,0
FCSA:DF_TRADE_COUNTRY_YR(5.1.0),AE,A,AED,FCSC,ANN_CNT,TTRADE,_Z,_Z,238,2018,111177.90,,,,0
FCSA:DF_TRADE_COUNTRY_YR(5.1.0),AE,A,AED,FCSC,ANN_CNT,TTRADE,_Z,_Z,238,2019,136371.62,,,,0
FCSA:DF_TRADE_COUNTRY_YR(5.1.0),AE,A,AED,FCSC,ANN_CNT,TTRADE,_Z,_Z,238,2020,1061324.32,,,,0
FCSA:DF_TRADE_COUNTRY_YR(5.1.0),AE,A,AED,FCSC,ANN_CNT,TTRADE,_Z,_Z,238,2021,1819517.85,,,,0
FCSA:DF_TRADE_COUNTRY_YR(5.1.0),AE,A,AED,FCSC,ANN_CNT,TTRADE,_Z,_Z,238,2022,1171136.32,,,,0
FCSA:DF_TRADE_COUNTRY_YR(5.1.0),AE,A,AED,FCSC,ANN_CNT,TTRADE,_Z,_Z,238,2023,1322678.21,,,,0
FCSA:DF_TRADE_COUNTRY_YR(5.1.0),AE,A,AED,FCSC,ANN_CNT,TTRADE,_Z,_Z,238,2024,353571.24,,,,0
FCSA:DF_TRADE_COUNTRY_YR(5.1.0),AE,A,AED,FCSC,ANN_CNT,IMP,_Z,_Z,376,2020,156423317.67,,,,0
FCSA:DF_TRADE_COUNTRY_YR(5.1.0),AE,A,AED,FCSC,ANN_CNT,IMP,_Z,_Z,376,2021,1072218588.95,,,,0
FCSA:DF_TRADE_COUNTRY_YR(5.1.0),AE,A,AED,FCSC,ANN_CNT,IMP,_Z,_Z,376,2022,2943042908.20,,,,0
FCSA:DF_TRADE_COUNTRY_YR(5.1.0),AE,A,AED,FCSC,ANN_CNT,IMP,_Z,_Z,376,2023,2442823522.05,,,,0
FCSA:DF_TRADE_COUNTRY_YR(5.1.0),AE,A,AED,FCSC,ANN_CNT,IMP,_Z,_Z,376,2024,2100039300.35,,,,0
FCSA:DF_TRADE_COUNTRY_YR(5.1.0),AE,A,AED,FCSC,ANN_CNT,IMP,_Z,_Z,266,2017,110249183.36,,,,0
FCSA:DF_TRADE_COUNTRY_YR(5.1.0),AE,A,AED,FCSC,ANN_CNT,IMP,_Z,_Z,266,2018,124043577.05,,,,0
FCSA:DF_TRADE_COUNTRY_YR(5.1.0),AE,A,AED,FCSC,ANN_CNT,IMP,_Z,_Z,266,2019,151754453.83,,,,0
FCSA:DF_TRADE_COUNTRY_YR(5.1.0),AE,A,AED,FCSC,ANN_CNT,IMP,_Z,_Z,266,2020,106181883.64,,,,0
FCSA:DF_TRADE_COUNTRY_YR(5.1.0),AE,A,AED,FCSC,ANN_CNT,IMP,_Z,_Z,266,2021,142622382.74,,,,0
FCSA:DF_TRADE_COUNTRY_YR(5.1.0),AE,A,AED,FCSC,ANN_CNT,IMP,_Z,_Z,266,2022,192380917.61,,,,0
FCSA:DF_TRADE_COUNTRY_YR(5.1.0),AE,A,AED,FCSC,ANN_CNT,IMP,_Z,_Z,266,2023,195148212.90,,,,0
FCSA:DF_TRADE_COUNTRY_YR(5.1.0),AE,A,AED,FCSC,ANN_CNT,IMP,_Z,_Z,266,2024,182176588.39,,,,0
FCSA:DF_TRADE_COUNTRY_YR(5.1.0),AE,A,AED,FCSC,ANN_CNT,TNOEXP,_Z,_Z,496,2017,62105289.81,,,,0
FCSA:DF_TRADE_COUNTRY_YR(5.1.0),AE,A,AED,FCSC,ANN_CNT,TNOEXP,_Z,_Z,496,2018,85351114.53,,,,0
FCSA:DF_TRADE_COUNTRY_YR(5.1.0),AE,A,AED,FCSC,ANN_CNT,TNOEXP,_Z,_Z,496,2019,79268736.75,,,,0
FCSA:DF_TRADE_COUNTRY_YR(5.1.0),AE,A,AED,FCSC,ANN_CNT,TNOEXP,_Z,_Z,496,2020,52911491.17,,,,0
FCSA:DF_TRADE_COUNTRY_YR(5.1.0),AE,A,AED,FCSC,ANN_CNT,TNOEXP,_Z,_Z,496,2021,48019813.13,,,,0
FCSA:DF_TRADE_COUNTRY_YR(5.1.0),AE,A,AED,FCSC,ANN_CNT,TNOEXP,_Z,_Z,496,2022,66636524.08,,,,0
FCSA:DF_TRADE_COUNTRY_YR(5.1.0),AE,A,AED,FCSC,ANN_CNT,TNOEXP,_Z,_Z,496,2023,45988945.48,,,,0
FCSA:DF_TRADE_COUNTRY_YR(5.1.0),AE,A,AED,FCSC,ANN_CNT,TNOEXP,_Z,_Z,496,2024,54727194.08,,,,0
FCSA:DF_TRADE_COUNTRY_YR(5.1.0),AE,A,AED,FCSC,ANN_CNT,TNOEXP,_Z,_Z,660,2017,405214.00,,,,0
FCSA:DF_TRADE_COUNTRY_YR(5.1.0),AE,A,AED,FCSC,ANN_CNT,TNOEXP,_Z,_Z,660,2018,209399.12,,,,0
FCSA:DF_TRADE_COUNTRY_YR(5.1.0),AE,A,AED,FCSC,ANN_CNT,TNOEXP,_Z,_Z,660,2019,262778.00,,,,0
FCSA:DF_TRADE_COUNTRY_YR(5.1.0),AE,A,AED,FCSC,ANN_CNT,TNOEXP,_Z,_Z,660,2020,34495.31,,,,0
FCSA:DF_TRADE_COUNTRY_YR(5.1.0),AE,A,AED,FCSC,ANN_CNT,TNOEXP,_Z,_Z,660,2021,14284.18,,,,0
FCSA:DF_TRADE_COUNTRY_YR(5.1.0),AE,A,AED,FCSC,ANN_CNT,TNOEXP,_Z,_Z,660,2022,334705.03,,,,0
FCSA:DF_TRADE_COUNTRY_YR(5.1.0),AE,A,AED,FCSC,ANN_CNT,TNOEXP,_Z,_Z,660,2023,1905060.45,,,,0
FCSA:DF_TRADE_COUNTRY_YR(5.1.0),AE,A,AED,FCSC,ANN_CNT,TNOEXP,_Z,_Z,660,2024,2342998.74,,,,0
FCSA:DF_TRADE_COUNTRY_YR(5.1.0),AE,A,AED,FCSC,ANN_CNT,IMP,_Z,_Z,304,2017,273180.68,,,,0
FCSA:DF_TRADE_COUNTRY_YR(5.1.0),AE,A,AED,FCSC,ANN_CNT,IMP,_Z,_Z,304,2018,37378.89,,,,0
FCSA:DF_TRADE_COUNTRY_YR(5.1.0),AE,A,AED,FCSC,ANN_CNT,IMP,_Z,_Z,304,2019,18994.75,,,,0
FCSA:DF_TRADE_COUNTRY_YR(5.1.0),AE,A,AED,FCSC,ANN_CNT,IMP,_Z,_Z,304,2020,13445.24,,,,0
FCSA:DF_TRADE_COUNTRY_YR(5.1.0),AE,A,AED,FCSC,ANN_CNT,IMP,_Z,_Z,304,2021,1999326.10,,,,0
FCSA:DF_TRADE_COUNTRY_YR(5.1.0),AE,A,AED,FCSC,ANN_CNT,IMP,_Z,_Z,304,2022,2380287.57,,,,0
FCSA:DF_TRADE_COUNTRY_YR(5.1.0),AE,A,AED,FCSC,ANN_CNT,IMP,_Z,_Z,304,2023,2627811.28,,,,0
FCSA:DF_TRADE_COUNTRY_YR(5.1.0),AE,A,AED,FCSC,ANN_CNT,IMP,_Z,_Z,304,2024,4223439.04,,,,0
FCSA:DF_TRADE_COUNTRY_YR(5.1.0),AE,A,AED,FCSC,ANN_CNT,NOEXP,_Z,_Z,584,2017,0.00,,,,0
FCSA:DF_TRADE_COUNTRY_YR(5.1.0),AE,A,AED,FCSC,ANN_CNT,NOEXP,_Z,_Z,584,2018,0.00,,,,0
FCSA:DF_TRADE_COUNTRY_YR(5.1.0),AE,A,AED,FCSC,ANN_CNT,NOEXP,_Z,_Z,584,2019,280668.00,,,,0
FCSA:DF_TRADE_COUNTRY_YR(5.1.0),AE,A,AED,FCSC,ANN_CNT,NOEXP,_Z,_Z,584,2020,54250.20,,,,0
FCSA:DF_TRADE_COUNTRY_YR(5.1.0),AE,A,AED,FCSC,ANN_CNT,NOEXP,_Z,_Z,584,2021,991866.00,,,,0
FCSA:DF_TRADE_COUNTRY_YR(5.1.0),AE,A,AED,FCSC,ANN_CNT,NOEXP,_Z,_Z,584,2022,1200.00,,,,0
FCSA:DF_TRADE_COUNTRY_YR(5.1.0),AE,A,AED,FCSC,ANN_CNT,NOEXP,_Z,_Z,584,2023,0.00,,,,0
FCSA:DF_TRADE_COUNTRY_YR(5.1.0),AE,A,AED,FCSC,ANN_CNT,NOEXP,_Z,_Z,584,2024,56659941.09,,,,0
FCSA:DF_TRADE_COUNTRY_YR(5.1.0),AE,A,AED,FCSC,ANN_CNT,TNOEXP,_Z,_Z,239,2020,0.00,,,,0
FCSA:DF_TRADE_COUNTRY_YR(5.1.0),AE,A,AED,FCSC,ANN_CNT,TNOEXP,_Z,_Z,239,2021,0.00,,,,0
FCSA:DF_TRADE_COUNTRY_YR(5.1.0),AE,A,AED,FCSC,ANN_CNT,TNOEXP,_Z,_Z,239,2022,400413.97,,,,0
FCSA:DF_TRADE_COUNTRY_YR(5.1.0),AE,A,AED,FCSC,ANN_CNT,TNOEXP,_Z,_Z,239,2023,0.00,,,,0
FCSA:DF_TRADE_COUNTRY_YR(5.1.0),AE,A,AED,FCSC,ANN_CNT,TNOEXP,_Z,_Z,239,2024,1000.00,,,,0
FCSA:DF_TRADE_COUNTRY_YR(5.1.0),AE,A,AED,FCSC,ANN_CNT,TNOEXP,_Z,_Z,800,2017,489218944.56,,,,0
FCSA:DF_TRADE_COUNTRY_YR(5.1.0),AE,A,AED,FCSC,ANN_CNT,TNOEXP,_Z,_Z,800,2018,891169204.64,,,,0
FCSA:DF_TRADE_COUNTRY_YR(5.1.0),AE,A,AED,FCSC,ANN_CNT,TNOEXP,_Z,_Z,800,2019,940686128.70,,,,0
FCSA:DF_TRADE_COUNTRY_YR(5.1.0),AE,A,AED,FCSC,ANN_CNT,TNOEXP,_Z,_Z,800,2020,842704937.96,,,,0
FCSA:DF_TRADE_COUNTRY_YR(5.1.0),AE,A,AED,FCSC,ANN_CNT,TNOEXP,_Z,_Z,800,2021,1089543277.24,,,,0
FCSA:DF_TRADE_COUNTRY_YR(5.1.0),AE,A,AED,FCSC,ANN_CNT,TNOEXP,_Z,_Z,800,2022,1145482467.91,,,,0
FCSA:DF_TRADE_COUNTRY_YR(5.1.0),AE,A,AED,FCSC,ANN_CNT,TNOEXP,_Z,_Z,800,2023,1100195457.01,,,,0
FCSA:DF_TRADE_COUNTRY_YR(5.1.0),AE,A,AED,FCSC,ANN_CNT,TNOEXP,_Z,_Z,800,2024,1168624027.13,,,,0
FCSA:DF_TRADE_COUNTRY_YR(5.1.0),AE,A,AED,FCSC,ANN_CNT,NOEXP,_Z,_Z,478,2017,79575347.69,,,,0
FCSA:DF_TRADE_COUNTRY_YR(5.1.0),AE,A,AED,FCSC,ANN_CNT,NOEXP,_Z,_Z,478,2018,120767047.10,,,,0
FCSA:DF_TRADE_COUNTRY_YR(5.1.0),AE,A,AED,FCSC,ANN_CNT,NOEXP,_Z,_Z,478,2019,145666471.24,,,,0
FCSA:DF_TRADE_COUNTRY_YR(5.1.0),AE,A,AED,FCSC,ANN_CNT,NOEXP,_Z,_Z,478,2020,278697319.06,,,,0
FCSA:DF_TRADE_COUNTRY_YR(5.1.0),AE,A,AED,FCSC,ANN_CNT,NOEXP,_Z,_Z,478,2021,283006939.19,,,,0
FCSA:DF_TRADE_COUNTRY_YR(5.1.0),AE,A,AED,FCSC,ANN_CNT,NOEXP,_Z,_Z,478,2022,312635302.01,,,,0
FCSA:DF_TRADE_COUNTRY_YR(5.1.0),AE,A,AED,FCSC,ANN_CNT,NOEXP,_Z,_Z,478,2023,349888938.23,,,,0
FCSA:DF_TRADE_COUNTRY_YR(5.1.0),AE,A,AED,FCSC,ANN_CNT,NOEXP,_Z,_Z,478,2024,459127625.60,,,,0
FCSA:DF_TRADE_COUNTRY_YR(5.1.0),AE,A,AED,FCSC,ANN_CNT,TTRADE,_Z,_Z,499,2017,83601535.63,,,,0
FCSA:DF_TRADE_COUNTRY_YR(5.1.0),AE,A,AED,FCSC,ANN_CNT,TTRADE,_Z,_Z,499,2018,114704276.05,,,,0
FCSA:DF_TRADE_COUNTRY_YR(5.1.0),AE,A,AED,FCSC,ANN_CNT,TTRADE,_Z,_Z,499,2019,164392095.90,,,,0
FCSA:DF_TRADE_COUNTRY_YR(5.1.0),AE,A,AED,FCSC,ANN_CNT,TTRADE,_Z,_Z,499,2020,115001109.70,,,,0
FCSA:DF_TRADE_COUNTRY_YR(5.1.0),AE,A,AED,FCSC,ANN_CNT,TTRADE,_Z,_Z,499,2021,114515547.88,,,,0
FCSA:DF_TRADE_COUNTRY_YR(5.1.0),AE,A,AED,FCSC,ANN_CNT,TTRADE,_Z,_Z,499,2022,42178075.87,,,,0
FCSA:DF_TRADE_COUNTRY_YR(5.1.0),AE,A,AED,FCSC,ANN_CNT,TTRADE,_Z,_Z,499,2023,227877941.48,,,,0
FCSA:DF_TRADE_COUNTRY_YR(5.1.0),AE,A,AED,FCSC,ANN_CNT,TTRADE,_Z,_Z,499,2024,97826305.57,,,,0
FCSA:DF_TRADE_COUNTRY_YR(5.1.0),AE,A,AED,FCSC,ANN_CNT,REEXP,_Z,_Z,670,2017,306447.34,,,,0
FCSA:DF_TRADE_COUNTRY_YR(5.1.0),AE,A,AED,FCSC,ANN_CNT,REEXP,_Z,_Z,670,2018,6242.68,,,,0
FCSA:DF_TRADE_COUNTRY_YR(5.1.0),AE,A,AED,FCSC,ANN_CNT,REEXP,_Z,_Z,670,2019,11910.96,,,,0
FCSA:DF_TRADE_COUNTRY_YR(5.1.0),AE,A,AED,FCSC,ANN_CNT,REEXP,_Z,_Z,670,2020,212818.24,,,,0
FCSA:DF_TRADE_COUNTRY_YR(5.1.0),AE,A,AED,FCSC,ANN_CNT,REEXP,_Z,_Z,670,2021,308500.65,,,,0
FCSA:DF_TRADE_COUNTRY_YR(5.1.0),AE,A,AED,FCSC,ANN_CNT,REEXP,_Z,_Z,670,2022,1539172.81,,,,0
FCSA:DF_TRADE_COUNTRY_YR(5.1.0),AE,A,AED,FCSC,ANN_CNT,REEXP,_Z,_Z,670,2023,492713.01,,,,0
FCSA:DF_TRADE_COUNTRY_YR(5.1.0),AE,A,AED,FCSC,ANN_CNT,REEXP,_Z,_Z,670,2024,1481697.99,,,,0
FCSA:DF_TRADE_COUNTRY_YR(5.1.0),AE,A,AED,FCSC,ANN_CNT,IMP,_Z,_Z,831,2017,0.00,,,,0
FCSA:DF_TRADE_COUNTRY_YR(5.1.0),AE,A,AED,FCSC,ANN_CNT,IMP,_Z,_Z,831,2018,0.00,,,,0
FCSA:DF_TRADE_COUNTRY_YR(5.1.0),AE,A,AED,FCSC,ANN_CNT,IMP,_Z,_Z,831,2019,0.00,,,,0
FCSA:DF_TRADE_COUNTRY_YR(5.1.0),AE,A,AED,FCSC,ANN_CNT,IMP,_Z,_Z,831,2020,8622.23,,,,0
FCSA:DF_TRADE_COUNTRY_YR(5.1.0),AE,A,AED,FCSC,ANN_CNT,IMP,_Z,_Z,831,2021,84820.31,,,,0
FCSA:DF_TRADE_COUNTRY_YR(5.1.0),AE,A,AED,FCSC,ANN_CNT,IMP,_Z,_Z,831,2022,11955.00,,,,0
FCSA:DF_TRADE_COUNTRY_YR(5.1.0),AE,A,AED,FCSC,ANN_CNT,IMP,_Z,_Z,831,2023,0.00,,,,0
FCSA:DF_TRADE_COUNTRY_YR(5.1.0),AE,A,AED,FCSC,ANN_CNT,IMP,_Z,_Z,831,2024,14641.40,,,,0
FCSA:DF_TRADE_COUNTRY_YR(5.1.0),AE,A,AED,FCSC,ANN_CNT,IMP,_Z,_Z,652,2020,30698.22,,,,0
FCSA:DF_TRADE_COUNTRY_YR(5.1.0),AE,A,AED,FCSC,ANN_CNT,IMP,_Z,_Z,652,2021,1035.91,,,,0
FCSA:DF_TRADE_COUNTRY_YR(5.1.0),AE,A,AED,FCSC,ANN_CNT,IMP,_Z,_Z,652,2022,133253.59,,,,0
FCSA:DF_TRADE_COUNTRY_YR(5.1.0),AE,A,AED,FCSC,ANN_CNT,IMP,_Z,_Z,652,2023,319206.08,,,,0
FCSA:DF_TRADE_COUNTRY_YR(5.1.0),AE,A,AED,FCSC,ANN_CNT,IMP,_Z,_Z,652,2024,402127.48,,,,0
FCSA:DF_TRADE_COUNTRY_YR(5.1.0),AE,A,AED,FCSC,ANN_CNT,IMP,_Z,_Z,764,2017,13870947333.31,,,,0
FCSA:DF_TRADE_COUNTRY_YR(5.1.0),AE,A,AED,FCSC,ANN_CNT,IMP,_Z,_Z,764,2018,12318934831.00,,,,0
FCSA:DF_TRADE_COUNTRY_YR(5.1.0),AE,A,AED,FCSC,ANN_CNT,IMP,_Z,_Z,764,2019,12559115354.85,,,,0
FCSA:DF_TRADE_COUNTRY_YR(5.1.0),AE,A,AED,FCSC,ANN_CNT,IMP,_Z,_Z,764,2020,11059252557.19,,,,0
FCSA:DF_TRADE_COUNTRY_YR(5.1.0),AE,A,AED,FCSC,ANN_CNT,IMP,_Z,_Z,764,2021,14179568905.44,,,,0
FCSA:DF_TRADE_COUNTRY_YR(5.1.0),AE,A,AED,FCSC,ANN_CNT,IMP,_Z,_Z,764,2022,18022527286.30,,,,0
FCSA:DF_TRADE_COUNTRY_YR(5.1.0),AE,A,AED,FCSC,ANN_CNT,IMP,_Z,_Z,764,2023,20374487623.01,,,,0
FCSA:DF_TRADE_COUNTRY_YR(5.1.0),AE,A,AED,FCSC,ANN_CNT,IMP,_Z,_Z,764,2024,21332223295.78,,,,0
FCSA:DF_TRADE_COUNTRY_YR(5.1.0),AE,A,AED,FCSC,ANN_CNT,TTRADE,_Z,_Z,191,2017,200695228.26,,,,0
FCSA:DF_TRADE_COUNTRY_YR(5.1.0),AE,A,AED,FCSC,ANN_CNT,TTRADE,_Z,_Z,191,2018,201210122.05,,,,0
FCSA:DF_TRADE_COUNTRY_YR(5.1.0),AE,A,AED,FCSC,ANN_CNT,TTRADE,_Z,_Z,191,2019,341435730.18,,,,0
FCSA:DF_TRADE_COUNTRY_YR(5.1.0),AE,A,AED,FCSC,ANN_CNT,TTRADE,_Z,_Z,191,2020,254988592.87,,,,0
FCSA:DF_TRADE_COUNTRY_YR(5.1.0),AE,A,AED,FCSC,ANN_CNT,TTRADE,_Z,_Z,191,2021,414996348.85,,,,0
FCSA:DF_TRADE_COUNTRY_YR(5.1.0),AE,A,AED,FCSC,ANN_CNT,TTRADE,_Z,_Z,191,2022,392525068.42,,,,0
FCSA:DF_TRADE_COUNTRY_YR(5.1.0),AE,A,AED,FCSC,ANN_CNT,TTRADE,_Z,_Z,191,2023,406613497.58,,,,0
FCSA:DF_TRADE_COUNTRY_YR(5.1.0),AE,A,AED,FCSC,ANN_CNT,TTRADE,_Z,_Z,191,2024,569435627.08,,,,0
FCSA:DF_TRADE_COUNTRY_YR(5.1.0),AE,A,AED,FCSC,ANN_CNT,TNOEXP,_Z,_Z,175,2017,59023521.59,,,,0
FCSA:DF_TRADE_COUNTRY_YR(5.1.0),AE,A,AED,FCSC,ANN_CNT,TNOEXP,_Z,_Z,175,2018,61579371.06,,,,0
FCSA:DF_TRADE_COUNTRY_YR(5.1.0),AE,A,AED,FCSC,ANN_CNT,TNOEXP,_Z,_Z,175,2019,64277186.19,,,,0
FCSA:DF_TRADE_COUNTRY_YR(5.1.0),AE,A,AED,FCSC,ANN_CNT,TNOEXP,_Z,_Z,175,2020,71908841.44,,,,0
FCSA:DF_TRADE_COUNTRY_YR(5.1.0),AE,A,AED,FCSC,ANN_CNT,TNOEXP,_Z,_Z,175,2021,122612202.90,,,,0
FCSA:DF_TRADE_COUNTRY_YR(5.1.0),AE,A,AED,FCSC,ANN_CNT,TNOEXP,_Z,_Z,175,2022,197220151.47,,,,0
FCSA:DF_TRADE_COUNTRY_YR(5.1.0),AE,A,AED,FCSC,ANN_CNT,TNOEXP,_Z,_Z,175,2023,204322554.54,,,,0
FCSA:DF_TRADE_COUNTRY_YR(5.1.0),AE,A,AED,FCSC,ANN_CNT,TNOEXP,_Z,_Z,175,2024,230486136.78,,,,0
FCSA:DF_TRADE_COUNTRY_YR(5.1.0),AE,A,AED,FCSC,ANN_CNT,IMP,_Z,_Z,583,2017,0.00,,,,0
FCSA:DF_TRADE_COUNTRY_YR(5.1.0),AE,A,AED,FCSC,ANN_CNT,IMP,_Z,_Z,583,2018,0.00,,,,0
FCSA:DF_TRADE_COUNTRY_YR(5.1.0),AE,A,AED,FCSC,ANN_CNT,IMP,_Z,_Z,583,2019,0.00,,,,0
FCSA:DF_TRADE_COUNTRY_YR(5.1.0),AE,A,AED,FCSC,ANN_CNT,IMP,_Z,_Z,583,2020,67051.13,,,,0
FCSA:DF_TRADE_COUNTRY_YR(5.1.0),AE,A,AED,FCSC,ANN_CNT,IMP,_Z,_Z,583,2021,22130.83,,,,0
FCSA:DF_TRADE_COUNTRY_YR(5.1.0),AE,A,AED,FCSC,ANN_CNT,IMP,_Z,_Z,583,2022,890.00,,,,0
FCSA:DF_TRADE_COUNTRY_YR(5.1.0),AE,A,AED,FCSC,ANN_CNT,IMP,_Z,_Z,583,2023,41966.83,,,,0
FCSA:DF_TRADE_COUNTRY_YR(5.1.0),AE,A,AED,FCSC,ANN_CNT,IMP,_Z,_Z,583,2024,21583.07,,,,0
FCSA:DF_TRADE_COUNTRY_YR(5.1.0),AE,A,AED,FCSC,ANN_CNT,NOEXP,_Z,_Z,704,2017,1187629147.54,,,,0
FCSA:DF_TRADE_COUNTRY_YR(5.1.0),AE,A,AED,FCSC,ANN_CNT,NOEXP,_Z,_Z,704,2018,1054011566.22,,,,0
FCSA:DF_TRADE_COUNTRY_YR(5.1.0),AE,A,AED,FCSC,ANN_CNT,NOEXP,_Z,_Z,704,2019,1006260087.85,,,,0
FCSA:DF_TRADE_COUNTRY_YR(5.1.0),AE,A,AED,FCSC,ANN_CNT,NOEXP,_Z,_Z,704,2020,979210219.10,,,,0
FCSA:DF_TRADE_COUNTRY_YR(5.1.0),AE,A,AED,FCSC,ANN_CNT,NOEXP,_Z,_Z,704,2021,1193066218.83,,,,0
FCSA:DF_TRADE_COUNTRY_YR(5.1.0),AE,A,AED,FCSC,ANN_CNT,NOEXP,_Z,_Z,704,2022,1452983869.29,,,,0
FCSA:DF_TRADE_COUNTRY_YR(5.1.0),AE,A,AED,FCSC,ANN_CNT,NOEXP,_Z,_Z,704,2023,1551726518.03,,,,0
FCSA:DF_TRADE_COUNTRY_YR(5.1.0),AE,A,AED,FCSC,ANN_CNT,NOEXP,_Z,_Z,704,2024,1962907320.10,,,,0
FCSA:DF_TRADE_COUNTRY_YR(5.1.0),AE,A,AED,FCSC,ANN_CNT,TTRADE,_Z,_Z,686,2017,2293843593.62,,,,0
FCSA:DF_TRADE_COUNTRY_YR(5.1.0),AE,A,AED,FCSC,ANN_CNT,TTRADE,_Z,_Z,686,2018,2297626687.40,,,,0
FCSA:DF_TRADE_COUNTRY_YR(5.1.0),AE,A,AED,FCSC,ANN_CNT,TTRADE,_Z,_Z,686,2019,2322888218.80,,,,0
FCSA:DF_TRADE_COUNTRY_YR(5.1.0),AE,A,AED,FCSC,ANN_CNT,TTRADE,_Z,_Z,686,2020,2247138084.98,,,,0
FCSA:DF_TRADE_COUNTRY_YR(5.1.0),AE,A,AED,FCSC,ANN_CNT,TTRADE,_Z,_Z,686,2021,3078770964.63,,,,0
FCSA:DF_TRADE_COUNTRY_YR(5.1.0),AE,A,AED,FCSC,ANN_CNT,TTRADE,_Z,_Z,686,2022,3032137358.74,,,,0
FCSA:DF_TRADE_COUNTRY_YR(5.1.0),AE,A,AED,FCSC,ANN_CNT,TTRADE,_Z,_Z,686,2023,3540059539.78,,,,0
FCSA:DF_TRADE_COUNTRY_YR(5.1.0),AE,A,AED,FCSC,ANN_CNT,TTRADE,_Z,_Z,686,2024,3762301604.72,,,,0
FCSA:DF_TRADE_COUNTRY_YR(5.1.0),AE,A,AED,FCSC,ANN_CNT,REEXP,_Z,_Z,218,2017,13251915.68,,,,0
FCSA:DF_TRADE_COUNTRY_YR(5.1.0),AE,A,AED,FCSC,ANN_CNT,REEXP,_Z,_Z,218,2018,22770035.98,,,,0
FCSA:DF_TRADE_COUNTRY_YR(5.1.0),AE,A,AED,FCSC,ANN_CNT,REEXP,_Z,_Z,218,2019,37324796.00,,,,0
FCSA:DF_TRADE_COUNTRY_YR(5.1.0),AE,A,AED,FCSC,ANN_CNT,REEXP,_Z,_Z,218,2020,38332916.34,,,,0
FCSA:DF_TRADE_COUNTRY_YR(5.1.0),AE,A,AED,FCSC,ANN_CNT,REEXP,_Z,_Z,218,2021,58204189.59,,,,0
FCSA:DF_TRADE_COUNTRY_YR(5.1.0),AE,A,AED,FCSC,ANN_CNT,REEXP,_Z,_Z,218,2022,54895244.48,,,,0
FCSA:DF_TRADE_COUNTRY_YR(5.1.0),AE,A,AED,FCSC,ANN_CNT,REEXP,_Z,_Z,218,2023,53456227.68,,,,0
FCSA:DF_TRADE_COUNTRY_YR(5.1.0),AE,A,AED,FCSC,ANN_CNT,REEXP,_Z,_Z,218,2024,34947763.44,,,,0
FCSA:DF_TRADE_COUNTRY_YR(5.1.0),AE,A,AED,FCSC,ANN_CNT,REEXP,_Z,_Z,426,2017,2491927.61,,,,0
FCSA:DF_TRADE_COUNTRY_YR(5.1.0),AE,A,AED,FCSC,ANN_CNT,REEXP,_Z,_Z,426,2018,3915397.03,,,,0
FCSA:DF_TRADE_COUNTRY_YR(5.1.0),AE,A,AED,FCSC,ANN_CNT,REEXP,_Z,_Z,426,2019,2616891.44,,,,0
FCSA:DF_TRADE_COUNTRY_YR(5.1.0),AE,A,AED,FCSC,ANN_CNT,REEXP,_Z,_Z,426,2020,1125013.12,,,,0
FCSA:DF_TRADE_COUNTRY_YR(5.1.0),AE,A,AED,FCSC,ANN_CNT,REEXP,_Z,_Z,426,2021,1740778.21,,,,0
FCSA:DF_TRADE_COUNTRY_YR(5.1.0),AE,A,AED,FCSC,ANN_CNT,REEXP,_Z,_Z,426,2022,6052928.05,,,,0
FCSA:DF_TRADE_COUNTRY_YR(5.1.0),AE,A,AED,FCSC,ANN_CNT,REEXP,_Z,_Z,426,2023,1873089.60,,,,0
FCSA:DF_TRADE_COUNTRY_YR(5.1.0),AE,A,AED,FCSC,ANN_CNT,REEXP,_Z,_Z,426,2024,1143075.95,,,,0
FCSA:DF_TRADE_COUNTRY_YR(5.1.0),AE,A,AED,FCSC,ANN_CNT,NOEXP,_Z,_Z,260,2018,0.00,,,,0
FCSA:DF_TRADE_COUNTRY_YR(5.1.0),AE,A,AED,FCSC,ANN_CNT,NOEXP,_Z,_Z,260,2023,0.00,,,,0
FCSA:DF_TRADE_COUNTRY_YR(5.1.0),AE,A,AED,FCSC,ANN_CNT,NOEXP,_Z,_Z,260,2024,0.00,,,,0
FCSA:DF_TRADE_COUNTRY_YR(5.1.0),AE,A,AED,FCSC,ANN_CNT,REEXP,_Z,_Z,158,2017,536375377.14,,,,0
FCSA:DF_TRADE_COUNTRY_YR(5.1.0),AE,A,AED,FCSC,ANN_CNT,REEXP,_Z,_Z,158,2018,136975567.49,,,,0
FCSA:DF_TRADE_COUNTRY_YR(5.1.0),AE,A,AED,FCSC,ANN_CNT,REEXP,_Z,_Z,158,2019,320559736.88,,,,0
FCSA:DF_TRADE_COUNTRY_YR(5.1.0),AE,A,AED,FCSC,ANN_CNT,REEXP,_Z,_Z,158,2020,281076015.18,,,,0
FCSA:DF_TRADE_COUNTRY_YR(5.1.0),AE,A,AED,FCSC,ANN_CNT,REEXP,_Z,_Z,158,2021,524075126.42,,,,0
FCSA:DF_TRADE_COUNTRY_YR(5.1.0),AE,A,AED,FCSC,ANN_CNT,REEXP,_Z,_Z,158,2022,1155502162.32,,,,0
FCSA:DF_TRADE_COUNTRY_YR(5.1.0),AE,A,AED,FCSC,ANN_CNT,REEXP,_Z,_Z,158,2023,699516541.69,,,,0
FCSA:DF_TRADE_COUNTRY_YR(5.1.0),AE,A,AED,FCSC,ANN_CNT,REEXP,_Z,_Z,158,2024,279383674.98,,,,0
FCSA:DF_TRADE_COUNTRY_YR(5.1.0),AE,A,AED,FCSC,ANN_CNT,TNOEXP,_Z,_Z,752,2017,209269478.06,,,,0
FCSA:DF_TRADE_COUNTRY_YR(5.1.0),AE,A,AED,FCSC,ANN_CNT,TNOEXP,_Z,_Z,752,2018,145476280.16,,,,0
FCSA:DF_TRADE_COUNTRY_YR(5.1.0),AE,A,AED,FCSC,ANN_CNT,TNOEXP,_Z,_Z,752,2019,190119178.39,,,,0
FCSA:DF_TRADE_COUNTRY_YR(5.1.0),AE,A,AED,FCSC,ANN_CNT,TNOEXP,_Z,_Z,752,2020,181303055.13,,,,0
FCSA:DF_TRADE_COUNTRY_YR(5.1.0),AE,A,AED,FCSC,ANN_CNT,TNOEXP,_Z,_Z,752,2021,292533870.16,,,,0
FCSA:DF_TRADE_COUNTRY_YR(5.1.0),AE,A,AED,FCSC,ANN_CNT,TNOEXP,_Z,_Z,752,2022,272912089.25,,,,0
FCSA:DF_TRADE_COUNTRY_YR(5.1.0),AE,A,AED,FCSC,ANN_CNT,TNOEXP,_Z,_Z,752,2023,357859897.33,,,,0
FCSA:DF_TRADE_COUNTRY_YR(5.1.0),AE,A,AED,FCSC,ANN_CNT,TNOEXP,_Z,_Z,752,2024,211628852.33,,,,0
FCSA:DF_TRADE_COUNTRY_YR(5.1.0),AE,A,AED,FCSC,ANN_CNT,TTRADE,_Z,_Z,178,2017,3628039914.58,,,,0
FCSA:DF_TRADE_COUNTRY_YR(5.1.0),AE,A,AED,FCSC,ANN_CNT,TTRADE,_Z,_Z,178,2018,5694765275.26,,,,0
FCSA:DF_TRADE_COUNTRY_YR(5.1.0),AE,A,AED,FCSC,ANN_CNT,TTRADE,_Z,_Z,178,2019,6309422529.68,,,,0
FCSA:DF_TRADE_COUNTRY_YR(5.1.0),AE,A,AED,FCSC,ANN_CNT,TTRADE,_Z,_Z,178,2020,6137192306.02,,,,0
FCSA:DF_TRADE_COUNTRY_YR(5.1.0),AE,A,AED,FCSC,ANN_CNT,TTRADE,_Z,_Z,178,2021,7548402262.62,,,,0
FCSA:DF_TRADE_COUNTRY_YR(5.1.0),AE,A,AED,FCSC,ANN_CNT,TTRADE,_Z,_Z,178,2022,7939307984.41,,,,0
FCSA:DF_TRADE_COUNTRY_YR(5.1.0),AE,A,AED,FCSC,ANN_CNT,TTRADE,_Z,_Z,178,2023,11003253014.73,,,,0
FCSA:DF_TRADE_COUNTRY_YR(5.1.0),AE,A,AED,FCSC,ANN_CNT,TTRADE,_Z,_Z,178,2024,11106064414.07,,,,0
FCSA:DF_TRADE_COUNTRY_YR(5.1.0),AE,A,AED,FCSC,ANN_CNT,REEXP,_Z,_Z,180,2017,544018541.21,,,,0
FCSA:DF_TRADE_COUNTRY_YR(5.1.0),AE,A,AED,FCSC,ANN_CNT,REEXP,_Z,_Z,180,2018,857465683.18,,,,0
FCSA:DF_TRADE_COUNTRY_YR(5.1.0),AE,A,AED,FCSC,ANN_CNT,REEXP,_Z,_Z,180,2019,940148357.44,,,,0
FCSA:DF_TRADE_COUNTRY_YR(5.1.0),AE,A,AED,FCSC,ANN_CNT,REEXP,_Z,_Z,180,2020,759824569.37,,,,0
FCSA:DF_TRADE_COUNTRY_YR(5.1.0),AE,A,AED,FCSC,ANN_CNT,REEXP,_Z,_Z,180,2021,1053912625.87,,,,0
FCSA:DF_TRADE_COUNTRY_YR(5.1.0),AE,A,AED,FCSC,ANN_CNT,REEXP,_Z,_Z,180,2022,1527004639.99,,,,0
FCSA:DF_TRADE_COUNTRY_YR(5.1.0),AE,A,AED,FCSC,ANN_CNT,REEXP,_Z,_Z,180,2023,1543197146.85,,,,0
FCSA:DF_TRADE_COUNTRY_YR(5.1.0),AE,A,AED,FCSC,ANN_CNT,REEXP,_Z,_Z,180,2024,1907023761.99,,,,0
FCSA:DF_TRADE_COUNTRY_YR(5.1.0),AE,A,AED,FCSC,ANN_CNT,REEXP,_Z,_Z,8,2017,21877759.34,,,,0
FCSA:DF_TRADE_COUNTRY_YR(5.1.0),AE,A,AED,FCSC,ANN_CNT,REEXP,_Z,_Z,8,2018,53615064.14,,,,0
FCSA:DF_TRADE_COUNTRY_YR(5.1.0),AE,A,AED,FCSC,ANN_CNT,REEXP,_Z,_Z,8,2019,44207527.40,,,,0
FCSA:DF_TRADE_COUNTRY_YR(5.1.0),AE,A,AED,FCSC,ANN_CNT,REEXP,_Z,_Z,8,2020,65740117.38,,,,0
FCSA:DF_TRADE_COUNTRY_YR(5.1.0),AE,A,AED,FCSC,ANN_CNT,REEXP,_Z,_Z,8,2021,77503116.68,,,,0
FCSA:DF_TRADE_COUNTRY_YR(5.1.0),AE,A,AED,FCSC,ANN_CNT,REEXP,_Z,_Z,8,2022,68098475.55,,,,0
FCSA:DF_TRADE_COUNTRY_YR(5.1.0),AE,A,AED,FCSC,ANN_CNT,REEXP,_Z,_Z,8,2023,107204065.20,,,,0
FCSA:DF_TRADE_COUNTRY_YR(5.1.0),AE,A,AED,FCSC,ANN_CNT,REEXP,_Z,_Z,8,2024,192816167.88,,,,0
FCSA:DF_TRADE_COUNTRY_YR(5.1.0),AE,A,AED,FCSC,ANN_CNT,TTRADE,_Z,_Z,454,2017,228462965.51,,,,0
FCSA:DF_TRADE_COUNTRY_YR(5.1.0),AE,A,AED,FCSC,ANN_CNT,TTRADE,_Z,_Z,454,2018,388852116.84,,,,0
FCSA:DF_TRADE_COUNTRY_YR(5.1.0),AE,A,AED,FCSC,ANN_CNT,TTRADE,_Z,_Z,454,2019,411282477.97,,,,0
FCSA:DF_TRADE_COUNTRY_YR(5.1.0),AE,A,AED,FCSC,ANN_CNT,TTRADE,_Z,_Z,454,2020,416304391.24,,,,0
FCSA:DF_TRADE_COUNTRY_YR(5.1.0),AE,A,AED,FCSC,ANN_CNT,TTRADE,_Z,_Z,454,2021,714465568.31,,,,0
FCSA:DF_TRADE_COUNTRY_YR(5.1.0),AE,A,AED,FCSC,ANN_CNT,TTRADE,_Z,_Z,454,2022,1191013433.35,,,,0
FCSA:DF_TRADE_COUNTRY_YR(5.1.0),AE,A,AED,FCSC,ANN_CNT,TTRADE,_Z,_Z,454,2023,297914797.55,,,,0
FCSA:DF_TRADE_COUNTRY_YR(5.1.0),AE,A,AED,FCSC,ANN_CNT,TTRADE,_Z,_Z,454,2024,683180521.19,,,,0
FCSA:DF_TRADE_COUNTRY_YR(5.1.0),AE,A,AED,FCSC,ANN_CNT,REEXP,_Z,_Z,332,2017,21080289.81,,,,0
FCSA:DF_TRADE_COUNTRY_YR(5.1.0),AE,A,AED,FCSC,ANN_CNT,REEXP,_Z,_Z,332,2018,23053946.16,,,,0
FCSA:DF_TRADE_COUNTRY_YR(5.1.0),AE,A,AED,FCSC,ANN_CNT,REEXP,_Z,_Z,332,2019,36365898.81,,,,0
FCSA:DF_TRADE_COUNTRY_YR(5.1.0),AE,A,AED,FCSC,ANN_CNT,REEXP,_Z,_Z,332,2020,28016903.99,,,,0
FCSA:DF_TRADE_COUNTRY_YR(5.1.0),AE,A,AED,FCSC,ANN_CNT,REEXP,_Z,_Z,332,2021,43875929.38,,,,0
FCSA:DF_TRADE_COUNTRY_YR(5.1.0),AE,A,AED,FCSC,ANN_CNT,REEXP,_Z,_Z,332,2022,45374681.11,,,,0
FCSA:DF_TRADE_COUNTRY_YR(5.1.0),AE,A,AED,FCSC,ANN_CNT,REEXP,_Z,_Z,332,2023,42244303.32,,,,0
FCSA:DF_TRADE_COUNTRY_YR(5.1.0),AE,A,AED,FCSC,ANN_CNT,REEXP,_Z,_Z,332,2024,33420187.75,,,,0
FCSA:DF_TRADE_COUNTRY_YR(5.1.0),AE,A,AED,FCSC,ANN_CNT,REEXP,_Z,_Z,659,2017,17102.14,,,,0
FCSA:DF_TRADE_COUNTRY_YR(5.1.0),AE,A,AED,FCSC,ANN_CNT,REEXP,_Z,_Z,659,2018,542757.17,,,,0
FCSA:DF_TRADE_COUNTRY_YR(5.1.0),AE,A,AED,FCSC,ANN_CNT,REEXP,_Z,_Z,659,2019,312213.95,,,,0
FCSA:DF_TRADE_COUNTRY_YR(5.1.0),AE,A,AED,FCSC,ANN_CNT,REEXP,_Z,_Z,659,2020,1960300.82,,,,0
FCSA:DF_TRADE_COUNTRY_YR(5.1.0),AE,A,AED,FCSC,ANN_CNT,REEXP,_Z,_Z,659,2021,1626650.33,,,,0
FCSA:DF_TRADE_COUNTRY_YR(5.1.0),AE,A,AED,FCSC,ANN_CNT,REEXP,_Z,_Z,659,2022,1910120.85,,,,0
FCSA:DF_TRADE_COUNTRY_YR(5.1.0),AE,A,AED,FCSC,ANN_CNT,REEXP,_Z,_Z,659,2023,1572835.26,,,,0
FCSA:DF_TRADE_COUNTRY_YR(5.1.0),AE,A,AED,FCSC,ANN_CNT,REEXP,_Z,_Z,659,2024,1156826.18,,,,0
FCSA:DF_TRADE_COUNTRY_YR(5.1.0),AE,A,AED,FCSC,ANN_CNT,REEXP,_Z,_Z,535,2023,542333.45,,,,0
FCSA:DF_TRADE_COUNTRY_YR(5.1.0),AE,A,AED,FCSC,ANN_CNT,REEXP,_Z,_Z,535,2024,978484.39,,,,0
FCSA:DF_TRADE_COUNTRY_YR(5.1.0),AE,A,AED,FCSC,ANN_CNT,IMP,_Z,_Z,144,2017,930038737.05,,,,0
FCSA:DF_TRADE_COUNTRY_YR(5.1.0),AE,A,AED,FCSC,ANN_CNT,IMP,_Z,_Z,144,2018,789525470.89,,,,0
FCSA:DF_TRADE_COUNTRY_YR(5.1.0),AE,A,AED,FCSC,ANN_CNT,IMP,_Z,_Z,144,2019,756737580.88,,,,0
FCSA:DF_TRADE_COUNTRY_YR(5.1.0),AE,A,AED,FCSC,ANN_CNT,IMP,_Z,_Z,144,2020,677654004.48,,,,0
FCSA:DF_TRADE_COUNTRY_YR(5.1.0),AE,A,AED,FCSC,ANN_CNT,IMP,_Z,_Z,144,2021,866232531.98,,,,0
FCSA:DF_TRADE_COUNTRY_YR(5.1.0),AE,A,AED,FCSC,ANN_CNT,IMP,_Z,_Z,144,2022,1015098493.28,,,,0
FCSA:DF_TRADE_COUNTRY_YR(5.1.0),AE,A,AED,FCSC,ANN_CNT,IMP,_Z,_Z,144,2023,1007076921.75,,,,0
FCSA:DF_TRADE_COUNTRY_YR(5.1.0),AE,A,AED,FCSC,ANN_CNT,IMP,_Z,_Z,144,2024,1064050526.68,,,,0
FCSA:DF_TRADE_COUNTRY_YR(5.1.0),AE,A,AED,FCSC,ANN_CNT,TTRADE,_Z,_Z,12,2017,2187831917.43,,,,0
FCSA:DF_TRADE_COUNTRY_YR(5.1.0),AE,A,AED,FCSC,ANN_CNT,TTRADE,_Z,_Z,12,2018,2822945089.97,,,,0
FCSA:DF_TRADE_COUNTRY_YR(5.1.0),AE,A,AED,FCSC,ANN_CNT,TTRADE,_Z,_Z,12,2019,3982953353.44,,,,0
FCSA:DF_TRADE_COUNTRY_YR(5.1.0),AE,A,AED,FCSC,ANN_CNT,TTRADE,_Z,_Z,12,2020,2574057430.94,,,,0
FCSA:DF_TRADE_COUNTRY_YR(5.1.0),AE,A,AED,FCSC,ANN_CNT,TTRADE,_Z,_Z,12,2021,2995610941.26,,,,0
FCSA:DF_TRADE_COUNTRY_YR(5.1.0),AE,A,AED,FCSC,ANN_CNT,TTRADE,_Z,_Z,12,2022,3024408352.97,,,,0
FCSA:DF_TRADE_COUNTRY_YR(5.1.0),AE,A,AED,FCSC,ANN_CNT,TTRADE,_Z,_Z,12,2023,3574835355.41,,,,0
FCSA:DF_TRADE_COUNTRY_YR(5.1.0),AE,A,AED,FCSC,ANN_CNT,TTRADE,_Z,_Z,12,2024,4393813688.27,,,,0
FCSA:DF_TRADE_COUNTRY_YR(5.1.0),AE,A,AED,FCSC,ANN_CNT,TNOEXP,_Z,_Z,288,2017,1503160078.44,,,,0
FCSA:DF_TRADE_COUNTRY_YR(5.1.0),AE,A,AED,FCSC,ANN_CNT,TNOEXP,_Z,_Z,288,2018,1677554138.17,,,,0
FCSA:DF_TRADE_COUNTRY_YR(5.1.0),AE,A,AED,FCSC,ANN_CNT,TNOEXP,_Z,_Z,288,2019,1583267937.96,,,,0
FCSA:DF_TRADE_COUNTRY_YR(5.1.0),AE,A,AED,FCSC,ANN_CNT,TNOEXP,_Z,_Z,288,2020,1918249599.65,,,,0
FCSA:DF_TRADE_COUNTRY_YR(5.1.0),AE,A,AED,FCSC,ANN_CNT,TNOEXP,_Z,_Z,288,2021,3032124538.53,,,,0
FCSA:DF_TRADE_COUNTRY_YR(5.1.0),AE,A,AED,FCSC,ANN_CNT,TNOEXP,_Z,_Z,288,2022,2255291689.54,,,,0
FCSA:DF_TRADE_COUNTRY_YR(5.1.0),AE,A,AED,FCSC,ANN_CNT,TNOEXP,_Z,_Z,288,2023,2422454597.49,,,,0
FCSA:DF_TRADE_COUNTRY_YR(5.1.0),AE,A,AED,FCSC,ANN_CNT,TNOEXP,_Z,_Z,288,2024,2965138144.64,,,,0
FCSA:DF_TRADE_COUNTRY_YR(5.1.0),AE,A,AED,FCSC,ANN_CNT,TTRADE,_Z,_Z,430,2017,574290747.81,,,,0
FCSA:DF_TRADE_COUNTRY_YR(5.1.0),AE,A,AED,FCSC,ANN_CNT,TTRADE,_Z,_Z,430,2018,321814375.11,,,,0
FCSA:DF_TRADE_COUNTRY_YR(5.1.0),AE,A,AED,FCSC,ANN_CNT,TTRADE,_Z,_Z,430,2019,186341319.19,,,,0
FCSA:DF_TRADE_COUNTRY_YR(5.1.0),AE,A,AED,FCSC,ANN_CNT,TTRADE,_Z,_Z,430,2020,176403062.51,,,,0
FCSA:DF_TRADE_COUNTRY_YR(5.1.0),AE,A,AED,FCSC,ANN_CNT,TTRADE,_Z,_Z,430,2021,269998550.71,,,,0
FCSA:DF_TRADE_COUNTRY_YR(5.1.0),AE,A,AED,FCSC,ANN_CNT,TTRADE,_Z,_Z,430,2022,427897994.94,,,,0
FCSA:DF_TRADE_COUNTRY_YR(5.1.0),AE,A,AED,FCSC,ANN_CNT,TTRADE,_Z,_Z,430,2023,570818164.87,,,,0
FCSA:DF_TRADE_COUNTRY_YR(5.1.0),AE,A,AED,FCSC,ANN_CNT,TTRADE,_Z,_Z,430,2024,745086301.53,,,,0
FCSA:DF_TRADE_COUNTRY_YR(5.1.0),AE,A,AED,FCSC,ANN_CNT,REEXP,_Z,_Z,92,2017,908252.40,,,,0
FCSA:DF_TRADE_COUNTRY_YR(5.1.0),AE,A,AED,FCSC,ANN_CNT,REEXP,_Z,_Z,92,2018,619696.98,,,,0
FCSA:DF_TRADE_COUNTRY_YR(5.1.0),AE,A,AED,FCSC,ANN_CNT,REEXP,_Z,_Z,92,2019,1070988.94,,,,0
FCSA:DF_TRADE_COUNTRY_YR(5.1.0),AE,A,AED,FCSC,ANN_CNT,REEXP,_Z,_Z,92,2020,1036412.23,,,,0
FCSA:DF_TRADE_COUNTRY_YR(5.1.0),AE,A,AED,FCSC,ANN_CNT,REEXP,_Z,_Z,92,2021,970454.60,,,,0
FCSA:DF_TRADE_COUNTRY_YR(5.1.0),AE,A,AED,FCSC,ANN_CNT,REEXP,_Z,_Z,92,2022,492594.33,,,,0
FCSA:DF_TRADE_COUNTRY_YR(5.1.0),AE,A,AED,FCSC,ANN_CNT,REEXP,_Z,_Z,92,2023,1013049.91,,,,0
FCSA:DF_TRADE_COUNTRY_YR(5.1.0),AE,A,AED,FCSC,ANN_CNT,REEXP,_Z,_Z,92,2024,594455.18,,,,0
FCSA:DF_TRADE_COUNTRY_YR(5.1.0),AE,A,AED,FCSC,ANN_CNT,NOEXP,_Z,_Z,744,2020,0.00,,,,0
FCSA:DF_TRADE_COUNTRY_YR(5.1.0),AE,A,AED,FCSC,ANN_CNT,NOEXP,_Z,_Z,744,2021,0.00,,,,0
FCSA:DF_TRADE_COUNTRY_YR(5.1.0),AE,A,AED,FCSC,ANN_CNT,NOEXP,_Z,_Z,744,2023,0.00,,,,0
FCSA:DF_TRADE_COUNTRY_YR(5.1.0),AE,A,AED,FCSC,ANN_CNT,NOEXP,_Z,_Z,744,2024,0.00,,,,0
FCSA:DF_TRADE_COUNTRY_YR(5.1.0),AE,A,AED,FCSC,ANN_CNT,IMP,_Z,_Z,504,2017,544324755.46,,,,0
FCSA:DF_TRADE_COUNTRY_YR(5.1.0),AE,A,AED,FCSC,ANN_CNT,IMP,_Z,_Z,504,2018,480708387.43,,,,0
FCSA:DF_TRADE_COUNTRY_YR(5.1.0),AE,A,AED,FCSC,ANN_CNT,IMP,_Z,_Z,504,2019,608449305.58,,,,0
FCSA:DF_TRADE_COUNTRY_YR(5.1.0),AE,A,AED,FCSC,ANN_CNT,IMP,_Z,_Z,504,2020,557442080.42,,,,0
FCSA:DF_TRADE_COUNTRY_YR(5.1.0),AE,A,AED,FCSC,ANN_CNT,IMP,_Z,_Z,504,2021,675941954.33,,,,0
FCSA:DF_TRADE_COUNTRY_YR(5.1.0),AE,A,AED,FCSC,ANN_CNT,IMP,_Z,_Z,504,2022,701858210.38,,,,0
FCSA:DF_TRADE_COUNTRY_YR(5.1.0),AE,A,AED,FCSC,ANN_CNT,IMP,_Z,_Z,504,2023,768274191.88,,,,0
FCSA:DF_TRADE_COUNTRY_YR(5.1.0),AE,A,AED,FCSC,ANN_CNT,IMP,_Z,_Z,504,2024,788296140.46,,,,0
FCSA:DF_TRADE_COUNTRY_YR(5.1.0),AE,A,AED,FCSC,ANN_CNT,TTRADE,_Z,_Z,834,2017,7717232431.83,,,,0
FCSA:DF_TRADE_COUNTRY_YR(5.1.0),AE,A,AED,FCSC,ANN_CNT,TTRADE,_Z,_Z,834,2018,5743338108.79,,,,0
FCSA:DF_TRADE_COUNTRY_YR(5.1.0),AE,A,AED,FCSC,ANN_CNT,TTRADE,_Z,_Z,834,2019,7184843599.64,,,,0
FCSA:DF_TRADE_COUNTRY_YR(5.1.0),AE,A,AED,FCSC,ANN_CNT,TTRADE,_Z,_Z,834,2020,6082275471.07,,,,0
FCSA:DF_TRADE_COUNTRY_YR(5.1.0),AE,A,AED,FCSC,ANN_CNT,TTRADE,_Z,_Z,834,2021,8322785324.52,,,,0
FCSA:DF_TRADE_COUNTRY_YR(5.1.0),AE,A,AED,FCSC,ANN_CNT,TTRADE,_Z,_Z,834,2022,9568799432.12,,,,0
FCSA:DF_TRADE_COUNTRY_YR(5.1.0),AE,A,AED,FCSC,ANN_CNT,TTRADE,_Z,_Z,834,2023,10289854449.97,,,,0
FCSA:DF_TRADE_COUNTRY_YR(5.1.0),AE,A,AED,FCSC,ANN_CNT,TTRADE,_Z,_Z,834,2024,11168904997.79,,,,0
FCSA:DF_TRADE_COUNTRY_YR(5.1.0),AE,A,AED,FCSC,ANN_CNT,REEXP,_Z,_Z,51,2017,608877745.42,,,,0
FCSA:DF_TRADE_COUNTRY_YR(5.1.0),AE,A,AED,FCSC,ANN_CNT,REEXP,_Z,_Z,51,2018,623435481.45,,,,0
FCSA:DF_TRADE_COUNTRY_YR(5.1.0),AE,A,AED,FCSC,ANN_CNT,REEXP,_Z,_Z,51,2019,630470565.23,,,,0
FCSA:DF_TRADE_COUNTRY_YR(5.1.0),AE,A,AED,FCSC,ANN_CNT,REEXP,_Z,_Z,51,2020,327502557.93,,,,0
FCSA:DF_TRADE_COUNTRY_YR(5.1.0),AE,A,AED,FCSC,ANN_CNT,REEXP,_Z,_Z,51,2021,353196989.48,,,,0
FCSA:DF_TRADE_COUNTRY_YR(5.1.0),AE,A,AED,FCSC,ANN_CNT,REEXP,_Z,_Z,51,2022,2838851601.36,,,,0
FCSA:DF_TRADE_COUNTRY_YR(5.1.0),AE,A,AED,FCSC,ANN_CNT,REEXP,_Z,_Z,51,2023,2499404925.36,,,,0
FCSA:DF_TRADE_COUNTRY_YR(5.1.0),AE,A,AED,FCSC,ANN_CNT,REEXP,_Z,_Z,51,2024,1805944607.20,,,,0
FCSA:DF_TRADE_COUNTRY_YR(5.1.0),AE,A,AED,FCSC,ANN_CNT,REEXP,_Z,_Z,574,2017,65329.17,,,,0
FCSA:DF_TRADE_COUNTRY_YR(5.1.0),AE,A,AED,FCSC,ANN_CNT,REEXP,_Z,_Z,574,2018,38457.20,,,,0
FCSA:DF_TRADE_COUNTRY_YR(5.1.0),AE,A,AED,FCSC,ANN_CNT,REEXP,_Z,_Z,574,2019,0.00,,,,0
FCSA:DF_TRADE_COUNTRY_YR(5.1.0),AE,A,AED,FCSC,ANN_CNT,REEXP,_Z,_Z,574,2020,0.00,,,,0
FCSA:DF_TRADE_COUNTRY_YR(5.1.0),AE,A,AED,FCSC,ANN_CNT,REEXP,_Z,_Z,574,2021,70000.00,,,,0
FCSA:DF_TRADE_COUNTRY_YR(5.1.0),AE,A,AED,FCSC,ANN_CNT,REEXP,_Z,_Z,574,2022,0.00,,,,0
FCSA:DF_TRADE_COUNTRY_YR(5.1.0),AE,A,AED,FCSC,ANN_CNT,REEXP,_Z,_Z,574,2023,0.00,,,,0
FCSA:DF_TRADE_COUNTRY_YR(5.1.0),AE,A,AED,FCSC,ANN_CNT,REEXP,_Z,_Z,574,2024,0.00,,,,0
FCSA:DF_TRADE_COUNTRY_YR(5.1.0),AE,A,AED,FCSC,ANN_CNT,REEXP,_Z,_Z,156,2017,12839063621.23,,,,0
FCSA:DF_TRADE_COUNTRY_YR(5.1.0),AE,A,AED,FCSC,ANN_CNT,REEXP,_Z,_Z,156,2018,13702624703.29,,,,0
FCSA:DF_TRADE_COUNTRY_YR(5.1.0),AE,A,AED,FCSC,ANN_CNT,REEXP,_Z,_Z,156,2019,26130455594.84,,,,0
FCSA:DF_TRADE_COUNTRY_YR(5.1.0),AE,A,AED,FCSC,ANN_CNT,REEXP,_Z,_Z,156,2020,19646542949.32,,,,0
FCSA:DF_TRADE_COUNTRY_YR(5.1.0),AE,A,AED,FCSC,ANN_CNT,REEXP,_Z,_Z,156,2021,20976976112.51,,,,0
FCSA:DF_TRADE_COUNTRY_YR(5.1.0),AE,A,AED,FCSC,ANN_CNT,REEXP,_Z,_Z,156,2022,25926484453.98,,,,0
FCSA:DF_TRADE_COUNTRY_YR(5.1.0),AE,A,AED,FCSC,ANN_CNT,REEXP,_Z,_Z,156,2023,23236831655.13,,,,0
FCSA:DF_TRADE_COUNTRY_YR(5.1.0),AE,A,AED,FCSC,ANN_CNT,REEXP,_Z,_Z,156,2024,10284273870.23,,,,0
FCSA:DF_TRADE_COUNTRY_YR(5.1.0),AE,A,AED,FCSC,ANN_CNT,NOEXP,_Z,_Z,410,2017,4588976069.62,,,,0
FCSA:DF_TRADE_COUNTRY_YR(5.1.0),AE,A,AED,FCSC,ANN_CNT,NOEXP,_Z,_Z,410,2018,1291306649.25,,,,0
FCSA:DF_TRADE_COUNTRY_YR(5.1.0),AE,A,AED,FCSC,ANN_CNT,NOEXP,_Z,_Z,410,2019,2628574858.38,,,,0
FCSA:DF_TRADE_COUNTRY_YR(5.1.0),AE,A,AED,FCSC,ANN_CNT,NOEXP,_Z,_Z,410,2020,1859377450.92,,,,0
FCSA:DF_TRADE_COUNTRY_YR(5.1.0),AE,A,AED,FCSC,ANN_CNT,NOEXP,_Z,_Z,410,2021,2493055126.25,,,,0
FCSA:DF_TRADE_COUNTRY_YR(5.1.0),AE,A,AED,FCSC,ANN_CNT,NOEXP,_Z,_Z,410,2022,3332718469.13,,,,0
FCSA:DF_TRADE_COUNTRY_YR(5.1.0),AE,A,AED,FCSC,ANN_CNT,NOEXP,_Z,_Z,410,2023,3340275995.38,,,,0
FCSA:DF_TRADE_COUNTRY_YR(5.1.0),AE,A,AED,FCSC,ANN_CNT,NOEXP,_Z,_Z,410,2024,2511522492.91,,,,0
FCSA:DF_TRADE_COUNTRY_YR(5.1.0),AE,A,AED,FCSC,ANN_CNT,REEXP,_Z,_Z,31,2017,763367038.19,,,,0
FCSA:DF_TRADE_COUNTRY_YR(5.1.0),AE,A,AED,FCSC,ANN_CNT,REEXP,_Z,_Z,31,2018,825121472.93,,,,0
FCSA:DF_TRADE_COUNTRY_YR(5.1.0),AE,A,AED,FCSC,ANN_CNT,REEXP,_Z,_Z,31,2019,1003929120.48,,,,0
FCSA:DF_TRADE_COUNTRY_YR(5.1.0),AE,A,AED,FCSC,ANN_CNT,REEXP,_Z,_Z,31,2020,1551677328.37,,,,0
FCSA:DF_TRADE_COUNTRY_YR(5.1.0),AE,A,AED,FCSC,ANN_CNT,REEXP,_Z,_Z,31,2021,2157686338.64,,,,0
FCSA:DF_TRADE_COUNTRY_YR(5.1.0),AE,A,AED,FCSC,ANN_CNT,REEXP,_Z,_Z,31,2022,3181824174.69,,,,0
FCSA:DF_TRADE_COUNTRY_YR(5.1.0),AE,A,AED,FCSC,ANN_CNT,REEXP,_Z,_Z,31,2023,5126108891.09,,,,0
FCSA:DF_TRADE_COUNTRY_YR(5.1.0),AE,A,AED,FCSC,ANN_CNT,REEXP,_Z,_Z,31,2024,7147951191.96,,,,0
FCSA:DF_TRADE_COUNTRY_YR(5.1.0),AE,A,AED,FCSC,ANN_CNT,TTRADE,_Z,_Z,388,2017,110778021.31,,,,0
FCSA:DF_TRADE_COUNTRY_YR(5.1.0),AE,A,AED,FCSC,ANN_CNT,TTRADE,_Z,_Z,388,2018,13427929.16,,,,0
FCSA:DF_TRADE_COUNTRY_YR(5.1.0),AE,A,AED,FCSC,ANN_CNT,TTRADE,_Z,_Z,388,2019,20016314.25,,,,0
FCSA:DF_TRADE_COUNTRY_YR(5.1.0),AE,A,AED,FCSC,ANN_CNT,TTRADE,_Z,_Z,388,2020,13681295.21,,,,0
FCSA:DF_TRADE_COUNTRY_YR(5.1.0),AE,A,AED,FCSC,ANN_CNT,TTRADE,_Z,_Z,388,2021,16220596.68,,,,0
FCSA:DF_TRADE_COUNTRY_YR(5.1.0),AE,A,AED,FCSC,ANN_CNT,TTRADE,_Z,_Z,388,2022,44868327.25,,,,0
FCSA:DF_TRADE_COUNTRY_YR(5.1.0),AE,A,AED,FCSC,ANN_CNT,TTRADE,_Z,_Z,388,2023,31575167.22,,,,0
FCSA:DF_TRADE_COUNTRY_YR(5.1.0),AE,A,AED,FCSC,ANN_CNT,TTRADE,_Z,_Z,388,2024,40110629.38,,,,0
FCSA:DF_TRADE_COUNTRY_YR(5.1.0),AE,A,AED,FCSC,ANN_CNT,IMP,_Z,_Z,324,2017,9997181228.63,,,,0
FCSA:DF_TRADE_COUNTRY_YR(5.1.0),AE,A,AED,FCSC,ANN_CNT,IMP,_Z,_Z,324,2018,8452544180.13,,,,0
FCSA:DF_TRADE_COUNTRY_YR(5.1.0),AE,A,AED,FCSC,ANN_CNT,IMP,_Z,_Z,324,2019,8744464628.54,,,,0
FCSA:DF_TRADE_COUNTRY_YR(5.1.0),AE,A,AED,FCSC,ANN_CNT,IMP,_Z,_Z,324,2020,25093430915.81,,,,0
FCSA:DF_TRADE_COUNTRY_YR(5.1.0),AE,A,AED,FCSC,ANN_CNT,IMP,_Z,_Z,324,2021,9477929435.26,,,,0
FCSA:DF_TRADE_COUNTRY_YR(5.1.0),AE,A,AED,FCSC,ANN_CNT,IMP,_Z,_Z,324,2022,9600081988.60,,,,0
FCSA:DF_TRADE_COUNTRY_YR(5.1.0),AE,A,AED,FCSC,ANN_CNT,IMP,_Z,_Z,324,2023,33227538473.50,,,,0
FCSA:DF_TRADE_COUNTRY_YR(5.1.0),AE,A,AED,FCSC,ANN_CNT,IMP,_Z,_Z,324,2024,41321717073.66,,,,0
FCSA:DF_TRADE_COUNTRY_YR(5.1.0),AE,A,AED,FCSC,ANN_CNT,REEXP,_Z,_Z,124,2017,745430412.62,,,,0
FCSA:DF_TRADE_COUNTRY_YR(5.1.0),AE,A,AED,FCSC,ANN_CNT,REEXP,_Z,_Z,124,2018,590318423.12,,,,0
FCSA:DF_TRADE_COUNTRY_YR(5.1.0),AE,A,AED,FCSC,ANN_CNT,REEXP,_Z,_Z,124,2019,845218974.73,,,,0
FCSA:DF_TRADE_COUNTRY_YR(5.1.0),AE,A,AED,FCSC,ANN_CNT,REEXP,_Z,_Z,124,2020,631391114.68,,,,0
FCSA:DF_TRADE_COUNTRY_YR(5.1.0),AE,A,AED,FCSC,ANN_CNT,REEXP,_Z,_Z,124,2021,929822598.27,,,,0
FCSA:DF_TRADE_COUNTRY_YR(5.1.0),AE,A,AED,FCSC,ANN_CNT,REEXP,_Z,_Z,124,2022,1259206849.33,,,,0
FCSA:DF_TRADE_COUNTRY_YR(5.1.0),AE,A,AED,FCSC,ANN_CNT,REEXP,_Z,_Z,124,2023,1289125348.37,,,,0
FCSA:DF_TRADE_COUNTRY_YR(5.1.0),AE,A,AED,FCSC,ANN_CNT,REEXP,_Z,_Z,124,2024,1421833034.07,,,,0
FCSA:DF_TRADE_COUNTRY_YR(5.1.0),AE,A,AED,FCSC,ANN_CNT,TNOEXP,_Z,_Z,196,2017,387287210.55,,,,0
FCSA:DF_TRADE_COUNTRY_YR(5.1.0),AE,A,AED,FCSC,ANN_CNT,TNOEXP,_Z,_Z,196,2018,339449035.90,,,,0
FCSA:DF_TRADE_COUNTRY_YR(5.1.0),AE,A,AED,FCSC,ANN_CNT,TNOEXP,_Z,_Z,196,2019,369705211.99,,,,0
FCSA:DF_TRADE_COUNTRY_YR(5.1.0),AE,A,AED,FCSC,ANN_CNT,TNOEXP,_Z,_Z,196,2020,268317840.24,,,,0
FCSA:DF_TRADE_COUNTRY_YR(5.1.0),AE,A,AED,FCSC,ANN_CNT,TNOEXP,_Z,_Z,196,2021,368286083.75,,,,0
FCSA:DF_TRADE_COUNTRY_YR(5.1.0),AE,A,AED,FCSC,ANN_CNT,TNOEXP,_Z,_Z,196,2022,585453585.69,,,,0
FCSA:DF_TRADE_COUNTRY_YR(5.1.0),AE,A,AED,FCSC,ANN_CNT,TNOEXP,_Z,_Z,196,2023,553660917.76,,,,0
FCSA:DF_TRADE_COUNTRY_YR(5.1.0),AE,A,AED,FCSC,ANN_CNT,TNOEXP,_Z,_Z,196,2024,520679339.88,,,,0
FCSA:DF_TRADE_COUNTRY_YR(5.1.0),AE,A,AED,FCSC,ANN_CNT,REEXP,_Z,_Z,204,2017,300378461.64,,,,0
FCSA:DF_TRADE_COUNTRY_YR(5.1.0),AE,A,AED,FCSC,ANN_CNT,REEXP,_Z,_Z,204,2018,504522472.50,,,,0
FCSA:DF_TRADE_COUNTRY_YR(5.1.0),AE,A,AED,FCSC,ANN_CNT,REEXP,_Z,_Z,204,2019,538106672.90,,,,0
FCSA:DF_TRADE_COUNTRY_YR(5.1.0),AE,A,AED,FCSC,ANN_CNT,REEXP,_Z,_Z,204,2020,316727963.04,,,,0
FCSA:DF_TRADE_COUNTRY_YR(5.1.0),AE,A,AED,FCSC,ANN_CNT,REEXP,_Z,_Z,204,2021,523460442.04,,,,0
FCSA:DF_TRADE_COUNTRY_YR(5.1.0),AE,A,AED,FCSC,ANN_CNT,REEXP,_Z,_Z,204,2022,697371453.28,,,,0
FCSA:DF_TRADE_COUNTRY_YR(5.1.0),AE,A,AED,FCSC,ANN_CNT,REEXP,_Z,_Z,204,2023,1136552240.05,,,,0
FCSA:DF_TRADE_COUNTRY_YR(5.1.0),AE,A,AED,FCSC,ANN_CNT,REEXP,_Z,_Z,204,2024,1411944556.68,,,,0
FCSA:DF_TRADE_COUNTRY_YR(5.1.0),AE,A,AED,FCSC,ANN_CNT,NOEXP,_Z,_Z,116,2017,57154158.57,,,,0
FCSA:DF_TRADE_COUNTRY_YR(5.1.0),AE,A,AED,FCSC,ANN_CNT,NOEXP,_Z,_Z,116,2018,44531524.27,,,,0
FCSA:DF_TRADE_COUNTRY_YR(5.1.0),AE,A,AED,FCSC,ANN_CNT,NOEXP,_Z,_Z,116,2019,67967211.38,,,,0
FCSA:DF_TRADE_COUNTRY_YR(5.1.0),AE,A,AED,FCSC,ANN_CNT,NOEXP,_Z,_Z,116,2020,99678142.11,,,,0
FCSA:DF_TRADE_COUNTRY_YR(5.1.0),AE,A,AED,FCSC,ANN_CNT,NOEXP,_Z,_Z,116,2021,86516143.04,,,,0
FCSA:DF_TRADE_COUNTRY_YR(5.1.0),AE,A,AED,FCSC,ANN_CNT,NOEXP,_Z,_Z,116,2022,70547905.84,,,,0
FCSA:DF_TRADE_COUNTRY_YR(5.1.0),AE,A,AED,FCSC,ANN_CNT,NOEXP,_Z,_Z,116,2023,68342965.36,,,,0
FCSA:DF_TRADE_COUNTRY_YR(5.1.0),AE,A,AED,FCSC,ANN_CNT,NOEXP,_Z,_Z,116,2024,103228367.54,,,,0
FCSA:DF_TRADE_COUNTRY_YR(5.1.0),AE,A,AED,FCSC,ANN_CNT,TNOEXP,_Z,_Z,516,2017,52769148.41,,,,0
FCSA:DF_TRADE_COUNTRY_YR(5.1.0),AE,A,AED,FCSC,ANN_CNT,TNOEXP,_Z,_Z,516,2018,77347738.76,,,,0
FCSA:DF_TRADE_COUNTRY_YR(5.1.0),AE,A,AED,FCSC,ANN_CNT,TNOEXP,_Z,_Z,516,2019,49800025.33,,,,0
FCSA:DF_TRADE_COUNTRY_YR(5.1.0),AE,A,AED,FCSC,ANN_CNT,TNOEXP,_Z,_Z,516,2020,40300074.67,,,,0
FCSA:DF_TRADE_COUNTRY_YR(5.1.0),AE,A,AED,FCSC,ANN_CNT,TNOEXP,_Z,_Z,516,2021,40401168.88,,,,0
FCSA:DF_TRADE_COUNTRY_YR(5.1.0),AE,A,AED,FCSC,ANN_CNT,TNOEXP,_Z,_Z,516,2022,89678496.11,,,,0
FCSA:DF_TRADE_COUNTRY_YR(5.1.0),AE,A,AED,FCSC,ANN_CNT,TNOEXP,_Z,_Z,516,2023,97574120.15,,,,0
FCSA:DF_TRADE_COUNTRY_YR(5.1.0),AE,A,AED,FCSC,ANN_CNT,TNOEXP,_Z,_Z,516,2024,130248122.87,,,,0
FCSA:DF_TRADE_COUNTRY_YR(5.1.0),AE,A,AED,FCSC,ANN_CNT,IMP,_Z,_Z,533,2017,1979407.93,,,,0
FCSA:DF_TRADE_COUNTRY_YR(5.1.0),AE,A,AED,FCSC,ANN_CNT,IMP,_Z,_Z,533,2018,5650101.00,,,,0
FCSA:DF_TRADE_COUNTRY_YR(5.1.0),AE,A,AED,FCSC,ANN_CNT,IMP,_Z,_Z,533,2019,3267469.27,,,,0
FCSA:DF_TRADE_COUNTRY_YR(5.1.0),AE,A,AED,FCSC,ANN_CNT,IMP,_Z,_Z,533,2020,1580465.93,,,,0
FCSA:DF_TRADE_COUNTRY_YR(5.1.0),AE,A,AED,FCSC,ANN_CNT,IMP,_Z,_Z,533,2021,1945196.82,,,,0
FCSA:DF_TRADE_COUNTRY_YR(5.1.0),AE,A,AED,FCSC,ANN_CNT,IMP,_Z,_Z,533,2022,5006951.26,,,,0
FCSA:DF_TRADE_COUNTRY_YR(5.1.0),AE,A,AED,FCSC,ANN_CNT,IMP,_Z,_Z,533,2023,1487450.99,,,,0
FCSA:DF_TRADE_COUNTRY_YR(5.1.0),AE,A,AED,FCSC,ANN_CNT,IMP,_Z,_Z,533,2024,447925.94,,,,0
FCSA:DF_TRADE_COUNTRY_YR(5.1.0),AE,A,AED,FCSC,ANN_CNT,REEXP,_Z,_Z,858,2017,83161345.97,,,,0
FCSA:DF_TRADE_COUNTRY_YR(5.1.0),AE,A,AED,FCSC,ANN_CNT,REEXP,_Z,_Z,858,2018,111738089.14,,,,0
FCSA:DF_TRADE_COUNTRY_YR(5.1.0),AE,A,AED,FCSC,ANN_CNT,REEXP,_Z,_Z,858,2019,57501436.03,,,,0
FCSA:DF_TRADE_COUNTRY_YR(5.1.0),AE,A,AED,FCSC,ANN_CNT,REEXP,_Z,_Z,858,2020,28782423.37,,,,0
FCSA:DF_TRADE_COUNTRY_YR(5.1.0),AE,A,AED,FCSC,ANN_CNT,REEXP,_Z,_Z,858,2021,19505172.57,,,,0
FCSA:DF_TRADE_COUNTRY_YR(5.1.0),AE,A,AED,FCSC,ANN_CNT,REEXP,_Z,_Z,858,2022,11459722.93,,,,0
FCSA:DF_TRADE_COUNTRY_YR(5.1.0),AE,A,AED,FCSC,ANN_CNT,REEXP,_Z,_Z,858,2023,12686686.35,,,,0
FCSA:DF_TRADE_COUNTRY_YR(5.1.0),AE,A,AED,FCSC,ANN_CNT,REEXP,_Z,_Z,858,2024,20767619.40,,,,0
FCSA:DF_TRADE_COUNTRY_YR(5.1.0),AE,A,AED,FCSC,ANN_CNT,REEXP,_Z,_Z,608,2017,491737568.58,,,,0
FCSA:DF_TRADE_COUNTRY_YR(5.1.0),AE,A,AED,FCSC,ANN_CNT,REEXP,_Z,_Z,608,2018,477801468.36,,,,0
FCSA:DF_TRADE_COUNTRY_YR(5.1.0),AE,A,AED,FCSC,ANN_CNT,REEXP,_Z,_Z,608,2019,564215310.95,,,,0
FCSA:DF_TRADE_COUNTRY_YR(5.1.0),AE,A,AED,FCSC,ANN_CNT,REEXP,_Z,_Z,608,2020,485579092.17,,,,0
FCSA:DF_TRADE_COUNTRY_YR(5.1.0),AE,A,AED,FCSC,ANN_CNT,REEXP,_Z,_Z,608,2021,359205124.73,,,,0
FCSA:DF_TRADE_COUNTRY_YR(5.1.0),AE,A,AED,FCSC,ANN_CNT,REEXP,_Z,_Z,608,2022,442352736.54,,,,0
FCSA:DF_TRADE_COUNTRY_YR(5.1.0),AE,A,AED,FCSC,ANN_CNT,REEXP,_Z,_Z,608,2023,461317498.26,,,,0
FCSA:DF_TRADE_COUNTRY_YR(5.1.0),AE,A,AED,FCSC,ANN_CNT,REEXP,_Z,_Z,608,2024,422249739.82,,,,0
FCSA:DF_TRADE_COUNTRY_YR(5.1.0),AE,A,AED,FCSC,ANN_CNT,TTRADE,_Z,_Z,484,2017,4316500732.42,,,,0
FCSA:DF_TRADE_COUNTRY_YR(5.1.0),AE,A,AED,FCSC,ANN_CNT,TTRADE,_Z,_Z,484,2018,4505202927.46,,,,0
FCSA:DF_TRADE_COUNTRY_YR(5.1.0),AE,A,AED,FCSC,ANN_CNT,TTRADE,_Z,_Z,484,2019,5211170433.07,,,,0
FCSA:DF_TRADE_COUNTRY_YR(5.1.0),AE,A,AED,FCSC,ANN_CNT,TTRADE,_Z,_Z,484,2020,4976260590.66,,,,0
FCSA:DF_TRADE_COUNTRY_YR(5.1.0),AE,A,AED,FCSC,ANN_CNT,TTRADE,_Z,_Z,484,2021,5718850920.98,,,,0
FCSA:DF_TRADE_COUNTRY_YR(5.1.0),AE,A,AED,FCSC,ANN_CNT,TTRADE,_Z,_Z,484,2022,7776643538.19,,,,0
FCSA:DF_TRADE_COUNTRY_YR(5.1.0),AE,A,AED,FCSC,ANN_CNT,TTRADE,_Z,_Z,484,2023,9395624671.11,,,,0
FCSA:DF_TRADE_COUNTRY_YR(5.1.0),AE,A,AED,FCSC,ANN_CNT,TTRADE,_Z,_Z,484,2024,9627477932.01,,,,0
FCSA:DF_TRADE_COUNTRY_YR(5.1.0),AE,A,AED,FCSC,ANN_CNT,REEXP,_Z,_Z,854,2017,113508182.67,,,,0
FCSA:DF_TRADE_COUNTRY_YR(5.1.0),AE,A,AED,FCSC,ANN_CNT,REEXP,_Z,_Z,854,2018,111211962.59,,,,0
FCSA:DF_TRADE_COUNTRY_YR(5.1.0),AE,A,AED,FCSC,ANN_CNT,REEXP,_Z,_Z,854,2019,162824901.59,,,,0
FCSA:DF_TRADE_COUNTRY_YR(5.1.0),AE,A,AED,FCSC,ANN_CNT,REEXP,_Z,_Z,854,2020,203664021.01,,,,0
FCSA:DF_TRADE_COUNTRY_YR(5.1.0),AE,A,AED,FCSC,ANN_CNT,REEXP,_Z,_Z,854,2021,284789961.22,,,,0
FCSA:DF_TRADE_COUNTRY_YR(5.1.0),AE,A,AED,FCSC,ANN_CNT,REEXP,_Z,_Z,854,2022,283548244.62,,,,0
FCSA:DF_TRADE_COUNTRY_YR(5.1.0),AE,A,AED,FCSC,ANN_CNT,REEXP,_Z,_Z,854,2023,243314117.40,,,,0
FCSA:DF_TRADE_COUNTRY_YR(5.1.0),AE,A,AED,FCSC,ANN_CNT,REEXP,_Z,_Z,854,2024,349147898.90,,,,0
FCSA:DF_TRADE_COUNTRY_YR(5.1.0),AE,A,AED,FCSC,ANN_CNT,NOEXP,_Z,_Z,266,2017,30024444.67,,,,0
FCSA:DF_TRADE_COUNTRY_YR(5.1.0),AE,A,AED,FCSC,ANN_CNT,NOEXP,_Z,_Z,266,2018,48646093.22,,,,0
FCSA:DF_TRADE_COUNTRY_YR(5.1.0),AE,A,AED,FCSC,ANN_CNT,NOEXP,_Z,_Z,266,2019,61827890.71,,,,0
FCSA:DF_TRADE_COUNTRY_YR(5.1.0),AE,A,AED,FCSC,ANN_CNT,NOEXP,_Z,_Z,266,2020,53130535.78,,,,0
FCSA:DF_TRADE_COUNTRY_YR(5.1.0),AE,A,AED,FCSC,ANN_CNT,NOEXP,_Z,_Z,266,2021,81923239.33,,,,0
FCSA:DF_TRADE_COUNTRY_YR(5.1.0),AE,A,AED,FCSC,ANN_CNT,NOEXP,_Z,_Z,266,2022,103306516.79,,,,0
FCSA:DF_TRADE_COUNTRY_YR(5.1.0),AE,A,AED,FCSC,ANN_CNT,NOEXP,_Z,_Z,266,2023,142071420.84,,,,0
FCSA:DF_TRADE_COUNTRY_YR(5.1.0),AE,A,AED,FCSC,ANN_CNT,NOEXP,_Z,_Z,266,2024,176634472.08,,,,0
FCSA:DF_TRADE_COUNTRY_YR(5.1.0),AE,A,AED,FCSC,ANN_CNT,NOEXP,_Z,_Z,516,2017,25751251.13,,,,0
FCSA:DF_TRADE_COUNTRY_YR(5.1.0),AE,A,AED,FCSC,ANN_CNT,NOEXP,_Z,_Z,516,2018,15253481.74,,,,0
FCSA:DF_TRADE_COUNTRY_YR(5.1.0),AE,A,AED,FCSC,ANN_CNT,NOEXP,_Z,_Z,516,2019,11124174.44,,,,0
FCSA:DF_TRADE_COUNTRY_YR(5.1.0),AE,A,AED,FCSC,ANN_CNT,NOEXP,_Z,_Z,516,2020,15262284.73,,,,0
FCSA:DF_TRADE_COUNTRY_YR(5.1.0),AE,A,AED,FCSC,ANN_CNT,NOEXP,_Z,_Z,516,2021,10605123.14,,,,0
FCSA:DF_TRADE_COUNTRY_YR(5.1.0),AE,A,AED,FCSC,ANN_CNT,NOEXP,_Z,_Z,516,2022,54523461.61,,,,0
FCSA:DF_TRADE_COUNTRY_YR(5.1.0),AE,A,AED,FCSC,ANN_CNT,NOEXP,_Z,_Z,516,2023,24616028.96,,,,0
FCSA:DF_TRADE_COUNTRY_YR(5.1.0),AE,A,AED,FCSC,ANN_CNT,NOEXP,_Z,_Z,516,2024,23792298.28,,,,0
FCSA:DF_TRADE_COUNTRY_YR(5.1.0),AE,A,AED,FCSC,ANN_CNT,TNOEXP,_Z,_Z,320,2017,22933014.76,,,,0
FCSA:DF_TRADE_COUNTRY_YR(5.1.0),AE,A,AED,FCSC,ANN_CNT,TNOEXP,_Z,_Z,320,2018,47860201.46,,,,0
FCSA:DF_TRADE_COUNTRY_YR(5.1.0),AE,A,AED,FCSC,ANN_CNT,TNOEXP,_Z,_Z,320,2019,45471591.49,,,,0
FCSA:DF_TRADE_COUNTRY_YR(5.1.0),AE,A,AED,FCSC,ANN_CNT,TNOEXP,_Z,_Z,320,2020,52872350.64,,,,0
FCSA:DF_TRADE_COUNTRY_YR(5.1.0),AE,A,AED,FCSC,ANN_CNT,TNOEXP,_Z,_Z,320,2021,96068580.42,,,,0
FCSA:DF_TRADE_COUNTRY_YR(5.1.0),AE,A,AED,FCSC,ANN_CNT,TNOEXP,_Z,_Z,320,2022,68733397.41,,,,0
FCSA:DF_TRADE_COUNTRY_YR(5.1.0),AE,A,AED,FCSC,ANN_CNT,TNOEXP,_Z,_Z,320,2023,69415022.60,,,,0
FCSA:DF_TRADE_COUNTRY_YR(5.1.0),AE,A,AED,FCSC,ANN_CNT,TNOEXP,_Z,_Z,320,2024,86645199.23,,,,0
FCSA:DF_TRADE_COUNTRY_YR(5.1.0),AE,A,AED,FCSC,ANN_CNT,TNOEXP,_Z,_Z,531,2017,2622477.23,,,,0
FCSA:DF_TRADE_COUNTRY_YR(5.1.0),AE,A,AED,FCSC,ANN_CNT,TNOEXP,_Z,_Z,531,2018,6959005.68,,,,0
FCSA:DF_TRADE_COUNTRY_YR(5.1.0),AE,A,AED,FCSC,ANN_CNT,TNOEXP,_Z,_Z,531,2019,7612551.29,,,,0
FCSA:DF_TRADE_COUNTRY_YR(5.1.0),AE,A,AED,FCSC,ANN_CNT,TNOEXP,_Z,_Z,531,2020,7937762.41,,,,0
FCSA:DF_TRADE_COUNTRY_YR(5.1.0),AE,A,AED,FCSC,ANN_CNT,TNOEXP,_Z,_Z,531,2021,2889301.17,,,,0
FCSA:DF_TRADE_COUNTRY_YR(5.1.0),AE,A,AED,FCSC,ANN_CNT,TNOEXP,_Z,_Z,531,2022,10918229.13,,,,0
FCSA:DF_TRADE_COUNTRY_YR(5.1.0),AE,A,AED,FCSC,ANN_CNT,TNOEXP,_Z,_Z,531,2023,5575260.14,,,,0
FCSA:DF_TRADE_COUNTRY_YR(5.1.0),AE,A,AED,FCSC,ANN_CNT,TNOEXP,_Z,_Z,531,2024,31991376.76,,,,0
FCSA:DF_TRADE_COUNTRY_YR(5.1.0),AE,A,AED,FCSC,ANN_CNT,TTRADE,_Z,_Z,807,2017,35436864.15,,,,0
FCSA:DF_TRADE_COUNTRY_YR(5.1.0),AE,A,AED,FCSC,ANN_CNT,TTRADE,_Z,_Z,807,2018,87644555.32,,,,0
FCSA:DF_TRADE_COUNTRY_YR(5.1.0),AE,A,AED,FCSC,ANN_CNT,TTRADE,_Z,_Z,807,2019,310251963.04,,,,0
FCSA:DF_TRADE_COUNTRY_YR(5.1.0),AE,A,AED,FCSC,ANN_CNT,TTRADE,_Z,_Z,807,2020,355946256.52,,,,0
FCSA:DF_TRADE_COUNTRY_YR(5.1.0),AE,A,AED,FCSC,ANN_CNT,TTRADE,_Z,_Z,807,2021,478098556.31,,,,0
FCSA:DF_TRADE_COUNTRY_YR(5.1.0),AE,A,AED,FCSC,ANN_CNT,TTRADE,_Z,_Z,807,2022,327660033.95,,,,0
FCSA:DF_TRADE_COUNTRY_YR(5.1.0),AE,A,AED,FCSC,ANN_CNT,TTRADE,_Z,_Z,807,2023,485816953.46,,,,0
FCSA:DF_TRADE_COUNTRY_YR(5.1.0),AE,A,AED,FCSC,ANN_CNT,TTRADE,_Z,_Z,807,2024,195143292.93,,,,0
FCSA:DF_TRADE_COUNTRY_YR(5.1.0),AE,A,AED,FCSC,ANN_CNT,TNOEXP,_Z,_Z,292,2017,1494175.06,,,,0
FCSA:DF_TRADE_COUNTRY_YR(5.1.0),AE,A,AED,FCSC,ANN_CNT,TNOEXP,_Z,_Z,292,2018,6773193.06,,,,0
FCSA:DF_TRADE_COUNTRY_YR(5.1.0),AE,A,AED,FCSC,ANN_CNT,TNOEXP,_Z,_Z,292,2019,109344022.33,,,,0
FCSA:DF_TRADE_COUNTRY_YR(5.1.0),AE,A,AED,FCSC,ANN_CNT,TNOEXP,_Z,_Z,292,2020,629368.11,,,,0
FCSA:DF_TRADE_COUNTRY_YR(5.1.0),AE,A,AED,FCSC,ANN_CNT,TNOEXP,_Z,_Z,292,2021,2957493.78,,,,0
FCSA:DF_TRADE_COUNTRY_YR(5.1.0),AE,A,AED,FCSC,ANN_CNT,TNOEXP,_Z,_Z,292,2022,1192500.77,,,,0
FCSA:DF_TRADE_COUNTRY_YR(5.1.0),AE,A,AED,FCSC,ANN_CNT,TNOEXP,_Z,_Z,292,2023,1595683.25,,,,0
FCSA:DF_TRADE_COUNTRY_YR(5.1.0),AE,A,AED,FCSC,ANN_CNT,TNOEXP,_Z,_Z,292,2024,798008.39,,,,0
FCSA:DF_TRADE_COUNTRY_YR(5.1.0),AE,A,AED,FCSC,ANN_CNT,NOEXP,_Z,_Z,92,2017,0.00,,,,0
FCSA:DF_TRADE_COUNTRY_YR(5.1.0),AE,A,AED,FCSC,ANN_CNT,NOEXP,_Z,_Z,92,2018,13317.73,,,,0
FCSA:DF_TRADE_COUNTRY_YR(5.1.0),AE,A,AED,FCSC,ANN_CNT,NOEXP,_Z,_Z,92,2019,3417.50,,,,0
FCSA:DF_TRADE_COUNTRY_YR(5.1.0),AE,A,AED,FCSC,ANN_CNT,NOEXP,_Z,_Z,92,2020,76863428.22,,,,0
FCSA:DF_TRADE_COUNTRY_YR(5.1.0),AE,A,AED,FCSC,ANN_CNT,NOEXP,_Z,_Z,92,2021,382928.83,,,,0
FCSA:DF_TRADE_COUNTRY_YR(5.1.0),AE,A,AED,FCSC,ANN_CNT,NOEXP,_Z,_Z,92,2022,15492.09,,,,0
FCSA:DF_TRADE_COUNTRY_YR(5.1.0),AE,A,AED,FCSC,ANN_CNT,NOEXP,_Z,_Z,92,2023,1611164.69,,,,0
FCSA:DF_TRADE_COUNTRY_YR(5.1.0),AE,A,AED,FCSC,ANN_CNT,NOEXP,_Z,_Z,92,2024,335117.94,,,,0
FCSA:DF_TRADE_COUNTRY_YR(5.1.0),AE,A,AED,FCSC,ANN_CNT,TNOEXP,_Z,_Z,903,2017,844911.00,,,,0
FCSA:DF_TRADE_COUNTRY_YR(5.1.0),AE,A,AED,FCSC,ANN_CNT,TNOEXP,_Z,_Z,903,2018,0.00,,,,0
FCSA:DF_TRADE_COUNTRY_YR(5.1.0),AE,A,AED,FCSC,ANN_CNT,TNOEXP,_Z,_Z,903,2019,2300.00,,,,0
FCSA:DF_TRADE_COUNTRY_YR(5.1.0),AE,A,AED,FCSC,ANN_CNT,TNOEXP,_Z,_Z,903,2020,289084.00,,,,0
FCSA:DF_TRADE_COUNTRY_YR(5.1.0),AE,A,AED,FCSC,ANN_CNT,TNOEXP,_Z,_Z,903,2021,474702.00,,,,0
FCSA:DF_TRADE_COUNTRY_YR(5.1.0),AE,A,AED,FCSC,ANN_CNT,TNOEXP,_Z,_Z,903,2022,6266.00,,,,0
FCSA:DF_TRADE_COUNTRY_YR(5.1.0),AE,A,AED,FCSC,ANN_CNT,TNOEXP,_Z,_Z,903,2023,0.00,,,,0
FCSA:DF_TRADE_COUNTRY_YR(5.1.0),AE,A,AED,FCSC,ANN_CNT,TNOEXP,_Z,_Z,903,2024,5314.00,,,,0
FCSA:DF_TRADE_COUNTRY_YR(5.1.0),AE,A,AED,FCSC,ANN_CNT,IMP,_Z,_Z,706,2017,466804788.62,,,,0
FCSA:DF_TRADE_COUNTRY_YR(5.1.0),AE,A,AED,FCSC,ANN_CNT,IMP,_Z,_Z,706,2018,544335756.24,,,,0
FCSA:DF_TRADE_COUNTRY_YR(5.1.0),AE,A,AED,FCSC,ANN_CNT,IMP,_Z,_Z,706,2019,718850571.35,,,,0
FCSA:DF_TRADE_COUNTRY_YR(5.1.0),AE,A,AED,FCSC,ANN_CNT,IMP,_Z,_Z,706,2020,539365607.94,,,,0
FCSA:DF_TRADE_COUNTRY_YR(5.1.0),AE,A,AED,FCSC,ANN_CNT,IMP,_Z,_Z,706,2021,512026744.45,,,,0
FCSA:DF_TRADE_COUNTRY_YR(5.1.0),AE,A,AED,FCSC,ANN_CNT,IMP,_Z,_Z,706,2022,1041698149.74,,,,0
FCSA:DF_TRADE_COUNTRY_YR(5.1.0),AE,A,AED,FCSC,ANN_CNT,IMP,_Z,_Z,706,2023,1320383986.03,,,,0
FCSA:DF_TRADE_COUNTRY_YR(5.1.0),AE,A,AED,FCSC,ANN_CNT,IMP,_Z,_Z,706,2024,1395431612.18,,,,0
FCSA:DF_TRADE_COUNTRY_YR(5.1.0),AE,A,AED,FCSC,ANN_CNT,NOEXP,_Z,_Z,894,2017,162189339.87,,,,0
FCSA:DF_TRADE_COUNTRY_YR(5.1.0),AE,A,AED,FCSC,ANN_CNT,NOEXP,_Z,_Z,894,2018,127447836.18,,,,0
FCSA:DF_TRADE_COUNTRY_YR(5.1.0),AE,A,AED,FCSC,ANN_CNT,NOEXP,_Z,_Z,894,2019,644341218.24,,,,0
FCSA:DF_TRADE_COUNTRY_YR(5.1.0),AE,A,AED,FCSC,ANN_CNT,NOEXP,_Z,_Z,894,2020,280245291.87,,,,0
FCSA:DF_TRADE_COUNTRY_YR(5.1.0),AE,A,AED,FCSC,ANN_CNT,NOEXP,_Z,_Z,894,2021,194375565.25,,,,0
FCSA:DF_TRADE_COUNTRY_YR(5.1.0),AE,A,AED,FCSC,ANN_CNT,NOEXP,_Z,_Z,894,2022,284212829.50,,,,0
FCSA:DF_TRADE_COUNTRY_YR(5.1.0),AE,A,AED,FCSC,ANN_CNT,NOEXP,_Z,_Z,894,2023,59271473.38,,,,0
FCSA:DF_TRADE_COUNTRY_YR(5.1.0),AE,A,AED,FCSC,ANN_CNT,NOEXP,_Z,_Z,894,2024,71917782.16,,,,0
FCSA:DF_TRADE_COUNTRY_YR(5.1.0),AE,A,AED,FCSC,ANN_CNT,TNOEXP,_Z,_Z,184,2018,522407.14,,,,0
FCSA:DF_TRADE_COUNTRY_YR(5.1.0),AE,A,AED,FCSC,ANN_CNT,TNOEXP,_Z,_Z,184,2019,309540.00,,,,0
FCSA:DF_TRADE_COUNTRY_YR(5.1.0),AE,A,AED,FCSC,ANN_CNT,TNOEXP,_Z,_Z,184,2020,0.00,,,,0
FCSA:DF_TRADE_COUNTRY_YR(5.1.0),AE,A,AED,FCSC,ANN_CNT,TNOEXP,_Z,_Z,184,2021,0.00,,,,0
FCSA:DF_TRADE_COUNTRY_YR(5.1.0),AE,A,AED,FCSC,ANN_CNT,TNOEXP,_Z,_Z,184,2022,162336.14,,,,0
FCSA:DF_TRADE_COUNTRY_YR(5.1.0),AE,A,AED,FCSC,ANN_CNT,TNOEXP,_Z,_Z,184,2023,0.00,,,,0
FCSA:DF_TRADE_COUNTRY_YR(5.1.0),AE,A,AED,FCSC,ANN_CNT,TNOEXP,_Z,_Z,184,2024,31500.00,,,,0
FCSA:DF_TRADE_COUNTRY_YR(5.1.0),AE,A,AED,FCSC,ANN_CNT,IMP,_Z,_Z,581,2019,0.00,,,,0
FCSA:DF_TRADE_COUNTRY_YR(5.1.0),AE,A,AED,FCSC,ANN_CNT,IMP,_Z,_Z,581,2020,5292.00,,,,0
FCSA:DF_TRADE_COUNTRY_YR(5.1.0),AE,A,AED,FCSC,ANN_CNT,IMP,_Z,_Z,581,2021,285403.68,,,,0
FCSA:DF_TRADE_COUNTRY_YR(5.1.0),AE,A,AED,FCSC,ANN_CNT,IMP,_Z,_Z,581,2022,8085.50,,,,0
FCSA:DF_TRADE_COUNTRY_YR(5.1.0),AE,A,AED,FCSC,ANN_CNT,IMP,_Z,_Z,581,2023,467522.22,,,,0
FCSA:DF_TRADE_COUNTRY_YR(5.1.0),AE,A,AED,FCSC,ANN_CNT,IMP,_Z,_Z,581,2024,705299.14,,,,0
FCSA:DF_TRADE_COUNTRY_YR(5.1.0),AE,A,AED,FCSC,ANN_CNT,TNOEXP,_Z,_Z,891,2022,9650.00,,,,0
FCSA:DF_TRADE_COUNTRY_YR(5.1.0),AE,A,AED,FCSC,ANN_CNT,TNOEXP,_Z,_Z,891,2023,14888.00,,,,0
FCSA:DF_TRADE_COUNTRY_YR(5.1.0),AE,A,AED,FCSC,ANN_CNT,TNOEXP,_Z,_Z,891,2024,64582.00,,,,0
FCSA:DF_TRADE_COUNTRY_YR(5.1.0),AE,A,AED,FCSC,ANN_CNT,TTRADE,_Z,_Z,705,2017,492437144.97,,,,0
FCSA:DF_TRADE_COUNTRY_YR(5.1.0),AE,A,AED,FCSC,ANN_CNT,TTRADE,_Z,_Z,705,2018,590474631.56,,,,0
FCSA:DF_TRADE_COUNTRY_YR(5.1.0),AE,A,AED,FCSC,ANN_CNT,TTRADE,_Z,_Z,705,2019,565969313.13,,,,0
FCSA:DF_TRADE_COUNTRY_YR(5.1.0),AE,A,AED,FCSC,ANN_CNT,TTRADE,_Z,_Z,705,2020,521125859.36,,,,0
FCSA:DF_TRADE_COUNTRY_YR(5.1.0),AE,A,AED,FCSC,ANN_CNT,TTRADE,_Z,_Z,705,2021,636085300.88,,,,0
FCSA:DF_TRADE_COUNTRY_YR(5.1.0),AE,A,AED,FCSC,ANN_CNT,TTRADE,_Z,_Z,705,2022,805157781.52,,,,0
FCSA:DF_TRADE_COUNTRY_YR(5.1.0),AE,A,AED,FCSC,ANN_CNT,TTRADE,_Z,_Z,705,2023,1144942224.42,,,,0
FCSA:DF_TRADE_COUNTRY_YR(5.1.0),AE,A,AED,FCSC,ANN_CNT,TTRADE,_Z,_Z,705,2024,818275052.64,,,,0
FCSA:DF_TRADE_COUNTRY_YR(5.1.0),AE,A,AED,FCSC,ANN_CNT,TNOEXP,_Z,_Z,226,2017,63621997.23,,,,0
FCSA:DF_TRADE_COUNTRY_YR(5.1.0),AE,A,AED,FCSC,ANN_CNT,TNOEXP,_Z,_Z,226,2018,78645679.86,,,,0
FCSA:DF_TRADE_COUNTRY_YR(5.1.0),AE,A,AED,FCSC,ANN_CNT,TNOEXP,_Z,_Z,226,2019,189915209.78,,,,0
FCSA:DF_TRADE_COUNTRY_YR(5.1.0),AE,A,AED,FCSC,ANN_CNT,TNOEXP,_Z,_Z,226,2020,106691047.45,,,,0
FCSA:DF_TRADE_COUNTRY_YR(5.1.0),AE,A,AED,FCSC,ANN_CNT,TNOEXP,_Z,_Z,226,2021,95404503.93,,,,0
FCSA:DF_TRADE_COUNTRY_YR(5.1.0),AE,A,AED,FCSC,ANN_CNT,TNOEXP,_Z,_Z,226,2022,88767213.20,,,,0
FCSA:DF_TRADE_COUNTRY_YR(5.1.0),AE,A,AED,FCSC,ANN_CNT,TNOEXP,_Z,_Z,226,2023,113578985.32,,,,0
FCSA:DF_TRADE_COUNTRY_YR(5.1.0),AE,A,AED,FCSC,ANN_CNT,TNOEXP,_Z,_Z,226,2024,134179376.73,,,,0
FCSA:DF_TRADE_COUNTRY_YR(5.1.0),AE,A,AED,FCSC,ANN_CNT,REEXP,_Z,_Z,446,2017,959020.13,,,,0
FCSA:DF_TRADE_COUNTRY_YR(5.1.0),AE,A,AED,FCSC,ANN_CNT,REEXP,_Z,_Z,446,2018,6366706.44,,,,0
FCSA:DF_TRADE_COUNTRY_YR(5.1.0),AE,A,AED,FCSC,ANN_CNT,REEXP,_Z,_Z,446,2019,2193732.62,,,,0
FCSA:DF_TRADE_COUNTRY_YR(5.1.0),AE,A,AED,FCSC,ANN_CNT,REEXP,_Z,_Z,446,2020,6857173.28,,,,0
FCSA:DF_TRADE_COUNTRY_YR(5.1.0),AE,A,AED,FCSC,ANN_CNT,REEXP,_Z,_Z,446,2021,221988925.52,,,,0
FCSA:DF_TRADE_COUNTRY_YR(5.1.0),AE,A,AED,FCSC,ANN_CNT,REEXP,_Z,_Z,446,2022,93412303.65,,,,0
FCSA:DF_TRADE_COUNTRY_YR(5.1.0),AE,A,AED,FCSC,ANN_CNT,REEXP,_Z,_Z,446,2023,41323288.35,,,,0
FCSA:DF_TRADE_COUNTRY_YR(5.1.0),AE,A,AED,FCSC,ANN_CNT,REEXP,_Z,_Z,446,2024,20812500.02,,,,0
FCSA:DF_TRADE_COUNTRY_YR(5.1.0),AE,A,AED,FCSC,ANN_CNT,TNOEXP,_Z,_Z,242,2017,14693097.31,,,,0
FCSA:DF_TRADE_COUNTRY_YR(5.1.0),AE,A,AED,FCSC,ANN_CNT,TNOEXP,_Z,_Z,242,2018,36937534.16,,,,0
FCSA:DF_TRADE_COUNTRY_YR(5.1.0),AE,A,AED,FCSC,ANN_CNT,TNOEXP,_Z,_Z,242,2019,17960432.13,,,,0
FCSA:DF_TRADE_COUNTRY_YR(5.1.0),AE,A,AED,FCSC,ANN_CNT,TNOEXP,_Z,_Z,242,2020,26492027.76,,,,0
FCSA:DF_TRADE_COUNTRY_YR(5.1.0),AE,A,AED,FCSC,ANN_CNT,TNOEXP,_Z,_Z,242,2021,28862678.17,,,,0
FCSA:DF_TRADE_COUNTRY_YR(5.1.0),AE,A,AED,FCSC,ANN_CNT,TNOEXP,_Z,_Z,242,2022,40836627.11,,,,0
FCSA:DF_TRADE_COUNTRY_YR(5.1.0),AE,A,AED,FCSC,ANN_CNT,TNOEXP,_Z,_Z,242,2023,47705021.72,,,,0
FCSA:DF_TRADE_COUNTRY_YR(5.1.0),AE,A,AED,FCSC,ANN_CNT,TNOEXP,_Z,_Z,242,2024,36254587.33,,,,0
FCSA:DF_TRADE_COUNTRY_YR(5.1.0),AE,A,AED,FCSC,ANN_CNT,IMP,_Z,_Z,570,2018,1202.57,,,,0
FCSA:DF_TRADE_COUNTRY_YR(5.1.0),AE,A,AED,FCSC,ANN_CNT,IMP,_Z,_Z,570,2019,15682.00,,,,0
FCSA:DF_TRADE_COUNTRY_YR(5.1.0),AE,A,AED,FCSC,ANN_CNT,IMP,_Z,_Z,570,2021,15535.39,,,,0
FCSA:DF_TRADE_COUNTRY_YR(5.1.0),AE,A,AED,FCSC,ANN_CNT,IMP,_Z,_Z,570,2022,22226.00,,,,0
FCSA:DF_TRADE_COUNTRY_YR(5.1.0),AE,A,AED,FCSC,ANN_CNT,IMP,_Z,_Z,570,2023,549.65,,,,0
FCSA:DF_TRADE_COUNTRY_YR(5.1.0),AE,A,AED,FCSC,ANN_CNT,IMP,_Z,_Z,570,2024,3427.59,,,,0
FCSA:DF_TRADE_COUNTRY_YR(5.1.0),AE,A,AED,FCSC,ANN_CNT,TNOEXP,_Z,_Z,262,2017,1586015100.38,,,,0
FCSA:DF_TRADE_COUNTRY_YR(5.1.0),AE,A,AED,FCSC,ANN_CNT,TNOEXP,_Z,_Z,262,2018,3938125533.76,,,,0
FCSA:DF_TRADE_COUNTRY_YR(5.1.0),AE,A,AED,FCSC,ANN_CNT,TNOEXP,_Z,_Z,262,2019,2893398948.85,,,,0
FCSA:DF_TRADE_COUNTRY_YR(5.1.0),AE,A,AED,FCSC,ANN_CNT,TNOEXP,_Z,_Z,262,2020,2768905243.37,,,,0
FCSA:DF_TRADE_COUNTRY_YR(5.1.0),AE,A,AED,FCSC,ANN_CNT,TNOEXP,_Z,_Z,262,2021,3775214596.94,,,,0
FCSA:DF_TRADE_COUNTRY_YR(5.1.0),AE,A,AED,FCSC,ANN_CNT,TNOEXP,_Z,_Z,262,2022,6361235484.39,,,,0
FCSA:DF_TRADE_COUNTRY_YR(5.1.0),AE,A,AED,FCSC,ANN_CNT,TNOEXP,_Z,_Z,262,2023,5200936163.40,,,,0
FCSA:DF_TRADE_COUNTRY_YR(5.1.0),AE,A,AED,FCSC,ANN_CNT,TNOEXP,_Z,_Z,262,2024,6104296364.48,,,,0
FCSA:DF_TRADE_COUNTRY_YR(5.1.0),AE,A,AED,FCSC,ANN_CNT,REEXP,_Z,_Z,348,2017,89764116.41,,,,0
FCSA:DF_TRADE_COUNTRY_YR(5.1.0),AE,A,AED,FCSC,ANN_CNT,REEXP,_Z,_Z,348,2018,154448085.29,,,,0
FCSA:DF_TRADE_COUNTRY_YR(5.1.0),AE,A,AED,FCSC,ANN_CNT,REEXP,_Z,_Z,348,2019,280515075.39,,,,0
FCSA:DF_TRADE_COUNTRY_YR(5.1.0),AE,A,AED,FCSC,ANN_CNT,REEXP,_Z,_Z,348,2020,179520767.71,,,,0
FCSA:DF_TRADE_COUNTRY_YR(5.1.0),AE,A,AED,FCSC,ANN_CNT,REEXP,_Z,_Z,348,2021,282210302.50,,,,0
FCSA:DF_TRADE_COUNTRY_YR(5.1.0),AE,A,AED,FCSC,ANN_CNT,REEXP,_Z,_Z,348,2022,415511304.90,,,,0
FCSA:DF_TRADE_COUNTRY_YR(5.1.0),AE,A,AED,FCSC,ANN_CNT,REEXP,_Z,_Z,348,2023,770957385.00,,,,0
FCSA:DF_TRADE_COUNTRY_YR(5.1.0),AE,A,AED,FCSC,ANN_CNT,REEXP,_Z,_Z,348,2024,378845562.73,,,,0
FCSA:DF_TRADE_COUNTRY_YR(5.1.0),AE,A,AED,FCSC,ANN_CNT,IMP,_Z,_Z,24,2017,4407690549.99,,,,0
FCSA:DF_TRADE_COUNTRY_YR(5.1.0),AE,A,AED,FCSC,ANN_CNT,IMP,_Z,_Z,24,2018,5763964234.12,,,,0
FCSA:DF_TRADE_COUNTRY_YR(5.1.0),AE,A,AED,FCSC,ANN_CNT,IMP,_Z,_Z,24,2019,4753344911.99,,,,0
FCSA:DF_TRADE_COUNTRY_YR(5.1.0),AE,A,AED,FCSC,ANN_CNT,IMP,_Z,_Z,24,2020,3739543386.83,,,,0
FCSA:DF_TRADE_COUNTRY_YR(5.1.0),AE,A,AED,FCSC,ANN_CNT,IMP,_Z,_Z,24,2021,6190739506.44,,,,0
FCSA:DF_TRADE_COUNTRY_YR(5.1.0),AE,A,AED,FCSC,ANN_CNT,IMP,_Z,_Z,24,2022,7311893794.13,,,,0
FCSA:DF_TRADE_COUNTRY_YR(5.1.0),AE,A,AED,FCSC,ANN_CNT,IMP,_Z,_Z,24,2023,5825415146.54,,,,0
FCSA:DF_TRADE_COUNTRY_YR(5.1.0),AE,A,AED,FCSC,ANN_CNT,IMP,_Z,_Z,24,2024,6438300612.79,,,,0
FCSA:DF_TRADE_COUNTRY_YR(5.1.0),AE,A,AED,FCSC,ANN_CNT,TTRADE,_Z,_Z,604,2017,2500166665.13,,,,0
FCSA:DF_TRADE_COUNTRY_YR(5.1.0),AE,A,AED,FCSC,ANN_CNT,TTRADE,_Z,_Z,604,2018,1828872216.18,,,,0
FCSA:DF_TRADE_COUNTRY_YR(5.1.0),AE,A,AED,FCSC,ANN_CNT,TTRADE,_Z,_Z,604,2019,4077444922.96,,,,0
FCSA:DF_TRADE_COUNTRY_YR(5.1.0),AE,A,AED,FCSC,ANN_CNT,TTRADE,_Z,_Z,604,2020,4414073626.47,,,,0
FCSA:DF_TRADE_COUNTRY_YR(5.1.0),AE,A,AED,FCSC,ANN_CNT,TTRADE,_Z,_Z,604,2021,3488945262.29,,,,0
FCSA:DF_TRADE_COUNTRY_YR(5.1.0),AE,A,AED,FCSC,ANN_CNT,TTRADE,_Z,_Z,604,2022,2956439987.76,,,,0
FCSA:DF_TRADE_COUNTRY_YR(5.1.0),AE,A,AED,FCSC,ANN_CNT,TTRADE,_Z,_Z,604,2023,4477926736.89,,,,0
FCSA:DF_TRADE_COUNTRY_YR(5.1.0),AE,A,AED,FCSC,ANN_CNT,TTRADE,_Z,_Z,604,2024,8397099757.47,,,,0
FCSA:DF_TRADE_COUNTRY_YR(5.1.0),AE,A,AED,FCSC,ANN_CNT,TNOEXP,_Z,_Z,254,2017,1862681.66,,,,0
FCSA:DF_TRADE_COUNTRY_YR(5.1.0),AE,A,AED,FCSC,ANN_CNT,TNOEXP,_Z,_Z,254,2018,6665615.88,,,,0
FCSA:DF_TRADE_COUNTRY_YR(5.1.0),AE,A,AED,FCSC,ANN_CNT,TNOEXP,_Z,_Z,254,2019,1934564.44,,,,0
FCSA:DF_TRADE_COUNTRY_YR(5.1.0),AE,A,AED,FCSC,ANN_CNT,TNOEXP,_Z,_Z,254,2020,790249.90,,,,0
FCSA:DF_TRADE_COUNTRY_YR(5.1.0),AE,A,AED,FCSC,ANN_CNT,TNOEXP,_Z,_Z,254,2021,1131715.42,,,,0
FCSA:DF_TRADE_COUNTRY_YR(5.1.0),AE,A,AED,FCSC,ANN_CNT,TNOEXP,_Z,_Z,254,2022,872562.35,,,,0
FCSA:DF_TRADE_COUNTRY_YR(5.1.0),AE,A,AED,FCSC,ANN_CNT,TNOEXP,_Z,_Z,254,2023,3665703.99,,,,0
FCSA:DF_TRADE_COUNTRY_YR(5.1.0),AE,A,AED,FCSC,ANN_CNT,TNOEXP,_Z,_Z,254,2024,3719525.13,,,,0
FCSA:DF_TRADE_COUNTRY_YR(5.1.0),AE,A,AED,FCSC,ANN_CNT,TNOEXP,_Z,_Z,732,2017,453334.39,,,,0
FCSA:DF_TRADE_COUNTRY_YR(5.1.0),AE,A,AED,FCSC,ANN_CNT,TNOEXP,_Z,_Z,732,2018,453987.88,,,,0
FCSA:DF_TRADE_COUNTRY_YR(5.1.0),AE,A,AED,FCSC,ANN_CNT,TNOEXP,_Z,_Z,732,2019,296805.15,,,,0
FCSA:DF_TRADE_COUNTRY_YR(5.1.0),AE,A,AED,FCSC,ANN_CNT,TNOEXP,_Z,_Z,732,2020,372773.30,,,,0
FCSA:DF_TRADE_COUNTRY_YR(5.1.0),AE,A,AED,FCSC,ANN_CNT,TNOEXP,_Z,_Z,732,2021,623823.00,,,,0
FCSA:DF_TRADE_COUNTRY_YR(5.1.0),AE,A,AED,FCSC,ANN_CNT,TNOEXP,_Z,_Z,732,2022,216291.62,,,,0
FCSA:DF_TRADE_COUNTRY_YR(5.1.0),AE,A,AED,FCSC,ANN_CNT,TNOEXP,_Z,_Z,732,2023,0.00,,,,0
FCSA:DF_TRADE_COUNTRY_YR(5.1.0),AE,A,AED,FCSC,ANN_CNT,TNOEXP,_Z,_Z,732,2024,592106.08,,,,0
FCSA:DF_TRADE_COUNTRY_YR(5.1.0),AE,A,AED,FCSC,ANN_CNT,NOEXP,_Z,_Z,10,2017,0.00,,,,0
FCSA:DF_TRADE_COUNTRY_YR(5.1.0),AE,A,AED,FCSC,ANN_CNT,NOEXP,_Z,_Z,10,2018,0.00,,,,0
FCSA:DF_TRADE_COUNTRY_YR(5.1.0),AE,A,AED,FCSC,ANN_CNT,NOEXP,_Z,_Z,10,2019,0.00,,,,0
FCSA:DF_TRADE_COUNTRY_YR(5.1.0),AE,A,AED,FCSC,ANN_CNT,NOEXP,_Z,_Z,10,2020,0.00,,,,0
FCSA:DF_TRADE_COUNTRY_YR(5.1.0),AE,A,AED,FCSC,ANN_CNT,NOEXP,_Z,_Z,10,2021,0.00,,,,0
FCSA:DF_TRADE_COUNTRY_YR(5.1.0),AE,A,AED,FCSC,ANN_CNT,NOEXP,_Z,_Z,10,2022,0.00,,,,0
FCSA:DF_TRADE_COUNTRY_YR(5.1.0),AE,A,AED,FCSC,ANN_CNT,NOEXP,_Z,_Z,10,2023,0.00,,,,0
FCSA:DF_TRADE_COUNTRY_YR(5.1.0),AE,A,AED,FCSC,ANN_CNT,NOEXP,_Z,_Z,10,2024,0.00,,,,0
FCSA:DF_TRADE_COUNTRY_YR(5.1.0),AE,A,AED,FCSC,ANN_CNT,IMP,_Z,_Z,248,2020,192412.94,,,,0
FCSA:DF_TRADE_COUNTRY_YR(5.1.0),AE,A,AED,FCSC,ANN_CNT,IMP,_Z,_Z,248,2021,98889.13,,,,0
FCSA:DF_TRADE_COUNTRY_YR(5.1.0),AE,A,AED,FCSC,ANN_CNT,IMP,_Z,_Z,248,2022,77146.27,,,,0
FCSA:DF_TRADE_COUNTRY_YR(5.1.0),AE,A,AED,FCSC,ANN_CNT,IMP,_Z,_Z,248,2023,44722.75,,,,0
FCSA:DF_TRADE_COUNTRY_YR(5.1.0),AE,A,AED,FCSC,ANN_CNT,IMP,_Z,_Z,248,2024,16415.43,,,,0
FCSA:DF_TRADE_COUNTRY_YR(5.1.0),AE,A,AED,FCSC,ANN_CNT,REEXP,_Z,_Z,410,2017,992409387.59,,,,0
FCSA:DF_TRADE_COUNTRY_YR(5.1.0),AE,A,AED,FCSC,ANN_CNT,REEXP,_Z,_Z,410,2018,515320025.03,,,,0
FCSA:DF_TRADE_COUNTRY_YR(5.1.0),AE,A,AED,FCSC,ANN_CNT,REEXP,_Z,_Z,410,2019,1606437640.70,,,,0
FCSA:DF_TRADE_COUNTRY_YR(5.1.0),AE,A,AED,FCSC,ANN_CNT,REEXP,_Z,_Z,410,2020,1062174255.49,,,,0
FCSA:DF_TRADE_COUNTRY_YR(5.1.0),AE,A,AED,FCSC,ANN_CNT,REEXP,_Z,_Z,410,2021,1571896422.05,,,,0
FCSA:DF_TRADE_COUNTRY_YR(5.1.0),AE,A,AED,FCSC,ANN_CNT,REEXP,_Z,_Z,410,2022,1621579265.90,,,,0
FCSA:DF_TRADE_COUNTRY_YR(5.1.0),AE,A,AED,FCSC,ANN_CNT,REEXP,_Z,_Z,410,2023,1443263270.77,,,,0
FCSA:DF_TRADE_COUNTRY_YR(5.1.0),AE,A,AED,FCSC,ANN_CNT,REEXP,_Z,_Z,410,2024,905793304.27,,,,0
FCSA:DF_TRADE_COUNTRY_YR(5.1.0),AE,A,AED,FCSC,ANN_CNT,TNOEXP,_Z,_Z,686,2017,1653238534.56,,,,0
FCSA:DF_TRADE_COUNTRY_YR(5.1.0),AE,A,AED,FCSC,ANN_CNT,TNOEXP,_Z,_Z,686,2018,1675051130.25,,,,0
FCSA:DF_TRADE_COUNTRY_YR(5.1.0),AE,A,AED,FCSC,ANN_CNT,TNOEXP,_Z,_Z,686,2019,1705193660.91,,,,0
FCSA:DF_TRADE_COUNTRY_YR(5.1.0),AE,A,AED,FCSC,ANN_CNT,TNOEXP,_Z,_Z,686,2020,1858754442.67,,,,0
FCSA:DF_TRADE_COUNTRY_YR(5.1.0),AE,A,AED,FCSC,ANN_CNT,TNOEXP,_Z,_Z,686,2021,2543001304.23,,,,0
FCSA:DF_TRADE_COUNTRY_YR(5.1.0),AE,A,AED,FCSC,ANN_CNT,TNOEXP,_Z,_Z,686,2022,2395750863.89,,,,0
FCSA:DF_TRADE_COUNTRY_YR(5.1.0),AE,A,AED,FCSC,ANN_CNT,TNOEXP,_Z,_Z,686,2023,2660200555.86,,,,0
FCSA:DF_TRADE_COUNTRY_YR(5.1.0),AE,A,AED,FCSC,ANN_CNT,TNOEXP,_Z,_Z,686,2024,2631416743.48,,,,0
FCSA:DF_TRADE_COUNTRY_YR(5.1.0),AE,A,AED,FCSC,ANN_CNT,NOEXP,_Z,_Z,100,2017,58378975.21,,,,0
FCSA:DF_TRADE_COUNTRY_YR(5.1.0),AE,A,AED,FCSC,ANN_CNT,NOEXP,_Z,_Z,100,2018,49520681.13,,,,0
FCSA:DF_TRADE_COUNTRY_YR(5.1.0),AE,A,AED,FCSC,ANN_CNT,NOEXP,_Z,_Z,100,2019,71900622.92,,,,0
FCSA:DF_TRADE_COUNTRY_YR(5.1.0),AE,A,AED,FCSC,ANN_CNT,NOEXP,_Z,_Z,100,2020,47585068.27,,,,0
FCSA:DF_TRADE_COUNTRY_YR(5.1.0),AE,A,AED,FCSC,ANN_CNT,NOEXP,_Z,_Z,100,2021,65825431.41,,,,0
FCSA:DF_TRADE_COUNTRY_YR(5.1.0),AE,A,AED,FCSC,ANN_CNT,NOEXP,_Z,_Z,100,2022,87376112.43,,,,0
FCSA:DF_TRADE_COUNTRY_YR(5.1.0),AE,A,AED,FCSC,ANN_CNT,NOEXP,_Z,_Z,100,2023,82152401.64,,,,0
FCSA:DF_TRADE_COUNTRY_YR(5.1.0),AE,A,AED,FCSC,ANN_CNT,NOEXP,_Z,_Z,100,2024,61176532.81,,,,0
FCSA:DF_TRADE_COUNTRY_YR(5.1.0),AE,A,AED,FCSC,ANN_CNT,TTRADE,_Z,_Z,470,2017,125106347.73,,,,0
FCSA:DF_TRADE_COUNTRY_YR(5.1.0),AE,A,AED,FCSC,ANN_CNT,TTRADE,_Z,_Z,470,2018,161795217.10,,,,0
FCSA:DF_TRADE_COUNTRY_YR(5.1.0),AE,A,AED,FCSC,ANN_CNT,TTRADE,_Z,_Z,470,2019,805602681.27,,,,0
FCSA:DF_TRADE_COUNTRY_YR(5.1.0),AE,A,AED,FCSC,ANN_CNT,TTRADE,_Z,_Z,470,2020,515913106.91,,,,0
FCSA:DF_TRADE_COUNTRY_YR(5.1.0),AE,A,AED,FCSC,ANN_CNT,TTRADE,_Z,_Z,470,2021,450675422.80,,,,0
FCSA:DF_TRADE_COUNTRY_YR(5.1.0),AE,A,AED,FCSC,ANN_CNT,TTRADE,_Z,_Z,470,2022,160779097.36,,,,0
FCSA:DF_TRADE_COUNTRY_YR(5.1.0),AE,A,AED,FCSC,ANN_CNT,TTRADE,_Z,_Z,470,2023,378154555.89,,,,0
FCSA:DF_TRADE_COUNTRY_YR(5.1.0),AE,A,AED,FCSC,ANN_CNT,TTRADE,_Z,_Z,470,2024,901951547.00,,,,0
FCSA:DF_TRADE_COUNTRY_YR(5.1.0),AE,A,AED,FCSC,ANN_CNT,IMP,_Z,_Z,740,2017,398076755.87,,,,0
FCSA:DF_TRADE_COUNTRY_YR(5.1.0),AE,A,AED,FCSC,ANN_CNT,IMP,_Z,_Z,740,2018,1465760919.91,,,,0
FCSA:DF_TRADE_COUNTRY_YR(5.1.0),AE,A,AED,FCSC,ANN_CNT,IMP,_Z,_Z,740,2019,3797481455.10,,,,0
FCSA:DF_TRADE_COUNTRY_YR(5.1.0),AE,A,AED,FCSC,ANN_CNT,IMP,_Z,_Z,740,2020,2586033287.88,,,,0
FCSA:DF_TRADE_COUNTRY_YR(5.1.0),AE,A,AED,FCSC,ANN_CNT,IMP,_Z,_Z,740,2021,2384416577.87,,,,0
FCSA:DF_TRADE_COUNTRY_YR(5.1.0),AE,A,AED,FCSC,ANN_CNT,IMP,_Z,_Z,740,2022,2269720570.43,,,,0
FCSA:DF_TRADE_COUNTRY_YR(5.1.0),AE,A,AED,FCSC,ANN_CNT,IMP,_Z,_Z,740,2023,2391553956.68,,,,0
FCSA:DF_TRADE_COUNTRY_YR(5.1.0),AE,A,AED,FCSC,ANN_CNT,IMP,_Z,_Z,740,2024,2924738417.46,,,,0
FCSA:DF_TRADE_COUNTRY_YR(5.1.0),AE,A,AED,FCSC,ANN_CNT,IMP,_Z,_Z,492,2017,5776713.67,,,,0
FCSA:DF_TRADE_COUNTRY_YR(5.1.0),AE,A,AED,FCSC,ANN_CNT,IMP,_Z,_Z,492,2018,6631536.87,,,,0
FCSA:DF_TRADE_COUNTRY_YR(5.1.0),AE,A,AED,FCSC,ANN_CNT,IMP,_Z,_Z,492,2019,5488793.38,,,,0
FCSA:DF_TRADE_COUNTRY_YR(5.1.0),AE,A,AED,FCSC,ANN_CNT,IMP,_Z,_Z,492,2020,4892508.52,,,,0
FCSA:DF_TRADE_COUNTRY_YR(5.1.0),AE,A,AED,FCSC,ANN_CNT,IMP,_Z,_Z,492,2021,7653654.15,,,,0
FCSA:DF_TRADE_COUNTRY_YR(5.1.0),AE,A,AED,FCSC,ANN_CNT,IMP,_Z,_Z,492,2022,7407820.00,,,,0
FCSA:DF_TRADE_COUNTRY_YR(5.1.0),AE,A,AED,FCSC,ANN_CNT,IMP,_Z,_Z,492,2023,6509952.22,,,,0
FCSA:DF_TRADE_COUNTRY_YR(5.1.0),AE,A,AED,FCSC,ANN_CNT,IMP,_Z,_Z,492,2024,9478441.54,,,,0
FCSA:DF_TRADE_COUNTRY_YR(5.1.0),AE,A,AED,FCSC,ANN_CNT,IMP,_Z,_Z,68,2017,1507616857.90,,,,0
FCSA:DF_TRADE_COUNTRY_YR(5.1.0),AE,A,AED,FCSC,ANN_CNT,IMP,_Z,_Z,68,2018,1426992776.06,,,,0
FCSA:DF_TRADE_COUNTRY_YR(5.1.0),AE,A,AED,FCSC,ANN_CNT,IMP,_Z,_Z,68,2019,3490484464.77,,,,0
FCSA:DF_TRADE_COUNTRY_YR(5.1.0),AE,A,AED,FCSC,ANN_CNT,IMP,_Z,_Z,68,2020,2012854020.78,,,,0
FCSA:DF_TRADE_COUNTRY_YR(5.1.0),AE,A,AED,FCSC,ANN_CNT,IMP,_Z,_Z,68,2021,1617513975.06,,,,0
FCSA:DF_TRADE_COUNTRY_YR(5.1.0),AE,A,AED,FCSC,ANN_CNT,IMP,_Z,_Z,68,2022,2188135879.22,,,,0
FCSA:DF_TRADE_COUNTRY_YR(5.1.0),AE,A,AED,FCSC,ANN_CNT,IMP,_Z,_Z,68,2023,3393227788.73,,,,0
FCSA:DF_TRADE_COUNTRY_YR(5.1.0),AE,A,AED,FCSC,ANN_CNT,IMP,_Z,_Z,68,2024,1935435688.17,,,,0
FCSA:DF_TRADE_COUNTRY_YR(5.1.0),AE,A,AED,FCSC,ANN_CNT,TNOEXP,_Z,_Z,136,2017,405560.33,,,,0
FCSA:DF_TRADE_COUNTRY_YR(5.1.0),AE,A,AED,FCSC,ANN_CNT,TNOEXP,_Z,_Z,136,2018,924274.72,,,,0
FCSA:DF_TRADE_COUNTRY_YR(5.1.0),AE,A,AED,FCSC,ANN_CNT,TNOEXP,_Z,_Z,136,2019,1182084.25,,,,0
FCSA:DF_TRADE_COUNTRY_YR(5.1.0),AE,A,AED,FCSC,ANN_CNT,TNOEXP,_Z,_Z,136,2020,3328303.75,,,,0
FCSA:DF_TRADE_COUNTRY_YR(5.1.0),AE,A,AED,FCSC,ANN_CNT,TNOEXP,_Z,_Z,136,2021,686629.29,,,,0
FCSA:DF_TRADE_COUNTRY_YR(5.1.0),AE,A,AED,FCSC,ANN_CNT,TNOEXP,_Z,_Z,136,2022,1327887.12,,,,0
FCSA:DF_TRADE_COUNTRY_YR(5.1.0),AE,A,AED,FCSC,ANN_CNT,TNOEXP,_Z,_Z,136,2023,2062351.54,,,,0
FCSA:DF_TRADE_COUNTRY_YR(5.1.0),AE,A,AED,FCSC,ANN_CNT,TNOEXP,_Z,_Z,136,2024,21859109.16,,,,0
FCSA:DF_TRADE_COUNTRY_YR(5.1.0),AE,A,AED,FCSC,ANN_CNT,TTRADE,_Z,_Z,296,2017,974839.23,,,,0
FCSA:DF_TRADE_COUNTRY_YR(5.1.0),AE,A,AED,FCSC,ANN_CNT,TTRADE,_Z,_Z,296,2018,87818.78,,,,0
FCSA:DF_TRADE_COUNTRY_YR(5.1.0),AE,A,AED,FCSC,ANN_CNT,TTRADE,_Z,_Z,296,2019,483243.50,,,,0
FCSA:DF_TRADE_COUNTRY_YR(5.1.0),AE,A,AED,FCSC,ANN_CNT,TTRADE,_Z,_Z,296,2020,750848.88,,,,0
FCSA:DF_TRADE_COUNTRY_YR(5.1.0),AE,A,AED,FCSC,ANN_CNT,TTRADE,_Z,_Z,296,2021,899477.74,,,,0
FCSA:DF_TRADE_COUNTRY_YR(5.1.0),AE,A,AED,FCSC,ANN_CNT,TTRADE,_Z,_Z,296,2022,1406980.90,,,,0
FCSA:DF_TRADE_COUNTRY_YR(5.1.0),AE,A,AED,FCSC,ANN_CNT,TTRADE,_Z,_Z,296,2023,6900151.56,,,,0
FCSA:DF_TRADE_COUNTRY_YR(5.1.0),AE,A,AED,FCSC,ANN_CNT,TTRADE,_Z,_Z,296,2024,2458288.12,,,,0
FCSA:DF_TRADE_COUNTRY_YR(5.1.0),AE,A,AED,FCSC,ANN_CNT,REEXP,_Z,_Z,876,2018,122420.11,,,,0
FCSA:DF_TRADE_COUNTRY_YR(5.1.0),AE,A,AED,FCSC,ANN_CNT,REEXP,_Z,_Z,876,2019,519284.34,,,,0
FCSA:DF_TRADE_COUNTRY_YR(5.1.0),AE,A,AED,FCSC,ANN_CNT,REEXP,_Z,_Z,876,2020,410491.62,,,,0
FCSA:DF_TRADE_COUNTRY_YR(5.1.0),AE,A,AED,FCSC,ANN_CNT,REEXP,_Z,_Z,876,2021,2785.82,,,,0
FCSA:DF_TRADE_COUNTRY_YR(5.1.0),AE,A,AED,FCSC,ANN_CNT,REEXP,_Z,_Z,876,2022,16652.78,,,,0
FCSA:DF_TRADE_COUNTRY_YR(5.1.0),AE,A,AED,FCSC,ANN_CNT,REEXP,_Z,_Z,876,2023,75164.70,,,,0
FCSA:DF_TRADE_COUNTRY_YR(5.1.0),AE,A,AED,FCSC,ANN_CNT,REEXP,_Z,_Z,876,2024,687573.67,,,,0
FCSA:DF_TRADE_COUNTRY_YR(5.1.0),AE,A,AED,FCSC,ANN_CNT,NOEXP,_Z,_Z,324,2017,520682973.74,,,,0
FCSA:DF_TRADE_COUNTRY_YR(5.1.0),AE,A,AED,FCSC,ANN_CNT,NOEXP,_Z,_Z,324,2018,592539574.59,,,,0
FCSA:DF_TRADE_COUNTRY_YR(5.1.0),AE,A,AED,FCSC,ANN_CNT,NOEXP,_Z,_Z,324,2019,542903467.81,,,,0
FCSA:DF_TRADE_COUNTRY_YR(5.1.0),AE,A,AED,FCSC,ANN_CNT,NOEXP,_Z,_Z,324,2020,622044989.04,,,,0
FCSA:DF_TRADE_COUNTRY_YR(5.1.0),AE,A,AED,FCSC,ANN_CNT,NOEXP,_Z,_Z,324,2021,462539831.65,,,,0
FCSA:DF_TRADE_COUNTRY_YR(5.1.0),AE,A,AED,FCSC,ANN_CNT,NOEXP,_Z,_Z,324,2022,465370704.60,,,,0
FCSA:DF_TRADE_COUNTRY_YR(5.1.0),AE,A,AED,FCSC,ANN_CNT,NOEXP,_Z,_Z,324,2023,498553233.75,,,,0
FCSA:DF_TRADE_COUNTRY_YR(5.1.0),AE,A,AED,FCSC,ANN_CNT,NOEXP,_Z,_Z,324,2024,1984396572.88,,,,0
FCSA:DF_TRADE_COUNTRY_YR(5.1.0),AE,A,AED,FCSC,ANN_CNT,REEXP,_Z,_Z,616,2017,472438396.91,,,,0
FCSA:DF_TRADE_COUNTRY_YR(5.1.0),AE,A,AED,FCSC,ANN_CNT,REEXP,_Z,_Z,616,2018,306169860.77,,,,0
FCSA:DF_TRADE_COUNTRY_YR(5.1.0),AE,A,AED,FCSC,ANN_CNT,REEXP,_Z,_Z,616,2019,232732033.81,,,,0
FCSA:DF_TRADE_COUNTRY_YR(5.1.0),AE,A,AED,FCSC,ANN_CNT,REEXP,_Z,_Z,616,2020,248037815.20,,,,0
FCSA:DF_TRADE_COUNTRY_YR(5.1.0),AE,A,AED,FCSC,ANN_CNT,REEXP,_Z,_Z,616,2021,414950287.08,,,,0
FCSA:DF_TRADE_COUNTRY_YR(5.1.0),AE,A,AED,FCSC,ANN_CNT,REEXP,_Z,_Z,616,2022,682662183.58,,,,0
FCSA:DF_TRADE_COUNTRY_YR(5.1.0),AE,A,AED,FCSC,ANN_CNT,REEXP,_Z,_Z,616,2023,706113364.93,,,,0
FCSA:DF_TRADE_COUNTRY_YR(5.1.0),AE,A,AED,FCSC,ANN_CNT,REEXP,_Z,_Z,616,2024,690233941.02,,,,0
FCSA:DF_TRADE_COUNTRY_YR(5.1.0),AE,A,AED,FCSC,ANN_CNT,TNOEXP,_Z,_Z,598,2017,26435182.23,,,,0
FCSA:DF_TRADE_COUNTRY_YR(5.1.0),AE,A,AED,FCSC,ANN_CNT,TNOEXP,_Z,_Z,598,2018,34647575.74,,,,0
FCSA:DF_TRADE_COUNTRY_YR(5.1.0),AE,A,AED,FCSC,ANN_CNT,TNOEXP,_Z,_Z,598,2019,35650070.23,,,,0
FCSA:DF_TRADE_COUNTRY_YR(5.1.0),AE,A,AED,FCSC,ANN_CNT,TNOEXP,_Z,_Z,598,2020,35572897.31,,,,0
FCSA:DF_TRADE_COUNTRY_YR(5.1.0),AE,A,AED,FCSC,ANN_CNT,TNOEXP,_Z,_Z,598,2021,58303792.98,,,,0
FCSA:DF_TRADE_COUNTRY_YR(5.1.0),AE,A,AED,FCSC,ANN_CNT,TNOEXP,_Z,_Z,598,2022,62438169.96,,,,0
FCSA:DF_TRADE_COUNTRY_YR(5.1.0),AE,A,AED,FCSC,ANN_CNT,TNOEXP,_Z,_Z,598,2023,35814192.96,,,,0
FCSA:DF_TRADE_COUNTRY_YR(5.1.0),AE,A,AED,FCSC,ANN_CNT,TNOEXP,_Z,_Z,598,2024,42459800.23,,,,0
FCSA:DF_TRADE_COUNTRY_YR(5.1.0),AE,A,AED,FCSC,ANN_CNT,IMP,_Z,_Z,140,2017,22924887.39,,,,0
FCSA:DF_TRADE_COUNTRY_YR(5.1.0),AE,A,AED,FCSC,ANN_CNT,IMP,_Z,_Z,140,2018,34073493.21,,,,0
FCSA:DF_TRADE_COUNTRY_YR(5.1.0),AE,A,AED,FCSC,ANN_CNT,IMP,_Z,_Z,140,2019,55216716.58,,,,0
FCSA:DF_TRADE_COUNTRY_YR(5.1.0),AE,A,AED,FCSC,ANN_CNT,IMP,_Z,_Z,140,2020,137023534.38,,,,0
FCSA:DF_TRADE_COUNTRY_YR(5.1.0),AE,A,AED,FCSC,ANN_CNT,IMP,_Z,_Z,140,2021,153243435.93,,,,0
FCSA:DF_TRADE_COUNTRY_YR(5.1.0),AE,A,AED,FCSC,ANN_CNT,IMP,_Z,_Z,140,2022,282845260.03,,,,0
FCSA:DF_TRADE_COUNTRY_YR(5.1.0),AE,A,AED,FCSC,ANN_CNT,IMP,_Z,_Z,140,2023,451292776.65,,,,0
FCSA:DF_TRADE_COUNTRY_YR(5.1.0),AE,A,AED,FCSC,ANN_CNT,IMP,_Z,_Z,140,2024,644589731.02,,,,0
FCSA:DF_TRADE_COUNTRY_YR(5.1.0),AE,A,AED,FCSC,ANN_CNT,IMP,_Z,_Z,663,2017,0.00,,,,0
FCSA:DF_TRADE_COUNTRY_YR(5.1.0),AE,A,AED,FCSC,ANN_CNT,IMP,_Z,_Z,663,2018,0.00,,,,0
FCSA:DF_TRADE_COUNTRY_YR(5.1.0),AE,A,AED,FCSC,ANN_CNT,IMP,_Z,_Z,663,2019,0.00,,,,0
FCSA:DF_TRADE_COUNTRY_YR(5.1.0),AE,A,AED,FCSC,ANN_CNT,IMP,_Z,_Z,663,2020,15116.18,,,,0
FCSA:DF_TRADE_COUNTRY_YR(5.1.0),AE,A,AED,FCSC,ANN_CNT,IMP,_Z,_Z,663,2021,0.00,,,,0
FCSA:DF_TRADE_COUNTRY_YR(5.1.0),AE,A,AED,FCSC,ANN_CNT,IMP,_Z,_Z,663,2022,0.00,,,,0
FCSA:DF_TRADE_COUNTRY_YR(5.1.0),AE,A,AED,FCSC,ANN_CNT,IMP,_Z,_Z,663,2023,10497.79,,,,0
FCSA:DF_TRADE_COUNTRY_YR(5.1.0),AE,A,AED,FCSC,ANN_CNT,IMP,_Z,_Z,663,2024,613629.43,,,,0
FCSA:DF_TRADE_COUNTRY_YR(5.1.0),AE,A,AED,FCSC,ANN_CNT,TNOEXP,_Z,_Z,586,2017,9482169348.81,,,,0
FCSA:DF_TRADE_COUNTRY_YR(5.1.0),AE,A,AED,FCSC,ANN_CNT,TNOEXP,_Z,_Z,586,2018,9019470035.97,,,,0
FCSA:DF_TRADE_COUNTRY_YR(5.1.0),AE,A,AED,FCSC,ANN_CNT,TNOEXP,_Z,_Z,586,2019,12788447245.26,,,,0
FCSA:DF_TRADE_COUNTRY_YR(5.1.0),AE,A,AED,FCSC,ANN_CNT,TNOEXP,_Z,_Z,586,2020,12715606733.50,,,,0
FCSA:DF_TRADE_COUNTRY_YR(5.1.0),AE,A,AED,FCSC,ANN_CNT,TNOEXP,_Z,_Z,586,2021,15590443794.47,,,,0
FCSA:DF_TRADE_COUNTRY_YR(5.1.0),AE,A,AED,FCSC,ANN_CNT,TNOEXP,_Z,_Z,586,2022,15522423383.99,,,,0
FCSA:DF_TRADE_COUNTRY_YR(5.1.0),AE,A,AED,FCSC,ANN_CNT,TNOEXP,_Z,_Z,586,2023,15658339272.97,,,,0
FCSA:DF_TRADE_COUNTRY_YR(5.1.0),AE,A,AED,FCSC,ANN_CNT,TNOEXP,_Z,_Z,586,2024,14844468386.73,,,,0
FCSA:DF_TRADE_COUNTRY_YR(5.1.0),AE,A,AED,FCSC,ANN_CNT,IMP,_Z,_Z,643,2017,6337649859.74,,,,0
FCSA:DF_TRADE_COUNTRY_YR(5.1.0),AE,A,AED,FCSC,ANN_CNT,IMP,_Z,_Z,643,2018,7905457459.58,,,,0
FCSA:DF_TRADE_COUNTRY_YR(5.1.0),AE,A,AED,FCSC,ANN_CNT,IMP,_Z,_Z,643,2019,10262485241.62,,,,0
FCSA:DF_TRADE_COUNTRY_YR(5.1.0),AE,A,AED,FCSC,ANN_CNT,IMP,_Z,_Z,643,2020,7134719624.03,,,,0
FCSA:DF_TRADE_COUNTRY_YR(5.1.0),AE,A,AED,FCSC,ANN_CNT,IMP,_Z,_Z,643,2021,13623843680.32,,,,0
FCSA:DF_TRADE_COUNTRY_YR(5.1.0),AE,A,AED,FCSC,ANN_CNT,IMP,_Z,_Z,643,2022,30076336614.62,,,,0
FCSA:DF_TRADE_COUNTRY_YR(5.1.0),AE,A,AED,FCSC,ANN_CNT,IMP,_Z,_Z,643,2023,23677304502.23,,,,0
FCSA:DF_TRADE_COUNTRY_YR(5.1.0),AE,A,AED,FCSC,ANN_CNT,IMP,_Z,_Z,643,2024,25893370267.46,,,,0
FCSA:DF_TRADE_COUNTRY_YR(5.1.0),AE,A,AED,FCSC,ANN_CNT,TTRADE,_Z,_Z,554,2017,2769389218.41,,,,0
FCSA:DF_TRADE_COUNTRY_YR(5.1.0),AE,A,AED,FCSC,ANN_CNT,TTRADE,_Z,_Z,554,2018,2686992453.85,,,,0
FCSA:DF_TRADE_COUNTRY_YR(5.1.0),AE,A,AED,FCSC,ANN_CNT,TTRADE,_Z,_Z,554,2019,2433003387.04,,,,0
FCSA:DF_TRADE_COUNTRY_YR(5.1.0),AE,A,AED,FCSC,ANN_CNT,TTRADE,_Z,_Z,554,2020,2417679747.39,,,,0
FCSA:DF_TRADE_COUNTRY_YR(5.1.0),AE,A,AED,FCSC,ANN_CNT,TTRADE,_Z,_Z,554,2021,2763268967.42,,,,0
FCSA:DF_TRADE_COUNTRY_YR(5.1.0),AE,A,AED,FCSC,ANN_CNT,TTRADE,_Z,_Z,554,2022,2957206419.18,,,,0
FCSA:DF_TRADE_COUNTRY_YR(5.1.0),AE,A,AED,FCSC,ANN_CNT,TTRADE,_Z,_Z,554,2023,2821526976.11,,,,0
FCSA:DF_TRADE_COUNTRY_YR(5.1.0),AE,A,AED,FCSC,ANN_CNT,TTRADE,_Z,_Z,554,2024,2940973170.51,,,,0
FCSA:DF_TRADE_COUNTRY_YR(5.1.0),AE,A,AED,FCSC,ANN_CNT,TNOEXP,_Z,_Z,234,2017,96940.87,,,,0
FCSA:DF_TRADE_COUNTRY_YR(5.1.0),AE,A,AED,FCSC,ANN_CNT,TNOEXP,_Z,_Z,234,2018,1767104.45,,,,0
FCSA:DF_TRADE_COUNTRY_YR(5.1.0),AE,A,AED,FCSC,ANN_CNT,TNOEXP,_Z,_Z,234,2019,370165.00,,,,0
FCSA:DF_TRADE_COUNTRY_YR(5.1.0),AE,A,AED,FCSC,ANN_CNT,REEXP,_Z,_Z,434,2017,1159845170.62,,,,0
FCSA:DF_TRADE_COUNTRY_YR(5.1.0),AE,A,AED,FCSC,ANN_CNT,REEXP,_Z,_Z,434,2018,3926529138.01,,,,0
FCSA:DF_TRADE_COUNTRY_YR(5.1.0),AE,A,AED,FCSC,ANN_CNT,REEXP,_Z,_Z,434,2019,3359016324.03,,,,0
FCSA:DF_TRADE_COUNTRY_YR(5.1.0),AE,A,AED,FCSC,ANN_CNT,REEXP,_Z,_Z,434,2020,1457101531.87,,,,0
FCSA:DF_TRADE_COUNTRY_YR(5.1.0),AE,A,AED,FCSC,ANN_CNT,REEXP,_Z,_Z,434,2021,3567537773.46,,,,0
FCSA:DF_TRADE_COUNTRY_YR(5.1.0),AE,A,AED,FCSC,ANN_CNT,REEXP,_Z,_Z,434,2022,2762767162.49,,,,0
FCSA:DF_TRADE_COUNTRY_YR(5.1.0),AE,A,AED,FCSC,ANN_CNT,REEXP,_Z,_Z,434,2023,3753764864.71,,,,0
FCSA:DF_TRADE_COUNTRY_YR(5.1.0),AE,A,AED,FCSC,ANN_CNT,REEXP,_Z,_Z,434,2024,8867347393.03,,,,0
FCSA:DF_TRADE_COUNTRY_YR(5.1.0),AE,A,AED,FCSC,ANN_CNT,REEXP,_Z,_Z,384,2017,361556048.34,,,,0
FCSA:DF_TRADE_COUNTRY_YR(5.1.0),AE,A,AED,FCSC,ANN_CNT,REEXP,_Z,_Z,384,2018,482845035.27,,,,0
FCSA:DF_TRADE_COUNTRY_YR(5.1.0),AE,A,AED,FCSC,ANN_CNT,REEXP,_Z,_Z,384,2019,597065339.57,,,,0
FCSA:DF_TRADE_COUNTRY_YR(5.1.0),AE,A,AED,FCSC,ANN_CNT,REEXP,_Z,_Z,384,2020,642888701.31,,,,0
FCSA:DF_TRADE_COUNTRY_YR(5.1.0),AE,A,AED,FCSC,ANN_CNT,REEXP,_Z,_Z,384,2021,961134553.28,,,,0
FCSA:DF_TRADE_COUNTRY_YR(5.1.0),AE,A,AED,FCSC,ANN_CNT,REEXP,_Z,_Z,384,2022,938136104.57,,,,0
FCSA:DF_TRADE_COUNTRY_YR(5.1.0),AE,A,AED,FCSC,ANN_CNT,REEXP,_Z,_Z,384,2023,973575427.09,,,,0
FCSA:DF_TRADE_COUNTRY_YR(5.1.0),AE,A,AED,FCSC,ANN_CNT,REEXP,_Z,_Z,384,2024,976427466.22,,,,0
FCSA:DF_TRADE_COUNTRY_YR(5.1.0),AE,A,AED,FCSC,ANN_CNT,IMP,_Z,_Z,591,2017,2095678.99,,,,0
FCSA:DF_TRADE_COUNTRY_YR(5.1.0),AE,A,AED,FCSC,ANN_CNT,IMP,_Z,_Z,591,2018,1878376.07,,,,0
FCSA:DF_TRADE_COUNTRY_YR(5.1.0),AE,A,AED,FCSC,ANN_CNT,IMP,_Z,_Z,591,2019,2498072.95,,,,0
FCSA:DF_TRADE_COUNTRY_YR(5.1.0),AE,A,AED,FCSC,ANN_CNT,IMP,_Z,_Z,591,2020,9124379.00,,,,0
FCSA:DF_TRADE_COUNTRY_YR(5.1.0),AE,A,AED,FCSC,ANN_CNT,IMP,_Z,_Z,591,2021,6363033.32,,,,0
FCSA:DF_TRADE_COUNTRY_YR(5.1.0),AE,A,AED,FCSC,ANN_CNT,IMP,_Z,_Z,591,2022,13805755.74,,,,0
FCSA:DF_TRADE_COUNTRY_YR(5.1.0),AE,A,AED,FCSC,ANN_CNT,IMP,_Z,_Z,591,2023,10064254.42,,,,0
FCSA:DF_TRADE_COUNTRY_YR(5.1.0),AE,A,AED,FCSC,ANN_CNT,IMP,_Z,_Z,591,2024,13956881.86,,,,0
FCSA:DF_TRADE_COUNTRY_YR(5.1.0),AE,A,AED,FCSC,ANN_CNT,NOEXP,_Z,_Z,688,2017,1864251.63,,,,0
FCSA:DF_TRADE_COUNTRY_YR(5.1.0),AE,A,AED,FCSC,ANN_CNT,NOEXP,_Z,_Z,688,2018,5791807.00,,,,0
FCSA:DF_TRADE_COUNTRY_YR(5.1.0),AE,A,AED,FCSC,ANN_CNT,NOEXP,_Z,_Z,688,2019,7442523.18,,,,0
FCSA:DF_TRADE_COUNTRY_YR(5.1.0),AE,A,AED,FCSC,ANN_CNT,NOEXP,_Z,_Z,688,2020,7520104.54,,,,0
FCSA:DF_TRADE_COUNTRY_YR(5.1.0),AE,A,AED,FCSC,ANN_CNT,NOEXP,_Z,_Z,688,2021,10146211.16,,,,0
FCSA:DF_TRADE_COUNTRY_YR(5.1.0),AE,A,AED,FCSC,ANN_CNT,NOEXP,_Z,_Z,688,2022,25870904.44,,,,0
FCSA:DF_TRADE_COUNTRY_YR(5.1.0),AE,A,AED,FCSC,ANN_CNT,NOEXP,_Z,_Z,688,2023,41314552.97,,,,0
FCSA:DF_TRADE_COUNTRY_YR(5.1.0),AE,A,AED,FCSC,ANN_CNT,NOEXP,_Z,_Z,688,2024,30903799.47,,,,0
FCSA:DF_TRADE_COUNTRY_YR(5.1.0),AE,A,AED,FCSC,ANN_CNT,REEXP,_Z,_Z,356,2017,34084810058.20,,,,0
FCSA:DF_TRADE_COUNTRY_YR(5.1.0),AE,A,AED,FCSC,ANN_CNT,REEXP,_Z,_Z,356,2018,29308700854.35,,,,0
FCSA:DF_TRADE_COUNTRY_YR(5.1.0),AE,A,AED,FCSC,ANN_CNT,REEXP,_Z,_Z,356,2019,29909855162.42,,,,0
FCSA:DF_TRADE_COUNTRY_YR(5.1.0),AE,A,AED,FCSC,ANN_CNT,REEXP,_Z,_Z,356,2020,22321814485.36,,,,0
FCSA:DF_TRADE_COUNTRY_YR(5.1.0),AE,A,AED,FCSC,ANN_CNT,REEXP,_Z,_Z,356,2021,42187985450.23,,,,0
FCSA:DF_TRADE_COUNTRY_YR(5.1.0),AE,A,AED,FCSC,ANN_CNT,REEXP,_Z,_Z,356,2022,48404553896.05,,,,0
FCSA:DF_TRADE_COUNTRY_YR(5.1.0),AE,A,AED,FCSC,ANN_CNT,REEXP,_Z,_Z,356,2023,44203059504.78,,,,0
FCSA:DF_TRADE_COUNTRY_YR(5.1.0),AE,A,AED,FCSC,ANN_CNT,REEXP,_Z,_Z,356,2024,41413183991.54,,,,0
FCSA:DF_TRADE_COUNTRY_YR(5.1.0),AE,A,AED,FCSC,ANN_CNT,TTRADE,_Z,_Z,624,2017,19598367.96,,,,0
FCSA:DF_TRADE_COUNTRY_YR(5.1.0),AE,A,AED,FCSC,ANN_CNT,TTRADE,_Z,_Z,624,2018,18386629.61,,,,0
FCSA:DF_TRADE_COUNTRY_YR(5.1.0),AE,A,AED,FCSC,ANN_CNT,TTRADE,_Z,_Z,624,2019,32448272.18,,,,0
FCSA:DF_TRADE_COUNTRY_YR(5.1.0),AE,A,AED,FCSC,ANN_CNT,TTRADE,_Z,_Z,624,2020,30069834.95,,,,0
FCSA:DF_TRADE_COUNTRY_YR(5.1.0),AE,A,AED,FCSC,ANN_CNT,TTRADE,_Z,_Z,624,2021,24085596.53,,,,0
FCSA:DF_TRADE_COUNTRY_YR(5.1.0),AE,A,AED,FCSC,ANN_CNT,TTRADE,_Z,_Z,624,2022,23300616.30,,,,0
FCSA:DF_TRADE_COUNTRY_YR(5.1.0),AE,A,AED,FCSC,ANN_CNT,TTRADE,_Z,_Z,624,2023,18150180.28,,,,0
FCSA:DF_TRADE_COUNTRY_YR(5.1.0),AE,A,AED,FCSC,ANN_CNT,TTRADE,_Z,_Z,624,2024,27066745.10,,,,0
FCSA:DF_TRADE_COUNTRY_YR(5.1.0),AE,A,AED,FCSC,ANN_CNT,NOEXP,_Z,_Z,804,2017,159344465.44,,,,0
FCSA:DF_TRADE_COUNTRY_YR(5.1.0),AE,A,AED,FCSC,ANN_CNT,NOEXP,_Z,_Z,804,2018,243350835.99,,,,0
FCSA:DF_TRADE_COUNTRY_YR(5.1.0),AE,A,AED,FCSC,ANN_CNT,NOEXP,_Z,_Z,804,2019,256426853.55,,,,0
FCSA:DF_TRADE_COUNTRY_YR(5.1.0),AE,A,AED,FCSC,ANN_CNT,NOEXP,_Z,_Z,804,2020,185879283.33,,,,0
FCSA:DF_TRADE_COUNTRY_YR(5.1.0),AE,A,AED,FCSC,ANN_CNT,NOEXP,_Z,_Z,804,2021,291114386.43,,,,0
FCSA:DF_TRADE_COUNTRY_YR(5.1.0),AE,A,AED,FCSC,ANN_CNT,NOEXP,_Z,_Z,804,2022,136803158.29,,,,0
FCSA:DF_TRADE_COUNTRY_YR(5.1.0),AE,A,AED,FCSC,ANN_CNT,NOEXP,_Z,_Z,804,2023,227609440.96,,,,0
FCSA:DF_TRADE_COUNTRY_YR(5.1.0),AE,A,AED,FCSC,ANN_CNT,NOEXP,_Z,_Z,804,2024,128797115.64,,,,0
FCSA:DF_TRADE_COUNTRY_YR(5.1.0),AE,A,AED,FCSC,ANN_CNT,TNOEXP,_Z,_Z,8,2017,44277097.89,,,,0
FCSA:DF_TRADE_COUNTRY_YR(5.1.0),AE,A,AED,FCSC,ANN_CNT,TNOEXP,_Z,_Z,8,2018,72229840.50,,,,0
FCSA:DF_TRADE_COUNTRY_YR(5.1.0),AE,A,AED,FCSC,ANN_CNT,TNOEXP,_Z,_Z,8,2019,63429090.28,,,,0
FCSA:DF_TRADE_COUNTRY_YR(5.1.0),AE,A,AED,FCSC,ANN_CNT,TNOEXP,_Z,_Z,8,2020,78290763.74,,,,0
FCSA:DF_TRADE_COUNTRY_YR(5.1.0),AE,A,AED,FCSC,ANN_CNT,TNOEXP,_Z,_Z,8,2021,113521564.42,,,,0
FCSA:DF_TRADE_COUNTRY_YR(5.1.0),AE,A,AED,FCSC,ANN_CNT,TNOEXP,_Z,_Z,8,2022,92254882.55,,,,0
FCSA:DF_TRADE_COUNTRY_YR(5.1.0),AE,A,AED,FCSC,ANN_CNT,TNOEXP,_Z,_Z,8,2023,157186035.76,,,,0
FCSA:DF_TRADE_COUNTRY_YR(5.1.0),AE,A,AED,FCSC,ANN_CNT,TNOEXP,_Z,_Z,8,2024,570079708.10,,,,0
FCSA:DF_TRADE_COUNTRY_YR(5.1.0),AE,A,AED,FCSC,ANN_CNT,IMP,_Z,_Z,626,2017,0.00,,,,0
FCSA:DF_TRADE_COUNTRY_YR(5.1.0),AE,A,AED,FCSC,ANN_CNT,IMP,_Z,_Z,626,2018,10108.04,,,,0
FCSA:DF_TRADE_COUNTRY_YR(5.1.0),AE,A,AED,FCSC,ANN_CNT,IMP,_Z,_Z,626,2019,186385.93,,,,0
FCSA:DF_TRADE_COUNTRY_YR(5.1.0),AE,A,AED,FCSC,ANN_CNT,IMP,_Z,_Z,626,2020,7257.87,,,,0
FCSA:DF_TRADE_COUNTRY_YR(5.1.0),AE,A,AED,FCSC,ANN_CNT,IMP,_Z,_Z,626,2021,1821267.83,,,,0
FCSA:DF_TRADE_COUNTRY_YR(5.1.0),AE,A,AED,FCSC,ANN_CNT,IMP,_Z,_Z,626,2022,158664.83,,,,0
FCSA:DF_TRADE_COUNTRY_YR(5.1.0),AE,A,AED,FCSC,ANN_CNT,IMP,_Z,_Z,626,2023,2526.01,,,,0
FCSA:DF_TRADE_COUNTRY_YR(5.1.0),AE,A,AED,FCSC,ANN_CNT,IMP,_Z,_Z,626,2024,11511.66,,,,0
FCSA:DF_TRADE_COUNTRY_YR(5.1.0),AE,A,AED,FCSC,ANN_CNT,IMP,_Z,_Z,901,2017,1244520.71,,,,0
FCSA:DF_TRADE_COUNTRY_YR(5.1.0),AE,A,AED,FCSC,ANN_CNT,IMP,_Z,_Z,901,2018,6118165.93,,,,0
FCSA:DF_TRADE_COUNTRY_YR(5.1.0),AE,A,AED,FCSC,ANN_CNT,IMP,_Z,_Z,901,2019,1469708.33,,,,0
FCSA:DF_TRADE_COUNTRY_YR(5.1.0),AE,A,AED,FCSC,ANN_CNT,IMP,_Z,_Z,901,2020,739656.38,,,,0
FCSA:DF_TRADE_COUNTRY_YR(5.1.0),AE,A,AED,FCSC,ANN_CNT,IMP,_Z,_Z,901,2021,4894113.94,,,,0
FCSA:DF_TRADE_COUNTRY_YR(5.1.0),AE,A,AED,FCSC,ANN_CNT,IMP,_Z,_Z,901,2022,1562528.88,,,,0
FCSA:DF_TRADE_COUNTRY_YR(5.1.0),AE,A,AED,FCSC,ANN_CNT,IMP,_Z,_Z,901,2023,1955186.62,,,,0
FCSA:DF_TRADE_COUNTRY_YR(5.1.0),AE,A,AED,FCSC,ANN_CNT,IMP,_Z,_Z,901,2024,4927674.64,,,,0
FCSA:DF_TRADE_COUNTRY_YR(5.1.0),AE,A,AED,FCSC,ANN_CNT,REEXP,_Z,_Z,52,2017,476048.47,,,,0
FCSA:DF_TRADE_COUNTRY_YR(5.1.0),AE,A,AED,FCSC,ANN_CNT,REEXP,_Z,_Z,52,2018,1000463.63,,,,0
FCSA:DF_TRADE_COUNTRY_YR(5.1.0),AE,A,AED,FCSC,ANN_CNT,REEXP,_Z,_Z,52,2019,592664.69,,,,0
FCSA:DF_TRADE_COUNTRY_YR(5.1.0),AE,A,AED,FCSC,ANN_CNT,REEXP,_Z,_Z,52,2020,1431208.91,,,,0
FCSA:DF_TRADE_COUNTRY_YR(5.1.0),AE,A,AED,FCSC,ANN_CNT,REEXP,_Z,_Z,52,2021,1711068.62,,,,0
FCSA:DF_TRADE_COUNTRY_YR(5.1.0),AE,A,AED,FCSC,ANN_CNT,REEXP,_Z,_Z,52,2022,1802053.13,,,,0
FCSA:DF_TRADE_COUNTRY_YR(5.1.0),AE,A,AED,FCSC,ANN_CNT,REEXP,_Z,_Z,52,2023,1836302.99,,,,0
FCSA:DF_TRADE_COUNTRY_YR(5.1.0),AE,A,AED,FCSC,ANN_CNT,REEXP,_Z,_Z,52,2024,2097772.27,,,,0
FCSA:DF_TRADE_COUNTRY_YR(5.1.0),AE,A,AED,FCSC,ANN_CNT,NOEXP,_Z,_Z,840,2017,7902942162.35,,,,0
FCSA:DF_TRADE_COUNTRY_YR(5.1.0),AE,A,AED,FCSC,ANN_CNT,NOEXP,_Z,_Z,840,2018,7951741382.54,,,,0
FCSA:DF_TRADE_COUNTRY_YR(5.1.0),AE,A,AED,FCSC,ANN_CNT,NOEXP,_Z,_Z,840,2019,7337666742.36,,,,0
FCSA:DF_TRADE_COUNTRY_YR(5.1.0),AE,A,AED,FCSC,ANN_CNT,NOEXP,_Z,_Z,840,2020,6244218150.56,,,,0
FCSA:DF_TRADE_COUNTRY_YR(5.1.0),AE,A,AED,FCSC,ANN_CNT,NOEXP,_Z,_Z,840,2021,10615595216.37,,,,0
FCSA:DF_TRADE_COUNTRY_YR(5.1.0),AE,A,AED,FCSC,ANN_CNT,NOEXP,_Z,_Z,840,2022,12084513759.40,,,,0
FCSA:DF_TRADE_COUNTRY_YR(5.1.0),AE,A,AED,FCSC,ANN_CNT,NOEXP,_Z,_Z,840,2023,14664577744.77,,,,0
FCSA:DF_TRADE_COUNTRY_YR(5.1.0),AE,A,AED,FCSC,ANN_CNT,NOEXP,_Z,_Z,840,2024,15450573128.10,,,,0
FCSA:DF_TRADE_COUNTRY_YR(5.1.0),AE,A,AED,FCSC,ANN_CNT,NOEXP,_Z,_Z,600,2017,13742771.51,,,,0
FCSA:DF_TRADE_COUNTRY_YR(5.1.0),AE,A,AED,FCSC,ANN_CNT,NOEXP,_Z,_Z,600,2018,49431978.25,,,,0
FCSA:DF_TRADE_COUNTRY_YR(5.1.0),AE,A,AED,FCSC,ANN_CNT,NOEXP,_Z,_Z,600,2019,15741090.18,,,,0
FCSA:DF_TRADE_COUNTRY_YR(5.1.0),AE,A,AED,FCSC,ANN_CNT,NOEXP,_Z,_Z,600,2020,15736382.17,,,,0
FCSA:DF_TRADE_COUNTRY_YR(5.1.0),AE,A,AED,FCSC,ANN_CNT,NOEXP,_Z,_Z,600,2021,70876575.24,,,,0
FCSA:DF_TRADE_COUNTRY_YR(5.1.0),AE,A,AED,FCSC,ANN_CNT,NOEXP,_Z,_Z,600,2022,36536017.59,,,,0
FCSA:DF_TRADE_COUNTRY_YR(5.1.0),AE,A,AED,FCSC,ANN_CNT,NOEXP,_Z,_Z,600,2023,56506641.83,,,,0
FCSA:DF_TRADE_COUNTRY_YR(5.1.0),AE,A,AED,FCSC,ANN_CNT,NOEXP,_Z,_Z,600,2024,121591795.38,,,,0
FCSA:DF_TRADE_COUNTRY_YR(5.1.0),AE,A,AED,FCSC,ANN_CNT,TNOEXP,_Z,_Z,442,2017,63253631.15,,,,0
FCSA:DF_TRADE_COUNTRY_YR(5.1.0),AE,A,AED,FCSC,ANN_CNT,TNOEXP,_Z,_Z,442,2018,60367462.17,,,,0
FCSA:DF_TRADE_COUNTRY_YR(5.1.0),AE,A,AED,FCSC,ANN_CNT,TNOEXP,_Z,_Z,442,2019,261177675.96,,,,0
FCSA:DF_TRADE_COUNTRY_YR(5.1.0),AE,A,AED,FCSC,ANN_CNT,TNOEXP,_Z,_Z,442,2020,105308771.94,,,,0
FCSA:DF_TRADE_COUNTRY_YR(5.1.0),AE,A,AED,FCSC,ANN_CNT,TNOEXP,_Z,_Z,442,2021,64352350.33,,,,0
FCSA:DF_TRADE_COUNTRY_YR(5.1.0),AE,A,AED,FCSC,ANN_CNT,TNOEXP,_Z,_Z,442,2022,92556152.08,,,,0
FCSA:DF_TRADE_COUNTRY_YR(5.1.0),AE,A,AED,FCSC,ANN_CNT,TNOEXP,_Z,_Z,442,2023,397126738.07,,,,0
FCSA:DF_TRADE_COUNTRY_YR(5.1.0),AE,A,AED,FCSC,ANN_CNT,TNOEXP,_Z,_Z,442,2024,111322183.71,,,,0
FCSA:DF_TRADE_COUNTRY_YR(5.1.0),AE,A,AED,FCSC,ANN_CNT,NOEXP,_Z,_Z,540,2017,1657228.88,,,,0
FCSA:DF_TRADE_COUNTRY_YR(5.1.0),AE,A,AED,FCSC,ANN_CNT,NOEXP,_Z,_Z,540,2018,2173720.20,,,,0
FCSA:DF_TRADE_COUNTRY_YR(5.1.0),AE,A,AED,FCSC,ANN_CNT,NOEXP,_Z,_Z,540,2019,3957203.95,,,,0
FCSA:DF_TRADE_COUNTRY_YR(5.1.0),AE,A,AED,FCSC,ANN_CNT,NOEXP,_Z,_Z,540,2020,419478.49,,,,0
FCSA:DF_TRADE_COUNTRY_YR(5.1.0),AE,A,AED,FCSC,ANN_CNT,NOEXP,_Z,_Z,540,2021,1557834.40,,,,0
FCSA:DF_TRADE_COUNTRY_YR(5.1.0),AE,A,AED,FCSC,ANN_CNT,NOEXP,_Z,_Z,540,2022,985669.24,,,,0
FCSA:DF_TRADE_COUNTRY_YR(5.1.0),AE,A,AED,FCSC,ANN_CNT,NOEXP,_Z,_Z,540,2023,4335342.11,,,,0
FCSA:DF_TRADE_COUNTRY_YR(5.1.0),AE,A,AED,FCSC,ANN_CNT,NOEXP,_Z,_Z,540,2024,2017996.77,,,,0
FCSA:DF_TRADE_COUNTRY_YR(5.1.0),AE,A,AED,FCSC,ANN_CNT,NOEXP,_Z,_Z,426,2017,842993.12,,,,0
FCSA:DF_TRADE_COUNTRY_YR(5.1.0),AE,A,AED,FCSC,ANN_CNT,NOEXP,_Z,_Z,426,2018,1311004.17,,,,0
FCSA:DF_TRADE_COUNTRY_YR(5.1.0),AE,A,AED,FCSC,ANN_CNT,NOEXP,_Z,_Z,426,2019,1403210.58,,,,0
FCSA:DF_TRADE_COUNTRY_YR(5.1.0),AE,A,AED,FCSC,ANN_CNT,NOEXP,_Z,_Z,426,2020,1310588.20,,,,0
FCSA:DF_TRADE_COUNTRY_YR(5.1.0),AE,A,AED,FCSC,ANN_CNT,NOEXP,_Z,_Z,426,2021,1665282.00,,,,0
FCSA:DF_TRADE_COUNTRY_YR(5.1.0),AE,A,AED,FCSC,ANN_CNT,NOEXP,_Z,_Z,426,2022,2457720.28,,,,0
FCSA:DF_TRADE_COUNTRY_YR(5.1.0),AE,A,AED,FCSC,ANN_CNT,NOEXP,_Z,_Z,426,2023,1002145.56,,,,0
FCSA:DF_TRADE_COUNTRY_YR(5.1.0),AE,A,AED,FCSC,ANN_CNT,NOEXP,_Z,_Z,426,2024,911549.24,,,,0
FCSA:DF_TRADE_COUNTRY_YR(5.1.0),AE,A,AED,FCSC,ANN_CNT,NOEXP,_Z,_Z,833,2017,227734.75,,,,0
FCSA:DF_TRADE_COUNTRY_YR(5.1.0),AE,A,AED,FCSC,ANN_CNT,NOEXP,_Z,_Z,833,2018,0.00,,,,0
FCSA:DF_TRADE_COUNTRY_YR(5.1.0),AE,A,AED,FCSC,ANN_CNT,NOEXP,_Z,_Z,833,2019,0.00,,,,0
FCSA:DF_TRADE_COUNTRY_YR(5.1.0),AE,A,AED,FCSC,ANN_CNT,NOEXP,_Z,_Z,833,2020,154974.00,,,,0
FCSA:DF_TRADE_COUNTRY_YR(5.1.0),AE,A,AED,FCSC,ANN_CNT,NOEXP,_Z,_Z,833,2021,0.00,,,,0
FCSA:DF_TRADE_COUNTRY_YR(5.1.0),AE,A,AED,FCSC,ANN_CNT,NOEXP,_Z,_Z,833,2023,0.00,,,,0
FCSA:DF_TRADE_COUNTRY_YR(5.1.0),AE,A,AED,FCSC,ANN_CNT,NOEXP,_Z,_Z,833,2024,0.00,,,,0
FCSA:DF_TRADE_COUNTRY_YR(5.1.0),AE,A,AED,FCSC,ANN_CNT,IMP,_Z,_Z,438,2017,23381189.30,,,,0
FCSA:DF_TRADE_COUNTRY_YR(5.1.0),AE,A,AED,FCSC,ANN_CNT,IMP,_Z,_Z,438,2018,19838100.90,,,,0
FCSA:DF_TRADE_COUNTRY_YR(5.1.0),AE,A,AED,FCSC,ANN_CNT,IMP,_Z,_Z,438,2019,26251159.16,,,,0
FCSA:DF_TRADE_COUNTRY_YR(5.1.0),AE,A,AED,FCSC,ANN_CNT,IMP,_Z,_Z,438,2020,16967846.69,,,,0
FCSA:DF_TRADE_COUNTRY_YR(5.1.0),AE,A,AED,FCSC,ANN_CNT,IMP,_Z,_Z,438,2021,14442469.42,,,,0
FCSA:DF_TRADE_COUNTRY_YR(5.1.0),AE,A,AED,FCSC,ANN_CNT,IMP,_Z,_Z,438,2022,11601321.33,,,,0
FCSA:DF_TRADE_COUNTRY_YR(5.1.0),AE,A,AED,FCSC,ANN_CNT,IMP,_Z,_Z,438,2023,16965566.67,,,,0
FCSA:DF_TRADE_COUNTRY_YR(5.1.0),AE,A,AED,FCSC,ANN_CNT,IMP,_Z,_Z,438,2024,663.00,,,,0
FCSA:DF_TRADE_COUNTRY_YR(5.1.0),AE,A,AED,FCSC,ANN_CNT,TNOEXP,_Z,_Z,434,2017,2451590764.83,,,,0
FCSA:DF_TRADE_COUNTRY_YR(5.1.0),AE,A,AED,FCSC,ANN_CNT,TNOEXP,_Z,_Z,434,2018,5307178287.12,,,,0
FCSA:DF_TRADE_COUNTRY_YR(5.1.0),AE,A,AED,FCSC,ANN_CNT,TNOEXP,_Z,_Z,434,2019,4975643826.73,,,,0
FCSA:DF_TRADE_COUNTRY_YR(5.1.0),AE,A,AED,FCSC,ANN_CNT,TNOEXP,_Z,_Z,434,2020,3679317611.46,,,,0
FCSA:DF_TRADE_COUNTRY_YR(5.1.0),AE,A,AED,FCSC,ANN_CNT,TNOEXP,_Z,_Z,434,2021,6125318605.52,,,,0
FCSA:DF_TRADE_COUNTRY_YR(5.1.0),AE,A,AED,FCSC,ANN_CNT,TNOEXP,_Z,_Z,434,2022,5018104682.60,,,,0
FCSA:DF_TRADE_COUNTRY_YR(5.1.0),AE,A,AED,FCSC,ANN_CNT,TNOEXP,_Z,_Z,434,2023,6743000165.85,,,,0
FCSA:DF_TRADE_COUNTRY_YR(5.1.0),AE,A,AED,FCSC,ANN_CNT,TNOEXP,_Z,_Z,434,2024,14553867890.30,,,,0
FCSA:DF_TRADE_COUNTRY_YR(5.1.0),AE,A,AED,FCSC,ANN_CNT,TTRADE,_Z,_Z,120,2017,1760651547.72,,,,0
FCSA:DF_TRADE_COUNTRY_YR(5.1.0),AE,A,AED,FCSC,ANN_CNT,TTRADE,_Z,_Z,120,2018,2087950003.99,,,,0
FCSA:DF_TRADE_COUNTRY_YR(5.1.0),AE,A,AED,FCSC,ANN_CNT,TTRADE,_Z,_Z,120,2019,2042176216.13,,,,0
FCSA:DF_TRADE_COUNTRY_YR(5.1.0),AE,A,AED,FCSC,ANN_CNT,TTRADE,_Z,_Z,120,2020,1444037545.76,,,,0
FCSA:DF_TRADE_COUNTRY_YR(5.1.0),AE,A,AED,FCSC,ANN_CNT,TTRADE,_Z,_Z,120,2021,1920983584.21,,,,0
FCSA:DF_TRADE_COUNTRY_YR(5.1.0),AE,A,AED,FCSC,ANN_CNT,TTRADE,_Z,_Z,120,2022,2112659700.83,,,,0
FCSA:DF_TRADE_COUNTRY_YR(5.1.0),AE,A,AED,FCSC,ANN_CNT,TTRADE,_Z,_Z,120,2023,4479852882.98,,,,0
FCSA:DF_TRADE_COUNTRY_YR(5.1.0),AE,A,AED,FCSC,ANN_CNT,TTRADE,_Z,_Z,120,2024,4560425712.59,,,,0
FCSA:DF_TRADE_COUNTRY_YR(5.1.0),AE,A,AED,FCSC,ANN_CNT,IMP,_Z,_Z,882,2017,11913.65,,,,0
FCSA:DF_TRADE_COUNTRY_YR(5.1.0),AE,A,AED,FCSC,ANN_CNT,IMP,_Z,_Z,882,2018,13005.38,,,,0
FCSA:DF_TRADE_COUNTRY_YR(5.1.0),AE,A,AED,FCSC,ANN_CNT,IMP,_Z,_Z,882,2019,83888.07,,,,0
FCSA:DF_TRADE_COUNTRY_YR(5.1.0),AE,A,AED,FCSC,ANN_CNT,IMP,_Z,_Z,882,2020,31212.82,,,,0
FCSA:DF_TRADE_COUNTRY_YR(5.1.0),AE,A,AED,FCSC,ANN_CNT,IMP,_Z,_Z,882,2021,1089005.17,,,,0
FCSA:DF_TRADE_COUNTRY_YR(5.1.0),AE,A,AED,FCSC,ANN_CNT,IMP,_Z,_Z,882,2022,42564.74,,,,0
FCSA:DF_TRADE_COUNTRY_YR(5.1.0),AE,A,AED,FCSC,ANN_CNT,IMP,_Z,_Z,882,2023,4614.48,,,,0
FCSA:DF_TRADE_COUNTRY_YR(5.1.0),AE,A,AED,FCSC,ANN_CNT,TTRADE,_Z,_Z,156,2017,195634765425.44,,,,0
FCSA:DF_TRADE_COUNTRY_YR(5.1.0),AE,A,AED,FCSC,ANN_CNT,TTRADE,_Z,_Z,156,2018,158387756721.52,,,,0
FCSA:DF_TRADE_COUNTRY_YR(5.1.0),AE,A,AED,FCSC,ANN_CNT,TTRADE,_Z,_Z,156,2019,184159800732.31,,,,0
FCSA:DF_TRADE_COUNTRY_YR(5.1.0),AE,A,AED,FCSC,ANN_CNT,TTRADE,_Z,_Z,156,2020,173869577439.64,,,,0
FCSA:DF_TRADE_COUNTRY_YR(5.1.0),AE,A,AED,FCSC,ANN_CNT,TTRADE,_Z,_Z,156,2021,223461194807.15,,,,0
FCSA:DF_TRADE_COUNTRY_YR(5.1.0),AE,A,AED,FCSC,ANN_CNT,TTRADE,_Z,_Z,156,2022,283955771116.73,,,,0
FCSA:DF_TRADE_COUNTRY_YR(5.1.0),AE,A,AED,FCSC,ANN_CNT,TTRADE,_Z,_Z,156,2023,318454553351.42,,,,0
FCSA:DF_TRADE_COUNTRY_YR(5.1.0),AE,A,AED,FCSC,ANN_CNT,TTRADE,_Z,_Z,156,2024,327629696403.87,,,,0
FCSA:DF_TRADE_COUNTRY_YR(5.1.0),AE,A,AED,FCSC,ANN_CNT,REEXP,_Z,_Z,566,2017,1788627743.91,,,,0
FCSA:DF_TRADE_COUNTRY_YR(5.1.0),AE,A,AED,FCSC,ANN_CNT,REEXP,_Z,_Z,566,2018,2879835228.55,,,,0
FCSA:DF_TRADE_COUNTRY_YR(5.1.0),AE,A,AED,FCSC,ANN_CNT,REEXP,_Z,_Z,566,2019,3175230133.26,,,,0
FCSA:DF_TRADE_COUNTRY_YR(5.1.0),AE,A,AED,FCSC,ANN_CNT,REEXP,_Z,_Z,566,2020,2985929963.91,,,,0
FCSA:DF_TRADE_COUNTRY_YR(5.1.0),AE,A,AED,FCSC,ANN_CNT,REEXP,_Z,_Z,566,2021,3620312389.10,,,,0
FCSA:DF_TRADE_COUNTRY_YR(5.1.0),AE,A,AED,FCSC,ANN_CNT,REEXP,_Z,_Z,566,2022,4592149964.08,,,,0
FCSA:DF_TRADE_COUNTRY_YR(5.1.0),AE,A,AED,FCSC,ANN_CNT,REEXP,_Z,_Z,566,2023,3592661275.56,,,,0
FCSA:DF_TRADE_COUNTRY_YR(5.1.0),AE,A,AED,FCSC,ANN_CNT,REEXP,_Z,_Z,566,2024,3801478920.45,,,,0
FCSA:DF_TRADE_COUNTRY_YR(5.1.0),AE,A,AED,FCSC,ANN_CNT,IMP,_Z,_Z,450,2017,430242614.90,,,,0
FCSA:DF_TRADE_COUNTRY_YR(5.1.0),AE,A,AED,FCSC,ANN_CNT,IMP,_Z,_Z,450,2018,453037295.85,,,,0
FCSA:DF_TRADE_COUNTRY_YR(5.1.0),AE,A,AED,FCSC,ANN_CNT,IMP,_Z,_Z,450,2019,469150296.63,,,,0
FCSA:DF_TRADE_COUNTRY_YR(5.1.0),AE,A,AED,FCSC,ANN_CNT,IMP,_Z,_Z,450,2020,520104367.55,,,,0
FCSA:DF_TRADE_COUNTRY_YR(5.1.0),AE,A,AED,FCSC,ANN_CNT,IMP,_Z,_Z,450,2021,587372174.02,,,,0
FCSA:DF_TRADE_COUNTRY_YR(5.1.0),AE,A,AED,FCSC,ANN_CNT,IMP,_Z,_Z,450,2022,305815559.73,,,,0
FCSA:DF_TRADE_COUNTRY_YR(5.1.0),AE,A,AED,FCSC,ANN_CNT,IMP,_Z,_Z,450,2023,428851672.67,,,,0
FCSA:DF_TRADE_COUNTRY_YR(5.1.0),AE,A,AED,FCSC,ANN_CNT,IMP,_Z,_Z,450,2024,950284207.95,,,,0
FCSA:DF_TRADE_COUNTRY_YR(5.1.0),AE,A,AED,FCSC,ANN_CNT,NOEXP,_Z,_Z,499,2017,20997254.98,,,,0
FCSA:DF_TRADE_COUNTRY_YR(5.1.0),AE,A,AED,FCSC,ANN_CNT,NOEXP,_Z,_Z,499,2018,51034953.59,,,,0
FCSA:DF_TRADE_COUNTRY_YR(5.1.0),AE,A,AED,FCSC,ANN_CNT,NOEXP,_Z,_Z,499,2019,107460446.74,,,,0
FCSA:DF_TRADE_COUNTRY_YR(5.1.0),AE,A,AED,FCSC,ANN_CNT,NOEXP,_Z,_Z,499,2020,89992948.52,,,,0
FCSA:DF_TRADE_COUNTRY_YR(5.1.0),AE,A,AED,FCSC,ANN_CNT,NOEXP,_Z,_Z,499,2021,69813114.93,,,,0
FCSA:DF_TRADE_COUNTRY_YR(5.1.0),AE,A,AED,FCSC,ANN_CNT,NOEXP,_Z,_Z,499,2022,24751557.43,,,,0
FCSA:DF_TRADE_COUNTRY_YR(5.1.0),AE,A,AED,FCSC,ANN_CNT,NOEXP,_Z,_Z,499,2023,200141223.01,,,,0
FCSA:DF_TRADE_COUNTRY_YR(5.1.0),AE,A,AED,FCSC,ANN_CNT,NOEXP,_Z,_Z,499,2024,972711.86,,,,0
FCSA:DF_TRADE_COUNTRY_YR(5.1.0),AE,A,AED,FCSC,ANN_CNT,IMP,_Z,_Z,10,2017,13029.00,,,,0
FCSA:DF_TRADE_COUNTRY_YR(5.1.0),AE,A,AED,FCSC,ANN_CNT,IMP,_Z,_Z,10,2018,33792.00,,,,0
FCSA:DF_TRADE_COUNTRY_YR(5.1.0),AE,A,AED,FCSC,ANN_CNT,IMP,_Z,_Z,10,2019,20865.00,,,,0
FCSA:DF_TRADE_COUNTRY_YR(5.1.0),AE,A,AED,FCSC,ANN_CNT,IMP,_Z,_Z,10,2020,109946.60,,,,0
FCSA:DF_TRADE_COUNTRY_YR(5.1.0),AE,A,AED,FCSC,ANN_CNT,IMP,_Z,_Z,10,2021,211148.44,,,,0
FCSA:DF_TRADE_COUNTRY_YR(5.1.0),AE,A,AED,FCSC,ANN_CNT,IMP,_Z,_Z,10,2022,213623.12,,,,0
FCSA:DF_TRADE_COUNTRY_YR(5.1.0),AE,A,AED,FCSC,ANN_CNT,IMP,_Z,_Z,10,2023,1759045.76,,,,0
FCSA:DF_TRADE_COUNTRY_YR(5.1.0),AE,A,AED,FCSC,ANN_CNT,IMP,_Z,_Z,10,2024,67515.83,,,,0
FCSA:DF_TRADE_COUNTRY_YR(5.1.0),AE,A,AED,FCSC,ANN_CNT,NOEXP,_Z,_Z,792,2017,16550863913.69,,,,0
FCSA:DF_TRADE_COUNTRY_YR(5.1.0),AE,A,AED,FCSC,ANN_CNT,NOEXP,_Z,_Z,792,2018,10758051740.52,,,,0
FCSA:DF_TRADE_COUNTRY_YR(5.1.0),AE,A,AED,FCSC,ANN_CNT,NOEXP,_Z,_Z,792,2019,8746190515.39,,,,0
FCSA:DF_TRADE_COUNTRY_YR(5.1.0),AE,A,AED,FCSC,ANN_CNT,NOEXP,_Z,_Z,792,2020,18429203604.28,,,,0
FCSA:DF_TRADE_COUNTRY_YR(5.1.0),AE,A,AED,FCSC,ANN_CNT,NOEXP,_Z,_Z,792,2021,9901930389.12,,,,0
FCSA:DF_TRADE_COUNTRY_YR(5.1.0),AE,A,AED,FCSC,ANN_CNT,NOEXP,_Z,_Z,792,2022,20761401894.29,,,,0
FCSA:DF_TRADE_COUNTRY_YR(5.1.0),AE,A,AED,FCSC,ANN_CNT,NOEXP,_Z,_Z,792,2023,47423984789.61,,,,0
FCSA:DF_TRADE_COUNTRY_YR(5.1.0),AE,A,AED,FCSC,ANN_CNT,NOEXP,_Z,_Z,792,2024,54195718526.68,,,,0
FCSA:DF_TRADE_COUNTRY_YR(5.1.0),AE,A,AED,FCSC,ANN_CNT,NOEXP,_Z,_Z,764,2017,2194829828.88,,,,0
FCSA:DF_TRADE_COUNTRY_YR(5.1.0),AE,A,AED,FCSC,ANN_CNT,NOEXP,_Z,_Z,764,2018,2746157457.49,,,,0
FCSA:DF_TRADE_COUNTRY_YR(5.1.0),AE,A,AED,FCSC,ANN_CNT,NOEXP,_Z,_Z,764,2019,2876056025.12,,,,0
FCSA:DF_TRADE_COUNTRY_YR(5.1.0),AE,A,AED,FCSC,ANN_CNT,NOEXP,_Z,_Z,764,2020,1443434258.78,,,,0
FCSA:DF_TRADE_COUNTRY_YR(5.1.0),AE,A,AED,FCSC,ANN_CNT,NOEXP,_Z,_Z,764,2021,2282095365.24,,,,0
FCSA:DF_TRADE_COUNTRY_YR(5.1.0),AE,A,AED,FCSC,ANN_CNT,NOEXP,_Z,_Z,764,2022,2722762675.66,,,,0
FCSA:DF_TRADE_COUNTRY_YR(5.1.0),AE,A,AED,FCSC,ANN_CNT,NOEXP,_Z,_Z,764,2023,2819951215.76,,,,0
FCSA:DF_TRADE_COUNTRY_YR(5.1.0),AE,A,AED,FCSC,ANN_CNT,NOEXP,_Z,_Z,764,2024,4521645564.38,,,,0
FCSA:DF_TRADE_COUNTRY_YR(5.1.0),AE,A,AED,FCSC,ANN_CNT,TTRADE,_Z,_Z,380,2017,28844181012.97,,,,0
FCSA:DF_TRADE_COUNTRY_YR(5.1.0),AE,A,AED,FCSC,ANN_CNT,TTRADE,_Z,_Z,380,2018,27919375541.58,,,,0
FCSA:DF_TRADE_COUNTRY_YR(5.1.0),AE,A,AED,FCSC,ANN_CNT,TTRADE,_Z,_Z,380,2019,28157635505.72,,,,0
FCSA:DF_TRADE_COUNTRY_YR(5.1.0),AE,A,AED,FCSC,ANN_CNT,TTRADE,_Z,_Z,380,2020,40241582852.27,,,,0
FCSA:DF_TRADE_COUNTRY_YR(5.1.0),AE,A,AED,FCSC,ANN_CNT,TTRADE,_Z,_Z,380,2021,38989307528.81,,,,0
FCSA:DF_TRADE_COUNTRY_YR(5.1.0),AE,A,AED,FCSC,ANN_CNT,TTRADE,_Z,_Z,380,2022,41868063163.08,,,,0
FCSA:DF_TRADE_COUNTRY_YR(5.1.0),AE,A,AED,FCSC,ANN_CNT,TTRADE,_Z,_Z,380,2023,42765780459.81,,,,0
FCSA:DF_TRADE_COUNTRY_YR(5.1.0),AE,A,AED,FCSC,ANN_CNT,TTRADE,_Z,_Z,380,2024,51179469668.98,,,,0
FCSA:DF_TRADE_COUNTRY_YR(5.1.0),AE,A,AED,FCSC,ANN_CNT,REEXP,_Z,_Z,840,2017,19428666041.88,,,,0
FCSA:DF_TRADE_COUNTRY_YR(5.1.0),AE,A,AED,FCSC,ANN_CNT,REEXP,_Z,_Z,840,2018,15024666848.78,,,,0
FCSA:DF_TRADE_COUNTRY_YR(5.1.0),AE,A,AED,FCSC,ANN_CNT,REEXP,_Z,_Z,840,2019,16115556338.73,,,,0
FCSA:DF_TRADE_COUNTRY_YR(5.1.0),AE,A,AED,FCSC,ANN_CNT,REEXP,_Z,_Z,840,2020,13416004662.62,,,,0
FCSA:DF_TRADE_COUNTRY_YR(5.1.0),AE,A,AED,FCSC,ANN_CNT,REEXP,_Z,_Z,840,2021,17526975070.87,,,,0
FCSA:DF_TRADE_COUNTRY_YR(5.1.0),AE,A,AED,FCSC,ANN_CNT,REEXP,_Z,_Z,840,2022,30230232133.94,,,,0
FCSA:DF_TRADE_COUNTRY_YR(5.1.0),AE,A,AED,FCSC,ANN_CNT,REEXP,_Z,_Z,840,2023,35022322380.66,,,,0
FCSA:DF_TRADE_COUNTRY_YR(5.1.0),AE,A,AED,FCSC,ANN_CNT,REEXP,_Z,_Z,840,2024,27408666229.94,,,,0
FCSA:DF_TRADE_COUNTRY_YR(5.1.0),AE,A,AED,FCSC,ANN_CNT,TNOEXP,_Z,_Z,862,2017,182259825.05,,,,0
FCSA:DF_TRADE_COUNTRY_YR(5.1.0),AE,A,AED,FCSC,ANN_CNT,TNOEXP,_Z,_Z,862,2018,146382503.50,,,,0
FCSA:DF_TRADE_COUNTRY_YR(5.1.0),AE,A,AED,FCSC,ANN_CNT,TNOEXP,_Z,_Z,862,2019,111616909.83,,,,0
FCSA:DF_TRADE_COUNTRY_YR(5.1.0),AE,A,AED,FCSC,ANN_CNT,TNOEXP,_Z,_Z,862,2020,184106218.58,,,,0
FCSA:DF_TRADE_COUNTRY_YR(5.1.0),AE,A,AED,FCSC,ANN_CNT,TNOEXP,_Z,_Z,862,2021,135327259.89,,,,0
FCSA:DF_TRADE_COUNTRY_YR(5.1.0),AE,A,AED,FCSC,ANN_CNT,TNOEXP,_Z,_Z,862,2022,239025427.09,,,,0
FCSA:DF_TRADE_COUNTRY_YR(5.1.0),AE,A,AED,FCSC,ANN_CNT,TNOEXP,_Z,_Z,862,2023,465059599.70,,,,0
FCSA:DF_TRADE_COUNTRY_YR(5.1.0),AE,A,AED,FCSC,ANN_CNT,TNOEXP,_Z,_Z,862,2024,726878023.93,,,,0
FCSA:DF_TRADE_COUNTRY_YR(5.1.0),AE,A,AED,FCSC,ANN_CNT,TTRADE,_Z,_Z,96,2017,104554987.80,,,,0
FCSA:DF_TRADE_COUNTRY_YR(5.1.0),AE,A,AED,FCSC,ANN_CNT,TTRADE,_Z,_Z,96,2018,49804479.84,,,,0
FCSA:DF_TRADE_COUNTRY_YR(5.1.0),AE,A,AED,FCSC,ANN_CNT,TTRADE,_Z,_Z,96,2019,98487534.80,,,,0
FCSA:DF_TRADE_COUNTRY_YR(5.1.0),AE,A,AED,FCSC,ANN_CNT,TTRADE,_Z,_Z,96,2020,51649345.56,,,,0
FCSA:DF_TRADE_COUNTRY_YR(5.1.0),AE,A,AED,FCSC,ANN_CNT,TTRADE,_Z,_Z,96,2021,42362778.27,,,,0
FCSA:DF_TRADE_COUNTRY_YR(5.1.0),AE,A,AED,FCSC,ANN_CNT,TTRADE,_Z,_Z,96,2022,147300147.49,,,,0
FCSA:DF_TRADE_COUNTRY_YR(5.1.0),AE,A,AED,FCSC,ANN_CNT,TTRADE,_Z,_Z,96,2023,243342866.83,,,,0
FCSA:DF_TRADE_COUNTRY_YR(5.1.0),AE,A,AED,FCSC,ANN_CNT,TTRADE,_Z,_Z,96,2024,290051724.14,,,,0
FCSA:DF_TRADE_COUNTRY_YR(5.1.0),AE,A,AED,FCSC,ANN_CNT,TNOEXP,_Z,_Z,344,2017,19675445879.17,,,,0
FCSA:DF_TRADE_COUNTRY_YR(5.1.0),AE,A,AED,FCSC,ANN_CNT,TNOEXP,_Z,_Z,344,2018,23112337008.94,,,,0
FCSA:DF_TRADE_COUNTRY_YR(5.1.0),AE,A,AED,FCSC,ANN_CNT,TNOEXP,_Z,_Z,344,2019,20689132602.41,,,,0
FCSA:DF_TRADE_COUNTRY_YR(5.1.0),AE,A,AED,FCSC,ANN_CNT,TNOEXP,_Z,_Z,344,2020,28494558810.53,,,,0
FCSA:DF_TRADE_COUNTRY_YR(5.1.0),AE,A,AED,FCSC,ANN_CNT,TNOEXP,_Z,_Z,344,2021,39395896364.61,,,,0
FCSA:DF_TRADE_COUNTRY_YR(5.1.0),AE,A,AED,FCSC,ANN_CNT,TNOEXP,_Z,_Z,344,2022,37766820969.09,,,,0
FCSA:DF_TRADE_COUNTRY_YR(5.1.0),AE,A,AED,FCSC,ANN_CNT,TNOEXP,_Z,_Z,344,2023,52791822803.16,,,,0
FCSA:DF_TRADE_COUNTRY_YR(5.1.0),AE,A,AED,FCSC,ANN_CNT,TNOEXP,_Z,_Z,344,2024,63059638483.34,,,,0
FCSA:DF_TRADE_COUNTRY_YR(5.1.0),AE,A,AED,FCSC,ANN_CNT,IMP,_Z,_Z,894,2017,1703859067.27,,,,0
FCSA:DF_TRADE_COUNTRY_YR(5.1.0),AE,A,AED,FCSC,ANN_CNT,IMP,_Z,_Z,894,2018,1463148695.72,,,,0
FCSA:DF_TRADE_COUNTRY_YR(5.1.0),AE,A,AED,FCSC,ANN_CNT,IMP,_Z,_Z,894,2019,1120916673.86,,,,0
FCSA:DF_TRADE_COUNTRY_YR(5.1.0),AE,A,AED,FCSC,ANN_CNT,IMP,_Z,_Z,894,2020,2416720721.75,,,,0
FCSA:DF_TRADE_COUNTRY_YR(5.1.0),AE,A,AED,FCSC,ANN_CNT,IMP,_Z,_Z,894,2021,3164467345.97,,,,0
FCSA:DF_TRADE_COUNTRY_YR(5.1.0),AE,A,AED,FCSC,ANN_CNT,IMP,_Z,_Z,894,2022,6751959388.01,,,,0
FCSA:DF_TRADE_COUNTRY_YR(5.1.0),AE,A,AED,FCSC,ANN_CNT,IMP,_Z,_Z,894,2023,7078867835.89,,,,0
FCSA:DF_TRADE_COUNTRY_YR(5.1.0),AE,A,AED,FCSC,ANN_CNT,IMP,_Z,_Z,894,2024,6011180566.04,,,,0
FCSA:DF_TRADE_COUNTRY_YR(5.1.0),AE,A,AED,FCSC,ANN_CNT,REEXP,_Z,_Z,184,2018,167625.00,,,,0
FCSA:DF_TRADE_COUNTRY_YR(5.1.0),AE,A,AED,FCSC,ANN_CNT,REEXP,_Z,_Z,184,2019,39200.00,,,,0
FCSA:DF_TRADE_COUNTRY_YR(5.1.0),AE,A,AED,FCSC,ANN_CNT,REEXP,_Z,_Z,184,2020,0.00,,,,0
FCSA:DF_TRADE_COUNTRY_YR(5.1.0),AE,A,AED,FCSC,ANN_CNT,REEXP,_Z,_Z,184,2021,0.00,,,,0
FCSA:DF_TRADE_COUNTRY_YR(5.1.0),AE,A,AED,FCSC,ANN_CNT,REEXP,_Z,_Z,184,2022,162336.14,,,,0
FCSA:DF_TRADE_COUNTRY_YR(5.1.0),AE,A,AED,FCSC,ANN_CNT,REEXP,_Z,_Z,184,2023,0.00,,,,0
FCSA:DF_TRADE_COUNTRY_YR(5.1.0),AE,A,AED,FCSC,ANN_CNT,REEXP,_Z,_Z,184,2024,31500.00,,,,0
FCSA:DF_TRADE_COUNTRY_YR(5.1.0),AE,A,AED,FCSC,ANN_CNT,NOEXP,_Z,_Z,528,2017,3019110262.23,,,,0
FCSA:DF_TRADE_COUNTRY_YR(5.1.0),AE,A,AED,FCSC,ANN_CNT,NOEXP,_Z,_Z,528,2018,3844168191.99,,,,0
FCSA:DF_TRADE_COUNTRY_YR(5.1.0),AE,A,AED,FCSC,ANN_CNT,NOEXP,_Z,_Z,528,2019,2582372250.58,,,,0
FCSA:DF_TRADE_COUNTRY_YR(5.1.0),AE,A,AED,FCSC,ANN_CNT,NOEXP,_Z,_Z,528,2020,1724134311.55,,,,0
FCSA:DF_TRADE_COUNTRY_YR(5.1.0),AE,A,AED,FCSC,ANN_CNT,NOEXP,_Z,_Z,528,2021,3753222143.36,,,,0
FCSA:DF_TRADE_COUNTRY_YR(5.1.0),AE,A,AED,FCSC,ANN_CNT,NOEXP,_Z,_Z,528,2022,5249967861.88,,,,0
FCSA:DF_TRADE_COUNTRY_YR(5.1.0),AE,A,AED,FCSC,ANN_CNT,NOEXP,_Z,_Z,528,2023,5256636607.05,,,,0
FCSA:DF_TRADE_COUNTRY_YR(5.1.0),AE,A,AED,FCSC,ANN_CNT,NOEXP,_Z,_Z,528,2024,3506835487.59,,,,0
FCSA:DF_TRADE_COUNTRY_YR(5.1.0),AE,A,AED,FCSC,ANN_CNT,IMP,_Z,_Z,300,2017,804083590.17,,,,0
FCSA:DF_TRADE_COUNTRY_YR(5.1.0),AE,A,AED,FCSC,ANN_CNT,IMP,_Z,_Z,300,2018,1052432465.35,,,,0
FCSA:DF_TRADE_COUNTRY_YR(5.1.0),AE,A,AED,FCSC,ANN_CNT,IMP,_Z,_Z,300,2019,739977655.33,,,,0
FCSA:DF_TRADE_COUNTRY_YR(5.1.0),AE,A,AED,FCSC,ANN_CNT,IMP,_Z,_Z,300,2020,830949464.34,,,,0
FCSA:DF_TRADE_COUNTRY_YR(5.1.0),AE,A,AED,FCSC,ANN_CNT,IMP,_Z,_Z,300,2021,1424321633.62,,,,0
FCSA:DF_TRADE_COUNTRY_YR(5.1.0),AE,A,AED,FCSC,ANN_CNT,IMP,_Z,_Z,300,2022,1209672452.55,,,,0
FCSA:DF_TRADE_COUNTRY_YR(5.1.0),AE,A,AED,FCSC,ANN_CNT,IMP,_Z,_Z,300,2023,1213763615.64,,,,0
FCSA:DF_TRADE_COUNTRY_YR(5.1.0),AE,A,AED,FCSC,ANN_CNT,IMP,_Z,_Z,300,2024,1516542290.01,,,,0
FCSA:DF_TRADE_COUNTRY_YR(5.1.0),AE,A,AED,FCSC,ANN_CNT,NOEXP,_Z,_Z,174,2017,77012086.10,,,,0
FCSA:DF_TRADE_COUNTRY_YR(5.1.0),AE,A,AED,FCSC,ANN_CNT,NOEXP,_Z,_Z,174,2018,57594527.07,,,,0
FCSA:DF_TRADE_COUNTRY_YR(5.1.0),AE,A,AED,FCSC,ANN_CNT,NOEXP,_Z,_Z,174,2019,64630381.73,,,,0
FCSA:DF_TRADE_COUNTRY_YR(5.1.0),AE,A,AED,FCSC,ANN_CNT,NOEXP,_Z,_Z,174,2020,57358435.19,,,,0
FCSA:DF_TRADE_COUNTRY_YR(5.1.0),AE,A,AED,FCSC,ANN_CNT,NOEXP,_Z,_Z,174,2021,118446269.10,,,,0
FCSA:DF_TRADE_COUNTRY_YR(5.1.0),AE,A,AED,FCSC,ANN_CNT,NOEXP,_Z,_Z,174,2022,112223432.19,,,,0
FCSA:DF_TRADE_COUNTRY_YR(5.1.0),AE,A,AED,FCSC,ANN_CNT,NOEXP,_Z,_Z,174,2023,154882182.85,,,,0
FCSA:DF_TRADE_COUNTRY_YR(5.1.0),AE,A,AED,FCSC,ANN_CNT,NOEXP,_Z,_Z,174,2024,141768556.08,,,,0
FCSA:DF_TRADE_COUNTRY_YR(5.1.0),AE,A,AED,FCSC,ANN_CNT,NOEXP,_Z,_Z,348,2017,62725822.07,,,,0
FCSA:DF_TRADE_COUNTRY_YR(5.1.0),AE,A,AED,FCSC,ANN_CNT,NOEXP,_Z,_Z,348,2018,31225811.19,,,,0
FCSA:DF_TRADE_COUNTRY_YR(5.1.0),AE,A,AED,FCSC,ANN_CNT,NOEXP,_Z,_Z,348,2019,41425612.97,,,,0
FCSA:DF_TRADE_COUNTRY_YR(5.1.0),AE,A,AED,FCSC,ANN_CNT,NOEXP,_Z,_Z,348,2020,23530982.63,,,,0
FCSA:DF_TRADE_COUNTRY_YR(5.1.0),AE,A,AED,FCSC,ANN_CNT,NOEXP,_Z,_Z,348,2021,45240752.97,,,,0
FCSA:DF_TRADE_COUNTRY_YR(5.1.0),AE,A,AED,FCSC,ANN_CNT,NOEXP,_Z,_Z,348,2022,62142208.90,,,,0
FCSA:DF_TRADE_COUNTRY_YR(5.1.0),AE,A,AED,FCSC,ANN_CNT,NOEXP,_Z,_Z,348,2023,117562337.62,,,,0
FCSA:DF_TRADE_COUNTRY_YR(5.1.0),AE,A,AED,FCSC,ANN_CNT,NOEXP,_Z,_Z,348,2024,92470194.86,,,,0
FCSA:DF_TRADE_COUNTRY_YR(5.1.0),AE,A,AED,FCSC,ANN_CNT,REEXP,_Z,_Z,178,2017,299890205.20,,,,0
FCSA:DF_TRADE_COUNTRY_YR(5.1.0),AE,A,AED,FCSC,ANN_CNT,REEXP,_Z,_Z,178,2018,477593535.91,,,,0
FCSA:DF_TRADE_COUNTRY_YR(5.1.0),AE,A,AED,FCSC,ANN_CNT,REEXP,_Z,_Z,178,2019,451237803.22,,,,0
FCSA:DF_TRADE_COUNTRY_YR(5.1.0),AE,A,AED,FCSC,ANN_CNT,REEXP,_Z,_Z,178,2020,373436340.84,,,,0
FCSA:DF_TRADE_COUNTRY_YR(5.1.0),AE,A,AED,FCSC,ANN_CNT,REEXP,_Z,_Z,178,2021,568562511.46,,,,0
FCSA:DF_TRADE_COUNTRY_YR(5.1.0),AE,A,AED,FCSC,ANN_CNT,REEXP,_Z,_Z,178,2022,631256978.57,,,,0
FCSA:DF_TRADE_COUNTRY_YR(5.1.0),AE,A,AED,FCSC,ANN_CNT,REEXP,_Z,_Z,178,2023,754998716.43,,,,0
FCSA:DF_TRADE_COUNTRY_YR(5.1.0),AE,A,AED,FCSC,ANN_CNT,REEXP,_Z,_Z,178,2024,1263327955.84,,,,0
FCSA:DF_TRADE_COUNTRY_YR(5.1.0),AE,A,AED,FCSC,ANN_CNT,TTRADE,_Z,_Z,646,2017,1354472624.57,,,,0
FCSA:DF_TRADE_COUNTRY_YR(5.1.0),AE,A,AED,FCSC,ANN_CNT,TTRADE,_Z,_Z,646,2018,2756606054.13,,,,0
FCSA:DF_TRADE_COUNTRY_YR(5.1.0),AE,A,AED,FCSC,ANN_CNT,TTRADE,_Z,_Z,646,2019,2123210893.25,,,,0
FCSA:DF_TRADE_COUNTRY_YR(5.1.0),AE,A,AED,FCSC,ANN_CNT,TTRADE,_Z,_Z,646,2020,2525352469.89,,,,0
FCSA:DF_TRADE_COUNTRY_YR(5.1.0),AE,A,AED,FCSC,ANN_CNT,TTRADE,_Z,_Z,646,2021,1801645782.04,,,,0
FCSA:DF_TRADE_COUNTRY_YR(5.1.0),AE,A,AED,FCSC,ANN_CNT,TTRADE,_Z,_Z,646,2022,2427447688.19,,,,0
FCSA:DF_TRADE_COUNTRY_YR(5.1.0),AE,A,AED,FCSC,ANN_CNT,TTRADE,_Z,_Z,646,2023,3873490944.58,,,,0
FCSA:DF_TRADE_COUNTRY_YR(5.1.0),AE,A,AED,FCSC,ANN_CNT,TTRADE,_Z,_Z,646,2024,6230357057.53,,,,0
FCSA:DF_TRADE_COUNTRY_YR(5.1.0),AE,A,AED,FCSC,ANN_CNT,REEXP,_Z,_Z,531,2017,2044353.89,,,,0
FCSA:DF_TRADE_COUNTRY_YR(5.1.0),AE,A,AED,FCSC,ANN_CNT,REEXP,_Z,_Z,531,2018,6417407.03,,,,0
FCSA:DF_TRADE_COUNTRY_YR(5.1.0),AE,A,AED,FCSC,ANN_CNT,REEXP,_Z,_Z,531,2019,5215021.32,,,,0
FCSA:DF_TRADE_COUNTRY_YR(5.1.0),AE,A,AED,FCSC,ANN_CNT,REEXP,_Z,_Z,531,2020,7330905.86,,,,0
FCSA:DF_TRADE_COUNTRY_YR(5.1.0),AE,A,AED,FCSC,ANN_CNT,REEXP,_Z,_Z,531,2021,2427901.97,,,,0
FCSA:DF_TRADE_COUNTRY_YR(5.1.0),AE,A,AED,FCSC,ANN_CNT,REEXP,_Z,_Z,531,2022,1979996.28,,,,0
FCSA:DF_TRADE_COUNTRY_YR(5.1.0),AE,A,AED,FCSC,ANN_CNT,REEXP,_Z,_Z,531,2023,2963093.25,,,,0
FCSA:DF_TRADE_COUNTRY_YR(5.1.0),AE,A,AED,FCSC,ANN_CNT,REEXP,_Z,_Z,531,2024,3883383.53,,,,0
FCSA:DF_TRADE_COUNTRY_YR(5.1.0),AE,A,AED,FCSC,ANN_CNT,IMP,_Z,_Z,334,2023,9232.50,,,,0
FCSA:DF_TRADE_COUNTRY_YR(5.1.0),AE,A,AED,FCSC,ANN_CNT,IMP,_Z,_Z,334,2024,17940.35,,,,0
FCSA:DF_TRADE_COUNTRY_YR(5.1.0),AE,A,AED,FCSC,ANN_CNT,TNOEXP,_Z,_Z,528,2017,6421270522.12,,,,0
FCSA:DF_TRADE_COUNTRY_YR(5.1.0),AE,A,AED,FCSC,ANN_CNT,TNOEXP,_Z,_Z,528,2018,7880816509.02,,,,0
FCSA:DF_TRADE_COUNTRY_YR(5.1.0),AE,A,AED,FCSC,ANN_CNT,TNOEXP,_Z,_Z,528,2019,6774530769.23,,,,0
FCSA:DF_TRADE_COUNTRY_YR(5.1.0),AE,A,AED,FCSC,ANN_CNT,TNOEXP,_Z,_Z,528,2020,5942265617.94,,,,0
FCSA:DF_TRADE_COUNTRY_YR(5.1.0),AE,A,AED,FCSC,ANN_CNT,TNOEXP,_Z,_Z,528,2021,9962760978.58,,,,0
FCSA:DF_TRADE_COUNTRY_YR(5.1.0),AE,A,AED,FCSC,ANN_CNT,TNOEXP,_Z,_Z,528,2022,10078939190.93,,,,0
FCSA:DF_TRADE_COUNTRY_YR(5.1.0),AE,A,AED,FCSC,ANN_CNT,TNOEXP,_Z,_Z,528,2023,13990747569.98,,,,0
FCSA:DF_TRADE_COUNTRY_YR(5.1.0),AE,A,AED,FCSC,ANN_CNT,TNOEXP,_Z,_Z,528,2024,10457164919.84,,,,0
FCSA:DF_TRADE_COUNTRY_YR(5.1.0),AE,A,AED,FCSC,ANN_CNT,TNOEXP,_Z,_Z,348,2017,152489938.48,,,,0
FCSA:DF_TRADE_COUNTRY_YR(5.1.0),AE,A,AED,FCSC,ANN_CNT,TNOEXP,_Z,_Z,348,2018,185673896.48,,,,0
FCSA:DF_TRADE_COUNTRY_YR(5.1.0),AE,A,AED,FCSC,ANN_CNT,TNOEXP,_Z,_Z,348,2019,321940688.36,,,,0
FCSA:DF_TRADE_COUNTRY_YR(5.1.0),AE,A,AED,FCSC,ANN_CNT,TNOEXP,_Z,_Z,348,2020,203051750.34,,,,0
FCSA:DF_TRADE_COUNTRY_YR(5.1.0),AE,A,AED,FCSC,ANN_CNT,TNOEXP,_Z,_Z,348,2021,327451055.47,,,,0
FCSA:DF_TRADE_COUNTRY_YR(5.1.0),AE,A,AED,FCSC,ANN_CNT,TNOEXP,_Z,_Z,348,2022,477653513.80,,,,0
FCSA:DF_TRADE_COUNTRY_YR(5.1.0),AE,A,AED,FCSC,ANN_CNT,TNOEXP,_Z,_Z,348,2023,888519722.62,,,,0
FCSA:DF_TRADE_COUNTRY_YR(5.1.0),AE,A,AED,FCSC,ANN_CNT,TNOEXP,_Z,_Z,348,2024,471315757.59,,,,0
FCSA:DF_TRADE_COUNTRY_YR(5.1.0),AE,A,AED,FCSC,ANN_CNT,NOEXP,_Z,_Z,340,2017,1886809.21,,,,0
FCSA:DF_TRADE_COUNTRY_YR(5.1.0),AE,A,AED,FCSC,ANN_CNT,NOEXP,_Z,_Z,340,2018,763771.56,,,,0
FCSA:DF_TRADE_COUNTRY_YR(5.1.0),AE,A,AED,FCSC,ANN_CNT,NOEXP,_Z,_Z,340,2019,2349734.07,,,,0
FCSA:DF_TRADE_COUNTRY_YR(5.1.0),AE,A,AED,FCSC,ANN_CNT,NOEXP,_Z,_Z,340,2020,4781199.08,,,,0
FCSA:DF_TRADE_COUNTRY_YR(5.1.0),AE,A,AED,FCSC,ANN_CNT,NOEXP,_Z,_Z,340,2021,10917389.26,,,,0
FCSA:DF_TRADE_COUNTRY_YR(5.1.0),AE,A,AED,FCSC,ANN_CNT,NOEXP,_Z,_Z,340,2022,50364132.74,,,,0
FCSA:DF_TRADE_COUNTRY_YR(5.1.0),AE,A,AED,FCSC,ANN_CNT,NOEXP,_Z,_Z,340,2023,25137678.03,,,,0
FCSA:DF_TRADE_COUNTRY_YR(5.1.0),AE,A,AED,FCSC,ANN_CNT,NOEXP,_Z,_Z,340,2024,110266972.92,,,,0
FCSA:DF_TRADE_COUNTRY_YR(5.1.0),AE,A,AED,FCSC,ANN_CNT,TTRADE,_Z,_Z,744,2020,43.49,,,,0
FCSA:DF_TRADE_COUNTRY_YR(5.1.0),AE,A,AED,FCSC,ANN_CNT,TTRADE,_Z,_Z,744,2021,22211.81,,,,0
FCSA:DF_TRADE_COUNTRY_YR(5.1.0),AE,A,AED,FCSC,ANN_CNT,TTRADE,_Z,_Z,744,2023,68002.53,,,,0
FCSA:DF_TRADE_COUNTRY_YR(5.1.0),AE,A,AED,FCSC,ANN_CNT,TTRADE,_Z,_Z,744,2024,33899.56,,,,0
FCSA:DF_TRADE_COUNTRY_YR(5.1.0),AE,A,AED,FCSC,ANN_CNT,REEXP,_Z,_Z,231,2017,1781754197.07,,,,0
FCSA:DF_TRADE_COUNTRY_YR(5.1.0),AE,A,AED,FCSC,ANN_CNT,REEXP,_Z,_Z,231,2018,1659590528.99,,,,0
FCSA:DF_TRADE_COUNTRY_YR(5.1.0),AE,A,AED,FCSC,ANN_CNT,REEXP,_Z,_Z,231,2019,1854863745.50,,,,0
FCSA:DF_TRADE_COUNTRY_YR(5.1.0),AE,A,AED,FCSC,ANN_CNT,REEXP,_Z,_Z,231,2020,1462226603.48,,,,0
FCSA:DF_TRADE_COUNTRY_YR(5.1.0),AE,A,AED,FCSC,ANN_CNT,REEXP,_Z,_Z,231,2021,1871836937.87,,,,0
FCSA:DF_TRADE_COUNTRY_YR(5.1.0),AE,A,AED,FCSC,ANN_CNT,REEXP,_Z,_Z,231,2022,2032666021.85,,,,0
FCSA:DF_TRADE_COUNTRY_YR(5.1.0),AE,A,AED,FCSC,ANN_CNT,REEXP,_Z,_Z,231,2023,1883710704.98,,,,0
FCSA:DF_TRADE_COUNTRY_YR(5.1.0),AE,A,AED,FCSC,ANN_CNT,REEXP,_Z,_Z,231,2024,1921477573.19,,,,0
FCSA:DF_TRADE_COUNTRY_YR(5.1.0),AE,A,AED,FCSC,ANN_CNT,TTRADE,_Z,_Z,690,2017,357491707.08,,,,0
FCSA:DF_TRADE_COUNTRY_YR(5.1.0),AE,A,AED,FCSC,ANN_CNT,TTRADE,_Z,_Z,690,2018,462011069.97,,,,0
FCSA:DF_TRADE_COUNTRY_YR(5.1.0),AE,A,AED,FCSC,ANN_CNT,TTRADE,_Z,_Z,690,2019,476154484.00,,,,0
FCSA:DF_TRADE_COUNTRY_YR(5.1.0),AE,A,AED,FCSC,ANN_CNT,TTRADE,_Z,_Z,690,2020,301215833.97,,,,0
FCSA:DF_TRADE_COUNTRY_YR(5.1.0),AE,A,AED,FCSC,ANN_CNT,TTRADE,_Z,_Z,690,2021,405381165.62,,,,0
FCSA:DF_TRADE_COUNTRY_YR(5.1.0),AE,A,AED,FCSC,ANN_CNT,TTRADE,_Z,_Z,690,2022,646113074.82,,,,0
FCSA:DF_TRADE_COUNTRY_YR(5.1.0),AE,A,AED,FCSC,ANN_CNT,TTRADE,_Z,_Z,690,2023,663766624.51,,,,0
FCSA:DF_TRADE_COUNTRY_YR(5.1.0),AE,A,AED,FCSC,ANN_CNT,TTRADE,_Z,_Z,690,2024,626898735.59,,,,0
FCSA:DF_TRADE_COUNTRY_YR(5.1.0),AE,A,AED,FCSC,ANN_CNT,REEXP,_Z,_Z,266,2017,175237226.46,,,,0
FCSA:DF_TRADE_COUNTRY_YR(5.1.0),AE,A,AED,FCSC,ANN_CNT,REEXP,_Z,_Z,266,2018,265517824.58,,,,0
FCSA:DF_TRADE_COUNTRY_YR(5.1.0),AE,A,AED,FCSC,ANN_CNT,REEXP,_Z,_Z,266,2019,343530205.96,,,,0
FCSA:DF_TRADE_COUNTRY_YR(5.1.0),AE,A,AED,FCSC,ANN_CNT,REEXP,_Z,_Z,266,2020,248941478.46,,,,0
FCSA:DF_TRADE_COUNTRY_YR(5.1.0),AE,A,AED,FCSC,ANN_CNT,REEXP,_Z,_Z,266,2021,343451873.12,,,,0
FCSA:DF_TRADE_COUNTRY_YR(5.1.0),AE,A,AED,FCSC,ANN_CNT,REEXP,_Z,_Z,266,2022,426047251.62,,,,0
FCSA:DF_TRADE_COUNTRY_YR(5.1.0),AE,A,AED,FCSC,ANN_CNT,REEXP,_Z,_Z,266,2023,596384763.57,,,,0
FCSA:DF_TRADE_COUNTRY_YR(5.1.0),AE,A,AED,FCSC,ANN_CNT,REEXP,_Z,_Z,266,2024,812856973.48,,,,0
FCSA:DF_TRADE_COUNTRY_YR(5.1.0),AE,A,AED,FCSC,ANN_CNT,IMP,_Z,_Z,268,2017,127734547.79,,,,0
FCSA:DF_TRADE_COUNTRY_YR(5.1.0),AE,A,AED,FCSC,ANN_CNT,IMP,_Z,_Z,268,2018,29628837.04,,,,0
FCSA:DF_TRADE_COUNTRY_YR(5.1.0),AE,A,AED,FCSC,ANN_CNT,IMP,_Z,_Z,268,2019,52607532.87,,,,0
FCSA:DF_TRADE_COUNTRY_YR(5.1.0),AE,A,AED,FCSC,ANN_CNT,IMP,_Z,_Z,268,2020,32762368.82,,,,0
FCSA:DF_TRADE_COUNTRY_YR(5.1.0),AE,A,AED,FCSC,ANN_CNT,IMP,_Z,_Z,268,2021,38459386.43,,,,0
FCSA:DF_TRADE_COUNTRY_YR(5.1.0),AE,A,AED,FCSC,ANN_CNT,IMP,_Z,_Z,268,2022,37787796.61,,,,0
FCSA:DF_TRADE_COUNTRY_YR(5.1.0),AE,A,AED,FCSC,ANN_CNT,IMP,_Z,_Z,268,2023,55491281.70,,,,0
FCSA:DF_TRADE_COUNTRY_YR(5.1.0),AE,A,AED,FCSC,ANN_CNT,IMP,_Z,_Z,268,2024,41660455.71,,,,0
FCSA:DF_TRADE_COUNTRY_YR(5.1.0),AE,A,AED,FCSC,ANN_CNT,NOEXP,_Z,_Z,548,2017,168553.18,,,,0
FCSA:DF_TRADE_COUNTRY_YR(5.1.0),AE,A,AED,FCSC,ANN_CNT,NOEXP,_Z,_Z,548,2018,276652.79,,,,0
FCSA:DF_TRADE_COUNTRY_YR(5.1.0),AE,A,AED,FCSC,ANN_CNT,NOEXP,_Z,_Z,548,2019,177134.56,,,,0
FCSA:DF_TRADE_COUNTRY_YR(5.1.0),AE,A,AED,FCSC,ANN_CNT,NOEXP,_Z,_Z,548,2020,174435.90,,,,0
FCSA:DF_TRADE_COUNTRY_YR(5.1.0),AE,A,AED,FCSC,ANN_CNT,NOEXP,_Z,_Z,548,2021,389524.78,,,,0
FCSA:DF_TRADE_COUNTRY_YR(5.1.0),AE,A,AED,FCSC,ANN_CNT,NOEXP,_Z,_Z,548,2022,315787.92,,,,0
FCSA:DF_TRADE_COUNTRY_YR(5.1.0),AE,A,AED,FCSC,ANN_CNT,NOEXP,_Z,_Z,548,2023,451680.18,,,,0
FCSA:DF_TRADE_COUNTRY_YR(5.1.0),AE,A,AED,FCSC,ANN_CNT,NOEXP,_Z,_Z,548,2024,1080455.70,,,,0
FCSA:DF_TRADE_COUNTRY_YR(5.1.0),AE,A,AED,FCSC,ANN_CNT,NOEXP,_Z,_Z,760,2017,1182629981.98,,,,0
FCSA:DF_TRADE_COUNTRY_YR(5.1.0),AE,A,AED,FCSC,ANN_CNT,NOEXP,_Z,_Z,760,2018,1396599537.18,,,,0
FCSA:DF_TRADE_COUNTRY_YR(5.1.0),AE,A,AED,FCSC,ANN_CNT,NOEXP,_Z,_Z,760,2019,1727978128.23,,,,0
FCSA:DF_TRADE_COUNTRY_YR(5.1.0),AE,A,AED,FCSC,ANN_CNT,NOEXP,_Z,_Z,760,2020,2001115801.81,,,,0
FCSA:DF_TRADE_COUNTRY_YR(5.1.0),AE,A,AED,FCSC,ANN_CNT,NOEXP,_Z,_Z,760,2021,1427064735.81,,,,0
FCSA:DF_TRADE_COUNTRY_YR(5.1.0),AE,A,AED,FCSC,ANN_CNT,NOEXP,_Z,_Z,760,2022,1313181595.46,,,,0
FCSA:DF_TRADE_COUNTRY_YR(5.1.0),AE,A,AED,FCSC,ANN_CNT,NOEXP,_Z,_Z,760,2023,1356125327.10,,,,0
FCSA:DF_TRADE_COUNTRY_YR(5.1.0),AE,A,AED,FCSC,ANN_CNT,NOEXP,_Z,_Z,760,2024,1453747565.32,,,,0
FCSA:DF_TRADE_COUNTRY_YR(5.1.0),AE,A,AED,FCSC,ANN_CNT,TTRADE,_Z,_Z,116,2017,1114414528.18,,,,0
FCSA:DF_TRADE_COUNTRY_YR(5.1.0),AE,A,AED,FCSC,ANN_CNT,TTRADE,_Z,_Z,116,2018,1176626003.23,,,,0
FCSA:DF_TRADE_COUNTRY_YR(5.1.0),AE,A,AED,FCSC,ANN_CNT,TTRADE,_Z,_Z,116,2019,1164236800.64,,,,0
FCSA:DF_TRADE_COUNTRY_YR(5.1.0),AE,A,AED,FCSC,ANN_CNT,TTRADE,_Z,_Z,116,2020,979737133.04,,,,0
FCSA:DF_TRADE_COUNTRY_YR(5.1.0),AE,A,AED,FCSC,ANN_CNT,TTRADE,_Z,_Z,116,2021,1128546957.90,,,,0
FCSA:DF_TRADE_COUNTRY_YR(5.1.0),AE,A,AED,FCSC,ANN_CNT,TTRADE,_Z,_Z,116,2022,1496140092.65,,,,0
FCSA:DF_TRADE_COUNTRY_YR(5.1.0),AE,A,AED,FCSC,ANN_CNT,TTRADE,_Z,_Z,116,2023,1475686493.66,,,,0
FCSA:DF_TRADE_COUNTRY_YR(5.1.0),AE,A,AED,FCSC,ANN_CNT,TTRADE,_Z,_Z,116,2024,1429747475.39,,,,0
FCSA:DF_TRADE_COUNTRY_YR(5.1.0),AE,A,AED,FCSC,ANN_CNT,TTRADE,_Z,_Z,768,2017,2370434888.18,,,,0
FCSA:DF_TRADE_COUNTRY_YR(5.1.0),AE,A,AED,FCSC,ANN_CNT,TTRADE,_Z,_Z,768,2018,1315411192.41,,,,0
FCSA:DF_TRADE_COUNTRY_YR(5.1.0),AE,A,AED,FCSC,ANN_CNT,TTRADE,_Z,_Z,768,2019,569532185.04,,,,0
FCSA:DF_TRADE_COUNTRY_YR(5.1.0),AE,A,AED,FCSC,ANN_CNT,TTRADE,_Z,_Z,768,2020,985424036.46,,,,0
FCSA:DF_TRADE_COUNTRY_YR(5.1.0),AE,A,AED,FCSC,ANN_CNT,TTRADE,_Z,_Z,768,2021,3167648296.35,,,,0
FCSA:DF_TRADE_COUNTRY_YR(5.1.0),AE,A,AED,FCSC,ANN_CNT,TTRADE,_Z,_Z,768,2022,5821657279.80,,,,0
FCSA:DF_TRADE_COUNTRY_YR(5.1.0),AE,A,AED,FCSC,ANN_CNT,TTRADE,_Z,_Z,768,2023,10432241930.19,,,,0
FCSA:DF_TRADE_COUNTRY_YR(5.1.0),AE,A,AED,FCSC,ANN_CNT,TTRADE,_Z,_Z,768,2024,15526530294.72,,,,0
FCSA:DF_TRADE_COUNTRY_YR(5.1.0),AE,A,AED,FCSC,ANN_CNT,IMP,_Z,_Z,516,2017,833052485.17,,,,0
FCSA:DF_TRADE_COUNTRY_YR(5.1.0),AE,A,AED,FCSC,ANN_CNT,IMP,_Z,_Z,516,2018,774025949.41,,,,0
FCSA:DF_TRADE_COUNTRY_YR(5.1.0),AE,A,AED,FCSC,ANN_CNT,IMP,_Z,_Z,516,2019,919596948.03,,,,0
FCSA:DF_TRADE_COUNTRY_YR(5.1.0),AE,A,AED,FCSC,ANN_CNT,IMP,_Z,_Z,516,2020,601610388.43,,,,0
FCSA:DF_TRADE_COUNTRY_YR(5.1.0),AE,A,AED,FCSC,ANN_CNT,IMP,_Z,_Z,516,2021,867194233.69,,,,0
FCSA:DF_TRADE_COUNTRY_YR(5.1.0),AE,A,AED,FCSC,ANN_CNT,IMP,_Z,_Z,516,2022,1061105487.12,,,,0
FCSA:DF_TRADE_COUNTRY_YR(5.1.0),AE,A,AED,FCSC,ANN_CNT,IMP,_Z,_Z,516,2023,1121763604.30,,,,0
FCSA:DF_TRADE_COUNTRY_YR(5.1.0),AE,A,AED,FCSC,ANN_CNT,IMP,_Z,_Z,516,2024,1008704128.36,,,,0
FCSA:DF_TRADE_COUNTRY_YR(5.1.0),AE,A,AED,FCSC,ANN_CNT,NOEXP,_Z,_Z,108,2017,5028405.66,,,,0
FCSA:DF_TRADE_COUNTRY_YR(5.1.0),AE,A,AED,FCSC,ANN_CNT,NOEXP,_Z,_Z,108,2018,7866974.55,,,,0
FCSA:DF_TRADE_COUNTRY_YR(5.1.0),AE,A,AED,FCSC,ANN_CNT,NOEXP,_Z,_Z,108,2019,13317507.23,,,,0
FCSA:DF_TRADE_COUNTRY_YR(5.1.0),AE,A,AED,FCSC,ANN_CNT,NOEXP,_Z,_Z,108,2020,14441988.42,,,,0
FCSA:DF_TRADE_COUNTRY_YR(5.1.0),AE,A,AED,FCSC,ANN_CNT,NOEXP,_Z,_Z,108,2021,16425499.83,,,,0
FCSA:DF_TRADE_COUNTRY_YR(5.1.0),AE,A,AED,FCSC,ANN_CNT,NOEXP,_Z,_Z,108,2022,19137484.11,,,,0
FCSA:DF_TRADE_COUNTRY_YR(5.1.0),AE,A,AED,FCSC,ANN_CNT,NOEXP,_Z,_Z,108,2023,20682474.62,,,,0
FCSA:DF_TRADE_COUNTRY_YR(5.1.0),AE,A,AED,FCSC,ANN_CNT,NOEXP,_Z,_Z,108,2024,22234512.78,,,,0
FCSA:DF_TRADE_COUNTRY_YR(5.1.0),AE,A,AED,FCSC,ANN_CNT,TTRADE,_Z,_Z,710,2017,11846451430.06,,,,0
FCSA:DF_TRADE_COUNTRY_YR(5.1.0),AE,A,AED,FCSC,ANN_CNT,TTRADE,_Z,_Z,710,2018,14088301593.04,,,,0
FCSA:DF_TRADE_COUNTRY_YR(5.1.0),AE,A,AED,FCSC,ANN_CNT,TTRADE,_Z,_Z,710,2019,14220762204.95,,,,0
FCSA:DF_TRADE_COUNTRY_YR(5.1.0),AE,A,AED,FCSC,ANN_CNT,TTRADE,_Z,_Z,710,2020,16608836819.34,,,,0
FCSA:DF_TRADE_COUNTRY_YR(5.1.0),AE,A,AED,FCSC,ANN_CNT,TTRADE,_Z,_Z,710,2021,21710164282.36,,,,0
FCSA:DF_TRADE_COUNTRY_YR(5.1.0),AE,A,AED,FCSC,ANN_CNT,TTRADE,_Z,_Z,710,2022,24341189511.66,,,,0
FCSA:DF_TRADE_COUNTRY_YR(5.1.0),AE,A,AED,FCSC,ANN_CNT,TTRADE,_Z,_Z,710,2023,27416803663.66,,,,0
FCSA:DF_TRADE_COUNTRY_YR(5.1.0),AE,A,AED,FCSC,ANN_CNT,TTRADE,_Z,_Z,710,2024,31248891948.21,,,,0
FCSA:DF_TRADE_COUNTRY_YR(5.1.0),AE,A,AED,FCSC,ANN_CNT,TTRADE,_Z,_Z,562,2017,562742906.35,,,,0
FCSA:DF_TRADE_COUNTRY_YR(5.1.0),AE,A,AED,FCSC,ANN_CNT,TTRADE,_Z,_Z,562,2018,1306053516.54,,,,0
FCSA:DF_TRADE_COUNTRY_YR(5.1.0),AE,A,AED,FCSC,ANN_CNT,TTRADE,_Z,_Z,562,2019,2078184167.70,,,,0
FCSA:DF_TRADE_COUNTRY_YR(5.1.0),AE,A,AED,FCSC,ANN_CNT,TTRADE,_Z,_Z,562,2020,6855607702.57,,,,0
FCSA:DF_TRADE_COUNTRY_YR(5.1.0),AE,A,AED,FCSC,ANN_CNT,TTRADE,_Z,_Z,562,2021,10309814043.90,,,,0
FCSA:DF_TRADE_COUNTRY_YR(5.1.0),AE,A,AED,FCSC,ANN_CNT,TTRADE,_Z,_Z,562,2022,8741256735.80,,,,0
FCSA:DF_TRADE_COUNTRY_YR(5.1.0),AE,A,AED,FCSC,ANN_CNT,TTRADE,_Z,_Z,562,2023,2147873461.81,,,,0
FCSA:DF_TRADE_COUNTRY_YR(5.1.0),AE,A,AED,FCSC,ANN_CNT,TTRADE,_Z,_Z,562,2024,1332785079.22,,,,0
FCSA:DF_TRADE_COUNTRY_YR(5.1.0),AE,A,AED,FCSC,ANN_CNT,TNOEXP,_Z,_Z,74,2020,1132.12,,,,0
FCSA:DF_TRADE_COUNTRY_YR(5.1.0),AE,A,AED,FCSC,ANN_CNT,TNOEXP,_Z,_Z,74,2021,0.00,,,,0
FCSA:DF_TRADE_COUNTRY_YR(5.1.0),AE,A,AED,FCSC,ANN_CNT,TNOEXP,_Z,_Z,74,2023,0.00,,,,0
FCSA:DF_TRADE_COUNTRY_YR(5.1.0),AE,A,AED,FCSC,ANN_CNT,TNOEXP,_Z,_Z,74,2024,0.00,,,,0
FCSA:DF_TRADE_COUNTRY_YR(5.1.0),AE,A,AED,FCSC,ANN_CNT,IMP,_Z,_Z,414,2017,6513180829.50,,,,0
FCSA:DF_TRADE_COUNTRY_YR(5.1.0),AE,A,AED,FCSC,ANN_CNT,IMP,_Z,_Z,414,2018,8456689631.14,,,,0
FCSA:DF_TRADE_COUNTRY_YR(5.1.0),AE,A,AED,FCSC,ANN_CNT,IMP,_Z,_Z,414,2019,7523387160.76,,,,0
FCSA:DF_TRADE_COUNTRY_YR(5.1.0),AE,A,AED,FCSC,ANN_CNT,IMP,_Z,_Z,414,2020,4197115350.41,,,,0
FCSA:DF_TRADE_COUNTRY_YR(5.1.0),AE,A,AED,FCSC,ANN_CNT,IMP,_Z,_Z,414,2021,4892810829.50,,,,0
FCSA:DF_TRADE_COUNTRY_YR(5.1.0),AE,A,AED,FCSC,ANN_CNT,IMP,_Z,_Z,414,2022,7522165031.34,,,,0
FCSA:DF_TRADE_COUNTRY_YR(5.1.0),AE,A,AED,FCSC,ANN_CNT,IMP,_Z,_Z,414,2023,9371554093.88,,,,0
FCSA:DF_TRADE_COUNTRY_YR(5.1.0),AE,A,AED,FCSC,ANN_CNT,IMP,_Z,_Z,414,2024,11331178016.00,,,,0
FCSA:DF_TRADE_COUNTRY_YR(5.1.0),AE,A,AED,FCSC,ANN_CNT,TTRADE,_Z,_Z,788,2017,1361408501.78,,,,0
FCSA:DF_TRADE_COUNTRY_YR(5.1.0),AE,A,AED,FCSC,ANN_CNT,TTRADE,_Z,_Z,788,2018,1180278030.94,,,,0
FCSA:DF_TRADE_COUNTRY_YR(5.1.0),AE,A,AED,FCSC,ANN_CNT,TTRADE,_Z,_Z,788,2019,1089986957.94,,,,0
FCSA:DF_TRADE_COUNTRY_YR(5.1.0),AE,A,AED,FCSC,ANN_CNT,TTRADE,_Z,_Z,788,2020,1170521205.35,,,,0
FCSA:DF_TRADE_COUNTRY_YR(5.1.0),AE,A,AED,FCSC,ANN_CNT,TTRADE,_Z,_Z,788,2021,1290672813.21,,,,0
FCSA:DF_TRADE_COUNTRY_YR(5.1.0),AE,A,AED,FCSC,ANN_CNT,TTRADE,_Z,_Z,788,2022,1391650647.83,,,,0
FCSA:DF_TRADE_COUNTRY_YR(5.1.0),AE,A,AED,FCSC,ANN_CNT,TTRADE,_Z,_Z,788,2023,1190027834.90,,,,0
FCSA:DF_TRADE_COUNTRY_YR(5.1.0),AE,A,AED,FCSC,ANN_CNT,TTRADE,_Z,_Z,788,2024,1189840762.26,,,,0
FCSA:DF_TRADE_COUNTRY_YR(5.1.0),AE,A,AED,FCSC,ANN_CNT,REEXP,_Z,_Z,662,2017,222219.07,,,,0
FCSA:DF_TRADE_COUNTRY_YR(5.1.0),AE,A,AED,FCSC,ANN_CNT,REEXP,_Z,_Z,662,2018,307626.32,,,,0
FCSA:DF_TRADE_COUNTRY_YR(5.1.0),AE,A,AED,FCSC,ANN_CNT,REEXP,_Z,_Z,662,2019,451658.28,,,,0
FCSA:DF_TRADE_COUNTRY_YR(5.1.0),AE,A,AED,FCSC,ANN_CNT,REEXP,_Z,_Z,662,2020,951193.94,,,,0
FCSA:DF_TRADE_COUNTRY_YR(5.1.0),AE,A,AED,FCSC,ANN_CNT,REEXP,_Z,_Z,662,2021,616292.61,,,,0
FCSA:DF_TRADE_COUNTRY_YR(5.1.0),AE,A,AED,FCSC,ANN_CNT,REEXP,_Z,_Z,662,2022,1380007.31,,,,0
FCSA:DF_TRADE_COUNTRY_YR(5.1.0),AE,A,AED,FCSC,ANN_CNT,REEXP,_Z,_Z,662,2023,695734.83,,,,0
FCSA:DF_TRADE_COUNTRY_YR(5.1.0),AE,A,AED,FCSC,ANN_CNT,REEXP,_Z,_Z,662,2024,1955644.94,,,,0
FCSA:DF_TRADE_COUNTRY_YR(5.1.0),AE,A,AED,FCSC,ANN_CNT,TTRADE,_Z,_Z,520,2018,3671580.60,,,,0
FCSA:DF_TRADE_COUNTRY_YR(5.1.0),AE,A,AED,FCSC,ANN_CNT,TTRADE,_Z,_Z,520,2020,187799.68,,,,0
FCSA:DF_TRADE_COUNTRY_YR(5.1.0),AE,A,AED,FCSC,ANN_CNT,TTRADE,_Z,_Z,520,2021,1796797.08,,,,0
FCSA:DF_TRADE_COUNTRY_YR(5.1.0),AE,A,AED,FCSC,ANN_CNT,TTRADE,_Z,_Z,520,2022,586482.10,,,,0
FCSA:DF_TRADE_COUNTRY_YR(5.1.0),AE,A,AED,FCSC,ANN_CNT,TTRADE,_Z,_Z,520,2023,195129.04,,,,0
FCSA:DF_TRADE_COUNTRY_YR(5.1.0),AE,A,AED,FCSC,ANN_CNT,TTRADE,_Z,_Z,520,2024,1445891.14,,,,0
FCSA:DF_TRADE_COUNTRY_YR(5.1.0),AE,A,AED,FCSC,ANN_CNT,NOEXP,_Z,_Z,231,2017,630164240.11,,,,0
FCSA:DF_TRADE_COUNTRY_YR(5.1.0),AE,A,AED,FCSC,ANN_CNT,NOEXP,_Z,_Z,231,2018,874992250.63,,,,0
FCSA:DF_TRADE_COUNTRY_YR(5.1.0),AE,A,AED,FCSC,ANN_CNT,NOEXP,_Z,_Z,231,2019,712081027.57,,,,0
FCSA:DF_TRADE_COUNTRY_YR(5.1.0),AE,A,AED,FCSC,ANN_CNT,NOEXP,_Z,_Z,231,2020,633102430.55,,,,0
FCSA:DF_TRADE_COUNTRY_YR(5.1.0),AE,A,AED,FCSC,ANN_CNT,NOEXP,_Z,_Z,231,2021,739556950.34,,,,0
FCSA:DF_TRADE_COUNTRY_YR(5.1.0),AE,A,AED,FCSC,ANN_CNT,NOEXP,_Z,_Z,231,2022,772762659.02,,,,0
FCSA:DF_TRADE_COUNTRY_YR(5.1.0),AE,A,AED,FCSC,ANN_CNT,NOEXP,_Z,_Z,231,2023,704441976.99,,,,0
FCSA:DF_TRADE_COUNTRY_YR(5.1.0),AE,A,AED,FCSC,ANN_CNT,NOEXP,_Z,_Z,231,2024,1213950522.49,,,,0
FCSA:DF_TRADE_COUNTRY_YR(5.1.0),AE,A,AED,FCSC,ANN_CNT,TTRADE,_Z,_Z,566,2017,4480686947.72,,,,0
FCSA:DF_TRADE_COUNTRY_YR(5.1.0),AE,A,AED,FCSC,ANN_CNT,TTRADE,_Z,_Z,566,2018,5679849296.18,,,,0
FCSA:DF_TRADE_COUNTRY_YR(5.1.0),AE,A,AED,FCSC,ANN_CNT,TTRADE,_Z,_Z,566,2019,5325945524.74,,,,0
FCSA:DF_TRADE_COUNTRY_YR(5.1.0),AE,A,AED,FCSC,ANN_CNT,TTRADE,_Z,_Z,566,2020,4854879949.41,,,,0
FCSA:DF_TRADE_COUNTRY_YR(5.1.0),AE,A,AED,FCSC,ANN_CNT,TTRADE,_Z,_Z,566,2021,5921481210.55,,,,0
FCSA:DF_TRADE_COUNTRY_YR(5.1.0),AE,A,AED,FCSC,ANN_CNT,TTRADE,_Z,_Z,566,2022,8228622019.95,,,,0
FCSA:DF_TRADE_COUNTRY_YR(5.1.0),AE,A,AED,FCSC,ANN_CNT,TTRADE,_Z,_Z,566,2023,10050202756.63,,,,0
FCSA:DF_TRADE_COUNTRY_YR(5.1.0),AE,A,AED,FCSC,ANN_CNT,TTRADE,_Z,_Z,566,2024,15611020068.49,,,,0
FCSA:DF_TRADE_COUNTRY_YR(5.1.0),AE,A,AED,FCSC,ANN_CNT,NOEXP,_Z,_Z,462,2017,233023496.94,,,,0
FCSA:DF_TRADE_COUNTRY_YR(5.1.0),AE,A,AED,FCSC,ANN_CNT,NOEXP,_Z,_Z,462,2018,253755190.66,,,,0
FCSA:DF_TRADE_COUNTRY_YR(5.1.0),AE,A,AED,FCSC,ANN_CNT,NOEXP,_Z,_Z,462,2019,875461445.70,,,,0
FCSA:DF_TRADE_COUNTRY_YR(5.1.0),AE,A,AED,FCSC,ANN_CNT,NOEXP,_Z,_Z,462,2020,296933719.10,,,,0
FCSA:DF_TRADE_COUNTRY_YR(5.1.0),AE,A,AED,FCSC,ANN_CNT,NOEXP,_Z,_Z,462,2021,338568098.03,,,,0
FCSA:DF_TRADE_COUNTRY_YR(5.1.0),AE,A,AED,FCSC,ANN_CNT,NOEXP,_Z,_Z,462,2022,446950681.15,,,,0
FCSA:DF_TRADE_COUNTRY_YR(5.1.0),AE,A,AED,FCSC,ANN_CNT,NOEXP,_Z,_Z,462,2023,878861536.56,,,,0
FCSA:DF_TRADE_COUNTRY_YR(5.1.0),AE,A,AED,FCSC,ANN_CNT,NOEXP,_Z,_Z,462,2024,907722846.02,,,,0
FCSA:DF_TRADE_COUNTRY_YR(5.1.0),AE,A,AED,FCSC,ANN_CNT,TTRADE,_Z,_Z,170,2017,526275915.57,,,,0
FCSA:DF_TRADE_COUNTRY_YR(5.1.0),AE,A,AED,FCSC,ANN_CNT,TTRADE,_Z,_Z,170,2018,465377085.04,,,,0
FCSA:DF_TRADE_COUNTRY_YR(5.1.0),AE,A,AED,FCSC,ANN_CNT,TTRADE,_Z,_Z,170,2019,1046452008.35,,,,0
FCSA:DF_TRADE_COUNTRY_YR(5.1.0),AE,A,AED,FCSC,ANN_CNT,TTRADE,_Z,_Z,170,2020,1160775917.07,,,,0
FCSA:DF_TRADE_COUNTRY_YR(5.1.0),AE,A,AED,FCSC,ANN_CNT,TTRADE,_Z,_Z,170,2021,994511460.83,,,,0
FCSA:DF_TRADE_COUNTRY_YR(5.1.0),AE,A,AED,FCSC,ANN_CNT,TTRADE,_Z,_Z,170,2022,1420472216.43,,,,0
FCSA:DF_TRADE_COUNTRY_YR(5.1.0),AE,A,AED,FCSC,ANN_CNT,TTRADE,_Z,_Z,170,2023,2026902168.66,,,,0
FCSA:DF_TRADE_COUNTRY_YR(5.1.0),AE,A,AED,FCSC,ANN_CNT,TTRADE,_Z,_Z,170,2024,2150194555.61,,,,0
FCSA:DF_TRADE_COUNTRY_YR(5.1.0),AE,A,AED,FCSC,ANN_CNT,REEXP,_Z,_Z,203,2017,306162918.49,,,,0
FCSA:DF_TRADE_COUNTRY_YR(5.1.0),AE,A,AED,FCSC,ANN_CNT,REEXP,_Z,_Z,203,2018,431104664.47,,,,0
FCSA:DF_TRADE_COUNTRY_YR(5.1.0),AE,A,AED,FCSC,ANN_CNT,REEXP,_Z,_Z,203,2019,1172122571.87,,,,0
FCSA:DF_TRADE_COUNTRY_YR(5.1.0),AE,A,AED,FCSC,ANN_CNT,REEXP,_Z,_Z,203,2020,723968804.18,,,,0
FCSA:DF_TRADE_COUNTRY_YR(5.1.0),AE,A,AED,FCSC,ANN_CNT,REEXP,_Z,_Z,203,2021,1154908512.59,,,,0
FCSA:DF_TRADE_COUNTRY_YR(5.1.0),AE,A,AED,FCSC,ANN_CNT,REEXP,_Z,_Z,203,2022,793829938.15,,,,0
FCSA:DF_TRADE_COUNTRY_YR(5.1.0),AE,A,AED,FCSC,ANN_CNT,REEXP,_Z,_Z,203,2023,1123672974.08,,,,0
FCSA:DF_TRADE_COUNTRY_YR(5.1.0),AE,A,AED,FCSC,ANN_CNT,REEXP,_Z,_Z,203,2024,1206849269.25,,,,0
FCSA:DF_TRADE_COUNTRY_YR(5.1.0),AE,A,AED,FCSC,ANN_CNT,NOEXP,_Z,_Z,246,2017,28932869.97,,,,0
FCSA:DF_TRADE_COUNTRY_YR(5.1.0),AE,A,AED,FCSC,ANN_CNT,NOEXP,_Z,_Z,246,2018,17026262.11,,,,0
FCSA:DF_TRADE_COUNTRY_YR(5.1.0),AE,A,AED,FCSC,ANN_CNT,NOEXP,_Z,_Z,246,2019,18001264.03,,,,0
FCSA:DF_TRADE_COUNTRY_YR(5.1.0),AE,A,AED,FCSC,ANN_CNT,NOEXP,_Z,_Z,246,2020,13755004.38,,,,0
FCSA:DF_TRADE_COUNTRY_YR(5.1.0),AE,A,AED,FCSC,ANN_CNT,NOEXP,_Z,_Z,246,2021,30106968.20,,,,0
FCSA:DF_TRADE_COUNTRY_YR(5.1.0),AE,A,AED,FCSC,ANN_CNT,NOEXP,_Z,_Z,246,2022,44135180.55,,,,0
FCSA:DF_TRADE_COUNTRY_YR(5.1.0),AE,A,AED,FCSC,ANN_CNT,NOEXP,_Z,_Z,246,2023,60171879.93,,,,0
FCSA:DF_TRADE_COUNTRY_YR(5.1.0),AE,A,AED,FCSC,ANN_CNT,NOEXP,_Z,_Z,246,2024,30692823.69,,,,0
FCSA:DF_TRADE_COUNTRY_YR(5.1.0),AE,A,AED,FCSC,ANN_CNT,TTRADE,_Z,_Z,612,2020,178603.52,,,,0
FCSA:DF_TRADE_COUNTRY_YR(5.1.0),AE,A,AED,FCSC,ANN_CNT,TTRADE,_Z,_Z,612,2021,782050.70,,,,0
FCSA:DF_TRADE_COUNTRY_YR(5.1.0),AE,A,AED,FCSC,ANN_CNT,TTRADE,_Z,_Z,612,2022,742519.42,,,,0
FCSA:DF_TRADE_COUNTRY_YR(5.1.0),AE,A,AED,FCSC,ANN_CNT,TTRADE,_Z,_Z,612,2023,281655.65,,,,0
FCSA:DF_TRADE_COUNTRY_YR(5.1.0),AE,A,AED,FCSC,ANN_CNT,TTRADE,_Z,_Z,612,2024,18974.38,,,,0
FCSA:DF_TRADE_COUNTRY_YR(5.1.0),AE,A,AED,FCSC,ANN_CNT,IMP,_Z,_Z,688,2017,201182757.82,,,,0
FCSA:DF_TRADE_COUNTRY_YR(5.1.0),AE,A,AED,FCSC,ANN_CNT,IMP,_Z,_Z,688,2018,141775532.21,,,,0
FCSA:DF_TRADE_COUNTRY_YR(5.1.0),AE,A,AED,FCSC,ANN_CNT,IMP,_Z,_Z,688,2019,141720189.45,,,,0
FCSA:DF_TRADE_COUNTRY_YR(5.1.0),AE,A,AED,FCSC,ANN_CNT,IMP,_Z,_Z,688,2020,175908390.95,,,,0
FCSA:DF_TRADE_COUNTRY_YR(5.1.0),AE,A,AED,FCSC,ANN_CNT,IMP,_Z,_Z,688,2021,216478953.53,,,,0
FCSA:DF_TRADE_COUNTRY_YR(5.1.0),AE,A,AED,FCSC,ANN_CNT,IMP,_Z,_Z,688,2022,294743159.37,,,,0
FCSA:DF_TRADE_COUNTRY_YR(5.1.0),AE,A,AED,FCSC,ANN_CNT,IMP,_Z,_Z,688,2023,270415808.05,,,,0
FCSA:DF_TRADE_COUNTRY_YR(5.1.0),AE,A,AED,FCSC,ANN_CNT,IMP,_Z,_Z,688,2024,280655206.93,,,,0
FCSA:DF_TRADE_COUNTRY_YR(5.1.0),AE,A,AED,FCSC,ANN_CNT,TTRADE,_Z,_Z,28,2017,13478161.49,,,,0
FCSA:DF_TRADE_COUNTRY_YR(5.1.0),AE,A,AED,FCSC,ANN_CNT,TTRADE,_Z,_Z,28,2018,5457055.62,,,,0
FCSA:DF_TRADE_COUNTRY_YR(5.1.0),AE,A,AED,FCSC,ANN_CNT,TTRADE,_Z,_Z,28,2019,6879605.80,,,,0
FCSA:DF_TRADE_COUNTRY_YR(5.1.0),AE,A,AED,FCSC,ANN_CNT,TTRADE,_Z,_Z,28,2020,15681617.84,,,,0
FCSA:DF_TRADE_COUNTRY_YR(5.1.0),AE,A,AED,FCSC,ANN_CNT,TTRADE,_Z,_Z,28,2021,1482258.36,,,,0
FCSA:DF_TRADE_COUNTRY_YR(5.1.0),AE,A,AED,FCSC,ANN_CNT,TTRADE,_Z,_Z,28,2022,15640377.77,,,,0
FCSA:DF_TRADE_COUNTRY_YR(5.1.0),AE,A,AED,FCSC,ANN_CNT,TTRADE,_Z,_Z,28,2023,10506716.91,,,,0
FCSA:DF_TRADE_COUNTRY_YR(5.1.0),AE,A,AED,FCSC,ANN_CNT,TTRADE,_Z,_Z,28,2024,7994616.76,,,,0
FCSA:DF_TRADE_COUNTRY_YR(5.1.0),AE,A,AED,FCSC,ANN_CNT,TNOEXP,_Z,_Z,702,2017,8826572896.65,,,,0
FCSA:DF_TRADE_COUNTRY_YR(5.1.0),AE,A,AED,FCSC,ANN_CNT,TNOEXP,_Z,_Z,702,2018,7951474427.23,,,,0
FCSA:DF_TRADE_COUNTRY_YR(5.1.0),AE,A,AED,FCSC,ANN_CNT,TNOEXP,_Z,_Z,702,2019,9571854573.24,,,,0
FCSA:DF_TRADE_COUNTRY_YR(5.1.0),AE,A,AED,FCSC,ANN_CNT,TNOEXP,_Z,_Z,702,2020,6666569383.53,,,,0
FCSA:DF_TRADE_COUNTRY_YR(5.1.0),AE,A,AED,FCSC,ANN_CNT,TNOEXP,_Z,_Z,702,2021,8658517012.57,,,,0
FCSA:DF_TRADE_COUNTRY_YR(5.1.0),AE,A,AED,FCSC,ANN_CNT,TNOEXP,_Z,_Z,702,2022,12258088514.38,,,,0
FCSA:DF_TRADE_COUNTRY_YR(5.1.0),AE,A,AED,FCSC,ANN_CNT,TNOEXP,_Z,_Z,702,2023,12271494165.76,,,,0
FCSA:DF_TRADE_COUNTRY_YR(5.1.0),AE,A,AED,FCSC,ANN_CNT,TNOEXP,_Z,_Z,702,2024,12427978181.67,,,,0
FCSA:DF_TRADE_COUNTRY_YR(5.1.0),AE,A,AED,FCSC,ANN_CNT,NOEXP,_Z,_Z,818,2017,2753672910.16,,,,0
FCSA:DF_TRADE_COUNTRY_YR(5.1.0),AE,A,AED,FCSC,ANN_CNT,NOEXP,_Z,_Z,818,2018,3998540574.83,,,,0
FCSA:DF_TRADE_COUNTRY_YR(5.1.0),AE,A,AED,FCSC,ANN_CNT,NOEXP,_Z,_Z,818,2019,3787587448.76,,,,0
FCSA:DF_TRADE_COUNTRY_YR(5.1.0),AE,A,AED,FCSC,ANN_CNT,NOEXP,_Z,_Z,818,2020,4071052504.23,,,,0
FCSA:DF_TRADE_COUNTRY_YR(5.1.0),AE,A,AED,FCSC,ANN_CNT,NOEXP,_Z,_Z,818,2021,9157099027.26,,,,0
FCSA:DF_TRADE_COUNTRY_YR(5.1.0),AE,A,AED,FCSC,ANN_CNT,NOEXP,_Z,_Z,818,2022,8267433237.01,,,,0
FCSA:DF_TRADE_COUNTRY_YR(5.1.0),AE,A,AED,FCSC,ANN_CNT,NOEXP,_Z,_Z,818,2023,6490677414.65,,,,0
FCSA:DF_TRADE_COUNTRY_YR(5.1.0),AE,A,AED,FCSC,ANN_CNT,NOEXP,_Z,_Z,818,2024,8170470771.61,,,,0
FCSA:DF_TRADE_COUNTRY_YR(5.1.0),AE,A,AED,FCSC,ANN_CNT,REEXP,_Z,_Z,818,2017,7244301805.40,,,,0
FCSA:DF_TRADE_COUNTRY_YR(5.1.0),AE,A,AED,FCSC,ANN_CNT,REEXP,_Z,_Z,818,2018,9110278985.55,,,,0
FCSA:DF_TRADE_COUNTRY_YR(5.1.0),AE,A,AED,FCSC,ANN_CNT,REEXP,_Z,_Z,818,2019,9696618292.40,,,,0
FCSA:DF_TRADE_COUNTRY_YR(5.1.0),AE,A,AED,FCSC,ANN_CNT,REEXP,_Z,_Z,818,2020,9973318200.55,,,,0
FCSA:DF_TRADE_COUNTRY_YR(5.1.0),AE,A,AED,FCSC,ANN_CNT,REEXP,_Z,_Z,818,2021,12438297569.93,,,,0
FCSA:DF_TRADE_COUNTRY_YR(5.1.0),AE,A,AED,FCSC,ANN_CNT,REEXP,_Z,_Z,818,2022,12825807887.08,,,,0
FCSA:DF_TRADE_COUNTRY_YR(5.1.0),AE,A,AED,FCSC,ANN_CNT,REEXP,_Z,_Z,818,2023,10120060631.78,,,,0
FCSA:DF_TRADE_COUNTRY_YR(5.1.0),AE,A,AED,FCSC,ANN_CNT,REEXP,_Z,_Z,818,2024,9729886456.67,,,,0
FCSA:DF_TRADE_COUNTRY_YR(5.1.0),AE,A,AED,FCSC,ANN_CNT,IMP,_Z,_Z,56,2017,13952366780.15,,,,0
FCSA:DF_TRADE_COUNTRY_YR(5.1.0),AE,A,AED,FCSC,ANN_CNT,IMP,_Z,_Z,56,2018,11414194267.95,,,,0
FCSA:DF_TRADE_COUNTRY_YR(5.1.0),AE,A,AED,FCSC,ANN_CNT,IMP,_Z,_Z,56,2019,9877236943.36,,,,0
FCSA:DF_TRADE_COUNTRY_YR(5.1.0),AE,A,AED,FCSC,ANN_CNT,IMP,_Z,_Z,56,2020,8388466820.69,,,,0
FCSA:DF_TRADE_COUNTRY_YR(5.1.0),AE,A,AED,FCSC,ANN_CNT,IMP,_Z,_Z,56,2021,11369159281.42,,,,0
FCSA:DF_TRADE_COUNTRY_YR(5.1.0),AE,A,AED,FCSC,ANN_CNT,IMP,_Z,_Z,56,2022,13850994373.20,,,,0
FCSA:DF_TRADE_COUNTRY_YR(5.1.0),AE,A,AED,FCSC,ANN_CNT,IMP,_Z,_Z,56,2023,13213364985.36,,,,0
FCSA:DF_TRADE_COUNTRY_YR(5.1.0),AE,A,AED,FCSC,ANN_CNT,IMP,_Z,_Z,56,2024,7815463068.69,,,,0
FCSA:DF_TRADE_COUNTRY_YR(5.1.0),AE,A,AED,FCSC,ANN_CNT,REEXP,_Z,_Z,174,2017,130070021.35,,,,0
FCSA:DF_TRADE_COUNTRY_YR(5.1.0),AE,A,AED,FCSC,ANN_CNT,REEXP,_Z,_Z,174,2018,127670471.98,,,,0
FCSA:DF_TRADE_COUNTRY_YR(5.1.0),AE,A,AED,FCSC,ANN_CNT,REEXP,_Z,_Z,174,2019,144174268.15,,,,0
FCSA:DF_TRADE_COUNTRY_YR(5.1.0),AE,A,AED,FCSC,ANN_CNT,REEXP,_Z,_Z,174,2020,111624384.81,,,,0
FCSA:DF_TRADE_COUNTRY_YR(5.1.0),AE,A,AED,FCSC,ANN_CNT,REEXP,_Z,_Z,174,2021,270502370.90,,,,0
FCSA:DF_TRADE_COUNTRY_YR(5.1.0),AE,A,AED,FCSC,ANN_CNT,REEXP,_Z,_Z,174,2022,207965661.41,,,,0
FCSA:DF_TRADE_COUNTRY_YR(5.1.0),AE,A,AED,FCSC,ANN_CNT,REEXP,_Z,_Z,174,2023,193149045.41,,,,0
FCSA:DF_TRADE_COUNTRY_YR(5.1.0),AE,A,AED,FCSC,ANN_CNT,REEXP,_Z,_Z,174,2024,260739744.79,,,,0
FCSA:DF_TRADE_COUNTRY_YR(5.1.0),AE,A,AED,FCSC,ANN_CNT,REEXP,_Z,_Z,642,2017,91427514.38,,,,0
FCSA:DF_TRADE_COUNTRY_YR(5.1.0),AE,A,AED,FCSC,ANN_CNT,REEXP,_Z,_Z,642,2018,81240865.89,,,,0
FCSA:DF_TRADE_COUNTRY_YR(5.1.0),AE,A,AED,FCSC,ANN_CNT,REEXP,_Z,_Z,642,2019,99938601.25,,,,0
FCSA:DF_TRADE_COUNTRY_YR(5.1.0),AE,A,AED,FCSC,ANN_CNT,REEXP,_Z,_Z,642,2020,58918068.79,,,,0
FCSA:DF_TRADE_COUNTRY_YR(5.1.0),AE,A,AED,FCSC,ANN_CNT,REEXP,_Z,_Z,642,2021,127810592.69,,,,0
FCSA:DF_TRADE_COUNTRY_YR(5.1.0),AE,A,AED,FCSC,ANN_CNT,REEXP,_Z,_Z,642,2022,457531581.59,,,,0
FCSA:DF_TRADE_COUNTRY_YR(5.1.0),AE,A,AED,FCSC,ANN_CNT,REEXP,_Z,_Z,642,2023,294226156.21,,,,0
FCSA:DF_TRADE_COUNTRY_YR(5.1.0),AE,A,AED,FCSC,ANN_CNT,REEXP,_Z,_Z,642,2024,266067483.55,,,,0
FCSA:DF_TRADE_COUNTRY_YR(5.1.0),AE,A,AED,FCSC,ANN_CNT,TTRADE,_Z,_Z,762,2017,186170625.16,,,,0
FCSA:DF_TRADE_COUNTRY_YR(5.1.0),AE,A,AED,FCSC,ANN_CNT,TTRADE,_Z,_Z,762,2018,257741388.45,,,,0
FCSA:DF_TRADE_COUNTRY_YR(5.1.0),AE,A,AED,FCSC,ANN_CNT,TTRADE,_Z,_Z,762,2019,225837269.55,,,,0
FCSA:DF_TRADE_COUNTRY_YR(5.1.0),AE,A,AED,FCSC,ANN_CNT,TTRADE,_Z,_Z,762,2020,338577145.43,,,,0
FCSA:DF_TRADE_COUNTRY_YR(5.1.0),AE,A,AED,FCSC,ANN_CNT,TTRADE,_Z,_Z,762,2021,445346083.41,,,,0
FCSA:DF_TRADE_COUNTRY_YR(5.1.0),AE,A,AED,FCSC,ANN_CNT,TTRADE,_Z,_Z,762,2022,648081524.24,,,,0
FCSA:DF_TRADE_COUNTRY_YR(5.1.0),AE,A,AED,FCSC,ANN_CNT,TTRADE,_Z,_Z,762,2023,987488752.38,,,,0
FCSA:DF_TRADE_COUNTRY_YR(5.1.0),AE,A,AED,FCSC,ANN_CNT,TTRADE,_Z,_Z,762,2024,1313055073.21,,,,0
FCSA:DF_TRADE_COUNTRY_YR(5.1.0),AE,A,AED,FCSC,ANN_CNT,REEXP,_Z,_Z,830,2017,8081.00,,,,0
FCSA:DF_TRADE_COUNTRY_YR(5.1.0),AE,A,AED,FCSC,ANN_CNT,REEXP,_Z,_Z,830,2018,0.00,,,,0
FCSA:DF_TRADE_COUNTRY_YR(5.1.0),AE,A,AED,FCSC,ANN_CNT,REEXP,_Z,_Z,830,2019,21743.00,,,,0
FCSA:DF_TRADE_COUNTRY_YR(5.1.0),AE,A,AED,FCSC,ANN_CNT,REEXP,_Z,_Z,830,2020,0.00,,,,0
FCSA:DF_TRADE_COUNTRY_YR(5.1.0),AE,A,AED,FCSC,ANN_CNT,REEXP,_Z,_Z,830,2021,0.00,,,,0
FCSA:DF_TRADE_COUNTRY_YR(5.1.0),AE,A,AED,FCSC,ANN_CNT,REEXP,_Z,_Z,830,2022,0.00,,,,0
FCSA:DF_TRADE_COUNTRY_YR(5.1.0),AE,A,AED,FCSC,ANN_CNT,REEXP,_Z,_Z,830,2023,0.00,,,,0
FCSA:DF_TRADE_COUNTRY_YR(5.1.0),AE,A,AED,FCSC,ANN_CNT,REEXP,_Z,_Z,830,2024,0.00,,,,0
FCSA:DF_TRADE_COUNTRY_YR(5.1.0),AE,A,AED,FCSC,ANN_CNT,REEXP,_Z,_Z,894,2017,174790625.59,,,,0
FCSA:DF_TRADE_COUNTRY_YR(5.1.0),AE,A,AED,FCSC,ANN_CNT,REEXP,_Z,_Z,894,2018,370303950.23,,,,0
FCSA:DF_TRADE_COUNTRY_YR(5.1.0),AE,A,AED,FCSC,ANN_CNT,REEXP,_Z,_Z,894,2019,294379402.46,,,,0
FCSA:DF_TRADE_COUNTRY_YR(5.1.0),AE,A,AED,FCSC,ANN_CNT,REEXP,_Z,_Z,894,2020,266038433.30,,,,0
FCSA:DF_TRADE_COUNTRY_YR(5.1.0),AE,A,AED,FCSC,ANN_CNT,REEXP,_Z,_Z,894,2021,389538862.07,,,,0
FCSA:DF_TRADE_COUNTRY_YR(5.1.0),AE,A,AED,FCSC,ANN_CNT,REEXP,_Z,_Z,894,2022,606121815.27,,,,0
FCSA:DF_TRADE_COUNTRY_YR(5.1.0),AE,A,AED,FCSC,ANN_CNT,REEXP,_Z,_Z,894,2023,1104814755.43,,,,0
FCSA:DF_TRADE_COUNTRY_YR(5.1.0),AE,A,AED,FCSC,ANN_CNT,REEXP,_Z,_Z,894,2024,1563389265.92,,,,0
FCSA:DF_TRADE_COUNTRY_YR(5.1.0),AE,A,AED,FCSC,ANN_CNT,REEXP,_Z,_Z,246,2017,82777121.73,,,,0
FCSA:DF_TRADE_COUNTRY_YR(5.1.0),AE,A,AED,FCSC,ANN_CNT,REEXP,_Z,_Z,246,2018,50705098.77,,,,0
FCSA:DF_TRADE_COUNTRY_YR(5.1.0),AE,A,AED,FCSC,ANN_CNT,REEXP,_Z,_Z,246,2019,66723007.01,,,,0
FCSA:DF_TRADE_COUNTRY_YR(5.1.0),AE,A,AED,FCSC,ANN_CNT,REEXP,_Z,_Z,246,2020,40072211.75,,,,0
FCSA:DF_TRADE_COUNTRY_YR(5.1.0),AE,A,AED,FCSC,ANN_CNT,REEXP,_Z,_Z,246,2021,27063734.11,,,,0
FCSA:DF_TRADE_COUNTRY_YR(5.1.0),AE,A,AED,FCSC,ANN_CNT,REEXP,_Z,_Z,246,2022,60770865.35,,,,0
FCSA:DF_TRADE_COUNTRY_YR(5.1.0),AE,A,AED,FCSC,ANN_CNT,REEXP,_Z,_Z,246,2023,68116175.80,,,,0
FCSA:DF_TRADE_COUNTRY_YR(5.1.0),AE,A,AED,FCSC,ANN_CNT,REEXP,_Z,_Z,246,2024,22234824.51,,,,0
FCSA:DF_TRADE_COUNTRY_YR(5.1.0),AE,A,AED,FCSC,ANN_CNT,IMP,_Z,_Z,388,2017,98610118.17,,,,0
FCSA:DF_TRADE_COUNTRY_YR(5.1.0),AE,A,AED,FCSC,ANN_CNT,IMP,_Z,_Z,388,2018,2550182.29,,,,0
FCSA:DF_TRADE_COUNTRY_YR(5.1.0),AE,A,AED,FCSC,ANN_CNT,IMP,_Z,_Z,388,2019,7201827.27,,,,0
FCSA:DF_TRADE_COUNTRY_YR(5.1.0),AE,A,AED,FCSC,ANN_CNT,IMP,_Z,_Z,388,2020,3889292.85,,,,0
FCSA:DF_TRADE_COUNTRY_YR(5.1.0),AE,A,AED,FCSC,ANN_CNT,IMP,_Z,_Z,388,2021,2027096.85,,,,0
FCSA:DF_TRADE_COUNTRY_YR(5.1.0),AE,A,AED,FCSC,ANN_CNT,IMP,_Z,_Z,388,2022,7212806.89,,,,0
FCSA:DF_TRADE_COUNTRY_YR(5.1.0),AE,A,AED,FCSC,ANN_CNT,IMP,_Z,_Z,388,2023,2296184.08,,,,0
FCSA:DF_TRADE_COUNTRY_YR(5.1.0),AE,A,AED,FCSC,ANN_CNT,IMP,_Z,_Z,388,2024,5605974.93,,,,0
FCSA:DF_TRADE_COUNTRY_YR(5.1.0),AE,A,AED,FCSC,ANN_CNT,TTRADE,_Z,_Z,70,2017,152024030.78,,,,0
FCSA:DF_TRADE_COUNTRY_YR(5.1.0),AE,A,AED,FCSC,ANN_CNT,TTRADE,_Z,_Z,70,2018,100447770.85,,,,0
FCSA:DF_TRADE_COUNTRY_YR(5.1.0),AE,A,AED,FCSC,ANN_CNT,TTRADE,_Z,_Z,70,2019,97221442.99,,,,0
FCSA:DF_TRADE_COUNTRY_YR(5.1.0),AE,A,AED,FCSC,ANN_CNT,TTRADE,_Z,_Z,70,2020,86035706.15,,,,0
FCSA:DF_TRADE_COUNTRY_YR(5.1.0),AE,A,AED,FCSC,ANN_CNT,TTRADE,_Z,_Z,70,2021,121359362.18,,,,0
FCSA:DF_TRADE_COUNTRY_YR(5.1.0),AE,A,AED,FCSC,ANN_CNT,TTRADE,_Z,_Z,70,2022,186145114.52,,,,0
FCSA:DF_TRADE_COUNTRY_YR(5.1.0),AE,A,AED,FCSC,ANN_CNT,TTRADE,_Z,_Z,70,2023,213615301.99,,,,0
FCSA:DF_TRADE_COUNTRY_YR(5.1.0),AE,A,AED,FCSC,ANN_CNT,TTRADE,_Z,_Z,70,2024,267145834.49,,,,0
FCSA:DF_TRADE_COUNTRY_YR(5.1.0),AE,A,AED,FCSC,ANN_CNT,NOEXP,_Z,_Z,434,2017,1291745594.21,,,,0
FCSA:DF_TRADE_COUNTRY_YR(5.1.0),AE,A,AED,FCSC,ANN_CNT,NOEXP,_Z,_Z,434,2018,1380649149.11,,,,0
FCSA:DF_TRADE_COUNTRY_YR(5.1.0),AE,A,AED,FCSC,ANN_CNT,NOEXP,_Z,_Z,434,2019,1616627502.70,,,,0
FCSA:DF_TRADE_COUNTRY_YR(5.1.0),AE,A,AED,FCSC,ANN_CNT,NOEXP,_Z,_Z,434,2020,2222216079.59,,,,0
FCSA:DF_TRADE_COUNTRY_YR(5.1.0),AE,A,AED,FCSC,ANN_CNT,NOEXP,_Z,_Z,434,2021,2557780832.06,,,,0
FCSA:DF_TRADE_COUNTRY_YR(5.1.0),AE,A,AED,FCSC,ANN_CNT,NOEXP,_Z,_Z,434,2022,2255337520.11,,,,0
FCSA:DF_TRADE_COUNTRY_YR(5.1.0),AE,A,AED,FCSC,ANN_CNT,NOEXP,_Z,_Z,434,2023,2989235301.14,,,,0
FCSA:DF_TRADE_COUNTRY_YR(5.1.0),AE,A,AED,FCSC,ANN_CNT,NOEXP,_Z,_Z,434,2024,5686520497.27,,,,0
FCSA:DF_TRADE_COUNTRY_YR(5.1.0),AE,A,AED,FCSC,ANN_CNT,IMP,_Z,_Z,12,2017,96449835.37,,,,0
FCSA:DF_TRADE_COUNTRY_YR(5.1.0),AE,A,AED,FCSC,ANN_CNT,IMP,_Z,_Z,12,2018,294282161.31,,,,0
FCSA:DF_TRADE_COUNTRY_YR(5.1.0),AE,A,AED,FCSC,ANN_CNT,IMP,_Z,_Z,12,2019,1622525833.67,,,,0
FCSA:DF_TRADE_COUNTRY_YR(5.1.0),AE,A,AED,FCSC,ANN_CNT,IMP,_Z,_Z,12,2020,406785186.53,,,,0
FCSA:DF_TRADE_COUNTRY_YR(5.1.0),AE,A,AED,FCSC,ANN_CNT,IMP,_Z,_Z,12,2021,70177288.60,,,,0
FCSA:DF_TRADE_COUNTRY_YR(5.1.0),AE,A,AED,FCSC,ANN_CNT,IMP,_Z,_Z,12,2022,31250355.37,,,,0
FCSA:DF_TRADE_COUNTRY_YR(5.1.0),AE,A,AED,FCSC,ANN_CNT,IMP,_Z,_Z,12,2023,39348364.76,,,,0
FCSA:DF_TRADE_COUNTRY_YR(5.1.0),AE,A,AED,FCSC,ANN_CNT,IMP,_Z,_Z,12,2024,267236637.00,,,,0
FCSA:DF_TRADE_COUNTRY_YR(5.1.0),AE,A,AED,FCSC,ANN_CNT,IMP,_Z,_Z,100,2017,1919919019.25,,,,0
FCSA:DF_TRADE_COUNTRY_YR(5.1.0),AE,A,AED,FCSC,ANN_CNT,IMP,_Z,_Z,100,2018,1009334301.77,,,,0
FCSA:DF_TRADE_COUNTRY_YR(5.1.0),AE,A,AED,FCSC,ANN_CNT,IMP,_Z,_Z,100,2019,607440769.65,,,,0
FCSA:DF_TRADE_COUNTRY_YR(5.1.0),AE,A,AED,FCSC,ANN_CNT,IMP,_Z,_Z,100,2020,429719598.71,,,,0
FCSA:DF_TRADE_COUNTRY_YR(5.1.0),AE,A,AED,FCSC,ANN_CNT,IMP,_Z,_Z,100,2021,489633898.70,,,,0
FCSA:DF_TRADE_COUNTRY_YR(5.1.0),AE,A,AED,FCSC,ANN_CNT,IMP,_Z,_Z,100,2022,686747896.86,,,,0
FCSA:DF_TRADE_COUNTRY_YR(5.1.0),AE,A,AED,FCSC,ANN_CNT,IMP,_Z,_Z,100,2023,621096113.51,,,,0
FCSA:DF_TRADE_COUNTRY_YR(5.1.0),AE,A,AED,FCSC,ANN_CNT,IMP,_Z,_Z,100,2024,583820434.94,,,,0
FCSA:DF_TRADE_COUNTRY_YR(5.1.0),AE,A,AED,FCSC,ANN_CNT,IMP,_Z,_Z,548,2017,0.00,,,,0
FCSA:DF_TRADE_COUNTRY_YR(5.1.0),AE,A,AED,FCSC,ANN_CNT,IMP,_Z,_Z,548,2018,0.00,,,,0
FCSA:DF_TRADE_COUNTRY_YR(5.1.0),AE,A,AED,FCSC,ANN_CNT,IMP,_Z,_Z,548,2019,3895.00,,,,0
FCSA:DF_TRADE_COUNTRY_YR(5.1.0),AE,A,AED,FCSC,ANN_CNT,IMP,_Z,_Z,548,2020,39029.71,,,,0
FCSA:DF_TRADE_COUNTRY_YR(5.1.0),AE,A,AED,FCSC,ANN_CNT,IMP,_Z,_Z,548,2021,374144.99,,,,0
FCSA:DF_TRADE_COUNTRY_YR(5.1.0),AE,A,AED,FCSC,ANN_CNT,IMP,_Z,_Z,548,2022,311389.32,,,,0
FCSA:DF_TRADE_COUNTRY_YR(5.1.0),AE,A,AED,FCSC,ANN_CNT,IMP,_Z,_Z,548,2023,8061.76,,,,0
FCSA:DF_TRADE_COUNTRY_YR(5.1.0),AE,A,AED,FCSC,ANN_CNT,IMP,_Z,_Z,548,2024,46015.38,,,,0
FCSA:DF_TRADE_COUNTRY_YR(5.1.0),AE,A,AED,FCSC,ANN_CNT,TTRADE,_Z,_Z,586,2017,12206250548.50,,,,0
FCSA:DF_TRADE_COUNTRY_YR(5.1.0),AE,A,AED,FCSC,ANN_CNT,TTRADE,_Z,_Z,586,2018,11792688808.57,,,,0
FCSA:DF_TRADE_COUNTRY_YR(5.1.0),AE,A,AED,FCSC,ANN_CNT,TTRADE,_Z,_Z,586,2019,15940681492.92,,,,0
FCSA:DF_TRADE_COUNTRY_YR(5.1.0),AE,A,AED,FCSC,ANN_CNT,TTRADE,_Z,_Z,586,2020,16054901212.22,,,,0
FCSA:DF_TRADE_COUNTRY_YR(5.1.0),AE,A,AED,FCSC,ANN_CNT,TTRADE,_Z,_Z,586,2021,19719111827.43,,,,0
FCSA:DF_TRADE_COUNTRY_YR(5.1.0),AE,A,AED,FCSC,ANN_CNT,TTRADE,_Z,_Z,586,2022,26028900157.74,,,,0
FCSA:DF_TRADE_COUNTRY_YR(5.1.0),AE,A,AED,FCSC,ANN_CNT,TTRADE,_Z,_Z,586,2023,29088580215.73,,,,0
FCSA:DF_TRADE_COUNTRY_YR(5.1.0),AE,A,AED,FCSC,ANN_CNT,TTRADE,_Z,_Z,586,2024,25021863583.60,,,,0
FCSA:DF_TRADE_COUNTRY_YR(5.1.0),AE,A,AED,FCSC,ANN_CNT,TNOEXP,_Z,_Z,372,2017,266418926.82,,,,0
FCSA:DF_TRADE_COUNTRY_YR(5.1.0),AE,A,AED,FCSC,ANN_CNT,TNOEXP,_Z,_Z,372,2018,350951614.34,,,,0
FCSA:DF_TRADE_COUNTRY_YR(5.1.0),AE,A,AED,FCSC,ANN_CNT,TNOEXP,_Z,_Z,372,2019,271276404.43,,,,0
FCSA:DF_TRADE_COUNTRY_YR(5.1.0),AE,A,AED,FCSC,ANN_CNT,TNOEXP,_Z,_Z,372,2020,434176435.33,,,,0
FCSA:DF_TRADE_COUNTRY_YR(5.1.0),AE,A,AED,FCSC,ANN_CNT,TNOEXP,_Z,_Z,372,2021,345375587.88,,,,0
FCSA:DF_TRADE_COUNTRY_YR(5.1.0),AE,A,AED,FCSC,ANN_CNT,TNOEXP,_Z,_Z,372,2022,596001753.49,,,,0
FCSA:DF_TRADE_COUNTRY_YR(5.1.0),AE,A,AED,FCSC,ANN_CNT,TNOEXP,_Z,_Z,372,2023,536072331.32,,,,0
FCSA:DF_TRADE_COUNTRY_YR(5.1.0),AE,A,AED,FCSC,ANN_CNT,TNOEXP,_Z,_Z,372,2024,102519081.80,,,,0
FCSA:DF_TRADE_COUNTRY_YR(5.1.0),AE,A,AED,FCSC,ANN_CNT,TTRADE,_Z,_Z,112,2017,147698030.96,,,,0
FCSA:DF_TRADE_COUNTRY_YR(5.1.0),AE,A,AED,FCSC,ANN_CNT,TTRADE,_Z,_Z,112,2018,165393634.58,,,,0
FCSA:DF_TRADE_COUNTRY_YR(5.1.0),AE,A,AED,FCSC,ANN_CNT,TTRADE,_Z,_Z,112,2019,452773444.63,,,,0
FCSA:DF_TRADE_COUNTRY_YR(5.1.0),AE,A,AED,FCSC,ANN_CNT,TTRADE,_Z,_Z,112,2020,261092753.67,,,,0
FCSA:DF_TRADE_COUNTRY_YR(5.1.0),AE,A,AED,FCSC,ANN_CNT,TTRADE,_Z,_Z,112,2021,303509436.59,,,,0
FCSA:DF_TRADE_COUNTRY_YR(5.1.0),AE,A,AED,FCSC,ANN_CNT,TTRADE,_Z,_Z,112,2022,427267003.51,,,,0
FCSA:DF_TRADE_COUNTRY_YR(5.1.0),AE,A,AED,FCSC,ANN_CNT,TTRADE,_Z,_Z,112,2023,2455353861.53,,,,0
FCSA:DF_TRADE_COUNTRY_YR(5.1.0),AE,A,AED,FCSC,ANN_CNT,TTRADE,_Z,_Z,112,2024,2151323710.85,,,,0
FCSA:DF_TRADE_COUNTRY_YR(5.1.0),AE,A,AED,FCSC,ANN_CNT,TTRADE,_Z,_Z,862,2017,3972451211.61,,,,0
FCSA:DF_TRADE_COUNTRY_YR(5.1.0),AE,A,AED,FCSC,ANN_CNT,TTRADE,_Z,_Z,862,2018,6750299155.77,,,,0
FCSA:DF_TRADE_COUNTRY_YR(5.1.0),AE,A,AED,FCSC,ANN_CNT,TTRADE,_Z,_Z,862,2019,574753417.55,,,,0
FCSA:DF_TRADE_COUNTRY_YR(5.1.0),AE,A,AED,FCSC,ANN_CNT,TTRADE,_Z,_Z,862,2020,246977312.34,,,,0
FCSA:DF_TRADE_COUNTRY_YR(5.1.0),AE,A,AED,FCSC,ANN_CNT,TTRADE,_Z,_Z,862,2021,182366635.52,,,,0
FCSA:DF_TRADE_COUNTRY_YR(5.1.0),AE,A,AED,FCSC,ANN_CNT,TTRADE,_Z,_Z,862,2022,303563371.88,,,,0
FCSA:DF_TRADE_COUNTRY_YR(5.1.0),AE,A,AED,FCSC,ANN_CNT,TTRADE,_Z,_Z,862,2023,532242304.30,,,,0
FCSA:DF_TRADE_COUNTRY_YR(5.1.0),AE,A,AED,FCSC,ANN_CNT,TTRADE,_Z,_Z,862,2024,963368433.73,,,,0
FCSA:DF_TRADE_COUNTRY_YR(5.1.0),AE,A,AED,FCSC,ANN_CNT,NOEXP,_Z,_Z,20,2017,0.00,,,,0
FCSA:DF_TRADE_COUNTRY_YR(5.1.0),AE,A,AED,FCSC,ANN_CNT,NOEXP,_Z,_Z,20,2018,0.00,,,,0
FCSA:DF_TRADE_COUNTRY_YR(5.1.0),AE,A,AED,FCSC,ANN_CNT,NOEXP,_Z,_Z,20,2019,12314.41,,,,0
FCSA:DF_TRADE_COUNTRY_YR(5.1.0),AE,A,AED,FCSC,ANN_CNT,NOEXP,_Z,_Z,20,2020,89358.40,,,,0
FCSA:DF_TRADE_COUNTRY_YR(5.1.0),AE,A,AED,FCSC,ANN_CNT,NOEXP,_Z,_Z,20,2021,0.00,,,,0
FCSA:DF_TRADE_COUNTRY_YR(5.1.0),AE,A,AED,FCSC,ANN_CNT,NOEXP,_Z,_Z,20,2022,51726.31,,,,0
FCSA:DF_TRADE_COUNTRY_YR(5.1.0),AE,A,AED,FCSC,ANN_CNT,NOEXP,_Z,_Z,20,2023,0.00,,,,0
FCSA:DF_TRADE_COUNTRY_YR(5.1.0),AE,A,AED,FCSC,ANN_CNT,NOEXP,_Z,_Z,20,2024,0.00,,,,0
FCSA:DF_TRADE_COUNTRY_YR(5.1.0),AE,A,AED,FCSC,ANN_CNT,TNOEXP,_Z,_Z,400,2017,5288935904.27,,,,0
FCSA:DF_TRADE_COUNTRY_YR(5.1.0),AE,A,AED,FCSC,ANN_CNT,TNOEXP,_Z,_Z,400,2018,8101581684.35,,,,0
FCSA:DF_TRADE_COUNTRY_YR(5.1.0),AE,A,AED,FCSC,ANN_CNT,TNOEXP,_Z,_Z,400,2019,8666315724.30,,,,0
FCSA:DF_TRADE_COUNTRY_YR(5.1.0),AE,A,AED,FCSC,ANN_CNT,TNOEXP,_Z,_Z,400,2020,6311156138.30,,,,0
FCSA:DF_TRADE_COUNTRY_YR(5.1.0),AE,A,AED,FCSC,ANN_CNT,TNOEXP,_Z,_Z,400,2021,10013894266.07,,,,0
FCSA:DF_TRADE_COUNTRY_YR(5.1.0),AE,A,AED,FCSC,ANN_CNT,TNOEXP,_Z,_Z,400,2022,14552310903.71,,,,0
FCSA:DF_TRADE_COUNTRY_YR(5.1.0),AE,A,AED,FCSC,ANN_CNT,TNOEXP,_Z,_Z,400,2023,12600861571.17,,,,0
FCSA:DF_TRADE_COUNTRY_YR(5.1.0),AE,A,AED,FCSC,ANN_CNT,TNOEXP,_Z,_Z,400,2024,18309963921.99,,,,0
FCSA:DF_TRADE_COUNTRY_YR(5.1.0),AE,A,AED,FCSC,ANN_CNT,TNOEXP,_Z,_Z,422,2017,5446046514.09,,,,0
FCSA:DF_TRADE_COUNTRY_YR(5.1.0),AE,A,AED,FCSC,ANN_CNT,TNOEXP,_Z,_Z,422,2018,7510919801.54,,,,0
FCSA:DF_TRADE_COUNTRY_YR(5.1.0),AE,A,AED,FCSC,ANN_CNT,TNOEXP,_Z,_Z,422,2019,6287524924.57,,,,0
FCSA:DF_TRADE_COUNTRY_YR(5.1.0),AE,A,AED,FCSC,ANN_CNT,TNOEXP,_Z,_Z,422,2020,5153430332.26,,,,0
FCSA:DF_TRADE_COUNTRY_YR(5.1.0),AE,A,AED,FCSC,ANN_CNT,TNOEXP,_Z,_Z,422,2021,6286295081.46,,,,0
FCSA:DF_TRADE_COUNTRY_YR(5.1.0),AE,A,AED,FCSC,ANN_CNT,TNOEXP,_Z,_Z,422,2022,6732491894.22,,,,0
FCSA:DF_TRADE_COUNTRY_YR(5.1.0),AE,A,AED,FCSC,ANN_CNT,TNOEXP,_Z,_Z,422,2023,6276586514.66,,,,0
FCSA:DF_TRADE_COUNTRY_YR(5.1.0),AE,A,AED,FCSC,ANN_CNT,TNOEXP,_Z,_Z,422,2024,8448884285.00,,,,0
FCSA:DF_TRADE_COUNTRY_YR(5.1.0),AE,A,AED,FCSC,ANN_CNT,IMP,_Z,_Z,360,2017,6468535593.78,,,,0
FCSA:DF_TRADE_COUNTRY_YR(5.1.0),AE,A,AED,FCSC,ANN_CNT,IMP,_Z,_Z,360,2018,6683717807.92,,,,0
FCSA:DF_TRADE_COUNTRY_YR(5.1.0),AE,A,AED,FCSC,ANN_CNT,IMP,_Z,_Z,360,2019,7079717446.48,,,,0
FCSA:DF_TRADE_COUNTRY_YR(5.1.0),AE,A,AED,FCSC,ANN_CNT,IMP,_Z,_Z,360,2020,5651824207.51,,,,0
FCSA:DF_TRADE_COUNTRY_YR(5.1.0),AE,A,AED,FCSC,ANN_CNT,IMP,_Z,_Z,360,2021,9111274700.93,,,,0
FCSA:DF_TRADE_COUNTRY_YR(5.1.0),AE,A,AED,FCSC,ANN_CNT,IMP,_Z,_Z,360,2022,12008678706.66,,,,0
FCSA:DF_TRADE_COUNTRY_YR(5.1.0),AE,A,AED,FCSC,ANN_CNT,IMP,_Z,_Z,360,2023,13808429069.96,,,,0
FCSA:DF_TRADE_COUNTRY_YR(5.1.0),AE,A,AED,FCSC,ANN_CNT,IMP,_Z,_Z,360,2024,16816202704.53,,,,0
FCSA:DF_TRADE_COUNTRY_YR(5.1.0),AE,A,AED,FCSC,ANN_CNT,TTRADE,_Z,_Z,466,2017,1600100646.97,,,,0
FCSA:DF_TRADE_COUNTRY_YR(5.1.0),AE,A,AED,FCSC,ANN_CNT,TTRADE,_Z,_Z,466,2018,5202325126.68,,,,0
FCSA:DF_TRADE_COUNTRY_YR(5.1.0),AE,A,AED,FCSC,ANN_CNT,TTRADE,_Z,_Z,466,2019,12202737887.94,,,,0
FCSA:DF_TRADE_COUNTRY_YR(5.1.0),AE,A,AED,FCSC,ANN_CNT,TTRADE,_Z,_Z,466,2020,11693199081.19,,,,0
FCSA:DF_TRADE_COUNTRY_YR(5.1.0),AE,A,AED,FCSC,ANN_CNT,TTRADE,_Z,_Z,466,2021,27707711182.95,,,,0
FCSA:DF_TRADE_COUNTRY_YR(5.1.0),AE,A,AED,FCSC,ANN_CNT,TTRADE,_Z,_Z,466,2022,21306048357.43,,,,0
FCSA:DF_TRADE_COUNTRY_YR(5.1.0),AE,A,AED,FCSC,ANN_CNT,TTRADE,_Z,_Z,466,2023,18451502756.31,,,,0
FCSA:DF_TRADE_COUNTRY_YR(5.1.0),AE,A,AED,FCSC,ANN_CNT,TTRADE,_Z,_Z,466,2024,24374121266.95,,,,0
FCSA:DF_TRADE_COUNTRY_YR(5.1.0),AE,A,AED,FCSC,ANN_CNT,TNOEXP,_Z,_Z,562,2017,243036664.62,,,,0
FCSA:DF_TRADE_COUNTRY_YR(5.1.0),AE,A,AED,FCSC,ANN_CNT,TNOEXP,_Z,_Z,562,2018,219819052.57,,,,0
FCSA:DF_TRADE_COUNTRY_YR(5.1.0),AE,A,AED,FCSC,ANN_CNT,TNOEXP,_Z,_Z,562,2019,393296409.95,,,,0
FCSA:DF_TRADE_COUNTRY_YR(5.1.0),AE,A,AED,FCSC,ANN_CNT,TNOEXP,_Z,_Z,562,2020,450958099.26,,,,0
FCSA:DF_TRADE_COUNTRY_YR(5.1.0),AE,A,AED,FCSC,ANN_CNT,TNOEXP,_Z,_Z,562,2021,475364531.24,,,,0
FCSA:DF_TRADE_COUNTRY_YR(5.1.0),AE,A,AED,FCSC,ANN_CNT,TNOEXP,_Z,_Z,562,2022,513661156.49,,,,0
FCSA:DF_TRADE_COUNTRY_YR(5.1.0),AE,A,AED,FCSC,ANN_CNT,TNOEXP,_Z,_Z,562,2023,556575135.40,,,,0
FCSA:DF_TRADE_COUNTRY_YR(5.1.0),AE,A,AED,FCSC,ANN_CNT,TNOEXP,_Z,_Z,562,2024,592736053.86,,,,0
FCSA:DF_TRADE_COUNTRY_YR(5.1.0),AE,A,AED,FCSC,ANN_CNT,IMP,_Z,_Z,500,2017,13663.53,,,,0
FCSA:DF_TRADE_COUNTRY_YR(5.1.0),AE,A,AED,FCSC,ANN_CNT,IMP,_Z,_Z,500,2018,768202.00,,,,0
FCSA:DF_TRADE_COUNTRY_YR(5.1.0),AE,A,AED,FCSC,ANN_CNT,IMP,_Z,_Z,500,2019,2097.50,,,,0
FCSA:DF_TRADE_COUNTRY_YR(5.1.0),AE,A,AED,FCSC,ANN_CNT,IMP,_Z,_Z,500,2020,6011.33,,,,0
FCSA:DF_TRADE_COUNTRY_YR(5.1.0),AE,A,AED,FCSC,ANN_CNT,IMP,_Z,_Z,500,2021,16881.98,,,,0
FCSA:DF_TRADE_COUNTRY_YR(5.1.0),AE,A,AED,FCSC,ANN_CNT,IMP,_Z,_Z,500,2022,481572.27,,,,0
FCSA:DF_TRADE_COUNTRY_YR(5.1.0),AE,A,AED,FCSC,ANN_CNT,IMP,_Z,_Z,500,2023,59692.32,,,,0
FCSA:DF_TRADE_COUNTRY_YR(5.1.0),AE,A,AED,FCSC,ANN_CNT,IMP,_Z,_Z,500,2024,1029.41,,,,0
FCSA:DF_TRADE_COUNTRY_YR(5.1.0),AE,A,AED,FCSC,ANN_CNT,IMP,_Z,_Z,410,2017,29242209106.05,,,,0
FCSA:DF_TRADE_COUNTRY_YR(5.1.0),AE,A,AED,FCSC,ANN_CNT,IMP,_Z,_Z,410,2018,20427135448.97,,,,0
FCSA:DF_TRADE_COUNTRY_YR(5.1.0),AE,A,AED,FCSC,ANN_CNT,IMP,_Z,_Z,410,2019,14101145262.01,,,,0
FCSA:DF_TRADE_COUNTRY_YR(5.1.0),AE,A,AED,FCSC,ANN_CNT,IMP,_Z,_Z,410,2020,14905734269.70,,,,0
FCSA:DF_TRADE_COUNTRY_YR(5.1.0),AE,A,AED,FCSC,ANN_CNT,IMP,_Z,_Z,410,2021,13209578298.73,,,,0
FCSA:DF_TRADE_COUNTRY_YR(5.1.0),AE,A,AED,FCSC,ANN_CNT,IMP,_Z,_Z,410,2022,15687685489.55,,,,0
FCSA:DF_TRADE_COUNTRY_YR(5.1.0),AE,A,AED,FCSC,ANN_CNT,IMP,_Z,_Z,410,2023,17048138520.51,,,,0
FCSA:DF_TRADE_COUNTRY_YR(5.1.0),AE,A,AED,FCSC,ANN_CNT,IMP,_Z,_Z,410,2024,20909207114.31,,,,0
FCSA:DF_TRADE_COUNTRY_YR(5.1.0),AE,A,AED,FCSC,ANN_CNT,NOEXP,_Z,_Z,686,2017,369397952.21,,,,0
FCSA:DF_TRADE_COUNTRY_YR(5.1.0),AE,A,AED,FCSC,ANN_CNT,NOEXP,_Z,_Z,686,2018,253842237.61,,,,0
FCSA:DF_TRADE_COUNTRY_YR(5.1.0),AE,A,AED,FCSC,ANN_CNT,NOEXP,_Z,_Z,686,2019,360794559.05,,,,0
FCSA:DF_TRADE_COUNTRY_YR(5.1.0),AE,A,AED,FCSC,ANN_CNT,NOEXP,_Z,_Z,686,2020,453320413.32,,,,0
FCSA:DF_TRADE_COUNTRY_YR(5.1.0),AE,A,AED,FCSC,ANN_CNT,NOEXP,_Z,_Z,686,2021,585538680.40,,,,0
FCSA:DF_TRADE_COUNTRY_YR(5.1.0),AE,A,AED,FCSC,ANN_CNT,NOEXP,_Z,_Z,686,2022,652800041.89,,,,0
FCSA:DF_TRADE_COUNTRY_YR(5.1.0),AE,A,AED,FCSC,ANN_CNT,NOEXP,_Z,_Z,686,2023,955837567.64,,,,0
FCSA:DF_TRADE_COUNTRY_YR(5.1.0),AE,A,AED,FCSC,ANN_CNT,NOEXP,_Z,_Z,686,2024,883463011.60,,,,0
FCSA:DF_TRADE_COUNTRY_YR(5.1.0),AE,A,AED,FCSC,ANN_CNT,IMP,_Z,_Z,175,2017,110465.61,,,,0
FCSA:DF_TRADE_COUNTRY_YR(5.1.0),AE,A,AED,FCSC,ANN_CNT,IMP,_Z,_Z,175,2018,805412.50,,,,0
FCSA:DF_TRADE_COUNTRY_YR(5.1.0),AE,A,AED,FCSC,ANN_CNT,IMP,_Z,_Z,175,2019,0.00,,,,0
FCSA:DF_TRADE_COUNTRY_YR(5.1.0),AE,A,AED,FCSC,ANN_CNT,IMP,_Z,_Z,175,2020,19894.00,,,,0
FCSA:DF_TRADE_COUNTRY_YR(5.1.0),AE,A,AED,FCSC,ANN_CNT,IMP,_Z,_Z,175,2021,60387.53,,,,0
FCSA:DF_TRADE_COUNTRY_YR(5.1.0),AE,A,AED,FCSC,ANN_CNT,IMP,_Z,_Z,175,2022,7038.79,,,,0
FCSA:DF_TRADE_COUNTRY_YR(5.1.0),AE,A,AED,FCSC,ANN_CNT,IMP,_Z,_Z,175,2023,840.90,,,,0
FCSA:DF_TRADE_COUNTRY_YR(5.1.0),AE,A,AED,FCSC,ANN_CNT,IMP,_Z,_Z,175,2024,51420.12,,,,0
FCSA:DF_TRADE_COUNTRY_YR(5.1.0),AE,A,AED,FCSC,ANN_CNT,REEXP,_Z,_Z,140,2017,11298094.58,,,,0
FCSA:DF_TRADE_COUNTRY_YR(5.1.0),AE,A,AED,FCSC,ANN_CNT,REEXP,_Z,_Z,140,2018,30836911.79,,,,0
FCSA:DF_TRADE_COUNTRY_YR(5.1.0),AE,A,AED,FCSC,ANN_CNT,REEXP,_Z,_Z,140,2019,16517859.50,,,,0
FCSA:DF_TRADE_COUNTRY_YR(5.1.0),AE,A,AED,FCSC,ANN_CNT,REEXP,_Z,_Z,140,2020,21551362.73,,,,0
FCSA:DF_TRADE_COUNTRY_YR(5.1.0),AE,A,AED,FCSC,ANN_CNT,REEXP,_Z,_Z,140,2021,32618190.66,,,,0
FCSA:DF_TRADE_COUNTRY_YR(5.1.0),AE,A,AED,FCSC,ANN_CNT,REEXP,_Z,_Z,140,2022,31344994.66,,,,0
FCSA:DF_TRADE_COUNTRY_YR(5.1.0),AE,A,AED,FCSC,ANN_CNT,REEXP,_Z,_Z,140,2023,40521771.02,,,,0
FCSA:DF_TRADE_COUNTRY_YR(5.1.0),AE,A,AED,FCSC,ANN_CNT,REEXP,_Z,_Z,140,2024,50856912.67,,,,0
FCSA:DF_TRADE_COUNTRY_YR(5.1.0),AE,A,AED,FCSC,ANN_CNT,REEXP,_Z,_Z,492,2017,11274346.54,,,,0
FCSA:DF_TRADE_COUNTRY_YR(5.1.0),AE,A,AED,FCSC,ANN_CNT,REEXP,_Z,_Z,492,2018,264792.54,,,,0
FCSA:DF_TRADE_COUNTRY_YR(5.1.0),AE,A,AED,FCSC,ANN_CNT,REEXP,_Z,_Z,492,2019,97115.22,,,,0
FCSA:DF_TRADE_COUNTRY_YR(5.1.0),AE,A,AED,FCSC,ANN_CNT,REEXP,_Z,_Z,492,2020,493381.07,,,,0
FCSA:DF_TRADE_COUNTRY_YR(5.1.0),AE,A,AED,FCSC,ANN_CNT,REEXP,_Z,_Z,492,2021,438127.87,,,,0
FCSA:DF_TRADE_COUNTRY_YR(5.1.0),AE,A,AED,FCSC,ANN_CNT,REEXP,_Z,_Z,492,2022,6737348.04,,,,0
FCSA:DF_TRADE_COUNTRY_YR(5.1.0),AE,A,AED,FCSC,ANN_CNT,REEXP,_Z,_Z,492,2023,992080.10,,,,0
FCSA:DF_TRADE_COUNTRY_YR(5.1.0),AE,A,AED,FCSC,ANN_CNT,REEXP,_Z,_Z,492,2024,16566121.78,,,,0
FCSA:DF_TRADE_COUNTRY_YR(5.1.0),AE,A,AED,FCSC,ANN_CNT,REEXP,_Z,_Z,660,2017,235876.80,,,,0
FCSA:DF_TRADE_COUNTRY_YR(5.1.0),AE,A,AED,FCSC,ANN_CNT,REEXP,_Z,_Z,660,2018,207317.12,,,,0
FCSA:DF_TRADE_COUNTRY_YR(5.1.0),AE,A,AED,FCSC,ANN_CNT,REEXP,_Z,_Z,660,2019,59234.00,,,,0
FCSA:DF_TRADE_COUNTRY_YR(5.1.0),AE,A,AED,FCSC,ANN_CNT,REEXP,_Z,_Z,660,2020,34000.64,,,,0
FCSA:DF_TRADE_COUNTRY_YR(5.1.0),AE,A,AED,FCSC,ANN_CNT,REEXP,_Z,_Z,660,2021,12636.47,,,,0
FCSA:DF_TRADE_COUNTRY_YR(5.1.0),AE,A,AED,FCSC,ANN_CNT,REEXP,_Z,_Z,660,2022,72449.45,,,,0
FCSA:DF_TRADE_COUNTRY_YR(5.1.0),AE,A,AED,FCSC,ANN_CNT,REEXP,_Z,_Z,660,2023,378839.45,,,,0
FCSA:DF_TRADE_COUNTRY_YR(5.1.0),AE,A,AED,FCSC,ANN_CNT,REEXP,_Z,_Z,660,2024,126959.45,,,,0
FCSA:DF_TRADE_COUNTRY_YR(5.1.0),AE,A,AED,FCSC,ANN_CNT,IMP,_Z,_Z,830,2017,564523.00,,,,0
FCSA:DF_TRADE_COUNTRY_YR(5.1.0),AE,A,AED,FCSC,ANN_CNT,IMP,_Z,_Z,830,2018,16594.00,,,,0
FCSA:DF_TRADE_COUNTRY_YR(5.1.0),AE,A,AED,FCSC,ANN_CNT,IMP,_Z,_Z,830,2019,23765.00,,,,0
FCSA:DF_TRADE_COUNTRY_YR(5.1.0),AE,A,AED,FCSC,ANN_CNT,IMP,_Z,_Z,830,2020,694.00,,,,0
FCSA:DF_TRADE_COUNTRY_YR(5.1.0),AE,A,AED,FCSC,ANN_CNT,IMP,_Z,_Z,830,2021,4751.00,,,,0
FCSA:DF_TRADE_COUNTRY_YR(5.1.0),AE,A,AED,FCSC,ANN_CNT,IMP,_Z,_Z,830,2022,313489.00,,,,0
FCSA:DF_TRADE_COUNTRY_YR(5.1.0),AE,A,AED,FCSC,ANN_CNT,IMP,_Z,_Z,830,2023,345069.00,,,,0
FCSA:DF_TRADE_COUNTRY_YR(5.1.0),AE,A,AED,FCSC,ANN_CNT,IMP,_Z,_Z,830,2024,884001.00,,,,0
FCSA:DF_TRADE_COUNTRY_YR(5.1.0),AE,A,AED,FCSC,ANN_CNT,IMP,_Z,_Z,612,2020,2509.09,,,,0
FCSA:DF_TRADE_COUNTRY_YR(5.1.0),AE,A,AED,FCSC,ANN_CNT,IMP,_Z,_Z,612,2021,557975.70,,,,0
FCSA:DF_TRADE_COUNTRY_YR(5.1.0),AE,A,AED,FCSC,ANN_CNT,IMP,_Z,_Z,612,2022,18561.42,,,,0
FCSA:DF_TRADE_COUNTRY_YR(5.1.0),AE,A,AED,FCSC,ANN_CNT,IMP,_Z,_Z,612,2023,5263.44,,,,0
FCSA:DF_TRADE_COUNTRY_YR(5.1.0),AE,A,AED,FCSC,ANN_CNT,IMP,_Z,_Z,612,2024,18974.38,,,,0
FCSA:DF_TRADE_COUNTRY_YR(5.1.0),AE,A,AED,FCSC,ANN_CNT,IMP,_Z,_Z,356,2017,74302075229.96,,,,0
FCSA:DF_TRADE_COUNTRY_YR(5.1.0),AE,A,AED,FCSC,ANN_CNT,IMP,_Z,_Z,356,2018,84713994415.13,,,,0
FCSA:DF_TRADE_COUNTRY_YR(5.1.0),AE,A,AED,FCSC,ANN_CNT,IMP,_Z,_Z,356,2019,98185422507.50,,,,0
FCSA:DF_TRADE_COUNTRY_YR(5.1.0),AE,A,AED,FCSC,ANN_CNT,IMP,_Z,_Z,356,2020,60486148811.87,,,,0
FCSA:DF_TRADE_COUNTRY_YR(5.1.0),AE,A,AED,FCSC,ANN_CNT,IMP,_Z,_Z,356,2021,76667799260.24,,,,0
FCSA:DF_TRADE_COUNTRY_YR(5.1.0),AE,A,AED,FCSC,ANN_CNT,IMP,_Z,_Z,356,2022,100175178192.50,,,,0
FCSA:DF_TRADE_COUNTRY_YR(5.1.0),AE,A,AED,FCSC,ANN_CNT,IMP,_Z,_Z,356,2023,111824701794.34,,,,0
FCSA:DF_TRADE_COUNTRY_YR(5.1.0),AE,A,AED,FCSC,ANN_CNT,IMP,_Z,_Z,356,2024,121601921575.88,,,,0
FCSA:DF_TRADE_COUNTRY_YR(5.1.0),AE,A,AED,FCSC,ANN_CNT,IMP,_Z,_Z,768,2017,2078435235.39,,,,0
FCSA:DF_TRADE_COUNTRY_YR(5.1.0),AE,A,AED,FCSC,ANN_CNT,IMP,_Z,_Z,768,2018,961755398.32,,,,0
FCSA:DF_TRADE_COUNTRY_YR(5.1.0),AE,A,AED,FCSC,ANN_CNT,IMP,_Z,_Z,768,2019,89164363.15,,,,0
FCSA:DF_TRADE_COUNTRY_YR(5.1.0),AE,A,AED,FCSC,ANN_CNT,IMP,_Z,_Z,768,2020,193836712.79,,,,0
FCSA:DF_TRADE_COUNTRY_YR(5.1.0),AE,A,AED,FCSC,ANN_CNT,IMP,_Z,_Z,768,2021,2244581494.36,,,,0
FCSA:DF_TRADE_COUNTRY_YR(5.1.0),AE,A,AED,FCSC,ANN_CNT,IMP,_Z,_Z,768,2022,4349676920.37,,,,0
FCSA:DF_TRADE_COUNTRY_YR(5.1.0),AE,A,AED,FCSC,ANN_CNT,IMP,_Z,_Z,768,2023,9740522457.46,,,,0
FCSA:DF_TRADE_COUNTRY_YR(5.1.0),AE,A,AED,FCSC,ANN_CNT,IMP,_Z,_Z,768,2024,14681335595.79,,,,0
FCSA:DF_TRADE_COUNTRY_YR(5.1.0),AE,A,AED,FCSC,ANN_CNT,TNOEXP,_Z,_Z,462,2017,566250663.67,,,,0
FCSA:DF_TRADE_COUNTRY_YR(5.1.0),AE,A,AED,FCSC,ANN_CNT,TNOEXP,_Z,_Z,462,2018,785235996.11,,,,0
FCSA:DF_TRADE_COUNTRY_YR(5.1.0),AE,A,AED,FCSC,ANN_CNT,TNOEXP,_Z,_Z,462,2019,1897064545.02,,,,0
FCSA:DF_TRADE_COUNTRY_YR(5.1.0),AE,A,AED,FCSC,ANN_CNT,TNOEXP,_Z,_Z,462,2020,684116370.81,,,,0
FCSA:DF_TRADE_COUNTRY_YR(5.1.0),AE,A,AED,FCSC,ANN_CNT,TNOEXP,_Z,_Z,462,2021,1051640758.25,,,,0
FCSA:DF_TRADE_COUNTRY_YR(5.1.0),AE,A,AED,FCSC,ANN_CNT,TNOEXP,_Z,_Z,462,2022,5432401568.05,,,,0
FCSA:DF_TRADE_COUNTRY_YR(5.1.0),AE,A,AED,FCSC,ANN_CNT,TNOEXP,_Z,_Z,462,2023,3789336524.52,,,,0
FCSA:DF_TRADE_COUNTRY_YR(5.1.0),AE,A,AED,FCSC,ANN_CNT,TNOEXP,_Z,_Z,462,2024,3465156799.42,,,,0
FCSA:DF_TRADE_COUNTRY_YR(5.1.0),AE,A,AED,FCSC,ANN_CNT,REEXP,_Z,_Z,624,2017,13832914.57,,,,0
FCSA:DF_TRADE_COUNTRY_YR(5.1.0),AE,A,AED,FCSC,ANN_CNT,REEXP,_Z,_Z,624,2018,13037780.16,,,,0
FCSA:DF_TRADE_COUNTRY_YR(5.1.0),AE,A,AED,FCSC,ANN_CNT,REEXP,_Z,_Z,624,2019,12797418.84,,,,0
FCSA:DF_TRADE_COUNTRY_YR(5.1.0),AE,A,AED,FCSC,ANN_CNT,REEXP,_Z,_Z,624,2020,18624829.17,,,,0
FCSA:DF_TRADE_COUNTRY_YR(5.1.0),AE,A,AED,FCSC,ANN_CNT,REEXP,_Z,_Z,624,2021,12675367.16,,,,0
FCSA:DF_TRADE_COUNTRY_YR(5.1.0),AE,A,AED,FCSC,ANN_CNT,REEXP,_Z,_Z,624,2022,7423993.26,,,,0
FCSA:DF_TRADE_COUNTRY_YR(5.1.0),AE,A,AED,FCSC,ANN_CNT,REEXP,_Z,_Z,624,2023,5434349.86,,,,0
FCSA:DF_TRADE_COUNTRY_YR(5.1.0),AE,A,AED,FCSC,ANN_CNT,REEXP,_Z,_Z,624,2024,10594547.17,,,,0
FCSA:DF_TRADE_COUNTRY_YR(5.1.0),AE,A,AED,FCSC,ANN_CNT,NOEXP,_Z,_Z,530,2017,4837070.33,,,,0
FCSA:DF_TRADE_COUNTRY_YR(5.1.0),AE,A,AED,FCSC,ANN_CNT,NOEXP,_Z,_Z,530,2018,28219.84,,,,0
FCSA:DF_TRADE_COUNTRY_YR(5.1.0),AE,A,AED,FCSC,ANN_CNT,NOEXP,_Z,_Z,530,2019,301353.25,,,,0
FCSA:DF_TRADE_COUNTRY_YR(5.1.0),AE,A,AED,FCSC,ANN_CNT,NOEXP,_Z,_Z,530,2020,679478.21,,,,0
FCSA:DF_TRADE_COUNTRY_YR(5.1.0),AE,A,AED,FCSC,ANN_CNT,NOEXP,_Z,_Z,530,2021,602670.41,,,,0
FCSA:DF_TRADE_COUNTRY_YR(5.1.0),AE,A,AED,FCSC,ANN_CNT,NOEXP,_Z,_Z,530,2022,305566.54,,,,0
FCSA:DF_TRADE_COUNTRY_YR(5.1.0),AE,A,AED,FCSC,ANN_CNT,NOEXP,_Z,_Z,530,2023,1249558.10,,,,0
FCSA:DF_TRADE_COUNTRY_YR(5.1.0),AE,A,AED,FCSC,ANN_CNT,NOEXP,_Z,_Z,530,2024,6757319.88,,,,0
FCSA:DF_TRADE_COUNTRY_YR(5.1.0),AE,A,AED,FCSC,ANN_CNT,IMP,_Z,_Z,70,2017,76287696.45,,,,0
FCSA:DF_TRADE_COUNTRY_YR(5.1.0),AE,A,AED,FCSC,ANN_CNT,IMP,_Z,_Z,70,2018,91066238.36,,,,0
FCSA:DF_TRADE_COUNTRY_YR(5.1.0),AE,A,AED,FCSC,ANN_CNT,IMP,_Z,_Z,70,2019,90560620.48,,,,0
FCSA:DF_TRADE_COUNTRY_YR(5.1.0),AE,A,AED,FCSC,ANN_CNT,IMP,_Z,_Z,70,2020,71468970.33,,,,0
FCSA:DF_TRADE_COUNTRY_YR(5.1.0),AE,A,AED,FCSC,ANN_CNT,IMP,_Z,_Z,70,2021,106934861.94,,,,0
FCSA:DF_TRADE_COUNTRY_YR(5.1.0),AE,A,AED,FCSC,ANN_CNT,IMP,_Z,_Z,70,2022,126730631.04,,,,0
FCSA:DF_TRADE_COUNTRY_YR(5.1.0),AE,A,AED,FCSC,ANN_CNT,IMP,_Z,_Z,70,2023,142238078.39,,,,0
FCSA:DF_TRADE_COUNTRY_YR(5.1.0),AE,A,AED,FCSC,ANN_CNT,IMP,_Z,_Z,70,2024,171015904.51,,,,0
FCSA:DF_TRADE_COUNTRY_YR(5.1.0),AE,A,AED,FCSC,ANN_CNT,TNOEXP,_Z,_Z,580,2017,433378.23,,,,0
FCSA:DF_TRADE_COUNTRY_YR(5.1.0),AE,A,AED,FCSC,ANN_CNT,TNOEXP,_Z,_Z,580,2018,224704.28,,,,0
FCSA:DF_TRADE_COUNTRY_YR(5.1.0),AE,A,AED,FCSC,ANN_CNT,TNOEXP,_Z,_Z,580,2019,542573.85,,,,0
FCSA:DF_TRADE_COUNTRY_YR(5.1.0),AE,A,AED,FCSC,ANN_CNT,TNOEXP,_Z,_Z,580,2020,645885.55,,,,0
FCSA:DF_TRADE_COUNTRY_YR(5.1.0),AE,A,AED,FCSC,ANN_CNT,TNOEXP,_Z,_Z,580,2021,828273.90,,,,0
FCSA:DF_TRADE_COUNTRY_YR(5.1.0),AE,A,AED,FCSC,ANN_CNT,TNOEXP,_Z,_Z,580,2022,921418.81,,,,0
FCSA:DF_TRADE_COUNTRY_YR(5.1.0),AE,A,AED,FCSC,ANN_CNT,TNOEXP,_Z,_Z,580,2023,4439156.70,,,,0
FCSA:DF_TRADE_COUNTRY_YR(5.1.0),AE,A,AED,FCSC,ANN_CNT,TNOEXP,_Z,_Z,580,2024,7436168.68,,,,0
FCSA:DF_TRADE_COUNTRY_YR(5.1.0),AE,A,AED,FCSC,ANN_CNT,NOEXP,_Z,_Z,180,2017,52125315.95,,,,0
FCSA:DF_TRADE_COUNTRY_YR(5.1.0),AE,A,AED,FCSC,ANN_CNT,NOEXP,_Z,_Z,180,2018,85905486.10,,,,0
FCSA:DF_TRADE_COUNTRY_YR(5.1.0),AE,A,AED,FCSC,ANN_CNT,NOEXP,_Z,_Z,180,2019,122885280.57,,,,0
FCSA:DF_TRADE_COUNTRY_YR(5.1.0),AE,A,AED,FCSC,ANN_CNT,NOEXP,_Z,_Z,180,2020,145082074.88,,,,0
FCSA:DF_TRADE_COUNTRY_YR(5.1.0),AE,A,AED,FCSC,ANN_CNT,NOEXP,_Z,_Z,180,2021,218921064.74,,,,0
FCSA:DF_TRADE_COUNTRY_YR(5.1.0),AE,A,AED,FCSC,ANN_CNT,NOEXP,_Z,_Z,180,2022,310334150.97,,,,0
FCSA:DF_TRADE_COUNTRY_YR(5.1.0),AE,A,AED,FCSC,ANN_CNT,NOEXP,_Z,_Z,180,2023,337238091.25,,,,0
FCSA:DF_TRADE_COUNTRY_YR(5.1.0),AE,A,AED,FCSC,ANN_CNT,NOEXP,_Z,_Z,180,2024,325183640.63,,,,0
FCSA:DF_TRADE_COUNTRY_YR(5.1.0),AE,A,AED,FCSC,ANN_CNT,REEXP,_Z,_Z,438,2017,35541.83,,,,0
FCSA:DF_TRADE_COUNTRY_YR(5.1.0),AE,A,AED,FCSC,ANN_CNT,REEXP,_Z,_Z,438,2018,1002077.54,,,,0
FCSA:DF_TRADE_COUNTRY_YR(5.1.0),AE,A,AED,FCSC,ANN_CNT,REEXP,_Z,_Z,438,2019,139828.07,,,,0
FCSA:DF_TRADE_COUNTRY_YR(5.1.0),AE,A,AED,FCSC,ANN_CNT,REEXP,_Z,_Z,438,2020,45560.39,,,,0
FCSA:DF_TRADE_COUNTRY_YR(5.1.0),AE,A,AED,FCSC,ANN_CNT,REEXP,_Z,_Z,438,2021,129264.08,,,,0
FCSA:DF_TRADE_COUNTRY_YR(5.1.0),AE,A,AED,FCSC,ANN_CNT,REEXP,_Z,_Z,438,2022,284087.33,,,,0
FCSA:DF_TRADE_COUNTRY_YR(5.1.0),AE,A,AED,FCSC,ANN_CNT,REEXP,_Z,_Z,438,2023,286900.32,,,,0
FCSA:DF_TRADE_COUNTRY_YR(5.1.0),AE,A,AED,FCSC,ANN_CNT,REEXP,_Z,_Z,438,2024,16675.00,,,,0
FCSA:DF_TRADE_COUNTRY_YR(5.1.0),AE,A,AED,FCSC,ANN_CNT,TNOEXP,_Z,_Z,324,2017,760693664.84,,,,0
FCSA:DF_TRADE_COUNTRY_YR(5.1.0),AE,A,AED,FCSC,ANN_CNT,TNOEXP,_Z,_Z,324,2018,849933296.29,,,,0
FCSA:DF_TRADE_COUNTRY_YR(5.1.0),AE,A,AED,FCSC,ANN_CNT,TNOEXP,_Z,_Z,324,2019,823786353.25,,,,0
FCSA:DF_TRADE_COUNTRY_YR(5.1.0),AE,A,AED,FCSC,ANN_CNT,TNOEXP,_Z,_Z,324,2020,970143821.65,,,,0
FCSA:DF_TRADE_COUNTRY_YR(5.1.0),AE,A,AED,FCSC,ANN_CNT,TNOEXP,_Z,_Z,324,2021,890185222.50,,,,0
FCSA:DF_TRADE_COUNTRY_YR(5.1.0),AE,A,AED,FCSC,ANN_CNT,TNOEXP,_Z,_Z,324,2022,946905778.80,,,,0
FCSA:DF_TRADE_COUNTRY_YR(5.1.0),AE,A,AED,FCSC,ANN_CNT,TNOEXP,_Z,_Z,324,2023,1045917233.70,,,,0
FCSA:DF_TRADE_COUNTRY_YR(5.1.0),AE,A,AED,FCSC,ANN_CNT,TNOEXP,_Z,_Z,324,2024,2937558665.46,,,,0
FCSA:DF_TRADE_COUNTRY_YR(5.1.0),AE,A,AED,FCSC,ANN_CNT,IMP,_Z,_Z,642,2017,2067091683.52,,,,0
FCSA:DF_TRADE_COUNTRY_YR(5.1.0),AE,A,AED,FCSC,ANN_CNT,IMP,_Z,_Z,642,2018,1948742165.32,,,,0
FCSA:DF_TRADE_COUNTRY_YR(5.1.0),AE,A,AED,FCSC,ANN_CNT,IMP,_Z,_Z,642,2019,1719149815.39,,,,0
FCSA:DF_TRADE_COUNTRY_YR(5.1.0),AE,A,AED,FCSC,ANN_CNT,IMP,_Z,_Z,642,2020,1478983859.01,,,,0
FCSA:DF_TRADE_COUNTRY_YR(5.1.0),AE,A,AED,FCSC,ANN_CNT,IMP,_Z,_Z,642,2021,1785788654.12,,,,0
FCSA:DF_TRADE_COUNTRY_YR(5.1.0),AE,A,AED,FCSC,ANN_CNT,IMP,_Z,_Z,642,2022,2255814052.53,,,,0
FCSA:DF_TRADE_COUNTRY_YR(5.1.0),AE,A,AED,FCSC,ANN_CNT,IMP,_Z,_Z,642,2023,2498156720.53,,,,0
FCSA:DF_TRADE_COUNTRY_YR(5.1.0),AE,A,AED,FCSC,ANN_CNT,IMP,_Z,_Z,642,2024,2330849657.37,,,,0
FCSA:DF_TRADE_COUNTRY_YR(5.1.0),AE,A,AED,FCSC,ANN_CNT,NOEXP,_Z,_Z,591,2017,39050848.64,,,,0
FCSA:DF_TRADE_COUNTRY_YR(5.1.0),AE,A,AED,FCSC,ANN_CNT,NOEXP,_Z,_Z,591,2018,135003166.68,,,,0
FCSA:DF_TRADE_COUNTRY_YR(5.1.0),AE,A,AED,FCSC,ANN_CNT,NOEXP,_Z,_Z,591,2019,136487860.05,,,,0
FCSA:DF_TRADE_COUNTRY_YR(5.1.0),AE,A,AED,FCSC,ANN_CNT,NOEXP,_Z,_Z,591,2020,173336011.04,,,,0
FCSA:DF_TRADE_COUNTRY_YR(5.1.0),AE,A,AED,FCSC,ANN_CNT,NOEXP,_Z,_Z,591,2021,236939063.71,,,,0
FCSA:DF_TRADE_COUNTRY_YR(5.1.0),AE,A,AED,FCSC,ANN_CNT,NOEXP,_Z,_Z,591,2022,193151751.70,,,,0
FCSA:DF_TRADE_COUNTRY_YR(5.1.0),AE,A,AED,FCSC,ANN_CNT,NOEXP,_Z,_Z,591,2023,205233540.17,,,,0
FCSA:DF_TRADE_COUNTRY_YR(5.1.0),AE,A,AED,FCSC,ANN_CNT,NOEXP,_Z,_Z,591,2024,351664955.64,,,,0
FCSA:DF_TRADE_COUNTRY_YR(5.1.0),AE,A,AED,FCSC,ANN_CNT,NOEXP,_Z,_Z,659,2017,240395.84,,,,0
FCSA:DF_TRADE_COUNTRY_YR(5.1.0),AE,A,AED,FCSC,ANN_CNT,NOEXP,_Z,_Z,659,2018,201913.08,,,,0
FCSA:DF_TRADE_COUNTRY_YR(5.1.0),AE,A,AED,FCSC,ANN_CNT,NOEXP,_Z,_Z,659,2019,100780.33,,,,0
FCSA:DF_TRADE_COUNTRY_YR(5.1.0),AE,A,AED,FCSC,ANN_CNT,NOEXP,_Z,_Z,659,2020,139914.81,,,,0
FCSA:DF_TRADE_COUNTRY_YR(5.1.0),AE,A,AED,FCSC,ANN_CNT,NOEXP,_Z,_Z,659,2021,73335.01,,,,0
FCSA:DF_TRADE_COUNTRY_YR(5.1.0),AE,A,AED,FCSC,ANN_CNT,NOEXP,_Z,_Z,659,2022,239184.55,,,,0
FCSA:DF_TRADE_COUNTRY_YR(5.1.0),AE,A,AED,FCSC,ANN_CNT,NOEXP,_Z,_Z,659,2023,6621848.04,,,,0
FCSA:DF_TRADE_COUNTRY_YR(5.1.0),AE,A,AED,FCSC,ANN_CNT,NOEXP,_Z,_Z,659,2024,78735.57,,,,0
FCSA:DF_TRADE_COUNTRY_YR(5.1.0),AE,A,AED,FCSC,ANN_CNT,TTRADE,_Z,_Z,434,2017,8453489189.52,,,,0
FCSA:DF_TRADE_COUNTRY_YR(5.1.0),AE,A,AED,FCSC,ANN_CNT,TTRADE,_Z,_Z,434,2018,7820332000.84,,,,0
FCSA:DF_TRADE_COUNTRY_YR(5.1.0),AE,A,AED,FCSC,ANN_CNT,TTRADE,_Z,_Z,434,2019,10742898683.05,,,,0
FCSA:DF_TRADE_COUNTRY_YR(5.1.0),AE,A,AED,FCSC,ANN_CNT,TTRADE,_Z,_Z,434,2020,7187202716.39,,,,0
FCSA:DF_TRADE_COUNTRY_YR(5.1.0),AE,A,AED,FCSC,ANN_CNT,TTRADE,_Z,_Z,434,2021,9636799207.32,,,,0
FCSA:DF_TRADE_COUNTRY_YR(5.1.0),AE,A,AED,FCSC,ANN_CNT,TTRADE,_Z,_Z,434,2022,11573203278.87,,,,0
FCSA:DF_TRADE_COUNTRY_YR(5.1.0),AE,A,AED,FCSC,ANN_CNT,TTRADE,_Z,_Z,434,2023,13537842114.28,,,,0
FCSA:DF_TRADE_COUNTRY_YR(5.1.0),AE,A,AED,FCSC,ANN_CNT,TTRADE,_Z,_Z,434,2024,20815508238.73,,,,0
FCSA:DF_TRADE_COUNTRY_YR(5.1.0),AE,A,AED,FCSC,ANN_CNT,NOEXP,_Z,_Z,51,2017,50712961.28,,,,0
FCSA:DF_TRADE_COUNTRY_YR(5.1.0),AE,A,AED,FCSC,ANN_CNT,NOEXP,_Z,_Z,51,2018,38887142.24,,,,0
FCSA:DF_TRADE_COUNTRY_YR(5.1.0),AE,A,AED,FCSC,ANN_CNT,NOEXP,_Z,_Z,51,2019,211510469.26,,,,0
FCSA:DF_TRADE_COUNTRY_YR(5.1.0),AE,A,AED,FCSC,ANN_CNT,NOEXP,_Z,_Z,51,2020,31195641.67,,,,0
FCSA:DF_TRADE_COUNTRY_YR(5.1.0),AE,A,AED,FCSC,ANN_CNT,NOEXP,_Z,_Z,51,2021,309416837.29,,,,0
FCSA:DF_TRADE_COUNTRY_YR(5.1.0),AE,A,AED,FCSC,ANN_CNT,NOEXP,_Z,_Z,51,2022,5504062463.02,,,,0
FCSA:DF_TRADE_COUNTRY_YR(5.1.0),AE,A,AED,FCSC,ANN_CNT,NOEXP,_Z,_Z,51,2023,2380790888.60,,,,0
FCSA:DF_TRADE_COUNTRY_YR(5.1.0),AE,A,AED,FCSC,ANN_CNT,NOEXP,_Z,_Z,51,2024,5922102085.07,,,,0
FCSA:DF_TRADE_COUNTRY_YR(5.1.0),AE,A,AED,FCSC,ANN_CNT,REEXP,_Z,_Z,296,2017,116165.86,,,,0
FCSA:DF_TRADE_COUNTRY_YR(5.1.0),AE,A,AED,FCSC,ANN_CNT,REEXP,_Z,_Z,296,2018,25162.10,,,,0
FCSA:DF_TRADE_COUNTRY_YR(5.1.0),AE,A,AED,FCSC,ANN_CNT,REEXP,_Z,_Z,296,2019,94636.50,,,,0
FCSA:DF_TRADE_COUNTRY_YR(5.1.0),AE,A,AED,FCSC,ANN_CNT,REEXP,_Z,_Z,296,2020,124716.64,,,,0
FCSA:DF_TRADE_COUNTRY_YR(5.1.0),AE,A,AED,FCSC,ANN_CNT,REEXP,_Z,_Z,296,2021,518810.51,,,,0
FCSA:DF_TRADE_COUNTRY_YR(5.1.0),AE,A,AED,FCSC,ANN_CNT,REEXP,_Z,_Z,296,2022,1266207.31,,,,0
FCSA:DF_TRADE_COUNTRY_YR(5.1.0),AE,A,AED,FCSC,ANN_CNT,REEXP,_Z,_Z,296,2023,294938.66,,,,0
FCSA:DF_TRADE_COUNTRY_YR(5.1.0),AE,A,AED,FCSC,ANN_CNT,REEXP,_Z,_Z,296,2024,2169838.34,,,,0
FCSA:DF_TRADE_COUNTRY_YR(5.1.0),AE,A,AED,FCSC,ANN_CNT,TTRADE,_Z,_Z,876,2018,122420.11,,,,0
FCSA:DF_TRADE_COUNTRY_YR(5.1.0),AE,A,AED,FCSC,ANN_CNT,TTRADE,_Z,_Z,876,2019,524734.23,,,,0
FCSA:DF_TRADE_COUNTRY_YR(5.1.0),AE,A,AED,FCSC,ANN_CNT,TTRADE,_Z,_Z,876,2020,413691.62,,,,0
FCSA:DF_TRADE_COUNTRY_YR(5.1.0),AE,A,AED,FCSC,ANN_CNT,TTRADE,_Z,_Z,876,2021,6315.68,,,,0
FCSA:DF_TRADE_COUNTRY_YR(5.1.0),AE,A,AED,FCSC,ANN_CNT,TTRADE,_Z,_Z,876,2022,16705.05,,,,0
FCSA:DF_TRADE_COUNTRY_YR(5.1.0),AE,A,AED,FCSC,ANN_CNT,TTRADE,_Z,_Z,876,2023,435322.94,,,,0
FCSA:DF_TRADE_COUNTRY_YR(5.1.0),AE,A,AED,FCSC,ANN_CNT,TTRADE,_Z,_Z,876,2024,749004.37,,,,0
FCSA:DF_TRADE_COUNTRY_YR(5.1.0),AE,A,AED,FCSC,ANN_CNT,IMP,_Z,_Z,OTH,2022,279228371.99,,,,0
FCSA:DF_TRADE_COUNTRY_YR(5.1.0),AE,A,AED,FCSC,ANN_CNT,IMP,_Z,_Z,OTH,2023,203438645.01,,,,0
FCSA:DF_TRADE_COUNTRY_YR(5.1.0),AE,A,AED,FCSC,ANN_CNT,IMP,_Z,_Z,OTH,2024,372215245.80,,,,0
FCSA:DF_TRADE_COUNTRY_YR(5.1.0),AE,A,AED,FCSC,ANN_CNT,IMP,_Z,_Z,850,2017,18567.00,,,,0
FCSA:DF_TRADE_COUNTRY_YR(5.1.0),AE,A,AED,FCSC,ANN_CNT,IMP,_Z,_Z,850,2018,27527.75,,,,0
FCSA:DF_TRADE_COUNTRY_YR(5.1.0),AE,A,AED,FCSC,ANN_CNT,IMP,_Z,_Z,850,2019,7093625.00,,,,0
FCSA:DF_TRADE_COUNTRY_YR(5.1.0),AE,A,AED,FCSC,ANN_CNT,IMP,_Z,_Z,850,2020,688349.80,,,,0
FCSA:DF_TRADE_COUNTRY_YR(5.1.0),AE,A,AED,FCSC,ANN_CNT,IMP,_Z,_Z,850,2021,251456.10,,,,0
FCSA:DF_TRADE_COUNTRY_YR(5.1.0),AE,A,AED,FCSC,ANN_CNT,IMP,_Z,_Z,850,2022,141038.19,,,,0
FCSA:DF_TRADE_COUNTRY_YR(5.1.0),AE,A,AED,FCSC,ANN_CNT,IMP,_Z,_Z,850,2023,23719.99,,,,0
FCSA:DF_TRADE_COUNTRY_YR(5.1.0),AE,A,AED,FCSC,ANN_CNT,IMP,_Z,_Z,850,2024,29630.80,,,,0
FCSA:DF_TRADE_COUNTRY_YR(5.1.0),AE,A,AED,FCSC,ANN_CNT,IMP,_Z,_Z,876,2018,0.00,,,,0
FCSA:DF_TRADE_COUNTRY_YR(5.1.0),AE,A,AED,FCSC,ANN_CNT,IMP,_Z,_Z,876,2019,0.00,,,,0
FCSA:DF_TRADE_COUNTRY_YR(5.1.0),AE,A,AED,FCSC,ANN_CNT,IMP,_Z,_Z,876,2020,0.00,,,,0
FCSA:DF_TRADE_COUNTRY_YR(5.1.0),AE,A,AED,FCSC,ANN_CNT,IMP,_Z,_Z,876,2021,3529.86,,,,0
FCSA:DF_TRADE_COUNTRY_YR(5.1.0),AE,A,AED,FCSC,ANN_CNT,IMP,_Z,_Z,876,2022,52.27,,,,0
FCSA:DF_TRADE_COUNTRY_YR(5.1.0),AE,A,AED,FCSC,ANN_CNT,IMP,_Z,_Z,876,2023,612.86,,,,0
FCSA:DF_TRADE_COUNTRY_YR(5.1.0),AE,A,AED,FCSC,ANN_CNT,IMP,_Z,_Z,876,2024,61430.70,,,,0
FCSA:DF_TRADE_COUNTRY_YR(5.1.0),AE,A,AED,FCSC,ANN_CNT,TTRADE,_Z,_Z,OTH,2022,452035477.23,,,,0
FCSA:DF_TRADE_COUNTRY_YR(5.1.0),AE,A,AED,FCSC,ANN_CNT,TTRADE,_Z,_Z,OTH,2023,354095143.02,,,,0
FCSA:DF_TRADE_COUNTRY_YR(5.1.0),AE,A,AED,FCSC,ANN_CNT,TTRADE,_Z,_Z,OTH,2024,372273595.80,,,,0
FCSA:DF_TRADE_COUNTRY_YR(5.1.0),AE,A,AED,FCSC,ANN_CNT,IMP,_Z,_Z,826,2017,24906057076.67,,,,0
FCSA:DF_TRADE_COUNTRY_YR(5.1.0),AE,A,AED,FCSC,ANN_CNT,IMP,_Z,_Z,826,2018,28240195518.57,,,,0
FCSA:DF_TRADE_COUNTRY_YR(5.1.0),AE,A,AED,FCSC,ANN_CNT,IMP,_Z,_Z,826,2019,26765931758.47,,,,0
FCSA:DF_TRADE_COUNTRY_YR(5.1.0),AE,A,AED,FCSC,ANN_CNT,IMP,_Z,_Z,826,2020,21491290229.88,,,,0
FCSA:DF_TRADE_COUNTRY_YR(5.1.0),AE,A,AED,FCSC,ANN_CNT,IMP,_Z,_Z,826,2021,19716661334.12,,,,0
FCSA:DF_TRADE_COUNTRY_YR(5.1.0),AE,A,AED,FCSC,ANN_CNT,IMP,_Z,_Z,826,2022,28386765485.71,,,,0
FCSA:DF_TRADE_COUNTRY_YR(5.1.0),AE,A,AED,FCSC,ANN_CNT,IMP,_Z,_Z,826,2023,32384173836.95,,,,0
FCSA:DF_TRADE_COUNTRY_YR(5.1.0),AE,A,AED,FCSC,ANN_CNT,IMP,_Z,_Z,826,2024,39924067933.35,,,,0
FCSA:DF_TRADE_COUNTRY_YR(5.1.0),AE,A,AED,FCSC,ANN_CNT,NOEXP,_Z,_Z,36,2017,1058376484.07,,,,0
FCSA:DF_TRADE_COUNTRY_YR(5.1.0),AE,A,AED,FCSC,ANN_CNT,NOEXP,_Z,_Z,36,2018,1625536645.65,,,,0
FCSA:DF_TRADE_COUNTRY_YR(5.1.0),AE,A,AED,FCSC,ANN_CNT,NOEXP,_Z,_Z,36,2019,1419861632.62,,,,0
FCSA:DF_TRADE_COUNTRY_YR(5.1.0),AE,A,AED,FCSC,ANN_CNT,NOEXP,_Z,_Z,36,2020,1455293272.07,,,,0
FCSA:DF_TRADE_COUNTRY_YR(5.1.0),AE,A,AED,FCSC,ANN_CNT,NOEXP,_Z,_Z,36,2021,2762434115.74,,,,0
FCSA:DF_TRADE_COUNTRY_YR(5.1.0),AE,A,AED,FCSC,ANN_CNT,NOEXP,_Z,_Z,36,2022,1904112537.40,,,,0
FCSA:DF_TRADE_COUNTRY_YR(5.1.0),AE,A,AED,FCSC,ANN_CNT,NOEXP,_Z,_Z,36,2023,1703388042.23,,,,0
FCSA:DF_TRADE_COUNTRY_YR(5.1.0),AE,A,AED,FCSC,ANN_CNT,NOEXP,_Z,_Z,36,2024,1897585112.29,,,,0
FCSA:DF_TRADE_COUNTRY_YR(5.1.0),AE,A,AED,FCSC,ANN_CNT,IMP,_Z,_Z,104,2017,301250493.27,,,,0
FCSA:DF_TRADE_COUNTRY_YR(5.1.0),AE,A,AED,FCSC,ANN_CNT,IMP,_Z,_Z,104,2018,270514266.49,,,,0
FCSA:DF_TRADE_COUNTRY_YR(5.1.0),AE,A,AED,FCSC,ANN_CNT,IMP,_Z,_Z,104,2019,322198285.90,,,,0
FCSA:DF_TRADE_COUNTRY_YR(5.1.0),AE,A,AED,FCSC,ANN_CNT,IMP,_Z,_Z,104,2020,333704542.00,,,,0
FCSA:DF_TRADE_COUNTRY_YR(5.1.0),AE,A,AED,FCSC,ANN_CNT,IMP,_Z,_Z,104,2021,336818104.39,,,,0
FCSA:DF_TRADE_COUNTRY_YR(5.1.0),AE,A,AED,FCSC,ANN_CNT,IMP,_Z,_Z,104,2022,385850515.56,,,,0
FCSA:DF_TRADE_COUNTRY_YR(5.1.0),AE,A,AED,FCSC,ANN_CNT,IMP,_Z,_Z,104,2023,418053509.30,,,,0
FCSA:DF_TRADE_COUNTRY_YR(5.1.0),AE,A,AED,FCSC,ANN_CNT,IMP,_Z,_Z,104,2024,356180780.17,,,,0
FCSA:DF_TRADE_COUNTRY_YR(5.1.0),AE,A,AED,FCSC,ANN_CNT,REEXP,_Z,_Z,100,2017,75965276.55,,,,0
FCSA:DF_TRADE_COUNTRY_YR(5.1.0),AE,A,AED,FCSC,ANN_CNT,REEXP,_Z,_Z,100,2018,190068082.83,,,,0
FCSA:DF_TRADE_COUNTRY_YR(5.1.0),AE,A,AED,FCSC,ANN_CNT,REEXP,_Z,_Z,100,2019,56206153.68,,,,0
FCSA:DF_TRADE_COUNTRY_YR(5.1.0),AE,A,AED,FCSC,ANN_CNT,REEXP,_Z,_Z,100,2020,101525094.29,,,,0
FCSA:DF_TRADE_COUNTRY_YR(5.1.0),AE,A,AED,FCSC,ANN_CNT,REEXP,_Z,_Z,100,2021,136881624.24,,,,0
FCSA:DF_TRADE_COUNTRY_YR(5.1.0),AE,A,AED,FCSC,ANN_CNT,REEXP,_Z,_Z,100,2022,130280416.58,,,,0
FCSA:DF_TRADE_COUNTRY_YR(5.1.0),AE,A,AED,FCSC,ANN_CNT,REEXP,_Z,_Z,100,2023,163898387.23,,,,0
FCSA:DF_TRADE_COUNTRY_YR(5.1.0),AE,A,AED,FCSC,ANN_CNT,REEXP,_Z,_Z,100,2024,168452407.20,,,,0
FCSA:DF_TRADE_COUNTRY_YR(5.1.0),AE,A,AED,FCSC,ANN_CNT,REEXP,_Z,_Z,548,2017,450920.02,,,,0
FCSA:DF_TRADE_COUNTRY_YR(5.1.0),AE,A,AED,FCSC,ANN_CNT,REEXP,_Z,_Z,548,2018,629541.42,,,,0
FCSA:DF_TRADE_COUNTRY_YR(5.1.0),AE,A,AED,FCSC,ANN_CNT,REEXP,_Z,_Z,548,2019,1478804.10,,,,0
FCSA:DF_TRADE_COUNTRY_YR(5.1.0),AE,A,AED,FCSC,ANN_CNT,REEXP,_Z,_Z,548,2020,677373.74,,,,0
FCSA:DF_TRADE_COUNTRY_YR(5.1.0),AE,A,AED,FCSC,ANN_CNT,REEXP,_Z,_Z,548,2021,1004958.54,,,,0
FCSA:DF_TRADE_COUNTRY_YR(5.1.0),AE,A,AED,FCSC,ANN_CNT,REEXP,_Z,_Z,548,2022,1570220.85,,,,0
FCSA:DF_TRADE_COUNTRY_YR(5.1.0),AE,A,AED,FCSC,ANN_CNT,REEXP,_Z,_Z,548,2023,1301295.11,,,,0
FCSA:DF_TRADE_COUNTRY_YR(5.1.0),AE,A,AED,FCSC,ANN_CNT,REEXP,_Z,_Z,548,2024,1618858.25,,,,0
FCSA:DF_TRADE_COUNTRY_YR(5.1.0),AE,A,AED,FCSC,ANN_CNT,TTRADE,_Z,_Z,410,2017,34823594563.26,,,,0
FCSA:DF_TRADE_COUNTRY_YR(5.1.0),AE,A,AED,FCSC,ANN_CNT,TTRADE,_Z,_Z,410,2018,22233762123.25,,,,0
FCSA:DF_TRADE_COUNTRY_YR(5.1.0),AE,A,AED,FCSC,ANN_CNT,TTRADE,_Z,_Z,410,2019,18336157761.09,,,,0
FCSA:DF_TRADE_COUNTRY_YR(5.1.0),AE,A,AED,FCSC,ANN_CNT,TTRADE,_Z,_Z,410,2020,17827285976.11,,,,0
FCSA:DF_TRADE_COUNTRY_YR(5.1.0),AE,A,AED,FCSC,ANN_CNT,TTRADE,_Z,_Z,410,2021,17274529847.03,,,,0
FCSA:DF_TRADE_COUNTRY_YR(5.1.0),AE,A,AED,FCSC,ANN_CNT,TTRADE,_Z,_Z,410,2022,20641983224.58,,,,0
FCSA:DF_TRADE_COUNTRY_YR(5.1.0),AE,A,AED,FCSC,ANN_CNT,TTRADE,_Z,_Z,410,2023,21831677786.66,,,,0
FCSA:DF_TRADE_COUNTRY_YR(5.1.0),AE,A,AED,FCSC,ANN_CNT,TTRADE,_Z,_Z,410,2024,24326522911.49,,,,0
FCSA:DF_TRADE_COUNTRY_YR(5.1.0),AE,A,AED,FCSC,ANN_CNT,IMP,_Z,_Z,120,2017,1431678916.10,,,,0
FCSA:DF_TRADE_COUNTRY_YR(5.1.0),AE,A,AED,FCSC,ANN_CNT,IMP,_Z,_Z,120,2018,1560611291.25,,,,0
FCSA:DF_TRADE_COUNTRY_YR(5.1.0),AE,A,AED,FCSC,ANN_CNT,IMP,_Z,_Z,120,2019,1461524371.92,,,,0
FCSA:DF_TRADE_COUNTRY_YR(5.1.0),AE,A,AED,FCSC,ANN_CNT,IMP,_Z,_Z,120,2020,603186993.57,,,,0
FCSA:DF_TRADE_COUNTRY_YR(5.1.0),AE,A,AED,FCSC,ANN_CNT,IMP,_Z,_Z,120,2021,1024916712.22,,,,0
FCSA:DF_TRADE_COUNTRY_YR(5.1.0),AE,A,AED,FCSC,ANN_CNT,IMP,_Z,_Z,120,2022,1049307925.14,,,,0
FCSA:DF_TRADE_COUNTRY_YR(5.1.0),AE,A,AED,FCSC,ANN_CNT,IMP,_Z,_Z,120,2023,3301661610.39,,,,0
FCSA:DF_TRADE_COUNTRY_YR(5.1.0),AE,A,AED,FCSC,ANN_CNT,IMP,_Z,_Z,120,2024,3496777740.77,,,,0
FCSA:DF_TRADE_COUNTRY_YR(5.1.0),AE,A,AED,FCSC,ANN_CNT,TNOEXP,_Z,_Z,170,2017,172553223.97,,,,0
FCSA:DF_TRADE_COUNTRY_YR(5.1.0),AE,A,AED,FCSC,ANN_CNT,TNOEXP,_Z,_Z,170,2018,157363847.23,,,,0
FCSA:DF_TRADE_COUNTRY_YR(5.1.0),AE,A,AED,FCSC,ANN_CNT,TNOEXP,_Z,_Z,170,2019,658943949.74,,,,0
FCSA:DF_TRADE_COUNTRY_YR(5.1.0),AE,A,AED,FCSC,ANN_CNT,TNOEXP,_Z,_Z,170,2020,318050920.75,,,,0
FCSA:DF_TRADE_COUNTRY_YR(5.1.0),AE,A,AED,FCSC,ANN_CNT,TNOEXP,_Z,_Z,170,2021,384905047.77,,,,0
FCSA:DF_TRADE_COUNTRY_YR(5.1.0),AE,A,AED,FCSC,ANN_CNT,TNOEXP,_Z,_Z,170,2022,413687614.18,,,,0
FCSA:DF_TRADE_COUNTRY_YR(5.1.0),AE,A,AED,FCSC,ANN_CNT,TNOEXP,_Z,_Z,170,2023,322608079.09,,,,0
FCSA:DF_TRADE_COUNTRY_YR(5.1.0),AE,A,AED,FCSC,ANN_CNT,TNOEXP,_Z,_Z,170,2024,498988775.82,,,,0
FCSA:DF_TRADE_COUNTRY_YR(5.1.0),AE,A,AED,FCSC,ANN_CNT,REEXP,_Z,_Z,470,2017,27418719.83,,,,0
FCSA:DF_TRADE_COUNTRY_YR(5.1.0),AE,A,AED,FCSC,ANN_CNT,REEXP,_Z,_Z,470,2018,71718934.37,,,,0
FCSA:DF_TRADE_COUNTRY_YR(5.1.0),AE,A,AED,FCSC,ANN_CNT,REEXP,_Z,_Z,470,2019,52589443.94,,,,0
FCSA:DF_TRADE_COUNTRY_YR(5.1.0),AE,A,AED,FCSC,ANN_CNT,REEXP,_Z,_Z,470,2020,75407613.26,,,,0
FCSA:DF_TRADE_COUNTRY_YR(5.1.0),AE,A,AED,FCSC,ANN_CNT,REEXP,_Z,_Z,470,2021,28245833.05,,,,0
FCSA:DF_TRADE_COUNTRY_YR(5.1.0),AE,A,AED,FCSC,ANN_CNT,REEXP,_Z,_Z,470,2022,36701611.91,,,,0
FCSA:DF_TRADE_COUNTRY_YR(5.1.0),AE,A,AED,FCSC,ANN_CNT,REEXP,_Z,_Z,470,2023,88610673.57,,,,0
FCSA:DF_TRADE_COUNTRY_YR(5.1.0),AE,A,AED,FCSC,ANN_CNT,REEXP,_Z,_Z,470,2024,71023922.37,,,,0
FCSA:DF_TRADE_COUNTRY_YR(5.1.0),AE,A,AED,FCSC,ANN_CNT,TTRADE,_Z,_Z,352,2017,15659695.44,,,,0
FCSA:DF_TRADE_COUNTRY_YR(5.1.0),AE,A,AED,FCSC,ANN_CNT,TTRADE,_Z,_Z,352,2018,17767515.17,,,,0
FCSA:DF_TRADE_COUNTRY_YR(5.1.0),AE,A,AED,FCSC,ANN_CNT,TTRADE,_Z,_Z,352,2019,21908339.18,,,,0
FCSA:DF_TRADE_COUNTRY_YR(5.1.0),AE,A,AED,FCSC,ANN_CNT,TTRADE,_Z,_Z,352,2020,11081904.19,,,,0
FCSA:DF_TRADE_COUNTRY_YR(5.1.0),AE,A,AED,FCSC,ANN_CNT,TTRADE,_Z,_Z,352,2021,20709620.24,,,,0
FCSA:DF_TRADE_COUNTRY_YR(5.1.0),AE,A,AED,FCSC,ANN_CNT,TTRADE,_Z,_Z,352,2022,17581728.46,,,,0
FCSA:DF_TRADE_COUNTRY_YR(5.1.0),AE,A,AED,FCSC,ANN_CNT,TTRADE,_Z,_Z,352,2023,11430733.59,,,,0
FCSA:DF_TRADE_COUNTRY_YR(5.1.0),AE,A,AED,FCSC,ANN_CNT,TTRADE,_Z,_Z,352,2024,19078729.16,,,,0
FCSA:DF_TRADE_COUNTRY_YR(5.1.0),AE,A,AED,FCSC,ANN_CNT,IMP,_Z,_Z,744,2020,43.49,,,,0
FCSA:DF_TRADE_COUNTRY_YR(5.1.0),AE,A,AED,FCSC,ANN_CNT,IMP,_Z,_Z,744,2021,22211.81,,,,0
FCSA:DF_TRADE_COUNTRY_YR(5.1.0),AE,A,AED,FCSC,ANN_CNT,IMP,_Z,_Z,744,2023,68002.53,,,,0
FCSA:DF_TRADE_COUNTRY_YR(5.1.0),AE,A,AED,FCSC,ANN_CNT,IMP,_Z,_Z,744,2024,33899.56,,,,0
FCSA:DF_TRADE_COUNTRY_YR(5.1.0),AE,A,AED,FCSC,ANN_CNT,NOEXP,_Z,_Z,643,2017,913378615.59,,,,0
FCSA:DF_TRADE_COUNTRY_YR(5.1.0),AE,A,AED,FCSC,ANN_CNT,NOEXP,_Z,_Z,643,2018,1108661547.90,,,,0
FCSA:DF_TRADE_COUNTRY_YR(5.1.0),AE,A,AED,FCSC,ANN_CNT,NOEXP,_Z,_Z,643,2019,1256745503.99,,,,0
FCSA:DF_TRADE_COUNTRY_YR(5.1.0),AE,A,AED,FCSC,ANN_CNT,NOEXP,_Z,_Z,643,2020,955496834.17,,,,0
FCSA:DF_TRADE_COUNTRY_YR(5.1.0),AE,A,AED,FCSC,ANN_CNT,NOEXP,_Z,_Z,643,2021,947823365.06,,,,0
FCSA:DF_TRADE_COUNTRY_YR(5.1.0),AE,A,AED,FCSC,ANN_CNT,NOEXP,_Z,_Z,643,2022,743139249.04,,,,0
FCSA:DF_TRADE_COUNTRY_YR(5.1.0),AE,A,AED,FCSC,ANN_CNT,NOEXP,_Z,_Z,643,2023,1026196542.07,,,,0
FCSA:DF_TRADE_COUNTRY_YR(5.1.0),AE,A,AED,FCSC,ANN_CNT,NOEXP,_Z,_Z,643,2024,2844801225.40,,,,0
FCSA:DF_TRADE_COUNTRY_YR(5.1.0),AE,A,AED,FCSC,ANN_CNT,IMP,_Z,_Z,608,2017,3002518099.26,,,,0
FCSA:DF_TRADE_COUNTRY_YR(5.1.0),AE,A,AED,FCSC,ANN_CNT,IMP,_Z,_Z,608,2018,2053793926.01,,,,0
FCSA:DF_TRADE_COUNTRY_YR(5.1.0),AE,A,AED,FCSC,ANN_CNT,IMP,_Z,_Z,608,2019,1858325525.50,,,,0
FCSA:DF_TRADE_COUNTRY_YR(5.1.0),AE,A,AED,FCSC,ANN_CNT,IMP,_Z,_Z,608,2020,1520495067.56,,,,0
FCSA:DF_TRADE_COUNTRY_YR(5.1.0),AE,A,AED,FCSC,ANN_CNT,IMP,_Z,_Z,608,2021,1544881538.87,,,,0
FCSA:DF_TRADE_COUNTRY_YR(5.1.0),AE,A,AED,FCSC,ANN_CNT,IMP,_Z,_Z,608,2022,5391015147.45,,,,0
FCSA:DF_TRADE_COUNTRY_YR(5.1.0),AE,A,AED,FCSC,ANN_CNT,IMP,_Z,_Z,608,2023,2961412267.41,,,,0
FCSA:DF_TRADE_COUNTRY_YR(5.1.0),AE,A,AED,FCSC,ANN_CNT,IMP,_Z,_Z,608,2024,2382071784.85,,,,0
FCSA:DF_TRADE_COUNTRY_YR(5.1.0),AE,A,AED,FCSC,ANN_CNT,TTRADE,_Z,_Z,608,2017,4036896126.69,,,,0
FCSA:DF_TRADE_COUNTRY_YR(5.1.0),AE,A,AED,FCSC,ANN_CNT,TTRADE,_Z,_Z,608,2018,3222474138.38,,,,0
FCSA:DF_TRADE_COUNTRY_YR(5.1.0),AE,A,AED,FCSC,ANN_CNT,TTRADE,_Z,_Z,608,2019,3088346314.82,,,,0
FCSA:DF_TRADE_COUNTRY_YR(5.1.0),AE,A,AED,FCSC,ANN_CNT,TTRADE,_Z,_Z,608,2020,2628430415.19,,,,0
FCSA:DF_TRADE_COUNTRY_YR(5.1.0),AE,A,AED,FCSC,ANN_CNT,TTRADE,_Z,_Z,608,2021,3049353841.49,,,,0
FCSA:DF_TRADE_COUNTRY_YR(5.1.0),AE,A,AED,FCSC,ANN_CNT,TTRADE,_Z,_Z,608,2022,6797052759.00,,,,0
FCSA:DF_TRADE_COUNTRY_YR(5.1.0),AE,A,AED,FCSC,ANN_CNT,TTRADE,_Z,_Z,608,2023,4143110223.54,,,,0
FCSA:DF_TRADE_COUNTRY_YR(5.1.0),AE,A,AED,FCSC,ANN_CNT,TTRADE,_Z,_Z,608,2024,3449485585.99,,,,0
FCSA:DF_TRADE_COUNTRY_YR(5.1.0),AE,A,AED,FCSC,ANN_CNT,TTRADE,_Z,_Z,174,2017,231542912.61,,,,0
FCSA:DF_TRADE_COUNTRY_YR(5.1.0),AE,A,AED,FCSC,ANN_CNT,TTRADE,_Z,_Z,174,2018,208160315.10,,,,0
FCSA:DF_TRADE_COUNTRY_YR(5.1.0),AE,A,AED,FCSC,ANN_CNT,TTRADE,_Z,_Z,174,2019,218993325.03,,,,0
FCSA:DF_TRADE_COUNTRY_YR(5.1.0),AE,A,AED,FCSC,ANN_CNT,TTRADE,_Z,_Z,174,2020,174454968.78,,,,0
FCSA:DF_TRADE_COUNTRY_YR(5.1.0),AE,A,AED,FCSC,ANN_CNT,TTRADE,_Z,_Z,174,2021,391980416.02,,,,0
FCSA:DF_TRADE_COUNTRY_YR(5.1.0),AE,A,AED,FCSC,ANN_CNT,TTRADE,_Z,_Z,174,2022,342294213.19,,,,0
FCSA:DF_TRADE_COUNTRY_YR(5.1.0),AE,A,AED,FCSC,ANN_CNT,TTRADE,_Z,_Z,174,2023,388559328.42,,,,0
FCSA:DF_TRADE_COUNTRY_YR(5.1.0),AE,A,AED,FCSC,ANN_CNT,TTRADE,_Z,_Z,174,2024,415348099.68,,,,0
FCSA:DF_TRADE_COUNTRY_YR(5.1.0),AE,A,AED,FCSC,ANN_CNT,TTRADE,_Z,_Z,348,2017,1575620565.95,,,,0
FCSA:DF_TRADE_COUNTRY_YR(5.1.0),AE,A,AED,FCSC,ANN_CNT,TTRADE,_Z,_Z,348,2018,1501461259.77,,,,0
FCSA:DF_TRADE_COUNTRY_YR(5.1.0),AE,A,AED,FCSC,ANN_CNT,TTRADE,_Z,_Z,348,2019,1502305005.83,,,,0
FCSA:DF_TRADE_COUNTRY_YR(5.1.0),AE,A,AED,FCSC,ANN_CNT,TTRADE,_Z,_Z,348,2020,1593114423.65,,,,0
FCSA:DF_TRADE_COUNTRY_YR(5.1.0),AE,A,AED,FCSC,ANN_CNT,TTRADE,_Z,_Z,348,2021,2307156940.74,,,,0
FCSA:DF_TRADE_COUNTRY_YR(5.1.0),AE,A,AED,FCSC,ANN_CNT,TTRADE,_Z,_Z,348,2022,3365464957.14,,,,0
FCSA:DF_TRADE_COUNTRY_YR(5.1.0),AE,A,AED,FCSC,ANN_CNT,TTRADE,_Z,_Z,348,2023,4241543892.27,,,,0
FCSA:DF_TRADE_COUNTRY_YR(5.1.0),AE,A,AED,FCSC,ANN_CNT,TTRADE,_Z,_Z,348,2024,2915810059.80,,,,0
FCSA:DF_TRADE_COUNTRY_YR(5.1.0),AE,A,AED,FCSC,ANN_CNT,TNOEXP,_Z,_Z,340,2017,9320136.38,,,,0
FCSA:DF_TRADE_COUNTRY_YR(5.1.0),AE,A,AED,FCSC,ANN_CNT,TNOEXP,_Z,_Z,340,2018,6898087.30,,,,0
FCSA:DF_TRADE_COUNTRY_YR(5.1.0),AE,A,AED,FCSC,ANN_CNT,TNOEXP,_Z,_Z,340,2019,10955137.07,,,,0
FCSA:DF_TRADE_COUNTRY_YR(5.1.0),AE,A,AED,FCSC,ANN_CNT,TNOEXP,_Z,_Z,340,2020,11166846.89,,,,0
FCSA:DF_TRADE_COUNTRY_YR(5.1.0),AE,A,AED,FCSC,ANN_CNT,TNOEXP,_Z,_Z,340,2021,21703329.47,,,,0
FCSA:DF_TRADE_COUNTRY_YR(5.1.0),AE,A,AED,FCSC,ANN_CNT,TNOEXP,_Z,_Z,340,2022,63683468.44,,,,0
FCSA:DF_TRADE_COUNTRY_YR(5.1.0),AE,A,AED,FCSC,ANN_CNT,TNOEXP,_Z,_Z,340,2023,36446946.34,,,,0
FCSA:DF_TRADE_COUNTRY_YR(5.1.0),AE,A,AED,FCSC,ANN_CNT,TNOEXP,_Z,_Z,340,2024,117704265.81,,,,0
FCSA:DF_TRADE_COUNTRY_YR(5.1.0),AE,A,AED,FCSC,ANN_CNT,NOEXP,_Z,_Z,732,2017,320511.03,,,,0
FCSA:DF_TRADE_COUNTRY_YR(5.1.0),AE,A,AED,FCSC,ANN_CNT,NOEXP,_Z,_Z,732,2018,120484.15,,,,0
FCSA:DF_TRADE_COUNTRY_YR(5.1.0),AE,A,AED,FCSC,ANN_CNT,NOEXP,_Z,_Z,732,2019,0.00,,,,0
FCSA:DF_TRADE_COUNTRY_YR(5.1.0),AE,A,AED,FCSC,ANN_CNT,NOEXP,_Z,_Z,732,2020,0.00,,,,0
FCSA:DF_TRADE_COUNTRY_YR(5.1.0),AE,A,AED,FCSC,ANN_CNT,NOEXP,_Z,_Z,732,2021,623823.00,,,,0
FCSA:DF_TRADE_COUNTRY_YR(5.1.0),AE,A,AED,FCSC,ANN_CNT,NOEXP,_Z,_Z,732,2022,0.00,,,,0
FCSA:DF_TRADE_COUNTRY_YR(5.1.0),AE,A,AED,FCSC,ANN_CNT,NOEXP,_Z,_Z,732,2023,0.00,,,,0
FCSA:DF_TRADE_COUNTRY_YR(5.1.0),AE,A,AED,FCSC,ANN_CNT,NOEXP,_Z,_Z,732,2024,592106.08,,,,0
FCSA:DF_TRADE_COUNTRY_YR(5.1.0),AE,A,AED,FCSC,ANN_CNT,NOEXP,_Z,_Z,706,2017,1013339607.52,,,,0
FCSA:DF_TRADE_COUNTRY_YR(5.1.0),AE,A,AED,FCSC,ANN_CNT,NOEXP,_Z,_Z,706,2018,1703030949.22,,,,0
FCSA:DF_TRADE_COUNTRY_YR(5.1.0),AE,A,AED,FCSC,ANN_CNT,NOEXP,_Z,_Z,706,2019,2493730456.43,,,,0
FCSA:DF_TRADE_COUNTRY_YR(5.1.0),AE,A,AED,FCSC,ANN_CNT,NOEXP,_Z,_Z,706,2020,2962421738.35,,,,0
FCSA:DF_TRADE_COUNTRY_YR(5.1.0),AE,A,AED,FCSC,ANN_CNT,NOEXP,_Z,_Z,706,2021,3048320023.83,,,,0
FCSA:DF_TRADE_COUNTRY_YR(5.1.0),AE,A,AED,FCSC,ANN_CNT,NOEXP,_Z,_Z,706,2022,3652790868.20,,,,0
FCSA:DF_TRADE_COUNTRY_YR(5.1.0),AE,A,AED,FCSC,ANN_CNT,NOEXP,_Z,_Z,706,2023,2509991824.67,,,,0
FCSA:DF_TRADE_COUNTRY_YR(5.1.0),AE,A,AED,FCSC,ANN_CNT,NOEXP,_Z,_Z,706,2024,3303102633.31,,,,0
FCSA:DF_TRADE_COUNTRY_YR(5.1.0),AE,A,AED,FCSC,ANN_CNT,IMP,_Z,_Z,203,2017,3622030333.50,,,,0
FCSA:DF_TRADE_COUNTRY_YR(5.1.0),AE,A,AED,FCSC,ANN_CNT,IMP,_Z,_Z,203,2018,3374664047.69,,,,0
FCSA:DF_TRADE_COUNTRY_YR(5.1.0),AE,A,AED,FCSC,ANN_CNT,IMP,_Z,_Z,203,2019,3196183644.46,,,,0
FCSA:DF_TRADE_COUNTRY_YR(5.1.0),AE,A,AED,FCSC,ANN_CNT,IMP,_Z,_Z,203,2020,2890347412.37,,,,0
FCSA:DF_TRADE_COUNTRY_YR(5.1.0),AE,A,AED,FCSC,ANN_CNT,IMP,_Z,_Z,203,2021,3015513737.08,,,,0
FCSA:DF_TRADE_COUNTRY_YR(5.1.0),AE,A,AED,FCSC,ANN_CNT,IMP,_Z,_Z,203,2022,3681150290.09,,,,0
FCSA:DF_TRADE_COUNTRY_YR(5.1.0),AE,A,AED,FCSC,ANN_CNT,IMP,_Z,_Z,203,2023,4044220877.73,,,,0
FCSA:DF_TRADE_COUNTRY_YR(5.1.0),AE,A,AED,FCSC,ANN_CNT,IMP,_Z,_Z,203,2024,4417331706.57,,,,0
FCSA:DF_TRADE_COUNTRY_YR(5.1.0),AE,A,AED,FCSC,ANN_CNT,NOEXP,_Z,_Z,218,2017,19898577.66,,,,0
FCSA:DF_TRADE_COUNTRY_YR(5.1.0),AE,A,AED,FCSC,ANN_CNT,NOEXP,_Z,_Z,218,2018,27188146.46,,,,0
FCSA:DF_TRADE_COUNTRY_YR(5.1.0),AE,A,AED,FCSC,ANN_CNT,NOEXP,_Z,_Z,218,2019,17199007.62,,,,0
FCSA:DF_TRADE_COUNTRY_YR(5.1.0),AE,A,AED,FCSC,ANN_CNT,NOEXP,_Z,_Z,218,2020,11994990.03,,,,0
FCSA:DF_TRADE_COUNTRY_YR(5.1.0),AE,A,AED,FCSC,ANN_CNT,NOEXP,_Z,_Z,218,2021,76423001.84,,,,0
FCSA:DF_TRADE_COUNTRY_YR(5.1.0),AE,A,AED,FCSC,ANN_CNT,NOEXP,_Z,_Z,218,2022,114510376.18,,,,0
FCSA:DF_TRADE_COUNTRY_YR(5.1.0),AE,A,AED,FCSC,ANN_CNT,NOEXP,_Z,_Z,218,2023,93233858.28,,,,0
FCSA:DF_TRADE_COUNTRY_YR(5.1.0),AE,A,AED,FCSC,ANN_CNT,NOEXP,_Z,_Z,218,2024,136063645.25,,,,0
FCSA:DF_TRADE_COUNTRY_YR(5.1.0),AE,A,AED,FCSC,ANN_CNT,TNOEXP,_Z,_Z,446,2017,12298845.50,,,,0
FCSA:DF_TRADE_COUNTRY_YR(5.1.0),AE,A,AED,FCSC,ANN_CNT,TNOEXP,_Z,_Z,446,2018,10005445.31,,,,0
FCSA:DF_TRADE_COUNTRY_YR(5.1.0),AE,A,AED,FCSC,ANN_CNT,TNOEXP,_Z,_Z,446,2019,3732129.08,,,,0
FCSA:DF_TRADE_COUNTRY_YR(5.1.0),AE,A,AED,FCSC,ANN_CNT,TNOEXP,_Z,_Z,446,2020,11015999.07,,,,0
FCSA:DF_TRADE_COUNTRY_YR(5.1.0),AE,A,AED,FCSC,ANN_CNT,TNOEXP,_Z,_Z,446,2021,230654003.23,,,,0
FCSA:DF_TRADE_COUNTRY_YR(5.1.0),AE,A,AED,FCSC,ANN_CNT,TNOEXP,_Z,_Z,446,2022,94452675.39,,,,0
FCSA:DF_TRADE_COUNTRY_YR(5.1.0),AE,A,AED,FCSC,ANN_CNT,TNOEXP,_Z,_Z,446,2023,41748202.16,,,,0
FCSA:DF_TRADE_COUNTRY_YR(5.1.0),AE,A,AED,FCSC,ANN_CNT,TNOEXP,_Z,_Z,446,2024,21541276.60,,,,0
FCSA:DF_TRADE_COUNTRY_YR(5.1.0),AE,A,AED,FCSC,ANN_CNT,NOEXP,_Z,_Z,64,2017,7908749.48,,,,0
FCSA:DF_TRADE_COUNTRY_YR(5.1.0),AE,A,AED,FCSC,ANN_CNT,NOEXP,_Z,_Z,64,2018,52159.86,,,,0
FCSA:DF_TRADE_COUNTRY_YR(5.1.0),AE,A,AED,FCSC,ANN_CNT,NOEXP,_Z,_Z,64,2019,579717.59,,,,0
FCSA:DF_TRADE_COUNTRY_YR(5.1.0),AE,A,AED,FCSC,ANN_CNT,NOEXP,_Z,_Z,64,2020,98806.32,,,,0
FCSA:DF_TRADE_COUNTRY_YR(5.1.0),AE,A,AED,FCSC,ANN_CNT,NOEXP,_Z,_Z,64,2021,234086.79,,,,0
FCSA:DF_TRADE_COUNTRY_YR(5.1.0),AE,A,AED,FCSC,ANN_CNT,NOEXP,_Z,_Z,64,2022,24591.77,,,,0
FCSA:DF_TRADE_COUNTRY_YR(5.1.0),AE,A,AED,FCSC,ANN_CNT,NOEXP,_Z,_Z,64,2023,199343.10,,,,0
FCSA:DF_TRADE_COUNTRY_YR(5.1.0),AE,A,AED,FCSC,ANN_CNT,NOEXP,_Z,_Z,64,2024,105895.87,,,,0
FCSA:DF_TRADE_COUNTRY_YR(5.1.0),AE,A,AED,FCSC,ANN_CNT,REEXP,_Z,_Z,136,2017,133374.00,,,,0
FCSA:DF_TRADE_COUNTRY_YR(5.1.0),AE,A,AED,FCSC,ANN_CNT,REEXP,_Z,_Z,136,2018,567186.49,,,,0
FCSA:DF_TRADE_COUNTRY_YR(5.1.0),AE,A,AED,FCSC,ANN_CNT,REEXP,_Z,_Z,136,2019,547337.04,,,,0
FCSA:DF_TRADE_COUNTRY_YR(5.1.0),AE,A,AED,FCSC,ANN_CNT,REEXP,_Z,_Z,136,2020,2837187.06,,,,0
FCSA:DF_TRADE_COUNTRY_YR(5.1.0),AE,A,AED,FCSC,ANN_CNT,REEXP,_Z,_Z,136,2021,441758.78,,,,0
FCSA:DF_TRADE_COUNTRY_YR(5.1.0),AE,A,AED,FCSC,ANN_CNT,REEXP,_Z,_Z,136,2022,790764.51,,,,0
FCSA:DF_TRADE_COUNTRY_YR(5.1.0),AE,A,AED,FCSC,ANN_CNT,REEXP,_Z,_Z,136,2023,568026.49,,,,0
FCSA:DF_TRADE_COUNTRY_YR(5.1.0),AE,A,AED,FCSC,ANN_CNT,REEXP,_Z,_Z,136,2024,4942962.79,,,,0
FCSA:DF_TRADE_COUNTRY_YR(5.1.0),AE,A,AED,FCSC,ANN_CNT,REEXP,_Z,_Z,520,2018,0.00,,,,0
FCSA:DF_TRADE_COUNTRY_YR(5.1.0),AE,A,AED,FCSC,ANN_CNT,REEXP,_Z,_Z,520,2020,0.00,,,,0
FCSA:DF_TRADE_COUNTRY_YR(5.1.0),AE,A,AED,FCSC,ANN_CNT,REEXP,_Z,_Z,520,2021,1578753.65,,,,0
FCSA:DF_TRADE_COUNTRY_YR(5.1.0),AE,A,AED,FCSC,ANN_CNT,REEXP,_Z,_Z,520,2022,450709.78,,,,0
FCSA:DF_TRADE_COUNTRY_YR(5.1.0),AE,A,AED,FCSC,ANN_CNT,REEXP,_Z,_Z,520,2023,0.00,,,,0
FCSA:DF_TRADE_COUNTRY_YR(5.1.0),AE,A,AED,FCSC,ANN_CNT,REEXP,_Z,_Z,520,2024,12059.34,,,,0
FCSA:DF_TRADE_COUNTRY_YR(5.1.0),AE,A,AED,FCSC,ANN_CNT,NOEXP,_Z,_Z,238,2018,0.00,,,,0
FCSA:DF_TRADE_COUNTRY_YR(5.1.0),AE,A,AED,FCSC,ANN_CNT,NOEXP,_Z,_Z,238,2019,0.00,,,,0
FCSA:DF_TRADE_COUNTRY_YR(5.1.0),AE,A,AED,FCSC,ANN_CNT,NOEXP,_Z,_Z,238,2020,0.00,,,,0
FCSA:DF_TRADE_COUNTRY_YR(5.1.0),AE,A,AED,FCSC,ANN_CNT,NOEXP,_Z,_Z,238,2021,0.00,,,,0
FCSA:DF_TRADE_COUNTRY_YR(5.1.0),AE,A,AED,FCSC,ANN_CNT,NOEXP,_Z,_Z,238,2022,0.00,,,,0
FCSA:DF_TRADE_COUNTRY_YR(5.1.0),AE,A,AED,FCSC,ANN_CNT,NOEXP,_Z,_Z,238,2023,0.00,,,,0
FCSA:DF_TRADE_COUNTRY_YR(5.1.0),AE,A,AED,FCSC,ANN_CNT,NOEXP,_Z,_Z,238,2024,0.00,,,,0
FCSA:DF_TRADE_COUNTRY_YR(5.1.0),AE,A,AED,FCSC,ANN_CNT,IMP,_Z,_Z,666,2021,10259.63,,,,0
FCSA:DF_TRADE_COUNTRY_YR(5.1.0),AE,A,AED,FCSC,ANN_CNT,IMP,_Z,_Z,666,2022,20451.88,,,,0
FCSA:DF_TRADE_COUNTRY_YR(5.1.0),AE,A,AED,FCSC,ANN_CNT,IMP,_Z,_Z,666,2023,12800.00,,,,0
FCSA:DF_TRADE_COUNTRY_YR(5.1.0),AE,A,AED,FCSC,ANN_CNT,IMP,_Z,_Z,666,2024,7552.22,,,,0
FCSA:DF_TRADE_COUNTRY_YR(5.1.0),AE,A,AED,FCSC,ANN_CNT,TNOEXP,_Z,_Z,404,2017,6735278350.76,,,,0
FCSA:DF_TRADE_COUNTRY_YR(5.1.0),AE,A,AED,FCSC,ANN_CNT,TNOEXP,_Z,_Z,404,2018,5790216291.99,,,,0
FCSA:DF_TRADE_COUNTRY_YR(5.1.0),AE,A,AED,FCSC,ANN_CNT,TNOEXP,_Z,_Z,404,2019,8446898712.61,,,,0
FCSA:DF_TRADE_COUNTRY_YR(5.1.0),AE,A,AED,FCSC,ANN_CNT,TNOEXP,_Z,_Z,404,2020,5754762615.58,,,,0
FCSA:DF_TRADE_COUNTRY_YR(5.1.0),AE,A,AED,FCSC,ANN_CNT,TNOEXP,_Z,_Z,404,2021,6734538547.12,,,,0
FCSA:DF_TRADE_COUNTRY_YR(5.1.0),AE,A,AED,FCSC,ANN_CNT,TNOEXP,_Z,_Z,404,2022,6544992676.72,,,,0
FCSA:DF_TRADE_COUNTRY_YR(5.1.0),AE,A,AED,FCSC,ANN_CNT,TNOEXP,_Z,_Z,404,2023,8344348144.82,,,,0
FCSA:DF_TRADE_COUNTRY_YR(5.1.0),AE,A,AED,FCSC,ANN_CNT,TNOEXP,_Z,_Z,404,2024,10320024242.78,,,,0
FCSA:DF_TRADE_COUNTRY_YR(5.1.0),AE,A,AED,FCSC,ANN_CNT,NOEXP,_Z,_Z,99999,2017,248399949.18,,,,0
FCSA:DF_TRADE_COUNTRY_YR(5.1.0),AE,A,AED,FCSC,ANN_CNT,NOEXP,_Z,_Z,99999,2018,346003.97,,,,0
FCSA:DF_TRADE_COUNTRY_YR(5.1.0),AE,A,AED,FCSC,ANN_CNT,NOEXP,_Z,_Z,99999,2019,0.00,,,,0
FCSA:DF_TRADE_COUNTRY_YR(5.1.0),AE,A,AED,FCSC,ANN_CNT,NOEXP,_Z,_Z,99999,2020,350382.00,,,,0
FCSA:DF_TRADE_COUNTRY_YR(5.1.0),AE,A,AED,FCSC,ANN_CNT,NOEXP,_Z,_Z,99999,2021,2765901.98,,,,0
FCSA:DF_TRADE_COUNTRY_YR(5.1.0),AE,A,AED,FCSC,ANN_CNT,IMP,_Z,_Z,854,2017,26675520.68,,,,0
FCSA:DF_TRADE_COUNTRY_YR(5.1.0),AE,A,AED,FCSC,ANN_CNT,IMP,_Z,_Z,854,2018,18820276.33,,,,0
FCSA:DF_TRADE_COUNTRY_YR(5.1.0),AE,A,AED,FCSC,ANN_CNT,IMP,_Z,_Z,854,2019,19576115.27,,,,0
FCSA:DF_TRADE_COUNTRY_YR(5.1.0),AE,A,AED,FCSC,ANN_CNT,IMP,_Z,_Z,854,2020,27741603.03,,,,0
FCSA:DF_TRADE_COUNTRY_YR(5.1.0),AE,A,AED,FCSC,ANN_CNT,IMP,_Z,_Z,854,2021,64666307.75,,,,0
FCSA:DF_TRADE_COUNTRY_YR(5.1.0),AE,A,AED,FCSC,ANN_CNT,IMP,_Z,_Z,854,2022,1638297659.50,,,,0
FCSA:DF_TRADE_COUNTRY_YR(5.1.0),AE,A,AED,FCSC,ANN_CNT,IMP,_Z,_Z,854,2023,1731145103.42,,,,0
FCSA:DF_TRADE_COUNTRY_YR(5.1.0),AE,A,AED,FCSC,ANN_CNT,IMP,_Z,_Z,854,2024,5548623436.38,,,,0
FCSA:DF_TRADE_COUNTRY_YR(5.1.0),AE,A,AED,FCSC,ANN_CNT,TTRADE,_Z,_Z,591,2017,77518913.90,,,,0
FCSA:DF_TRADE_COUNTRY_YR(5.1.0),AE,A,AED,FCSC,ANN_CNT,TTRADE,_Z,_Z,591,2018,209570678.65,,,,0
FCSA:DF_TRADE_COUNTRY_YR(5.1.0),AE,A,AED,FCSC,ANN_CNT,TTRADE,_Z,_Z,591,2019,178193222.46,,,,0
FCSA:DF_TRADE_COUNTRY_YR(5.1.0),AE,A,AED,FCSC,ANN_CNT,TTRADE,_Z,_Z,591,2020,208324861.01,,,,0
FCSA:DF_TRADE_COUNTRY_YR(5.1.0),AE,A,AED,FCSC,ANN_CNT,TTRADE,_Z,_Z,591,2021,355687767.03,,,,0
FCSA:DF_TRADE_COUNTRY_YR(5.1.0),AE,A,AED,FCSC,ANN_CNT,TTRADE,_Z,_Z,591,2022,329466272.89,,,,0
FCSA:DF_TRADE_COUNTRY_YR(5.1.0),AE,A,AED,FCSC,ANN_CNT,TTRADE,_Z,_Z,591,2023,317335525.48,,,,0
FCSA:DF_TRADE_COUNTRY_YR(5.1.0),AE,A,AED,FCSC,ANN_CNT,TTRADE,_Z,_Z,591,2024,456296166.36,,,,0
FCSA:DF_TRADE_COUNTRY_YR(5.1.0),AE,A,AED,FCSC,ANN_CNT,TNOEXP,_Z,_Z,498,2017,6077694.51,,,,0
FCSA:DF_TRADE_COUNTRY_YR(5.1.0),AE,A,AED,FCSC,ANN_CNT,TNOEXP,_Z,_Z,498,2018,10871710.18,,,,0
FCSA:DF_TRADE_COUNTRY_YR(5.1.0),AE,A,AED,FCSC,ANN_CNT,TNOEXP,_Z,_Z,498,2019,18908284.39,,,,0
FCSA:DF_TRADE_COUNTRY_YR(5.1.0),AE,A,AED,FCSC,ANN_CNT,TNOEXP,_Z,_Z,498,2020,11317345.31,,,,0
FCSA:DF_TRADE_COUNTRY_YR(5.1.0),AE,A,AED,FCSC,ANN_CNT,TNOEXP,_Z,_Z,498,2021,11835095.78,,,,0
FCSA:DF_TRADE_COUNTRY_YR(5.1.0),AE,A,AED,FCSC,ANN_CNT,TNOEXP,_Z,_Z,498,2022,23927650.51,,,,0
FCSA:DF_TRADE_COUNTRY_YR(5.1.0),AE,A,AED,FCSC,ANN_CNT,TNOEXP,_Z,_Z,498,2023,15663479.18,,,,0
FCSA:DF_TRADE_COUNTRY_YR(5.1.0),AE,A,AED,FCSC,ANN_CNT,TNOEXP,_Z,_Z,498,2024,13643197.92,,,,0
FCSA:DF_TRADE_COUNTRY_YR(5.1.0),AE,A,AED,FCSC,ANN_CNT,IMP,_Z,_Z,662,2017,1986.45,,,,0
FCSA:DF_TRADE_COUNTRY_YR(5.1.0),AE,A,AED,FCSC,ANN_CNT,IMP,_Z,_Z,662,2018,89362.25,,,,0
FCSA:DF_TRADE_COUNTRY_YR(5.1.0),AE,A,AED,FCSC,ANN_CNT,IMP,_Z,_Z,662,2019,137146.45,,,,0
FCSA:DF_TRADE_COUNTRY_YR(5.1.0),AE,A,AED,FCSC,ANN_CNT,IMP,_Z,_Z,662,2020,140390.43,,,,0
FCSA:DF_TRADE_COUNTRY_YR(5.1.0),AE,A,AED,FCSC,ANN_CNT,IMP,_Z,_Z,662,2021,515167.10,,,,0
FCSA:DF_TRADE_COUNTRY_YR(5.1.0),AE,A,AED,FCSC,ANN_CNT,IMP,_Z,_Z,662,2022,27342.29,,,,0
FCSA:DF_TRADE_COUNTRY_YR(5.1.0),AE,A,AED,FCSC,ANN_CNT,IMP,_Z,_Z,662,2023,18000.46,,,,0
FCSA:DF_TRADE_COUNTRY_YR(5.1.0),AE,A,AED,FCSC,ANN_CNT,IMP,_Z,_Z,662,2024,10314.52,,,,0
FCSA:DF_TRADE_COUNTRY_YR(5.1.0),AE,A,AED,FCSC,ANN_CNT,TNOEXP,_Z,_Z,20,2017,360538.31,,,,0
FCSA:DF_TRADE_COUNTRY_YR(5.1.0),AE,A,AED,FCSC,ANN_CNT,TNOEXP,_Z,_Z,20,2018,86109.43,,,,0
FCSA:DF_TRADE_COUNTRY_YR(5.1.0),AE,A,AED,FCSC,ANN_CNT,TNOEXP,_Z,_Z,20,2019,17198.46,,,,0
FCSA:DF_TRADE_COUNTRY_YR(5.1.0),AE,A,AED,FCSC,ANN_CNT,TNOEXP,_Z,_Z,20,2020,208374.23,,,,0
FCSA:DF_TRADE_COUNTRY_YR(5.1.0),AE,A,AED,FCSC,ANN_CNT,TNOEXP,_Z,_Z,20,2021,150008.50,,,,0
FCSA:DF_TRADE_COUNTRY_YR(5.1.0),AE,A,AED,FCSC,ANN_CNT,TNOEXP,_Z,_Z,20,2022,263256.19,,,,0
FCSA:DF_TRADE_COUNTRY_YR(5.1.0),AE,A,AED,FCSC,ANN_CNT,TNOEXP,_Z,_Z,20,2023,19831.24,,,,0
FCSA:DF_TRADE_COUNTRY_YR(5.1.0),AE,A,AED,FCSC,ANN_CNT,TNOEXP,_Z,_Z,20,2024,20706.72,,,,0
FCSA:DF_TRADE_COUNTRY_YR(5.1.0),AE,A,AED,FCSC,ANN_CNT,NOEXP,_Z,_Z,24,2017,279881784.89,,,,0
FCSA:DF_TRADE_COUNTRY_YR(5.1.0),AE,A,AED,FCSC,ANN_CNT,NOEXP,_Z,_Z,24,2018,253734278.76,,,,0
FCSA:DF_TRADE_COUNTRY_YR(5.1.0),AE,A,AED,FCSC,ANN_CNT,NOEXP,_Z,_Z,24,2019,210319873.94,,,,0
FCSA:DF_TRADE_COUNTRY_YR(5.1.0),AE,A,AED,FCSC,ANN_CNT,NOEXP,_Z,_Z,24,2020,238480396.40,,,,0
FCSA:DF_TRADE_COUNTRY_YR(5.1.0),AE,A,AED,FCSC,ANN_CNT,NOEXP,_Z,_Z,24,2021,305543576.12,,,,0
FCSA:DF_TRADE_COUNTRY_YR(5.1.0),AE,A,AED,FCSC,ANN_CNT,NOEXP,_Z,_Z,24,2022,442251455.87,,,,0
FCSA:DF_TRADE_COUNTRY_YR(5.1.0),AE,A,AED,FCSC,ANN_CNT,NOEXP,_Z,_Z,24,2023,640750554.66,,,,0
FCSA:DF_TRADE_COUNTRY_YR(5.1.0),AE,A,AED,FCSC,ANN_CNT,NOEXP,_Z,_Z,24,2024,498219647.32,,,,0
FCSA:DF_TRADE_COUNTRY_YR(5.1.0),AE,A,AED,FCSC,ANN_CNT,TNOEXP,_Z,_Z,604,2017,113562334.64,,,,0
FCSA:DF_TRADE_COUNTRY_YR(5.1.0),AE,A,AED,FCSC,ANN_CNT,TNOEXP,_Z,_Z,604,2018,116842862.42,,,,0
FCSA:DF_TRADE_COUNTRY_YR(5.1.0),AE,A,AED,FCSC,ANN_CNT,TNOEXP,_Z,_Z,604,2019,122474362.58,,,,0
FCSA:DF_TRADE_COUNTRY_YR(5.1.0),AE,A,AED,FCSC,ANN_CNT,TNOEXP,_Z,_Z,604,2020,180592724.16,,,,0
FCSA:DF_TRADE_COUNTRY_YR(5.1.0),AE,A,AED,FCSC,ANN_CNT,TNOEXP,_Z,_Z,604,2021,230206547.08,,,,0
FCSA:DF_TRADE_COUNTRY_YR(5.1.0),AE,A,AED,FCSC,ANN_CNT,TNOEXP,_Z,_Z,604,2022,177058487.77,,,,0
FCSA:DF_TRADE_COUNTRY_YR(5.1.0),AE,A,AED,FCSC,ANN_CNT,TNOEXP,_Z,_Z,604,2023,200549594.15,,,,0
FCSA:DF_TRADE_COUNTRY_YR(5.1.0),AE,A,AED,FCSC,ANN_CNT,TNOEXP,_Z,_Z,604,2024,130410319.29,,,,0
FCSA:DF_TRADE_COUNTRY_YR(5.1.0),AE,A,AED,FCSC,ANN_CNT,TTRADE,_Z,_Z,175,2017,59133987.20,,,,0
FCSA:DF_TRADE_COUNTRY_YR(5.1.0),AE,A,AED,FCSC,ANN_CNT,TTRADE,_Z,_Z,175,2018,62384783.56,,,,0
FCSA:DF_TRADE_COUNTRY_YR(5.1.0),AE,A,AED,FCSC,ANN_CNT,TTRADE,_Z,_Z,175,2019,64277186.19,,,,0
FCSA:DF_TRADE_COUNTRY_YR(5.1.0),AE,A,AED,FCSC,ANN_CNT,TTRADE,_Z,_Z,175,2020,71928735.44,,,,0
FCSA:DF_TRADE_COUNTRY_YR(5.1.0),AE,A,AED,FCSC,ANN_CNT,TTRADE,_Z,_Z,175,2021,122672590.43,,,,0
FCSA:DF_TRADE_COUNTRY_YR(5.1.0),AE,A,AED,FCSC,ANN_CNT,TTRADE,_Z,_Z,175,2022,197227190.26,,,,0
FCSA:DF_TRADE_COUNTRY_YR(5.1.0),AE,A,AED,FCSC,ANN_CNT,TTRADE,_Z,_Z,175,2023,204323395.44,,,,0
FCSA:DF_TRADE_COUNTRY_YR(5.1.0),AE,A,AED,FCSC,ANN_CNT,TTRADE,_Z,_Z,175,2024,230537556.90,,,,0
FCSA:DF_TRADE_COUNTRY_YR(5.1.0),AE,A,AED,FCSC,ANN_CNT,NOEXP,_Z,_Z,663,2017,99936.27,,,,0
FCSA:DF_TRADE_COUNTRY_YR(5.1.0),AE,A,AED,FCSC,ANN_CNT,NOEXP,_Z,_Z,663,2018,351679.52,,,,0
FCSA:DF_TRADE_COUNTRY_YR(5.1.0),AE,A,AED,FCSC,ANN_CNT,NOEXP,_Z,_Z,663,2019,242790.29,,,,0
FCSA:DF_TRADE_COUNTRY_YR(5.1.0),AE,A,AED,FCSC,ANN_CNT,NOEXP,_Z,_Z,663,2020,3000.00,,,,0
FCSA:DF_TRADE_COUNTRY_YR(5.1.0),AE,A,AED,FCSC,ANN_CNT,NOEXP,_Z,_Z,663,2021,304553.58,,,,0
FCSA:DF_TRADE_COUNTRY_YR(5.1.0),AE,A,AED,FCSC,ANN_CNT,NOEXP,_Z,_Z,663,2022,6031213.14,,,,0
FCSA:DF_TRADE_COUNTRY_YR(5.1.0),AE,A,AED,FCSC,ANN_CNT,NOEXP,_Z,_Z,663,2023,1179298.58,,,,0
FCSA:DF_TRADE_COUNTRY_YR(5.1.0),AE,A,AED,FCSC,ANN_CNT,NOEXP,_Z,_Z,663,2024,653572.16,,,,0
FCSA:DF_TRADE_COUNTRY_YR(5.1.0),AE,A,AED,FCSC,ANN_CNT,TNOEXP,_Z,_Z,376,2020,430167192.01,,,,0
FCSA:DF_TRADE_COUNTRY_YR(5.1.0),AE,A,AED,FCSC,ANN_CNT,TNOEXP,_Z,_Z,376,2021,3733396103.56,,,,0
FCSA:DF_TRADE_COUNTRY_YR(5.1.0),AE,A,AED,FCSC,ANN_CNT,TNOEXP,_Z,_Z,376,2022,6339811198.99,,,,0
FCSA:DF_TRADE_COUNTRY_YR(5.1.0),AE,A,AED,FCSC,ANN_CNT,TNOEXP,_Z,_Z,376,2023,6063884246.53,,,,0
FCSA:DF_TRADE_COUNTRY_YR(5.1.0),AE,A,AED,FCSC,ANN_CNT,TNOEXP,_Z,_Z,376,2024,5956560384.33,,,,0
FCSA:DF_TRADE_COUNTRY_YR(5.1.0),AE,A,AED,FCSC,ANN_CNT,REEXP,_Z,_Z,682,2017,38881154589.35,,,,0
FCSA:DF_TRADE_COUNTRY_YR(5.1.0),AE,A,AED,FCSC,ANN_CNT,REEXP,_Z,_Z,682,2018,48084039372.22,,,,0
FCSA:DF_TRADE_COUNTRY_YR(5.1.0),AE,A,AED,FCSC,ANN_CNT,REEXP,_Z,_Z,682,2019,57190442078.24,,,,0
FCSA:DF_TRADE_COUNTRY_YR(5.1.0),AE,A,AED,FCSC,ANN_CNT,REEXP,_Z,_Z,682,2020,54568337984.54,,,,0
FCSA:DF_TRADE_COUNTRY_YR(5.1.0),AE,A,AED,FCSC,ANN_CNT,REEXP,_Z,_Z,682,2021,59728203673.86,,,,0
FCSA:DF_TRADE_COUNTRY_YR(5.1.0),AE,A,AED,FCSC,ANN_CNT,REEXP,_Z,_Z,682,2022,67184257846.93,,,,0
FCSA:DF_TRADE_COUNTRY_YR(5.1.0),AE,A,AED,FCSC,ANN_CNT,REEXP,_Z,_Z,682,2023,68791982534.24,,,,0
FCSA:DF_TRADE_COUNTRY_YR(5.1.0),AE,A,AED,FCSC,ANN_CNT,REEXP,_Z,_Z,682,2024,78907083863.60,,,,0
FCSA:DF_TRADE_COUNTRY_YR(5.1.0),AE,A,AED,FCSC,ANN_CNT,IMP,_Z,_Z,554,2017,2480444992.87,,,,0
FCSA:DF_TRADE_COUNTRY_YR(5.1.0),AE,A,AED,FCSC,ANN_CNT,IMP,_Z,_Z,554,2018,2355546478.62,,,,0
FCSA:DF_TRADE_COUNTRY_YR(5.1.0),AE,A,AED,FCSC,ANN_CNT,IMP,_Z,_Z,554,2019,2022949314.52,,,,0
FCSA:DF_TRADE_COUNTRY_YR(5.1.0),AE,A,AED,FCSC,ANN_CNT,IMP,_Z,_Z,554,2020,2034267011.64,,,,0
FCSA:DF_TRADE_COUNTRY_YR(5.1.0),AE,A,AED,FCSC,ANN_CNT,IMP,_Z,_Z,554,2021,2096265086.68,,,,0
FCSA:DF_TRADE_COUNTRY_YR(5.1.0),AE,A,AED,FCSC,ANN_CNT,IMP,_Z,_Z,554,2022,2372945463.50,,,,0
FCSA:DF_TRADE_COUNTRY_YR(5.1.0),AE,A,AED,FCSC,ANN_CNT,IMP,_Z,_Z,554,2023,2407195199.71,,,,0
FCSA:DF_TRADE_COUNTRY_YR(5.1.0),AE,A,AED,FCSC,ANN_CNT,IMP,_Z,_Z,554,2024,2520797196.91,,,,0
FCSA:DF_TRADE_COUNTRY_YR(5.1.0),AE,A,AED,FCSC,ANN_CNT,REEXP,_Z,_Z,188,2017,4471645.87,,,,0
FCSA:DF_TRADE_COUNTRY_YR(5.1.0),AE,A,AED,FCSC,ANN_CNT,REEXP,_Z,_Z,188,2018,8293062.26,,,,0
FCSA:DF_TRADE_COUNTRY_YR(5.1.0),AE,A,AED,FCSC,ANN_CNT,REEXP,_Z,_Z,188,2019,23439115.17,,,,0
FCSA:DF_TRADE_COUNTRY_YR(5.1.0),AE,A,AED,FCSC,ANN_CNT,REEXP,_Z,_Z,188,2020,9534205.88,,,,0
FCSA:DF_TRADE_COUNTRY_YR(5.1.0),AE,A,AED,FCSC,ANN_CNT,REEXP,_Z,_Z,188,2021,16687017.41,,,,0
FCSA:DF_TRADE_COUNTRY_YR(5.1.0),AE,A,AED,FCSC,ANN_CNT,REEXP,_Z,_Z,188,2022,29777140.27,,,,0
FCSA:DF_TRADE_COUNTRY_YR(5.1.0),AE,A,AED,FCSC,ANN_CNT,REEXP,_Z,_Z,188,2023,43590040.84,,,,0
FCSA:DF_TRADE_COUNTRY_YR(5.1.0),AE,A,AED,FCSC,ANN_CNT,REEXP,_Z,_Z,188,2024,17607413.89,,,,0
FCSA:DF_TRADE_COUNTRY_YR(5.1.0),AE,A,AED,FCSC,ANN_CNT,REEXP,_Z,_Z,690,2017,218663654.66,,,,0
FCSA:DF_TRADE_COUNTRY_YR(5.1.0),AE,A,AED,FCSC,ANN_CNT,REEXP,_Z,_Z,690,2018,371072583.18,,,,0
FCSA:DF_TRADE_COUNTRY_YR(5.1.0),AE,A,AED,FCSC,ANN_CNT,REEXP,_Z,_Z,690,2019,352168716.22,,,,0
FCSA:DF_TRADE_COUNTRY_YR(5.1.0),AE,A,AED,FCSC,ANN_CNT,REEXP,_Z,_Z,690,2020,219120571.40,,,,0
FCSA:DF_TRADE_COUNTRY_YR(5.1.0),AE,A,AED,FCSC,ANN_CNT,REEXP,_Z,_Z,690,2021,295898584.74,,,,0
FCSA:DF_TRADE_COUNTRY_YR(5.1.0),AE,A,AED,FCSC,ANN_CNT,REEXP,_Z,_Z,690,2022,460224077.47,,,,0
FCSA:DF_TRADE_COUNTRY_YR(5.1.0),AE,A,AED,FCSC,ANN_CNT,REEXP,_Z,_Z,690,2023,465633473.85,,,,0
FCSA:DF_TRADE_COUNTRY_YR(5.1.0),AE,A,AED,FCSC,ANN_CNT,REEXP,_Z,_Z,690,2024,425844273.47,,,,0
FCSA:DF_TRADE_COUNTRY_YR(5.1.0),AE,A,AED,FCSC,ANN_CNT,TNOEXP,_Z,_Z,480,2017,289497097.82,,,,0
FCSA:DF_TRADE_COUNTRY_YR(5.1.0),AE,A,AED,FCSC,ANN_CNT,TNOEXP,_Z,_Z,480,2018,329951780.37,,,,0
FCSA:DF_TRADE_COUNTRY_YR(5.1.0),AE,A,AED,FCSC,ANN_CNT,TNOEXP,_Z,_Z,480,2019,385059941.25,,,,0
FCSA:DF_TRADE_COUNTRY_YR(5.1.0),AE,A,AED,FCSC,ANN_CNT,TNOEXP,_Z,_Z,480,2020,295391217.02,,,,0
FCSA:DF_TRADE_COUNTRY_YR(5.1.0),AE,A,AED,FCSC,ANN_CNT,TNOEXP,_Z,_Z,480,2021,385272067.76,,,,0
FCSA:DF_TRADE_COUNTRY_YR(5.1.0),AE,A,AED,FCSC,ANN_CNT,TNOEXP,_Z,_Z,480,2022,494027038.66,,,,0
FCSA:DF_TRADE_COUNTRY_YR(5.1.0),AE,A,AED,FCSC,ANN_CNT,TNOEXP,_Z,_Z,480,2023,589991283.88,,,,0
FCSA:DF_TRADE_COUNTRY_YR(5.1.0),AE,A,AED,FCSC,ANN_CNT,TNOEXP,_Z,_Z,480,2024,701456530.10,,,,0
FCSA:DF_TRADE_COUNTRY_YR(5.1.0),AE,A,AED,FCSC,ANN_CNT,TTRADE,_Z,_Z,222,2017,53513512.15,,,,0
FCSA:DF_TRADE_COUNTRY_YR(5.1.0),AE,A,AED,FCSC,ANN_CNT,TTRADE,_Z,_Z,222,2018,77104575.57,,,,0
FCSA:DF_TRADE_COUNTRY_YR(5.1.0),AE,A,AED,FCSC,ANN_CNT,TTRADE,_Z,_Z,222,2019,49204857.83,,,,0
FCSA:DF_TRADE_COUNTRY_YR(5.1.0),AE,A,AED,FCSC,ANN_CNT,TTRADE,_Z,_Z,222,2020,41941428.46,,,,0
FCSA:DF_TRADE_COUNTRY_YR(5.1.0),AE,A,AED,FCSC,ANN_CNT,TTRADE,_Z,_Z,222,2021,66030451.07,,,,0
FCSA:DF_TRADE_COUNTRY_YR(5.1.0),AE,A,AED,FCSC,ANN_CNT,TTRADE,_Z,_Z,222,2022,77128937.26,,,,0
FCSA:DF_TRADE_COUNTRY_YR(5.1.0),AE,A,AED,FCSC,ANN_CNT,TTRADE,_Z,_Z,222,2023,72915715.41,,,,0
FCSA:DF_TRADE_COUNTRY_YR(5.1.0),AE,A,AED,FCSC,ANN_CNT,TTRADE,_Z,_Z,222,2024,95316012.69,,,,0
FCSA:DF_TRADE_COUNTRY_YR(5.1.0),AE,A,AED,FCSC,ANN_CNT,TTRADE,_Z,_Z,246,2017,1452567800.41,,,,0
FCSA:DF_TRADE_COUNTRY_YR(5.1.0),AE,A,AED,FCSC,ANN_CNT,TTRADE,_Z,_Z,246,2018,1263873612.49,,,,0
FCSA:DF_TRADE_COUNTRY_YR(5.1.0),AE,A,AED,FCSC,ANN_CNT,TTRADE,_Z,_Z,246,2019,1091012723.57,,,,0
FCSA:DF_TRADE_COUNTRY_YR(5.1.0),AE,A,AED,FCSC,ANN_CNT,TTRADE,_Z,_Z,246,2020,1105407499.92,,,,0
FCSA:DF_TRADE_COUNTRY_YR(5.1.0),AE,A,AED,FCSC,ANN_CNT,TTRADE,_Z,_Z,246,2021,1019526441.59,,,,0
FCSA:DF_TRADE_COUNTRY_YR(5.1.0),AE,A,AED,FCSC,ANN_CNT,TTRADE,_Z,_Z,246,2022,1243732611.86,,,,0
FCSA:DF_TRADE_COUNTRY_YR(5.1.0),AE,A,AED,FCSC,ANN_CNT,TTRADE,_Z,_Z,246,2023,1330330096.87,,,,0
FCSA:DF_TRADE_COUNTRY_YR(5.1.0),AE,A,AED,FCSC,ANN_CNT,TTRADE,_Z,_Z,246,2024,1379463801.34,,,,0
FCSA:DF_TRADE_COUNTRY_YR(5.1.0),AE,A,AED,FCSC,ANN_CNT,TNOEXP,_Z,_Z,705,2017,96414430.74,,,,0
FCSA:DF_TRADE_COUNTRY_YR(5.1.0),AE,A,AED,FCSC,ANN_CNT,TNOEXP,_Z,_Z,705,2018,128235683.00,,,,0
FCSA:DF_TRADE_COUNTRY_YR(5.1.0),AE,A,AED,FCSC,ANN_CNT,TNOEXP,_Z,_Z,705,2019,140295320.37,,,,0
FCSA:DF_TRADE_COUNTRY_YR(5.1.0),AE,A,AED,FCSC,ANN_CNT,TNOEXP,_Z,_Z,705,2020,118517029.13,,,,0
FCSA:DF_TRADE_COUNTRY_YR(5.1.0),AE,A,AED,FCSC,ANN_CNT,TNOEXP,_Z,_Z,705,2021,147824263.75,,,,0
FCSA:DF_TRADE_COUNTRY_YR(5.1.0),AE,A,AED,FCSC,ANN_CNT,TNOEXP,_Z,_Z,705,2022,265372629.16,,,,0
FCSA:DF_TRADE_COUNTRY_YR(5.1.0),AE,A,AED,FCSC,ANN_CNT,TNOEXP,_Z,_Z,705,2023,516276424.27,,,,0
FCSA:DF_TRADE_COUNTRY_YR(5.1.0),AE,A,AED,FCSC,ANN_CNT,TNOEXP,_Z,_Z,705,2024,64544718.84,,,,0
FCSA:DF_TRADE_COUNTRY_YR(5.1.0),AE,A,AED,FCSC,ANN_CNT,NOEXP,_Z,_Z,740,2017,9066610.18,,,,0
FCSA:DF_TRADE_COUNTRY_YR(5.1.0),AE,A,AED,FCSC,ANN_CNT,NOEXP,_Z,_Z,740,2018,47011640.92,,,,0
FCSA:DF_TRADE_COUNTRY_YR(5.1.0),AE,A,AED,FCSC,ANN_CNT,NOEXP,_Z,_Z,740,2019,45179421.01,,,,0
FCSA:DF_TRADE_COUNTRY_YR(5.1.0),AE,A,AED,FCSC,ANN_CNT,NOEXP,_Z,_Z,740,2020,13671494.32,,,,0
FCSA:DF_TRADE_COUNTRY_YR(5.1.0),AE,A,AED,FCSC,ANN_CNT,NOEXP,_Z,_Z,740,2021,88845504.37,,,,0
FCSA:DF_TRADE_COUNTRY_YR(5.1.0),AE,A,AED,FCSC,ANN_CNT,NOEXP,_Z,_Z,740,2022,107302972.69,,,,0
FCSA:DF_TRADE_COUNTRY_YR(5.1.0),AE,A,AED,FCSC,ANN_CNT,NOEXP,_Z,_Z,740,2023,172467821.83,,,,0
FCSA:DF_TRADE_COUNTRY_YR(5.1.0),AE,A,AED,FCSC,ANN_CNT,NOEXP,_Z,_Z,740,2024,145851295.99,,,,0
FCSA:DF_TRADE_COUNTRY_YR(5.1.0),AE,A,AED,FCSC,ANN_CNT,NOEXP,_Z,_Z,68,2017,2228053.84,,,,0
FCSA:DF_TRADE_COUNTRY_YR(5.1.0),AE,A,AED,FCSC,ANN_CNT,NOEXP,_Z,_Z,68,2018,3929651.23,,,,0
FCSA:DF_TRADE_COUNTRY_YR(5.1.0),AE,A,AED,FCSC,ANN_CNT,NOEXP,_Z,_Z,68,2019,2379806.43,,,,0
FCSA:DF_TRADE_COUNTRY_YR(5.1.0),AE,A,AED,FCSC,ANN_CNT,NOEXP,_Z,_Z,68,2020,4209520.34,,,,0
FCSA:DF_TRADE_COUNTRY_YR(5.1.0),AE,A,AED,FCSC,ANN_CNT,NOEXP,_Z,_Z,68,2021,20425086.52,,,,0
FCSA:DF_TRADE_COUNTRY_YR(5.1.0),AE,A,AED,FCSC,ANN_CNT,NOEXP,_Z,_Z,68,2022,24182788.13,,,,0
FCSA:DF_TRADE_COUNTRY_YR(5.1.0),AE,A,AED,FCSC,ANN_CNT,NOEXP,_Z,_Z,68,2023,15157268.85,,,,0
FCSA:DF_TRADE_COUNTRY_YR(5.1.0),AE,A,AED,FCSC,ANN_CNT,NOEXP,_Z,_Z,68,2024,17177009.47,,,,0
FCSA:DF_TRADE_COUNTRY_YR(5.1.0),AE,A,AED,FCSC,ANN_CNT,TTRADE,_Z,_Z,688,2017,305625451.48,,,,0
FCSA:DF_TRADE_COUNTRY_YR(5.1.0),AE,A,AED,FCSC,ANN_CNT,TTRADE,_Z,_Z,688,2018,229833378.95,,,,0
FCSA:DF_TRADE_COUNTRY_YR(5.1.0),AE,A,AED,FCSC,ANN_CNT,TTRADE,_Z,_Z,688,2019,252891208.27,,,,0
FCSA:DF_TRADE_COUNTRY_YR(5.1.0),AE,A,AED,FCSC,ANN_CNT,TTRADE,_Z,_Z,688,2020,238276536.71,,,,0
FCSA:DF_TRADE_COUNTRY_YR(5.1.0),AE,A,AED,FCSC,ANN_CNT,TTRADE,_Z,_Z,688,2021,295455357.45,,,,0
FCSA:DF_TRADE_COUNTRY_YR(5.1.0),AE,A,AED,FCSC,ANN_CNT,TTRADE,_Z,_Z,688,2022,507824741.36,,,,0
FCSA:DF_TRADE_COUNTRY_YR(5.1.0),AE,A,AED,FCSC,ANN_CNT,TTRADE,_Z,_Z,688,2023,445966682.54,,,,0
FCSA:DF_TRADE_COUNTRY_YR(5.1.0),AE,A,AED,FCSC,ANN_CNT,TTRADE,_Z,_Z,688,2024,361472996.31,,,,0
FCSA:DF_TRADE_COUNTRY_YR(5.1.0),AE,A,AED,FCSC,ANN_CNT,TTRADE,_Z,_Z,136,2017,526585.33,,,,0
FCSA:DF_TRADE_COUNTRY_YR(5.1.0),AE,A,AED,FCSC,ANN_CNT,TTRADE,_Z,_Z,136,2018,932176.57,,,,0
FCSA:DF_TRADE_COUNTRY_YR(5.1.0),AE,A,AED,FCSC,ANN_CNT,TTRADE,_Z,_Z,136,2019,1193294.25,,,,0
FCSA:DF_TRADE_COUNTRY_YR(5.1.0),AE,A,AED,FCSC,ANN_CNT,TTRADE,_Z,_Z,136,2020,3402555.94,,,,0
FCSA:DF_TRADE_COUNTRY_YR(5.1.0),AE,A,AED,FCSC,ANN_CNT,TTRADE,_Z,_Z,136,2021,895129.97,,,,0
FCSA:DF_TRADE_COUNTRY_YR(5.1.0),AE,A,AED,FCSC,ANN_CNT,TTRADE,_Z,_Z,136,2022,1649407.12,,,,0
FCSA:DF_TRADE_COUNTRY_YR(5.1.0),AE,A,AED,FCSC,ANN_CNT,TTRADE,_Z,_Z,136,2023,2091948.54,,,,0
FCSA:DF_TRADE_COUNTRY_YR(5.1.0),AE,A,AED,FCSC,ANN_CNT,TTRADE,_Z,_Z,136,2024,21898604.46,,,,0
FCSA:DF_TRADE_COUNTRY_YR(5.1.0),AE,A,AED,FCSC,ANN_CNT,TTRADE,_Z,_Z,850,2017,50050670.55,,,,0
FCSA:DF_TRADE_COUNTRY_YR(5.1.0),AE,A,AED,FCSC,ANN_CNT,TTRADE,_Z,_Z,850,2018,6964762.89,,,,0
FCSA:DF_TRADE_COUNTRY_YR(5.1.0),AE,A,AED,FCSC,ANN_CNT,TTRADE,_Z,_Z,850,2019,15772476.45,,,,0
FCSA:DF_TRADE_COUNTRY_YR(5.1.0),AE,A,AED,FCSC,ANN_CNT,TTRADE,_Z,_Z,850,2020,1744286.26,,,,0
FCSA:DF_TRADE_COUNTRY_YR(5.1.0),AE,A,AED,FCSC,ANN_CNT,TTRADE,_Z,_Z,850,2021,1086234.08,,,,0
FCSA:DF_TRADE_COUNTRY_YR(5.1.0),AE,A,AED,FCSC,ANN_CNT,TTRADE,_Z,_Z,850,2022,1451886.48,,,,0
FCSA:DF_TRADE_COUNTRY_YR(5.1.0),AE,A,AED,FCSC,ANN_CNT,TTRADE,_Z,_Z,850,2023,1664815.29,,,,0
FCSA:DF_TRADE_COUNTRY_YR(5.1.0),AE,A,AED,FCSC,ANN_CNT,TTRADE,_Z,_Z,850,2024,570000.98,,,,0
FCSA:DF_TRADE_COUNTRY_YR(5.1.0),AE,A,AED,FCSC,ANN_CNT,NOEXP,_Z,_Z,156,2017,5614517523.07,,,,0
FCSA:DF_TRADE_COUNTRY_YR(5.1.0),AE,A,AED,FCSC,ANN_CNT,NOEXP,_Z,_Z,156,2018,5084713992.93,,,,0
FCSA:DF_TRADE_COUNTRY_YR(5.1.0),AE,A,AED,FCSC,ANN_CNT,NOEXP,_Z,_Z,156,2019,8273407331.65,,,,0
FCSA:DF_TRADE_COUNTRY_YR(5.1.0),AE,A,AED,FCSC,ANN_CNT,NOEXP,_Z,_Z,156,2020,9793413369.16,,,,0
FCSA:DF_TRADE_COUNTRY_YR(5.1.0),AE,A,AED,FCSC,ANN_CNT,NOEXP,_Z,_Z,156,2021,12264973855.90,,,,0
FCSA:DF_TRADE_COUNTRY_YR(5.1.0),AE,A,AED,FCSC,ANN_CNT,NOEXP,_Z,_Z,156,2022,11181147689.80,,,,0
FCSA:DF_TRADE_COUNTRY_YR(5.1.0),AE,A,AED,FCSC,ANN_CNT,NOEXP,_Z,_Z,156,2023,10895854968.22,,,,0
FCSA:DF_TRADE_COUNTRY_YR(5.1.0),AE,A,AED,FCSC,ANN_CNT,NOEXP,_Z,_Z,156,2024,8938898560.57,,,,0
FCSA:DF_TRADE_COUNTRY_YR(5.1.0),AE,A,AED,FCSC,ANN_CNT,TTRADE,_Z,_Z,826,2017,37958687377.81,,,,0
FCSA:DF_TRADE_COUNTRY_YR(5.1.0),AE,A,AED,FCSC,ANN_CNT,TTRADE,_Z,_Z,826,2018,41441852945.03,,,,0
FCSA:DF_TRADE_COUNTRY_YR(5.1.0),AE,A,AED,FCSC,ANN_CNT,TTRADE,_Z,_Z,826,2019,36552542283.01,,,,0
FCSA:DF_TRADE_COUNTRY_YR(5.1.0),AE,A,AED,FCSC,ANN_CNT,TTRADE,_Z,_Z,826,2020,29442712764.47,,,,0
FCSA:DF_TRADE_COUNTRY_YR(5.1.0),AE,A,AED,FCSC,ANN_CNT,TTRADE,_Z,_Z,826,2021,29294409714.05,,,,0
FCSA:DF_TRADE_COUNTRY_YR(5.1.0),AE,A,AED,FCSC,ANN_CNT,TTRADE,_Z,_Z,826,2022,36885854860.53,,,,0
FCSA:DF_TRADE_COUNTRY_YR(5.1.0),AE,A,AED,FCSC,ANN_CNT,TTRADE,_Z,_Z,826,2023,42957636747.00,,,,0
FCSA:DF_TRADE_COUNTRY_YR(5.1.0),AE,A,AED,FCSC,ANN_CNT,TTRADE,_Z,_Z,826,2024,52727258027.82,,,,0
FCSA:DF_TRADE_COUNTRY_YR(5.1.0),AE,A,AED,FCSC,ANN_CNT,TNOEXP,_Z,_Z,834,2017,4269655486.01,,,,0
FCSA:DF_TRADE_COUNTRY_YR(5.1.0),AE,A,AED,FCSC,ANN_CNT,TNOEXP,_Z,_Z,834,2018,4190880398.34,,,,0
FCSA:DF_TRADE_COUNTRY_YR(5.1.0),AE,A,AED,FCSC,ANN_CNT,TNOEXP,_Z,_Z,834,2019,5075129692.82,,,,0
FCSA:DF_TRADE_COUNTRY_YR(5.1.0),AE,A,AED,FCSC,ANN_CNT,TNOEXP,_Z,_Z,834,2020,2894057613.39,,,,0
FCSA:DF_TRADE_COUNTRY_YR(5.1.0),AE,A,AED,FCSC,ANN_CNT,TNOEXP,_Z,_Z,834,2021,3438829679.35,,,,0
FCSA:DF_TRADE_COUNTRY_YR(5.1.0),AE,A,AED,FCSC,ANN_CNT,TNOEXP,_Z,_Z,834,2022,4910857724.84,,,,0
FCSA:DF_TRADE_COUNTRY_YR(5.1.0),AE,A,AED,FCSC,ANN_CNT,TNOEXP,_Z,_Z,834,2023,4513711458.39,,,,0
FCSA:DF_TRADE_COUNTRY_YR(5.1.0),AE,A,AED,FCSC,ANN_CNT,TNOEXP,_Z,_Z,834,2024,5179724283.23,,,,0
FCSA:DF_TRADE_COUNTRY_YR(5.1.0),AE,A,AED,FCSC,ANN_CNT,TTRADE,_Z,_Z,231,2017,2869669123.00,,,,0
FCSA:DF_TRADE_COUNTRY_YR(5.1.0),AE,A,AED,FCSC,ANN_CNT,TTRADE,_Z,_Z,231,2018,3072086771.09,,,,0
FCSA:DF_TRADE_COUNTRY_YR(5.1.0),AE,A,AED,FCSC,ANN_CNT,TTRADE,_Z,_Z,231,2019,2881340740.10,,,,0
FCSA:DF_TRADE_COUNTRY_YR(5.1.0),AE,A,AED,FCSC,ANN_CNT,TTRADE,_Z,_Z,231,2020,2598064061.74,,,,0
FCSA:DF_TRADE_COUNTRY_YR(5.1.0),AE,A,AED,FCSC,ANN_CNT,TTRADE,_Z,_Z,231,2021,6107209736.13,,,,0
FCSA:DF_TRADE_COUNTRY_YR(5.1.0),AE,A,AED,FCSC,ANN_CNT,TTRADE,_Z,_Z,231,2022,5112705100.44,,,,0
FCSA:DF_TRADE_COUNTRY_YR(5.1.0),AE,A,AED,FCSC,ANN_CNT,TTRADE,_Z,_Z,231,2023,3695317698.75,,,,0
FCSA:DF_TRADE_COUNTRY_YR(5.1.0),AE,A,AED,FCSC,ANN_CNT,TTRADE,_Z,_Z,231,2024,7034654992.80,,,,0
FCSA:DF_TRADE_COUNTRY_YR(5.1.0),AE,A,AED,FCSC,ANN_CNT,NOEXP,_Z,_Z,788,2017,401685896.46,,,,0
FCSA:DF_TRADE_COUNTRY_YR(5.1.0),AE,A,AED,FCSC,ANN_CNT,NOEXP,_Z,_Z,788,2018,371859482.11,,,,0
FCSA:DF_TRADE_COUNTRY_YR(5.1.0),AE,A,AED,FCSC,ANN_CNT,NOEXP,_Z,_Z,788,2019,477774828.04,,,,0
FCSA:DF_TRADE_COUNTRY_YR(5.1.0),AE,A,AED,FCSC,ANN_CNT,NOEXP,_Z,_Z,788,2020,335175278.87,,,,0
FCSA:DF_TRADE_COUNTRY_YR(5.1.0),AE,A,AED,FCSC,ANN_CNT,NOEXP,_Z,_Z,788,2021,405629555.82,,,,0
FCSA:DF_TRADE_COUNTRY_YR(5.1.0),AE,A,AED,FCSC,ANN_CNT,NOEXP,_Z,_Z,788,2022,468747570.05,,,,0
FCSA:DF_TRADE_COUNTRY_YR(5.1.0),AE,A,AED,FCSC,ANN_CNT,NOEXP,_Z,_Z,788,2023,373123823.44,,,,0
FCSA:DF_TRADE_COUNTRY_YR(5.1.0),AE,A,AED,FCSC,ANN_CNT,NOEXP,_Z,_Z,788,2024,324073713.34,,,,0
FCSA:DF_TRADE_COUNTRY_YR(5.1.0),AE,A,AED,FCSC,ANN_CNT,TTRADE,_Z,_Z,450,2017,936946889.90,,,,0
FCSA:DF_TRADE_COUNTRY_YR(5.1.0),AE,A,AED,FCSC,ANN_CNT,TTRADE,_Z,_Z,450,2018,1006376748.54,,,,0
FCSA:DF_TRADE_COUNTRY_YR(5.1.0),AE,A,AED,FCSC,ANN_CNT,TTRADE,_Z,_Z,450,2019,1004437290.87,,,,0
FCSA:DF_TRADE_COUNTRY_YR(5.1.0),AE,A,AED,FCSC,ANN_CNT,TTRADE,_Z,_Z,450,2020,918373033.99,,,,0
FCSA:DF_TRADE_COUNTRY_YR(5.1.0),AE,A,AED,FCSC,ANN_CNT,TTRADE,_Z,_Z,450,2021,922048285.27,,,,0
FCSA:DF_TRADE_COUNTRY_YR(5.1.0),AE,A,AED,FCSC,ANN_CNT,TTRADE,_Z,_Z,450,2022,739628969.12,,,,0
FCSA:DF_TRADE_COUNTRY_YR(5.1.0),AE,A,AED,FCSC,ANN_CNT,TTRADE,_Z,_Z,450,2023,811970598.05,,,,0
FCSA:DF_TRADE_COUNTRY_YR(5.1.0),AE,A,AED,FCSC,ANN_CNT,TTRADE,_Z,_Z,450,2024,1426134234.23,,,,0
FCSA:DF_TRADE_COUNTRY_YR(5.1.0),AE,A,AED,FCSC,ANN_CNT,REEXP,_Z,_Z,120,2017,226020819.83,,,,0
FCSA:DF_TRADE_COUNTRY_YR(5.1.0),AE,A,AED,FCSC,ANN_CNT,REEXP,_Z,_Z,120,2018,360192118.59,,,,0
FCSA:DF_TRADE_COUNTRY_YR(5.1.0),AE,A,AED,FCSC,ANN_CNT,REEXP,_Z,_Z,120,2019,366138927.82,,,,0
FCSA:DF_TRADE_COUNTRY_YR(5.1.0),AE,A,AED,FCSC,ANN_CNT,REEXP,_Z,_Z,120,2020,471939934.51,,,,0
FCSA:DF_TRADE_COUNTRY_YR(5.1.0),AE,A,AED,FCSC,ANN_CNT,REEXP,_Z,_Z,120,2021,599181456.73,,,,0
FCSA:DF_TRADE_COUNTRY_YR(5.1.0),AE,A,AED,FCSC,ANN_CNT,REEXP,_Z,_Z,120,2022,676854539.74,,,,0
FCSA:DF_TRADE_COUNTRY_YR(5.1.0),AE,A,AED,FCSC,ANN_CNT,REEXP,_Z,_Z,120,2023,697841354.38,,,,0
FCSA:DF_TRADE_COUNTRY_YR(5.1.0),AE,A,AED,FCSC,ANN_CNT,REEXP,_Z,_Z,120,2024,630914098.10,,,,0
FCSA:DF_TRADE_COUNTRY_YR(5.1.0),AE,A,AED,FCSC,ANN_CNT,TNOEXP,_Z,_Z,703,2017,10104748.29,,,,0
FCSA:DF_TRADE_COUNTRY_YR(5.1.0),AE,A,AED,FCSC,ANN_CNT,TNOEXP,_Z,_Z,703,2018,8947835.78,,,,0
FCSA:DF_TRADE_COUNTRY_YR(5.1.0),AE,A,AED,FCSC,ANN_CNT,TNOEXP,_Z,_Z,703,2019,58235359.10,,,,0
FCSA:DF_TRADE_COUNTRY_YR(5.1.0),AE,A,AED,FCSC,ANN_CNT,TNOEXP,_Z,_Z,703,2020,51967380.75,,,,0
FCSA:DF_TRADE_COUNTRY_YR(5.1.0),AE,A,AED,FCSC,ANN_CNT,TNOEXP,_Z,_Z,703,2021,55205842.71,,,,0
FCSA:DF_TRADE_COUNTRY_YR(5.1.0),AE,A,AED,FCSC,ANN_CNT,TNOEXP,_Z,_Z,703,2022,85958781.38,,,,0
FCSA:DF_TRADE_COUNTRY_YR(5.1.0),AE,A,AED,FCSC,ANN_CNT,TNOEXP,_Z,_Z,703,2023,75229191.59,,,,0
FCSA:DF_TRADE_COUNTRY_YR(5.1.0),AE,A,AED,FCSC,ANN_CNT,TNOEXP,_Z,_Z,703,2024,61302252.41,,,,0
FCSA:DF_TRADE_COUNTRY_YR(5.1.0),AE,A,AED,FCSC,ANN_CNT,TNOEXP,_Z,_Z,728,2017,3056569.56,,,,0
FCSA:DF_TRADE_COUNTRY_YR(5.1.0),AE,A,AED,FCSC,ANN_CNT,TNOEXP,_Z,_Z,728,2018,606123172.00,,,,0
FCSA:DF_TRADE_COUNTRY_YR(5.1.0),AE,A,AED,FCSC,ANN_CNT,TNOEXP,_Z,_Z,728,2019,912360867.57,,,,0
FCSA:DF_TRADE_COUNTRY_YR(5.1.0),AE,A,AED,FCSC,ANN_CNT,TNOEXP,_Z,_Z,728,2020,708604930.05,,,,0
FCSA:DF_TRADE_COUNTRY_YR(5.1.0),AE,A,AED,FCSC,ANN_CNT,TNOEXP,_Z,_Z,728,2021,1238764398.60,,,,0
FCSA:DF_TRADE_COUNTRY_YR(5.1.0),AE,A,AED,FCSC,ANN_CNT,TNOEXP,_Z,_Z,728,2022,1343761631.04,,,,0
FCSA:DF_TRADE_COUNTRY_YR(5.1.0),AE,A,AED,FCSC,ANN_CNT,TNOEXP,_Z,_Z,728,2023,1522190640.31,,,,0
FCSA:DF_TRADE_COUNTRY_YR(5.1.0),AE,A,AED,FCSC,ANN_CNT,TNOEXP,_Z,_Z,728,2024,1207734714.14,,,,0
FCSA:DF_TRADE_COUNTRY_YR(5.1.0),AE,A,AED,FCSC,ANN_CNT,REEXP,_Z,_Z,84,2017,2077033.13,,,,0
FCSA:DF_TRADE_COUNTRY_YR(5.1.0),AE,A,AED,FCSC,ANN_CNT,REEXP,_Z,_Z,84,2018,3054930.97,,,,0
FCSA:DF_TRADE_COUNTRY_YR(5.1.0),AE,A,AED,FCSC,ANN_CNT,REEXP,_Z,_Z,84,2019,1986812.99,,,,0
FCSA:DF_TRADE_COUNTRY_YR(5.1.0),AE,A,AED,FCSC,ANN_CNT,REEXP,_Z,_Z,84,2020,11957372.35,,,,0
FCSA:DF_TRADE_COUNTRY_YR(5.1.0),AE,A,AED,FCSC,ANN_CNT,REEXP,_Z,_Z,84,2021,9362624.49,,,,0
FCSA:DF_TRADE_COUNTRY_YR(5.1.0),AE,A,AED,FCSC,ANN_CNT,REEXP,_Z,_Z,84,2022,23337549.87,,,,0
FCSA:DF_TRADE_COUNTRY_YR(5.1.0),AE,A,AED,FCSC,ANN_CNT,REEXP,_Z,_Z,84,2023,6425492.00,,,,0
FCSA:DF_TRADE_COUNTRY_YR(5.1.0),AE,A,AED,FCSC,ANN_CNT,REEXP,_Z,_Z,84,2024,7943342.67,,,,0
FCSA:DF_TRADE_COUNTRY_YR(5.1.0),AE,A,AED,FCSC,ANN_CNT,NOEXP,_Z,_Z,170,2017,66659534.20,,,,0
FCSA:DF_TRADE_COUNTRY_YR(5.1.0),AE,A,AED,FCSC,ANN_CNT,NOEXP,_Z,_Z,170,2018,57516205.63,,,,0
FCSA:DF_TRADE_COUNTRY_YR(5.1.0),AE,A,AED,FCSC,ANN_CNT,NOEXP,_Z,_Z,170,2019,160941442.57,,,,0
FCSA:DF_TRADE_COUNTRY_YR(5.1.0),AE,A,AED,FCSC,ANN_CNT,NOEXP,_Z,_Z,170,2020,154157143.98,,,,0
FCSA:DF_TRADE_COUNTRY_YR(5.1.0),AE,A,AED,FCSC,ANN_CNT,NOEXP,_Z,_Z,170,2021,196027697.89,,,,0
FCSA:DF_TRADE_COUNTRY_YR(5.1.0),AE,A,AED,FCSC,ANN_CNT,NOEXP,_Z,_Z,170,2022,192302767.37,,,,0
FCSA:DF_TRADE_COUNTRY_YR(5.1.0),AE,A,AED,FCSC,ANN_CNT,NOEXP,_Z,_Z,170,2023,131854836.90,,,,0
FCSA:DF_TRADE_COUNTRY_YR(5.1.0),AE,A,AED,FCSC,ANN_CNT,NOEXP,_Z,_Z,170,2024,197572826.76,,,,0
FCSA:DF_TRADE_COUNTRY_YR(5.1.0),AE,A,AED,FCSC,ANN_CNT,NOEXP,_Z,_Z,762,2017,26166617.30,,,,0
FCSA:DF_TRADE_COUNTRY_YR(5.1.0),AE,A,AED,FCSC,ANN_CNT,NOEXP,_Z,_Z,762,2018,80955054.63,,,,0
FCSA:DF_TRADE_COUNTRY_YR(5.1.0),AE,A,AED,FCSC,ANN_CNT,NOEXP,_Z,_Z,762,2019,99156158.77,,,,0
FCSA:DF_TRADE_COUNTRY_YR(5.1.0),AE,A,AED,FCSC,ANN_CNT,NOEXP,_Z,_Z,762,2020,91602328.48,,,,0
FCSA:DF_TRADE_COUNTRY_YR(5.1.0),AE,A,AED,FCSC,ANN_CNT,NOEXP,_Z,_Z,762,2021,51867015.44,,,,0
FCSA:DF_TRADE_COUNTRY_YR(5.1.0),AE,A,AED,FCSC,ANN_CNT,NOEXP,_Z,_Z,762,2022,67537069.63,,,,0
FCSA:DF_TRADE_COUNTRY_YR(5.1.0),AE,A,AED,FCSC,ANN_CNT,NOEXP,_Z,_Z,762,2023,139266246.87,,,,0
FCSA:DF_TRADE_COUNTRY_YR(5.1.0),AE,A,AED,FCSC,ANN_CNT,NOEXP,_Z,_Z,762,2024,154829740.62,,,,0
FCSA:DF_TRADE_COUNTRY_YR(5.1.0),AE,A,AED,FCSC,ANN_CNT,IMP,_Z,_Z,328,2017,186031032.60,,,,0
FCSA:DF_TRADE_COUNTRY_YR(5.1.0),AE,A,AED,FCSC,ANN_CNT,IMP,_Z,_Z,328,2018,636300360.72,,,,0
FCSA:DF_TRADE_COUNTRY_YR(5.1.0),AE,A,AED,FCSC,ANN_CNT,IMP,_Z,_Z,328,2019,1231399446.75,,,,0
FCSA:DF_TRADE_COUNTRY_YR(5.1.0),AE,A,AED,FCSC,ANN_CNT,IMP,_Z,_Z,328,2020,1722028474.47,,,,0
FCSA:DF_TRADE_COUNTRY_YR(5.1.0),AE,A,AED,FCSC,ANN_CNT,IMP,_Z,_Z,328,2021,2480042317.99,,,,0
FCSA:DF_TRADE_COUNTRY_YR(5.1.0),AE,A,AED,FCSC,ANN_CNT,IMP,_Z,_Z,328,2022,2988971413.65,,,,0
FCSA:DF_TRADE_COUNTRY_YR(5.1.0),AE,A,AED,FCSC,ANN_CNT,IMP,_Z,_Z,328,2023,2491346318.27,,,,0
FCSA:DF_TRADE_COUNTRY_YR(5.1.0),AE,A,AED,FCSC,ANN_CNT,IMP,_Z,_Z,328,2024,1734079346.47,,,,0
FCSA:DF_TRADE_COUNTRY_YR(5.1.0),AE,A,AED,FCSC,ANN_CNT,TTRADE,_Z,_Z,531,2017,90368091.32,,,,0
FCSA:DF_TRADE_COUNTRY_YR(5.1.0),AE,A,AED,FCSC,ANN_CNT,TTRADE,_Z,_Z,531,2018,40238783.64,,,,0
FCSA:DF_TRADE_COUNTRY_YR(5.1.0),AE,A,AED,FCSC,ANN_CNT,TTRADE,_Z,_Z,531,2019,7764442.13,,,,0
FCSA:DF_TRADE_COUNTRY_YR(5.1.0),AE,A,AED,FCSC,ANN_CNT,TTRADE,_Z,_Z,531,2020,11051737.12,,,,0
FCSA:DF_TRADE_COUNTRY_YR(5.1.0),AE,A,AED,FCSC,ANN_CNT,TTRADE,_Z,_Z,531,2021,5514297.41,,,,0
FCSA:DF_TRADE_COUNTRY_YR(5.1.0),AE,A,AED,FCSC,ANN_CNT,TTRADE,_Z,_Z,531,2022,16704393.35,,,,0
FCSA:DF_TRADE_COUNTRY_YR(5.1.0),AE,A,AED,FCSC,ANN_CNT,TTRADE,_Z,_Z,531,2023,19030141.43,,,,0
FCSA:DF_TRADE_COUNTRY_YR(5.1.0),AE,A,AED,FCSC,ANN_CNT,TTRADE,_Z,_Z,531,2024,45138852.49,,,,0
FCSA:DF_TRADE_COUNTRY_YR(5.1.0),AE,A,AED,FCSC,ANN_CNT,REEXP,_Z,_Z,28,2017,11954034.82,,,,0
FCSA:DF_TRADE_COUNTRY_YR(5.1.0),AE,A,AED,FCSC,ANN_CNT,REEXP,_Z,_Z,28,2018,4772703.35,,,,0
FCSA:DF_TRADE_COUNTRY_YR(5.1.0),AE,A,AED,FCSC,ANN_CNT,REEXP,_Z,_Z,28,2019,1381657.13,,,,0
FCSA:DF_TRADE_COUNTRY_YR(5.1.0),AE,A,AED,FCSC,ANN_CNT,REEXP,_Z,_Z,28,2020,1769805.68,,,,0
FCSA:DF_TRADE_COUNTRY_YR(5.1.0),AE,A,AED,FCSC,ANN_CNT,REEXP,_Z,_Z,28,2021,476193.01,,,,0
FCSA:DF_TRADE_COUNTRY_YR(5.1.0),AE,A,AED,FCSC,ANN_CNT,REEXP,_Z,_Z,28,2022,11045550.06,,,,0
FCSA:DF_TRADE_COUNTRY_YR(5.1.0),AE,A,AED,FCSC,ANN_CNT,REEXP,_Z,_Z,28,2023,7224672.15,,,,0
FCSA:DF_TRADE_COUNTRY_YR(5.1.0),AE,A,AED,FCSC,ANN_CNT,REEXP,_Z,_Z,28,2024,4554049.66,,,,0
FCSA:DF_TRADE_COUNTRY_YR(5.1.0),AE,A,AED,FCSC,ANN_CNT,TNOEXP,_Z,_Z,807,2017,22038153.77,,,,0
FCSA:DF_TRADE_COUNTRY_YR(5.1.0),AE,A,AED,FCSC,ANN_CNT,TNOEXP,_Z,_Z,807,2018,74427694.82,,,,0
FCSA:DF_TRADE_COUNTRY_YR(5.1.0),AE,A,AED,FCSC,ANN_CNT,TNOEXP,_Z,_Z,807,2019,289876675.55,,,,0
FCSA:DF_TRADE_COUNTRY_YR(5.1.0),AE,A,AED,FCSC,ANN_CNT,TNOEXP,_Z,_Z,807,2020,343420479.49,,,,0
FCSA:DF_TRADE_COUNTRY_YR(5.1.0),AE,A,AED,FCSC,ANN_CNT,TNOEXP,_Z,_Z,807,2021,448849818.17,,,,0
FCSA:DF_TRADE_COUNTRY_YR(5.1.0),AE,A,AED,FCSC,ANN_CNT,TNOEXP,_Z,_Z,807,2022,298728993.14,,,,0
FCSA:DF_TRADE_COUNTRY_YR(5.1.0),AE,A,AED,FCSC,ANN_CNT,TNOEXP,_Z,_Z,807,2023,462756084.41,,,,0
FCSA:DF_TRADE_COUNTRY_YR(5.1.0),AE,A,AED,FCSC,ANN_CNT,TNOEXP,_Z,_Z,807,2024,162598290.22,,,,0
FCSA:DF_TRADE_COUNTRY_YR(5.1.0),AE,A,AED,FCSC,ANN_CNT,TTRADE,_Z,_Z,818,2017,17714549953.76,,,,0
FCSA:DF_TRADE_COUNTRY_YR(5.1.0),AE,A,AED,FCSC,ANN_CNT,TTRADE,_Z,_Z,818,2018,20145783375.26,,,,0
FCSA:DF_TRADE_COUNTRY_YR(5.1.0),AE,A,AED,FCSC,ANN_CNT,TTRADE,_Z,_Z,818,2019,22090448656.58,,,,0
FCSA:DF_TRADE_COUNTRY_YR(5.1.0),AE,A,AED,FCSC,ANN_CNT,TTRADE,_Z,_Z,818,2020,25824514246.19,,,,0
FCSA:DF_TRADE_COUNTRY_YR(5.1.0),AE,A,AED,FCSC,ANN_CNT,TTRADE,_Z,_Z,818,2021,27795852326.54,,,,0
FCSA:DF_TRADE_COUNTRY_YR(5.1.0),AE,A,AED,FCSC,ANN_CNT,TTRADE,_Z,_Z,818,2022,29226327413.68,,,,0
FCSA:DF_TRADE_COUNTRY_YR(5.1.0),AE,A,AED,FCSC,ANN_CNT,TTRADE,_Z,_Z,818,2023,25487879315.38,,,,0
FCSA:DF_TRADE_COUNTRY_YR(5.1.0),AE,A,AED,FCSC,ANN_CNT,TTRADE,_Z,_Z,818,2024,30805346466.63,,,,0
FCSA:DF_TRADE_COUNTRY_YR(5.1.0),AE,A,AED,FCSC,ANN_CNT,REEXP,_Z,_Z,40,2017,286365518.42,,,,0
FCSA:DF_TRADE_COUNTRY_YR(5.1.0),AE,A,AED,FCSC,ANN_CNT,REEXP,_Z,_Z,40,2018,168338443.77,,,,0
FCSA:DF_TRADE_COUNTRY_YR(5.1.0),AE,A,AED,FCSC,ANN_CNT,REEXP,_Z,_Z,40,2019,203514471.66,,,,0
FCSA:DF_TRADE_COUNTRY_YR(5.1.0),AE,A,AED,FCSC,ANN_CNT,REEXP,_Z,_Z,40,2020,222495146.55,,,,0
FCSA:DF_TRADE_COUNTRY_YR(5.1.0),AE,A,AED,FCSC,ANN_CNT,REEXP,_Z,_Z,40,2021,426943214.27,,,,0
FCSA:DF_TRADE_COUNTRY_YR(5.1.0),AE,A,AED,FCSC,ANN_CNT,REEXP,_Z,_Z,40,2022,220246759.01,,,,0
FCSA:DF_TRADE_COUNTRY_YR(5.1.0),AE,A,AED,FCSC,ANN_CNT,REEXP,_Z,_Z,40,2023,259096339.47,,,,0
FCSA:DF_TRADE_COUNTRY_YR(5.1.0),AE,A,AED,FCSC,ANN_CNT,REEXP,_Z,_Z,40,2024,301416116.18,,,,0
FCSA:DF_TRADE_COUNTRY_YR(5.1.0),AE,A,AED,FCSC,ANN_CNT,NOEXP,_Z,_Z,446,2017,11339825.37,,,,0
FCSA:DF_TRADE_COUNTRY_YR(5.1.0),AE,A,AED,FCSC,ANN_CNT,NOEXP,_Z,_Z,446,2018,3638738.87,,,,0
FCSA:DF_TRADE_COUNTRY_YR(5.1.0),AE,A,AED,FCSC,ANN_CNT,NOEXP,_Z,_Z,446,2019,1538396.46,,,,0
FCSA:DF_TRADE_COUNTRY_YR(5.1.0),AE,A,AED,FCSC,ANN_CNT,NOEXP,_Z,_Z,446,2020,4158825.79,,,,0
FCSA:DF_TRADE_COUNTRY_YR(5.1.0),AE,A,AED,FCSC,ANN_CNT,NOEXP,_Z,_Z,446,2021,8665077.71,,,,0
FCSA:DF_TRADE_COUNTRY_YR(5.1.0),AE,A,AED,FCSC,ANN_CNT,NOEXP,_Z,_Z,446,2022,1040371.74,,,,0
FCSA:DF_TRADE_COUNTRY_YR(5.1.0),AE,A,AED,FCSC,ANN_CNT,NOEXP,_Z,_Z,446,2023,424913.81,,,,0
FCSA:DF_TRADE_COUNTRY_YR(5.1.0),AE,A,AED,FCSC,ANN_CNT,NOEXP,_Z,_Z,446,2024,728776.58,,,,0
FCSA:DF_TRADE_COUNTRY_YR(5.1.0),AE,A,AED,FCSC,ANN_CNT,IMP,_Z,_Z,352,2017,11418351.61,,,,0
FCSA:DF_TRADE_COUNTRY_YR(5.1.0),AE,A,AED,FCSC,ANN_CNT,IMP,_Z,_Z,352,2018,9639205.34,,,,0
FCSA:DF_TRADE_COUNTRY_YR(5.1.0),AE,A,AED,FCSC,ANN_CNT,IMP,_Z,_Z,352,2019,12921392.76,,,,0
FCSA:DF_TRADE_COUNTRY_YR(5.1.0),AE,A,AED,FCSC,ANN_CNT,IMP,_Z,_Z,352,2020,7607109.06,,,,0
FCSA:DF_TRADE_COUNTRY_YR(5.1.0),AE,A,AED,FCSC,ANN_CNT,IMP,_Z,_Z,352,2021,14114152.24,,,,0
FCSA:DF_TRADE_COUNTRY_YR(5.1.0),AE,A,AED,FCSC,ANN_CNT,IMP,_Z,_Z,352,2022,10342708.33,,,,0
FCSA:DF_TRADE_COUNTRY_YR(5.1.0),AE,A,AED,FCSC,ANN_CNT,IMP,_Z,_Z,352,2023,7043762.71,,,,0
FCSA:DF_TRADE_COUNTRY_YR(5.1.0),AE,A,AED,FCSC,ANN_CNT,IMP,_Z,_Z,352,2024,10977724.05,,,,0
FCSA:DF_TRADE_COUNTRY_YR(5.1.0),AE,A,AED,FCSC,ANN_CNT,IMP,_Z,_Z,520,2018,3671580.60,,,,0
FCSA:DF_TRADE_COUNTRY_YR(5.1.0),AE,A,AED,FCSC,ANN_CNT,IMP,_Z,_Z,520,2020,55428.68,,,,0
FCSA:DF_TRADE_COUNTRY_YR(5.1.0),AE,A,AED,FCSC,ANN_CNT,IMP,_Z,_Z,520,2021,157451.40,,,,0
FCSA:DF_TRADE_COUNTRY_YR(5.1.0),AE,A,AED,FCSC,ANN_CNT,IMP,_Z,_Z,520,2022,134138.91,,,,0
FCSA:DF_TRADE_COUNTRY_YR(5.1.0),AE,A,AED,FCSC,ANN_CNT,IMP,_Z,_Z,520,2023,195129.04,,,,0
FCSA:DF_TRADE_COUNTRY_YR(5.1.0),AE,A,AED,FCSC,ANN_CNT,IMP,_Z,_Z,520,2024,1433831.80,,,,0
FCSA:DF_TRADE_COUNTRY_YR(5.1.0),AE,A,AED,FCSC,ANN_CNT,REEXP,_Z,_Z,744,2020,0.00,,,,0
FCSA:DF_TRADE_COUNTRY_YR(5.1.0),AE,A,AED,FCSC,ANN_CNT,REEXP,_Z,_Z,744,2021,0.00,,,,0
FCSA:DF_TRADE_COUNTRY_YR(5.1.0),AE,A,AED,FCSC,ANN_CNT,REEXP,_Z,_Z,744,2023,0.00,,,,0
FCSA:DF_TRADE_COUNTRY_YR(5.1.0),AE,A,AED,FCSC,ANN_CNT,REEXP,_Z,_Z,744,2024,0.00,,,,0
FCSA:DF_TRADE_COUNTRY_YR(5.1.0),AE,A,AED,FCSC,ANN_CNT,TNOEXP,_Z,_Z,156,2017,18453581144.30,,,,0
FCSA:DF_TRADE_COUNTRY_YR(5.1.0),AE,A,AED,FCSC,ANN_CNT,TNOEXP,_Z,_Z,156,2018,18787338696.22,,,,0
FCSA:DF_TRADE_COUNTRY_YR(5.1.0),AE,A,AED,FCSC,ANN_CNT,TNOEXP,_Z,_Z,156,2019,34403862926.49,,,,0
FCSA:DF_TRADE_COUNTRY_YR(5.1.0),AE,A,AED,FCSC,ANN_CNT,TNOEXP,_Z,_Z,156,2020,29439956318.48,,,,0
FCSA:DF_TRADE_COUNTRY_YR(5.1.0),AE,A,AED,FCSC,ANN_CNT,TNOEXP,_Z,_Z,156,2021,33241949968.41,,,,0
FCSA:DF_TRADE_COUNTRY_YR(5.1.0),AE,A,AED,FCSC,ANN_CNT,TNOEXP,_Z,_Z,156,2022,37107632143.78,,,,0
FCSA:DF_TRADE_COUNTRY_YR(5.1.0),AE,A,AED,FCSC,ANN_CNT,TNOEXP,_Z,_Z,156,2023,34132686623.35,,,,0
FCSA:DF_TRADE_COUNTRY_YR(5.1.0),AE,A,AED,FCSC,ANN_CNT,TNOEXP,_Z,_Z,156,2024,19223172430.80,,,,0
FCSA:DF_TRADE_COUNTRY_YR(5.1.0),AE,A,AED,FCSC,ANN_CNT,IMP,_Z,_Z,384,2017,115638734.57,,,,0
FCSA:DF_TRADE_COUNTRY_YR(5.1.0),AE,A,AED,FCSC,ANN_CNT,IMP,_Z,_Z,384,2018,112997192.76,,,,0
FCSA:DF_TRADE_COUNTRY_YR(5.1.0),AE,A,AED,FCSC,ANN_CNT,IMP,_Z,_Z,384,2019,148396718.09,,,,0
FCSA:DF_TRADE_COUNTRY_YR(5.1.0),AE,A,AED,FCSC,ANN_CNT,IMP,_Z,_Z,384,2020,81175571.90,,,,0
FCSA:DF_TRADE_COUNTRY_YR(5.1.0),AE,A,AED,FCSC,ANN_CNT,IMP,_Z,_Z,384,2021,474619377.69,,,,0
FCSA:DF_TRADE_COUNTRY_YR(5.1.0),AE,A,AED,FCSC,ANN_CNT,IMP,_Z,_Z,384,2022,665860441.57,,,,0
FCSA:DF_TRADE_COUNTRY_YR(5.1.0),AE,A,AED,FCSC,ANN_CNT,IMP,_Z,_Z,384,2023,284630141.61,,,,0
FCSA:DF_TRADE_COUNTRY_YR(5.1.0),AE,A,AED,FCSC,ANN_CNT,IMP,_Z,_Z,384,2024,333411149.83,,,,0
FCSA:DF_TRADE_COUNTRY_YR(5.1.0),AE,A,AED,FCSC,ANN_CNT,IMP,_Z,_Z,795,2017,106382085.87,,,,0
FCSA:DF_TRADE_COUNTRY_YR(5.1.0),AE,A,AED,FCSC,ANN_CNT,IMP,_Z,_Z,795,2018,165043654.34,,,,0
FCSA:DF_TRADE_COUNTRY_YR(5.1.0),AE,A,AED,FCSC,ANN_CNT,IMP,_Z,_Z,795,2019,42241317.60,,,,0
FCSA:DF_TRADE_COUNTRY_YR(5.1.0),AE,A,AED,FCSC,ANN_CNT,IMP,_Z,_Z,795,2020,70550228.15,,,,0
FCSA:DF_TRADE_COUNTRY_YR(5.1.0),AE,A,AED,FCSC,ANN_CNT,IMP,_Z,_Z,795,2021,28837801.28,,,,0
FCSA:DF_TRADE_COUNTRY_YR(5.1.0),AE,A,AED,FCSC,ANN_CNT,IMP,_Z,_Z,795,2022,34656220.91,,,,0
FCSA:DF_TRADE_COUNTRY_YR(5.1.0),AE,A,AED,FCSC,ANN_CNT,IMP,_Z,_Z,795,2023,59130085.71,,,,0
FCSA:DF_TRADE_COUNTRY_YR(5.1.0),AE,A,AED,FCSC,ANN_CNT,IMP,_Z,_Z,795,2024,95682393.76,,,,0
FCSA:DF_TRADE_COUNTRY_YR(5.1.0),AE,A,AED,FCSC,ANN_CNT,IMP,_Z,_Z,232,2017,514087917.31,,,,0
FCSA:DF_TRADE_COUNTRY_YR(5.1.0),AE,A,AED,FCSC,ANN_CNT,IMP,_Z,_Z,232,2018,509545234.34,,,,0
FCSA:DF_TRADE_COUNTRY_YR(5.1.0),AE,A,AED,FCSC,ANN_CNT,IMP,_Z,_Z,232,2019,609976787.47,,,,0
FCSA:DF_TRADE_COUNTRY_YR(5.1.0),AE,A,AED,FCSC,ANN_CNT,IMP,_Z,_Z,232,2020,976956300.93,,,,0
FCSA:DF_TRADE_COUNTRY_YR(5.1.0),AE,A,AED,FCSC,ANN_CNT,IMP,_Z,_Z,232,2021,620152122.80,,,,0
FCSA:DF_TRADE_COUNTRY_YR(5.1.0),AE,A,AED,FCSC,ANN_CNT,IMP,_Z,_Z,232,2022,964748885.69,,,,0
FCSA:DF_TRADE_COUNTRY_YR(5.1.0),AE,A,AED,FCSC,ANN_CNT,IMP,_Z,_Z,232,2023,503544554.67,,,,0
FCSA:DF_TRADE_COUNTRY_YR(5.1.0),AE,A,AED,FCSC,ANN_CNT,IMP,_Z,_Z,232,2024,581336022.66,,,,0
FCSA:DF_TRADE_COUNTRY_YR(5.1.0),AE,A,AED,FCSC,ANN_CNT,IMP,_Z,_Z,470,2017,69194332.46,,,,0
FCSA:DF_TRADE_COUNTRY_YR(5.1.0),AE,A,AED,FCSC,ANN_CNT,IMP,_Z,_Z,470,2018,49751233.55,,,,0
FCSA:DF_TRADE_COUNTRY_YR(5.1.0),AE,A,AED,FCSC,ANN_CNT,IMP,_Z,_Z,470,2019,305476678.93,,,,0
FCSA:DF_TRADE_COUNTRY_YR(5.1.0),AE,A,AED,FCSC,ANN_CNT,IMP,_Z,_Z,470,2020,133197673.57,,,,0
FCSA:DF_TRADE_COUNTRY_YR(5.1.0),AE,A,AED,FCSC,ANN_CNT,IMP,_Z,_Z,470,2021,381310742.09,,,,0
FCSA:DF_TRADE_COUNTRY_YR(5.1.0),AE,A,AED,FCSC,ANN_CNT,IMP,_Z,_Z,470,2022,74640138.95,,,,0
FCSA:DF_TRADE_COUNTRY_YR(5.1.0),AE,A,AED,FCSC,ANN_CNT,IMP,_Z,_Z,470,2023,168007512.89,,,,0
FCSA:DF_TRADE_COUNTRY_YR(5.1.0),AE,A,AED,FCSC,ANN_CNT,IMP,_Z,_Z,470,2024,561013696.28,,,,0
FCSA:DF_TRADE_COUNTRY_YR(5.1.0),AE,A,AED,FCSC,ANN_CNT,REEXP,_Z,_Z,688,2017,102578442.03,,,,0
FCSA:DF_TRADE_COUNTRY_YR(5.1.0),AE,A,AED,FCSC,ANN_CNT,REEXP,_Z,_Z,688,2018,82266039.74,,,,0
FCSA:DF_TRADE_COUNTRY_YR(5.1.0),AE,A,AED,FCSC,ANN_CNT,REEXP,_Z,_Z,688,2019,103728495.64,,,,0
FCSA:DF_TRADE_COUNTRY_YR(5.1.0),AE,A,AED,FCSC,ANN_CNT,REEXP,_Z,_Z,688,2020,54848041.22,,,,0
FCSA:DF_TRADE_COUNTRY_YR(5.1.0),AE,A,AED,FCSC,ANN_CNT,REEXP,_Z,_Z,688,2021,68830192.76,,,,0
FCSA:DF_TRADE_COUNTRY_YR(5.1.0),AE,A,AED,FCSC,ANN_CNT,REEXP,_Z,_Z,688,2022,187210677.55,,,,0
FCSA:DF_TRADE_COUNTRY_YR(5.1.0),AE,A,AED,FCSC,ANN_CNT,REEXP,_Z,_Z,688,2023,134236321.52,,,,0
FCSA:DF_TRADE_COUNTRY_YR(5.1.0),AE,A,AED,FCSC,ANN_CNT,REEXP,_Z,_Z,688,2024,49913989.91,,,,0
FCSA:DF_TRADE_COUNTRY_YR(5.1.0),AE,A,AED,FCSC,ANN_CNT,IMP,_Z,_Z,28,2017,996116.00,,,,0
FCSA:DF_TRADE_COUNTRY_YR(5.1.0),AE,A,AED,FCSC,ANN_CNT,IMP,_Z,_Z,28,2018,64533.53,,,,0
FCSA:DF_TRADE_COUNTRY_YR(5.1.0),AE,A,AED,FCSC,ANN_CNT,IMP,_Z,_Z,28,2019,5352538.92,,,,0
FCSA:DF_TRADE_COUNTRY_YR(5.1.0),AE,A,AED,FCSC,ANN_CNT,IMP,_Z,_Z,28,2020,13547309.94,,,,0
FCSA:DF_TRADE_COUNTRY_YR(5.1.0),AE,A,AED,FCSC,ANN_CNT,IMP,_Z,_Z,28,2021,900128.44,,,,0
FCSA:DF_TRADE_COUNTRY_YR(5.1.0),AE,A,AED,FCSC,ANN_CNT,IMP,_Z,_Z,28,2022,491012.62,,,,0
FCSA:DF_TRADE_COUNTRY_YR(5.1.0),AE,A,AED,FCSC,ANN_CNT,IMP,_Z,_Z,28,2023,233665.74,,,,0
FCSA:DF_TRADE_COUNTRY_YR(5.1.0),AE,A,AED,FCSC,ANN_CNT,IMP,_Z,_Z,28,2024,9119.34,,,,0
FCSA:DF_TRADE_COUNTRY_YR(5.1.0),AE,A,AED,FCSC,ANN_CNT,IMP,_Z,_Z,52,2017,489799.79,,,,0
FCSA:DF_TRADE_COUNTRY_YR(5.1.0),AE,A,AED,FCSC,ANN_CNT,IMP,_Z,_Z,52,2018,1124234.81,,,,0
FCSA:DF_TRADE_COUNTRY_YR(5.1.0),AE,A,AED,FCSC,ANN_CNT,IMP,_Z,_Z,52,2019,3160392.99,,,,0
FCSA:DF_TRADE_COUNTRY_YR(5.1.0),AE,A,AED,FCSC,ANN_CNT,IMP,_Z,_Z,52,2020,2006718.36,,,,0
FCSA:DF_TRADE_COUNTRY_YR(5.1.0),AE,A,AED,FCSC,ANN_CNT,IMP,_Z,_Z,52,2021,630507.06,,,,0
FCSA:DF_TRADE_COUNTRY_YR(5.1.0),AE,A,AED,FCSC,ANN_CNT,IMP,_Z,_Z,52,2022,707061.62,,,,0
FCSA:DF_TRADE_COUNTRY_YR(5.1.0),AE,A,AED,FCSC,ANN_CNT,IMP,_Z,_Z,52,2023,1142496.03,,,,0
FCSA:DF_TRADE_COUNTRY_YR(5.1.0),AE,A,AED,FCSC,ANN_CNT,IMP,_Z,_Z,52,2024,531167.06,,,,0
FCSA:DF_TRADE_COUNTRY_YR(5.1.0),AE,A,AED,FCSC,ANN_CNT,REEXP,_Z,_Z,850,2017,50032103.55,,,,0
FCSA:DF_TRADE_COUNTRY_YR(5.1.0),AE,A,AED,FCSC,ANN_CNT,REEXP,_Z,_Z,850,2018,6414143.75,,,,0
FCSA:DF_TRADE_COUNTRY_YR(5.1.0),AE,A,AED,FCSC,ANN_CNT,REEXP,_Z,_Z,850,2019,1543786.84,,,,0
FCSA:DF_TRADE_COUNTRY_YR(5.1.0),AE,A,AED,FCSC,ANN_CNT,REEXP,_Z,_Z,850,2020,1041370.90,,,,0
FCSA:DF_TRADE_COUNTRY_YR(5.1.0),AE,A,AED,FCSC,ANN_CNT,REEXP,_Z,_Z,850,2021,764121.12,,,,0
FCSA:DF_TRADE_COUNTRY_YR(5.1.0),AE,A,AED,FCSC,ANN_CNT,REEXP,_Z,_Z,850,2022,1042019.25,,,,0
FCSA:DF_TRADE_COUNTRY_YR(5.1.0),AE,A,AED,FCSC,ANN_CNT,REEXP,_Z,_Z,850,2023,1568478.47,,,,0
FCSA:DF_TRADE_COUNTRY_YR(5.1.0),AE,A,AED,FCSC,ANN_CNT,REEXP,_Z,_Z,850,2024,392810.29,,,,0
FCSA:DF_TRADE_COUNTRY_YR(5.1.0),AE,A,AED,FCSC,ANN_CNT,NOEXP,_Z,_Z,535,2023,320223.72,,,,0
FCSA:DF_TRADE_COUNTRY_YR(5.1.0),AE,A,AED,FCSC,ANN_CNT,NOEXP,_Z,_Z,535,2024,7245.30,,,,0
FCSA:DF_TRADE_COUNTRY_YR(5.1.0),AE,A,AED,FCSC,ANN_CNT,REEXP,_Z,_Z,826,2017,11161542292.20,,,,0
FCSA:DF_TRADE_COUNTRY_YR(5.1.0),AE,A,AED,FCSC,ANN_CNT,REEXP,_Z,_Z,826,2018,10856006878.27,,,,0
FCSA:DF_TRADE_COUNTRY_YR(5.1.0),AE,A,AED,FCSC,ANN_CNT,REEXP,_Z,_Z,826,2019,7731738298.56,,,,0
FCSA:DF_TRADE_COUNTRY_YR(5.1.0),AE,A,AED,FCSC,ANN_CNT,REEXP,_Z,_Z,826,2020,5146264282.05,,,,0
FCSA:DF_TRADE_COUNTRY_YR(5.1.0),AE,A,AED,FCSC,ANN_CNT,REEXP,_Z,_Z,826,2021,5946917227.64,,,,0
FCSA:DF_TRADE_COUNTRY_YR(5.1.0),AE,A,AED,FCSC,ANN_CNT,REEXP,_Z,_Z,826,2022,5438685877.58,,,,0
FCSA:DF_TRADE_COUNTRY_YR(5.1.0),AE,A,AED,FCSC,ANN_CNT,REEXP,_Z,_Z,826,2023,6585100216.29,,,,0
FCSA:DF_TRADE_COUNTRY_YR(5.1.0),AE,A,AED,FCSC,ANN_CNT,REEXP,_Z,_Z,826,2024,8026772377.41,,,,0
FCSA:DF_TRADE_COUNTRY_YR(5.1.0),AE,A,AED,FCSC,ANN_CNT,TNOEXP,_Z,_Z,36,2017,2129428389.68,,,,0
FCSA:DF_TRADE_COUNTRY_YR(5.1.0),AE,A,AED,FCSC,ANN_CNT,TNOEXP,_Z,_Z,36,2018,2781693692.41,,,,0
FCSA:DF_TRADE_COUNTRY_YR(5.1.0),AE,A,AED,FCSC,ANN_CNT,TNOEXP,_Z,_Z,36,2019,2320117030.28,,,,0
FCSA:DF_TRADE_COUNTRY_YR(5.1.0),AE,A,AED,FCSC,ANN_CNT,TNOEXP,_Z,_Z,36,2020,2196454774.94,,,,0
FCSA:DF_TRADE_COUNTRY_YR(5.1.0),AE,A,AED,FCSC,ANN_CNT,TNOEXP,_Z,_Z,36,2021,3893906553.77,,,,0
FCSA:DF_TRADE_COUNTRY_YR(5.1.0),AE,A,AED,FCSC,ANN_CNT,TNOEXP,_Z,_Z,36,2022,3325481236.61,,,,0
FCSA:DF_TRADE_COUNTRY_YR(5.1.0),AE,A,AED,FCSC,ANN_CNT,TNOEXP,_Z,_Z,36,2023,2962169034.34,,,,0
FCSA:DF_TRADE_COUNTRY_YR(5.1.0),AE,A,AED,FCSC,ANN_CNT,TNOEXP,_Z,_Z,36,2024,3220578176.49,,,,0
FCSA:DF_TRADE_COUNTRY_YR(5.1.0),AE,A,AED,FCSC,ANN_CNT,NOEXP,_Z,_Z,480,2017,71070650.28,,,,0
FCSA:DF_TRADE_COUNTRY_YR(5.1.0),AE,A,AED,FCSC,ANN_CNT,NOEXP,_Z,_Z,480,2018,83758613.19,,,,0
FCSA:DF_TRADE_COUNTRY_YR(5.1.0),AE,A,AED,FCSC,ANN_CNT,NOEXP,_Z,_Z,480,2019,93480230.51,,,,0
FCSA:DF_TRADE_COUNTRY_YR(5.1.0),AE,A,AED,FCSC,ANN_CNT,NOEXP,_Z,_Z,480,2020,96871576.09,,,,0
FCSA:DF_TRADE_COUNTRY_YR(5.1.0),AE,A,AED,FCSC,ANN_CNT,NOEXP,_Z,_Z,480,2021,166368647.33,,,,0
FCSA:DF_TRADE_COUNTRY_YR(5.1.0),AE,A,AED,FCSC,ANN_CNT,NOEXP,_Z,_Z,480,2022,194953672.26,,,,0
FCSA:DF_TRADE_COUNTRY_YR(5.1.0),AE,A,AED,FCSC,ANN_CNT,NOEXP,_Z,_Z,480,2023,205894297.74,,,,0
FCSA:DF_TRADE_COUNTRY_YR(5.1.0),AE,A,AED,FCSC,ANN_CNT,NOEXP,_Z,_Z,480,2024,232833986.11,,,,0
FCSA:DF_TRADE_COUNTRY_YR(5.1.0),AE,A,AED,FCSC,ANN_CNT,NOEXP,_Z,_Z,112,2017,13203332.69,,,,0
FCSA:DF_TRADE_COUNTRY_YR(5.1.0),AE,A,AED,FCSC,ANN_CNT,NOEXP,_Z,_Z,112,2018,15998812.90,,,,0
FCSA:DF_TRADE_COUNTRY_YR(5.1.0),AE,A,AED,FCSC,ANN_CNT,NOEXP,_Z,_Z,112,2019,24522716.04,,,,0
FCSA:DF_TRADE_COUNTRY_YR(5.1.0),AE,A,AED,FCSC,ANN_CNT,NOEXP,_Z,_Z,112,2020,18272768.23,,,,0
FCSA:DF_TRADE_COUNTRY_YR(5.1.0),AE,A,AED,FCSC,ANN_CNT,NOEXP,_Z,_Z,112,2021,163380862.90,,,,0
FCSA:DF_TRADE_COUNTRY_YR(5.1.0),AE,A,AED,FCSC,ANN_CNT,NOEXP,_Z,_Z,112,2022,7804275.29,,,,0
FCSA:DF_TRADE_COUNTRY_YR(5.1.0),AE,A,AED,FCSC,ANN_CNT,NOEXP,_Z,_Z,112,2023,12063517.94,,,,0
FCSA:DF_TRADE_COUNTRY_YR(5.1.0),AE,A,AED,FCSC,ANN_CNT,NOEXP,_Z,_Z,112,2024,7320246.10,,,,0
FCSA:DF_TRADE_COUNTRY_YR(5.1.0),AE,A,AED,FCSC,ANN_CNT,NOEXP,_Z,_Z,862,2017,11410002.70,,,,0
FCSA:DF_TRADE_COUNTRY_YR(5.1.0),AE,A,AED,FCSC,ANN_CNT,NOEXP,_Z,_Z,862,2018,39881919.96,,,,0
FCSA:DF_TRADE_COUNTRY_YR(5.1.0),AE,A,AED,FCSC,ANN_CNT,NOEXP,_Z,_Z,862,2019,30914742.64,,,,0
FCSA:DF_TRADE_COUNTRY_YR(5.1.0),AE,A,AED,FCSC,ANN_CNT,NOEXP,_Z,_Z,862,2020,44361351.29,,,,0
FCSA:DF_TRADE_COUNTRY_YR(5.1.0),AE,A,AED,FCSC,ANN_CNT,NOEXP,_Z,_Z,862,2021,35722674.51,,,,0
FCSA:DF_TRADE_COUNTRY_YR(5.1.0),AE,A,AED,FCSC,ANN_CNT,NOEXP,_Z,_Z,862,2022,74081475.57,,,,0
FCSA:DF_TRADE_COUNTRY_YR(5.1.0),AE,A,AED,FCSC,ANN_CNT,NOEXP,_Z,_Z,862,2023,139977717.20,,,,0
FCSA:DF_TRADE_COUNTRY_YR(5.1.0),AE,A,AED,FCSC,ANN_CNT,NOEXP,_Z,_Z,862,2024,147991627.98,,,,0
FCSA:DF_TRADE_COUNTRY_YR(5.1.0),AE,A,AED,FCSC,ANN_CNT,REEXP,_Z,_Z,328,2017,2138393.72,,,,0
FCSA:DF_TRADE_COUNTRY_YR(5.1.0),AE,A,AED,FCSC,ANN_CNT,REEXP,_Z,_Z,328,2018,4457758.80,,,,0
FCSA:DF_TRADE_COUNTRY_YR(5.1.0),AE,A,AED,FCSC,ANN_CNT,REEXP,_Z,_Z,328,2019,6986419.51,,,,0
FCSA:DF_TRADE_COUNTRY_YR(5.1.0),AE,A,AED,FCSC,ANN_CNT,REEXP,_Z,_Z,328,2020,13735643.60,,,,0
FCSA:DF_TRADE_COUNTRY_YR(5.1.0),AE,A,AED,FCSC,ANN_CNT,REEXP,_Z,_Z,328,2021,41582468.44,,,,0
FCSA:DF_TRADE_COUNTRY_YR(5.1.0),AE,A,AED,FCSC,ANN_CNT,REEXP,_Z,_Z,328,2022,30308249.66,,,,0
FCSA:DF_TRADE_COUNTRY_YR(5.1.0),AE,A,AED,FCSC,ANN_CNT,REEXP,_Z,_Z,328,2023,53953681.44,,,,0
FCSA:DF_TRADE_COUNTRY_YR(5.1.0),AE,A,AED,FCSC,ANN_CNT,REEXP,_Z,_Z,328,2024,56773439.81,,,,0
FCSA:DF_TRADE_COUNTRY_YR(5.1.0),AE,A,AED,FCSC,ANN_CNT,TTRADE,_Z,_Z,184,2018,522407.14,,,,0
FCSA:DF_TRADE_COUNTRY_YR(5.1.0),AE,A,AED,FCSC,ANN_CNT,TTRADE,_Z,_Z,184,2019,309540.00,,,,0
FCSA:DF_TRADE_COUNTRY_YR(5.1.0),AE,A,AED,FCSC,ANN_CNT,TTRADE,_Z,_Z,184,2020,22246.02,,,,0
FCSA:DF_TRADE_COUNTRY_YR(5.1.0),AE,A,AED,FCSC,ANN_CNT,TTRADE,_Z,_Z,184,2021,174211.63,,,,0
FCSA:DF_TRADE_COUNTRY_YR(5.1.0),AE,A,AED,FCSC,ANN_CNT,TTRADE,_Z,_Z,184,2022,255908.19,,,,0
FCSA:DF_TRADE_COUNTRY_YR(5.1.0),AE,A,AED,FCSC,ANN_CNT,TTRADE,_Z,_Z,184,2023,107213.62,,,,0
FCSA:DF_TRADE_COUNTRY_YR(5.1.0),AE,A,AED,FCSC,ANN_CNT,TTRADE,_Z,_Z,184,2024,500512.36,,,,0
FCSA:DF_TRADE_COUNTRY_YR(5.1.0),AE,A,AED,FCSC,ANN_CNT,IMP,_Z,_Z,710,2017,8389802068.80,,,,0
FCSA:DF_TRADE_COUNTRY_YR(5.1.0),AE,A,AED,FCSC,ANN_CNT,IMP,_Z,_Z,710,2018,10601969475.87,,,,0
FCSA:DF_TRADE_COUNTRY_YR(5.1.0),AE,A,AED,FCSC,ANN_CNT,IMP,_Z,_Z,710,2019,10204070724.11,,,,0
FCSA:DF_TRADE_COUNTRY_YR(5.1.0),AE,A,AED,FCSC,ANN_CNT,IMP,_Z,_Z,710,2020,13559736239.64,,,,0
FCSA:DF_TRADE_COUNTRY_YR(5.1.0),AE,A,AED,FCSC,ANN_CNT,IMP,_Z,_Z,710,2021,16360057645.54,,,,0
FCSA:DF_TRADE_COUNTRY_YR(5.1.0),AE,A,AED,FCSC,ANN_CNT,IMP,_Z,_Z,710,2022,16663029871.38,,,,0
FCSA:DF_TRADE_COUNTRY_YR(5.1.0),AE,A,AED,FCSC,ANN_CNT,IMP,_Z,_Z,710,2023,18444799934.85,,,,0
FCSA:DF_TRADE_COUNTRY_YR(5.1.0),AE,A,AED,FCSC,ANN_CNT,IMP,_Z,_Z,710,2024,22194065968.84,,,,0
FCSA:DF_TRADE_COUNTRY_YR(5.1.0),AE,A,AED,FCSC,ANN_CNT,REEXP,_Z,_Z,116,2017,262202450.65,,,,0
FCSA:DF_TRADE_COUNTRY_YR(5.1.0),AE,A,AED,FCSC,ANN_CNT,REEXP,_Z,_Z,116,2018,383992033.07,,,,0
FCSA:DF_TRADE_COUNTRY_YR(5.1.0),AE,A,AED,FCSC,ANN_CNT,REEXP,_Z,_Z,116,2019,401642290.28,,,,0
FCSA:DF_TRADE_COUNTRY_YR(5.1.0),AE,A,AED,FCSC,ANN_CNT,REEXP,_Z,_Z,116,2020,290760878.12,,,,0
FCSA:DF_TRADE_COUNTRY_YR(5.1.0),AE,A,AED,FCSC,ANN_CNT,REEXP,_Z,_Z,116,2021,327049997.88,,,,0
FCSA:DF_TRADE_COUNTRY_YR(5.1.0),AE,A,AED,FCSC,ANN_CNT,REEXP,_Z,_Z,116,2022,398148702.65,,,,0
FCSA:DF_TRADE_COUNTRY_YR(5.1.0),AE,A,AED,FCSC,ANN_CNT,REEXP,_Z,_Z,116,2023,206336642.96,,,,0
FCSA:DF_TRADE_COUNTRY_YR(5.1.0),AE,A,AED,FCSC,ANN_CNT,REEXP,_Z,_Z,116,2024,159210338.52,,,,0
FCSA:DF_TRADE_COUNTRY_YR(5.1.0),AE,A,AED,FCSC,ANN_CNT,TNOEXP,_Z,_Z,430,2017,121208372.34,,,,0
FCSA:DF_TRADE_COUNTRY_YR(5.1.0),AE,A,AED,FCSC,ANN_CNT,TNOEXP,_Z,_Z,430,2018,120056651.86,,,,0
FCSA:DF_TRADE_COUNTRY_YR(5.1.0),AE,A,AED,FCSC,ANN_CNT,TNOEXP,_Z,_Z,430,2019,108707338.31,,,,0
FCSA:DF_TRADE_COUNTRY_YR(5.1.0),AE,A,AED,FCSC,ANN_CNT,TNOEXP,_Z,_Z,430,2020,124209265.55,,,,0
FCSA:DF_TRADE_COUNTRY_YR(5.1.0),AE,A,AED,FCSC,ANN_CNT,TNOEXP,_Z,_Z,430,2021,164529053.57,,,,0
FCSA:DF_TRADE_COUNTRY_YR(5.1.0),AE,A,AED,FCSC,ANN_CNT,TNOEXP,_Z,_Z,430,2022,205342264.42,,,,0
FCSA:DF_TRADE_COUNTRY_YR(5.1.0),AE,A,AED,FCSC,ANN_CNT,TNOEXP,_Z,_Z,430,2023,321352088.86,,,,0
FCSA:DF_TRADE_COUNTRY_YR(5.1.0),AE,A,AED,FCSC,ANN_CNT,TNOEXP,_Z,_Z,430,2024,444336462.12,,,,0
FCSA:DF_TRADE_COUNTRY_YR(5.1.0),AE,A,AED,FCSC,ANN_CNT,NOEXP,_Z,_Z,586,2017,3158654836.48,,,,0
FCSA:DF_TRADE_COUNTRY_YR(5.1.0),AE,A,AED,FCSC,ANN_CNT,NOEXP,_Z,_Z,586,2018,2870750885.92,,,,0
FCSA:DF_TRADE_COUNTRY_YR(5.1.0),AE,A,AED,FCSC,ANN_CNT,NOEXP,_Z,_Z,586,2019,3537057554.21,,,,0
FCSA:DF_TRADE_COUNTRY_YR(5.1.0),AE,A,AED,FCSC,ANN_CNT,NOEXP,_Z,_Z,586,2020,5502477445.13,,,,0
FCSA:DF_TRADE_COUNTRY_YR(5.1.0),AE,A,AED,FCSC,ANN_CNT,NOEXP,_Z,_Z,586,2021,5654492892.65,,,,0
FCSA:DF_TRADE_COUNTRY_YR(5.1.0),AE,A,AED,FCSC,ANN_CNT,NOEXP,_Z,_Z,586,2022,4721402752.09,,,,0
FCSA:DF_TRADE_COUNTRY_YR(5.1.0),AE,A,AED,FCSC,ANN_CNT,NOEXP,_Z,_Z,586,2023,4974712522.36,,,,0
FCSA:DF_TRADE_COUNTRY_YR(5.1.0),AE,A,AED,FCSC,ANN_CNT,NOEXP,_Z,_Z,586,2024,4932257745.91,,,,0
FCSA:DF_TRADE_COUNTRY_YR(5.1.0),AE,A,AED,FCSC,ANN_CNT,REEXP,_Z,_Z,710,2017,2235899584.69,,,,0
FCSA:DF_TRADE_COUNTRY_YR(5.1.0),AE,A,AED,FCSC,ANN_CNT,REEXP,_Z,_Z,710,2018,2306403478.45,,,,0
FCSA:DF_TRADE_COUNTRY_YR(5.1.0),AE,A,AED,FCSC,ANN_CNT,REEXP,_Z,_Z,710,2019,2703109919.19,,,,0
FCSA:DF_TRADE_COUNTRY_YR(5.1.0),AE,A,AED,FCSC,ANN_CNT,REEXP,_Z,_Z,710,2020,2093367085.55,,,,0
FCSA:DF_TRADE_COUNTRY_YR(5.1.0),AE,A,AED,FCSC,ANN_CNT,REEXP,_Z,_Z,710,2021,3216319128.33,,,,0
FCSA:DF_TRADE_COUNTRY_YR(5.1.0),AE,A,AED,FCSC,ANN_CNT,REEXP,_Z,_Z,710,2022,4971779821.60,,,,0
FCSA:DF_TRADE_COUNTRY_YR(5.1.0),AE,A,AED,FCSC,ANN_CNT,REEXP,_Z,_Z,710,2023,5272129513.54,,,,0
FCSA:DF_TRADE_COUNTRY_YR(5.1.0),AE,A,AED,FCSC,ANN_CNT,REEXP,_Z,_Z,710,2024,5725972282.28,,,,0
FCSA:DF_TRADE_COUNTRY_YR(5.1.0),AE,A,AED,FCSC,ANN_CNT,NOEXP,_Z,_Z,466,2017,42472849.53,,,,0
FCSA:DF_TRADE_COUNTRY_YR(5.1.0),AE,A,AED,FCSC,ANN_CNT,NOEXP,_Z,_Z,466,2018,82794736.70,,,,0
FCSA:DF_TRADE_COUNTRY_YR(5.1.0),AE,A,AED,FCSC,ANN_CNT,NOEXP,_Z,_Z,466,2019,108407949.85,,,,0
FCSA:DF_TRADE_COUNTRY_YR(5.1.0),AE,A,AED,FCSC,ANN_CNT,NOEXP,_Z,_Z,466,2020,482913540.87,,,,0
FCSA:DF_TRADE_COUNTRY_YR(5.1.0),AE,A,AED,FCSC,ANN_CNT,NOEXP,_Z,_Z,466,2021,150565547.20,,,,0
FCSA:DF_TRADE_COUNTRY_YR(5.1.0),AE,A,AED,FCSC,ANN_CNT,NOEXP,_Z,_Z,466,2022,175968160.41,,,,0
FCSA:DF_TRADE_COUNTRY_YR(5.1.0),AE,A,AED,FCSC,ANN_CNT,NOEXP,_Z,_Z,466,2023,225263160.65,,,,0
FCSA:DF_TRADE_COUNTRY_YR(5.1.0),AE,A,AED,FCSC,ANN_CNT,NOEXP,_Z,_Z,466,2024,195198798.63,,,,0
FCSA:DF_TRADE_COUNTRY_YR(5.1.0),AE,A,AED,FCSC,ANN_CNT,REEXP,_Z,_Z,516,2017,27017897.28,,,,0
FCSA:DF_TRADE_COUNTRY_YR(5.1.0),AE,A,AED,FCSC,ANN_CNT,REEXP,_Z,_Z,516,2018,62094257.02,,,,0
FCSA:DF_TRADE_COUNTRY_YR(5.1.0),AE,A,AED,FCSC,ANN_CNT,REEXP,_Z,_Z,516,2019,38675850.89,,,,0
FCSA:DF_TRADE_COUNTRY_YR(5.1.0),AE,A,AED,FCSC,ANN_CNT,REEXP,_Z,_Z,516,2020,25037789.94,,,,0
FCSA:DF_TRADE_COUNTRY_YR(5.1.0),AE,A,AED,FCSC,ANN_CNT,REEXP,_Z,_Z,516,2021,29796045.74,,,,0
FCSA:DF_TRADE_COUNTRY_YR(5.1.0),AE,A,AED,FCSC,ANN_CNT,REEXP,_Z,_Z,516,2022,35155034.50,,,,0
FCSA:DF_TRADE_COUNTRY_YR(5.1.0),AE,A,AED,FCSC,ANN_CNT,REEXP,_Z,_Z,516,2023,72958091.19,,,,0
FCSA:DF_TRADE_COUNTRY_YR(5.1.0),AE,A,AED,FCSC,ANN_CNT,REEXP,_Z,_Z,516,2024,106455824.59,,,,0
FCSA:DF_TRADE_COUNTRY_YR(5.1.0),AE,A,AED,FCSC,ANN_CNT,NOEXP,_Z,_Z,404,2017,1607846934.71,,,,0
FCSA:DF_TRADE_COUNTRY_YR(5.1.0),AE,A,AED,FCSC,ANN_CNT,NOEXP,_Z,_Z,404,2018,1391140419.85,,,,0
FCSA:DF_TRADE_COUNTRY_YR(5.1.0),AE,A,AED,FCSC,ANN_CNT,NOEXP,_Z,_Z,404,2019,2939098736.43,,,,0
FCSA:DF_TRADE_COUNTRY_YR(5.1.0),AE,A,AED,FCSC,ANN_CNT,NOEXP,_Z,_Z,404,2020,2284947439.91,,,,0
FCSA:DF_TRADE_COUNTRY_YR(5.1.0),AE,A,AED,FCSC,ANN_CNT,NOEXP,_Z,_Z,404,2021,3175951305.54,,,,0
FCSA:DF_TRADE_COUNTRY_YR(5.1.0),AE,A,AED,FCSC,ANN_CNT,NOEXP,_Z,_Z,404,2022,2969475338.62,,,,0
FCSA:DF_TRADE_COUNTRY_YR(5.1.0),AE,A,AED,FCSC,ANN_CNT,NOEXP,_Z,_Z,404,2023,5048015313.41,,,,0
FCSA:DF_TRADE_COUNTRY_YR(5.1.0),AE,A,AED,FCSC,ANN_CNT,NOEXP,_Z,_Z,404,2024,6383791606.61,,,,0
FCSA:DF_TRADE_COUNTRY_YR(5.1.0),AE,A,AED,FCSC,ANN_CNT,TNOEXP,_Z,_Z,99999,2017,1942807041.38,,,,0
FCSA:DF_TRADE_COUNTRY_YR(5.1.0),AE,A,AED,FCSC,ANN_CNT,TNOEXP,_Z,_Z,99999,2018,1902074.11,,,,0
FCSA:DF_TRADE_COUNTRY_YR(5.1.0),AE,A,AED,FCSC,ANN_CNT,TNOEXP,_Z,_Z,99999,2019,48301224.33,,,,0
FCSA:DF_TRADE_COUNTRY_YR(5.1.0),AE,A,AED,FCSC,ANN_CNT,TNOEXP,_Z,_Z,99999,2020,386620481.70,,,,0
FCSA:DF_TRADE_COUNTRY_YR(5.1.0),AE,A,AED,FCSC,ANN_CNT,TNOEXP,_Z,_Z,99999,2021,593289135.74,,,,0
FCSA:DF_TRADE_COUNTRY_YR(5.1.0),AE,A,AED,FCSC,ANN_CNT,TNOEXP,_Z,_Z,51,2017,659590706.70,,,,0
FCSA:DF_TRADE_COUNTRY_YR(5.1.0),AE,A,AED,FCSC,ANN_CNT,TNOEXP,_Z,_Z,51,2018,662322623.69,,,,0
FCSA:DF_TRADE_COUNTRY_YR(5.1.0),AE,A,AED,FCSC,ANN_CNT,TNOEXP,_Z,_Z,51,2019,841981034.49,,,,0
FCSA:DF_TRADE_COUNTRY_YR(5.1.0),AE,A,AED,FCSC,ANN_CNT,TNOEXP,_Z,_Z,51,2020,358698199.60,,,,0
FCSA:DF_TRADE_COUNTRY_YR(5.1.0),AE,A,AED,FCSC,ANN_CNT,TNOEXP,_Z,_Z,51,2021,662613826.77,,,,0
FCSA:DF_TRADE_COUNTRY_YR(5.1.0),AE,A,AED,FCSC,ANN_CNT,TNOEXP,_Z,_Z,51,2022,8342914064.38,,,,0
FCSA:DF_TRADE_COUNTRY_YR(5.1.0),AE,A,AED,FCSC,ANN_CNT,TNOEXP,_Z,_Z,51,2023,4880195813.96,,,,0
FCSA:DF_TRADE_COUNTRY_YR(5.1.0),AE,A,AED,FCSC,ANN_CNT,TNOEXP,_Z,_Z,51,2024,7728046692.27,,,,0
FCSA:DF_TRADE_COUNTRY_YR(5.1.0),AE,A,AED,FCSC,ANN_CNT,TNOEXP,_Z,_Z,218,2017,33150493.34,,,,0
FCSA:DF_TRADE_COUNTRY_YR(5.1.0),AE,A,AED,FCSC,ANN_CNT,TNOEXP,_Z,_Z,218,2018,49958182.44,,,,0
FCSA:DF_TRADE_COUNTRY_YR(5.1.0),AE,A,AED,FCSC,ANN_CNT,TNOEXP,_Z,_Z,218,2019,54523803.62,,,,0
FCSA:DF_TRADE_COUNTRY_YR(5.1.0),AE,A,AED,FCSC,ANN_CNT,TNOEXP,_Z,_Z,218,2020,50327906.37,,,,0
FCSA:DF_TRADE_COUNTRY_YR(5.1.0),AE,A,AED,FCSC,ANN_CNT,TNOEXP,_Z,_Z,218,2021,134627191.43,,,,0
FCSA:DF_TRADE_COUNTRY_YR(5.1.0),AE,A,AED,FCSC,ANN_CNT,TNOEXP,_Z,_Z,218,2022,169405620.66,,,,0
FCSA:DF_TRADE_COUNTRY_YR(5.1.0),AE,A,AED,FCSC,ANN_CNT,TNOEXP,_Z,_Z,218,2023,146690085.96,,,,0
FCSA:DF_TRADE_COUNTRY_YR(5.1.0),AE,A,AED,FCSC,ANN_CNT,TNOEXP,_Z,_Z,218,2024,171011408.69,,,,0
FCSA:DF_TRADE_COUNTRY_YR(5.1.0),AE,A,AED,FCSC,ANN_CNT,IMP,_Z,_Z,646,2017,1141406287.78,,,,0
FCSA:DF_TRADE_COUNTRY_YR(5.1.0),AE,A,AED,FCSC,ANN_CNT,IMP,_Z,_Z,646,2018,2342014934.35,,,,0
FCSA:DF_TRADE_COUNTRY_YR(5.1.0),AE,A,AED,FCSC,ANN_CNT,IMP,_Z,_Z,646,2019,1750162582.53,,,,0
FCSA:DF_TRADE_COUNTRY_YR(5.1.0),AE,A,AED,FCSC,ANN_CNT,IMP,_Z,_Z,646,2020,2181634326.95,,,,0
FCSA:DF_TRADE_COUNTRY_YR(5.1.0),AE,A,AED,FCSC,ANN_CNT,IMP,_Z,_Z,646,2021,1361286716.94,,,,0
FCSA:DF_TRADE_COUNTRY_YR(5.1.0),AE,A,AED,FCSC,ANN_CNT,IMP,_Z,_Z,646,2022,1893197553.29,,,,0
FCSA:DF_TRADE_COUNTRY_YR(5.1.0),AE,A,AED,FCSC,ANN_CNT,IMP,_Z,_Z,646,2023,3288093848.94,,,,0
FCSA:DF_TRADE_COUNTRY_YR(5.1.0),AE,A,AED,FCSC,ANN_CNT,IMP,_Z,_Z,646,2024,5518866964.31,,,,0
FCSA:DF_TRADE_COUNTRY_YR(5.1.0),AE,A,AED,FCSC,ANN_CNT,TNOEXP,_Z,_Z,540,2017,3939413.37,,,,0
FCSA:DF_TRADE_COUNTRY_YR(5.1.0),AE,A,AED,FCSC,ANN_CNT,TNOEXP,_Z,_Z,540,2018,4735310.25,,,,0
FCSA:DF_TRADE_COUNTRY_YR(5.1.0),AE,A,AED,FCSC,ANN_CNT,TNOEXP,_Z,_Z,540,2019,6362267.31,,,,0
FCSA:DF_TRADE_COUNTRY_YR(5.1.0),AE,A,AED,FCSC,ANN_CNT,TNOEXP,_Z,_Z,540,2020,31970279.86,,,,0
FCSA:DF_TRADE_COUNTRY_YR(5.1.0),AE,A,AED,FCSC,ANN_CNT,TNOEXP,_Z,_Z,540,2021,3430696.81,,,,0
FCSA:DF_TRADE_COUNTRY_YR(5.1.0),AE,A,AED,FCSC,ANN_CNT,TNOEXP,_Z,_Z,540,2022,2494068.90,,,,0
FCSA:DF_TRADE_COUNTRY_YR(5.1.0),AE,A,AED,FCSC,ANN_CNT,TNOEXP,_Z,_Z,540,2023,12487229.93,,,,0
FCSA:DF_TRADE_COUNTRY_YR(5.1.0),AE,A,AED,FCSC,ANN_CNT,TNOEXP,_Z,_Z,540,2024,4396655.99,,,,0
FCSA:DF_TRADE_COUNTRY_YR(5.1.0),AE,A,AED,FCSC,ANN_CNT,TNOEXP,_Z,_Z,426,2017,3334920.73,,,,0
FCSA:DF_TRADE_COUNTRY_YR(5.1.0),AE,A,AED,FCSC,ANN_CNT,TNOEXP,_Z,_Z,426,2018,5226401.20,,,,0
FCSA:DF_TRADE_COUNTRY_YR(5.1.0),AE,A,AED,FCSC,ANN_CNT,TNOEXP,_Z,_Z,426,2019,4020102.02,,,,0
FCSA:DF_TRADE_COUNTRY_YR(5.1.0),AE,A,AED,FCSC,ANN_CNT,TNOEXP,_Z,_Z,426,2020,2435601.32,,,,0
FCSA:DF_TRADE_COUNTRY_YR(5.1.0),AE,A,AED,FCSC,ANN_CNT,TNOEXP,_Z,_Z,426,2021,3406060.21,,,,0
FCSA:DF_TRADE_COUNTRY_YR(5.1.0),AE,A,AED,FCSC,ANN_CNT,TNOEXP,_Z,_Z,426,2022,8510648.33,,,,0
FCSA:DF_TRADE_COUNTRY_YR(5.1.0),AE,A,AED,FCSC,ANN_CNT,TNOEXP,_Z,_Z,426,2023,2875235.16,,,,0
FCSA:DF_TRADE_COUNTRY_YR(5.1.0),AE,A,AED,FCSC,ANN_CNT,TNOEXP,_Z,_Z,426,2024,2054625.19,,,,0
FCSA:DF_TRADE_COUNTRY_YR(5.1.0),AE,A,AED,FCSC,ANN_CNT,REEXP,_Z,_Z,10,2017,0.00,,,,0
FCSA:DF_TRADE_COUNTRY_YR(5.1.0),AE,A,AED,FCSC,ANN_CNT,REEXP,_Z,_Z,10,2018,0.00,,,,0
FCSA:DF_TRADE_COUNTRY_YR(5.1.0),AE,A,AED,FCSC,ANN_CNT,REEXP,_Z,_Z,10,2019,0.00,,,,0
FCSA:DF_TRADE_COUNTRY_YR(5.1.0),AE,A,AED,FCSC,ANN_CNT,REEXP,_Z,_Z,10,2020,194990.00,,,,0
FCSA:DF_TRADE_COUNTRY_YR(5.1.0),AE,A,AED,FCSC,ANN_CNT,REEXP,_Z,_Z,10,2021,0.00,,,,0
FCSA:DF_TRADE_COUNTRY_YR(5.1.0),AE,A,AED,FCSC,ANN_CNT,REEXP,_Z,_Z,10,2022,0.00,,,,0
FCSA:DF_TRADE_COUNTRY_YR(5.1.0),AE,A,AED,FCSC,ANN_CNT,REEXP,_Z,_Z,10,2023,0.00,,,,0
FCSA:DF_TRADE_COUNTRY_YR(5.1.0),AE,A,AED,FCSC,ANN_CNT,REEXP,_Z,_Z,10,2024,0.00,,,,0
FCSA:DF_TRADE_COUNTRY_YR(5.1.0),AE,A,AED,FCSC,ANN_CNT,TNOEXP,_Z,_Z,238,2018,80002.00,,,,0
FCSA:DF_TRADE_COUNTRY_YR(5.1.0),AE,A,AED,FCSC,ANN_CNT,TNOEXP,_Z,_Z,238,2019,0.00,,,,0
FCSA:DF_TRADE_COUNTRY_YR(5.1.0),AE,A,AED,FCSC,ANN_CNT,TNOEXP,_Z,_Z,238,2020,2583.28,,,,0
FCSA:DF_TRADE_COUNTRY_YR(5.1.0),AE,A,AED,FCSC,ANN_CNT,TNOEXP,_Z,_Z,238,2021,0.00,,,,0
FCSA:DF_TRADE_COUNTRY_YR(5.1.0),AE,A,AED,FCSC,ANN_CNT,TNOEXP,_Z,_Z,238,2022,11817.15,,,,0
FCSA:DF_TRADE_COUNTRY_YR(5.1.0),AE,A,AED,FCSC,ANN_CNT,TNOEXP,_Z,_Z,238,2023,2669.33,,,,0
FCSA:DF_TRADE_COUNTRY_YR(5.1.0),AE,A,AED,FCSC,ANN_CNT,TNOEXP,_Z,_Z,238,2024,0.00,,,,0
FCSA:DF_TRADE_COUNTRY_YR(5.1.0),AE,A,AED,FCSC,ANN_CNT,REEXP,_Z,_Z,352,2017,4019138.60,,,,0
FCSA:DF_TRADE_COUNTRY_YR(5.1.0),AE,A,AED,FCSC,ANN_CNT,REEXP,_Z,_Z,352,2018,7755045.89,,,,0
FCSA:DF_TRADE_COUNTRY_YR(5.1.0),AE,A,AED,FCSC,ANN_CNT,REEXP,_Z,_Z,352,2019,3417248.40,,,,0
FCSA:DF_TRADE_COUNTRY_YR(5.1.0),AE,A,AED,FCSC,ANN_CNT,REEXP,_Z,_Z,352,2020,3265893.03,,,,0
FCSA:DF_TRADE_COUNTRY_YR(5.1.0),AE,A,AED,FCSC,ANN_CNT,REEXP,_Z,_Z,352,2021,4503996.62,,,,0
FCSA:DF_TRADE_COUNTRY_YR(5.1.0),AE,A,AED,FCSC,ANN_CNT,REEXP,_Z,_Z,352,2022,4857591.66,,,,0
FCSA:DF_TRADE_COUNTRY_YR(5.1.0),AE,A,AED,FCSC,ANN_CNT,REEXP,_Z,_Z,352,2023,2987906.35,,,,0
FCSA:DF_TRADE_COUNTRY_YR(5.1.0),AE,A,AED,FCSC,ANN_CNT,REEXP,_Z,_Z,352,2024,2027616.09,,,,0
FCSA:DF_TRADE_COUNTRY_YR(5.1.0),AE,A,AED,FCSC,ANN_CNT,TNOEXP,_Z,_Z,92,2017,908252.40,,,,0
FCSA:DF_TRADE_COUNTRY_YR(5.1.0),AE,A,AED,FCSC,ANN_CNT,TNOEXP,_Z,_Z,92,2018,633014.71,,,,0
FCSA:DF_TRADE_COUNTRY_YR(5.1.0),AE,A,AED,FCSC,ANN_CNT,TNOEXP,_Z,_Z,92,2019,1074406.44,,,,0
FCSA:DF_TRADE_COUNTRY_YR(5.1.0),AE,A,AED,FCSC,ANN_CNT,TNOEXP,_Z,_Z,92,2020,77899840.45,,,,0
FCSA:DF_TRADE_COUNTRY_YR(5.1.0),AE,A,AED,FCSC,ANN_CNT,TNOEXP,_Z,_Z,92,2021,1353383.43,,,,0
FCSA:DF_TRADE_COUNTRY_YR(5.1.0),AE,A,AED,FCSC,ANN_CNT,TNOEXP,_Z,_Z,92,2022,508086.42,,,,0
FCSA:DF_TRADE_COUNTRY_YR(5.1.0),AE,A,AED,FCSC,ANN_CNT,TNOEXP,_Z,_Z,92,2023,2624214.60,,,,0
FCSA:DF_TRADE_COUNTRY_YR(5.1.0),AE,A,AED,FCSC,ANN_CNT,TNOEXP,_Z,_Z,92,2024,929573.12,,,,0
FCSA:DF_TRADE_COUNTRY_YR(5.1.0),AE,A,AED,FCSC,ANN_CNT,IMP,_Z,_Z,690,2017,1921791.52,,,,0
FCSA:DF_TRADE_COUNTRY_YR(5.1.0),AE,A,AED,FCSC,ANN_CNT,IMP,_Z,_Z,690,2018,3478583.04,,,,0
FCSA:DF_TRADE_COUNTRY_YR(5.1.0),AE,A,AED,FCSC,ANN_CNT,IMP,_Z,_Z,690,2019,2746016.57,,,,0
FCSA:DF_TRADE_COUNTRY_YR(5.1.0),AE,A,AED,FCSC,ANN_CNT,IMP,_Z,_Z,690,2020,5004015.69,,,,0
FCSA:DF_TRADE_COUNTRY_YR(5.1.0),AE,A,AED,FCSC,ANN_CNT,IMP,_Z,_Z,690,2021,6498638.87,,,,0
FCSA:DF_TRADE_COUNTRY_YR(5.1.0),AE,A,AED,FCSC,ANN_CNT,IMP,_Z,_Z,690,2022,10510232.92,,,,0
FCSA:DF_TRADE_COUNTRY_YR(5.1.0),AE,A,AED,FCSC,ANN_CNT,IMP,_Z,_Z,690,2023,15125370.17,,,,0
FCSA:DF_TRADE_COUNTRY_YR(5.1.0),AE,A,AED,FCSC,ANN_CNT,IMP,_Z,_Z,690,2024,29507370.39,,,,0
FCSA:DF_TRADE_COUNTRY_YR(5.1.0),AE,A,AED,FCSC,ANN_CNT,TTRADE,_Z,_Z,40,2017,4745394781.35,,,,0
FCSA:DF_TRADE_COUNTRY_YR(5.1.0),AE,A,AED,FCSC,ANN_CNT,TTRADE,_Z,_Z,40,2018,4830033634.32,,,,0
FCSA:DF_TRADE_COUNTRY_YR(5.1.0),AE,A,AED,FCSC,ANN_CNT,TTRADE,_Z,_Z,40,2019,4097473006.64,,,,0
FCSA:DF_TRADE_COUNTRY_YR(5.1.0),AE,A,AED,FCSC,ANN_CNT,TTRADE,_Z,_Z,40,2020,3777032363.02,,,,0
FCSA:DF_TRADE_COUNTRY_YR(5.1.0),AE,A,AED,FCSC,ANN_CNT,TTRADE,_Z,_Z,40,2021,4127309854.70,,,,0
FCSA:DF_TRADE_COUNTRY_YR(5.1.0),AE,A,AED,FCSC,ANN_CNT,TTRADE,_Z,_Z,40,2022,4259130924.49,,,,0
FCSA:DF_TRADE_COUNTRY_YR(5.1.0),AE,A,AED,FCSC,ANN_CNT,TTRADE,_Z,_Z,40,2023,5218330077.27,,,,0
FCSA:DF_TRADE_COUNTRY_YR(5.1.0),AE,A,AED,FCSC,ANN_CNT,TTRADE,_Z,_Z,40,2024,6608821487.81,,,,0
FCSA:DF_TRADE_COUNTRY_YR(5.1.0),AE,A,AED,FCSC,ANN_CNT,NOEXP,_Z,_Z,705,2017,22045350.94,,,,0
FCSA:DF_TRADE_COUNTRY_YR(5.1.0),AE,A,AED,FCSC,ANN_CNT,NOEXP,_Z,_Z,705,2018,71256179.34,,,,0
FCSA:DF_TRADE_COUNTRY_YR(5.1.0),AE,A,AED,FCSC,ANN_CNT,NOEXP,_Z,_Z,705,2019,51679821.01,,,,0
FCSA:DF_TRADE_COUNTRY_YR(5.1.0),AE,A,AED,FCSC,ANN_CNT,NOEXP,_Z,_Z,705,2020,50450846.88,,,,0
FCSA:DF_TRADE_COUNTRY_YR(5.1.0),AE,A,AED,FCSC,ANN_CNT,NOEXP,_Z,_Z,705,2021,58471966.80,,,,0
FCSA:DF_TRADE_COUNTRY_YR(5.1.0),AE,A,AED,FCSC,ANN_CNT,NOEXP,_Z,_Z,705,2022,107131430.66,,,,0
FCSA:DF_TRADE_COUNTRY_YR(5.1.0),AE,A,AED,FCSC,ANN_CNT,NOEXP,_Z,_Z,705,2023,338426221.36,,,,0
FCSA:DF_TRADE_COUNTRY_YR(5.1.0),AE,A,AED,FCSC,ANN_CNT,NOEXP,_Z,_Z,705,2024,19472365.79,,,,0
FCSA:DF_TRADE_COUNTRY_YR(5.1.0),AE,A,AED,FCSC,ANN_CNT,TNOEXP,_Z,_Z,659,2017,257497.98,,,,0
FCSA:DF_TRADE_COUNTRY_YR(5.1.0),AE,A,AED,FCSC,ANN_CNT,TNOEXP,_Z,_Z,659,2018,744670.25,,,,0
FCSA:DF_TRADE_COUNTRY_YR(5.1.0),AE,A,AED,FCSC,ANN_CNT,TNOEXP,_Z,_Z,659,2019,412994.28,,,,0
FCSA:DF_TRADE_COUNTRY_YR(5.1.0),AE,A,AED,FCSC,ANN_CNT,TNOEXP,_Z,_Z,659,2020,2100215.63,,,,0
FCSA:DF_TRADE_COUNTRY_YR(5.1.0),AE,A,AED,FCSC,ANN_CNT,TNOEXP,_Z,_Z,659,2021,1699985.34,,,,0
FCSA:DF_TRADE_COUNTRY_YR(5.1.0),AE,A,AED,FCSC,ANN_CNT,TNOEXP,_Z,_Z,659,2022,2149305.40,,,,0
FCSA:DF_TRADE_COUNTRY_YR(5.1.0),AE,A,AED,FCSC,ANN_CNT,TNOEXP,_Z,_Z,659,2023,8194683.30,,,,0
FCSA:DF_TRADE_COUNTRY_YR(5.1.0),AE,A,AED,FCSC,ANN_CNT,TNOEXP,_Z,_Z,659,2024,1235561.75,,,,0
FCSA:DF_TRADE_COUNTRY_YR(5.1.0),AE,A,AED,FCSC,ANN_CNT,TTRADE,_Z,_Z,408,2017,482717.45,,,,0
FCSA:DF_TRADE_COUNTRY_YR(5.1.0),AE,A,AED,FCSC,ANN_CNT,TTRADE,_Z,_Z,408,2018,3428777.18,,,,0
FCSA:DF_TRADE_COUNTRY_YR(5.1.0),AE,A,AED,FCSC,ANN_CNT,TTRADE,_Z,_Z,408,2019,20846989.05,,,,0
FCSA:DF_TRADE_COUNTRY_YR(5.1.0),AE,A,AED,FCSC,ANN_CNT,TTRADE,_Z,_Z,408,2020,3115663.05,,,,0
FCSA:DF_TRADE_COUNTRY_YR(5.1.0),AE,A,AED,FCSC,ANN_CNT,TTRADE,_Z,_Z,408,2021,22755124.27,,,,0
FCSA:DF_TRADE_COUNTRY_YR(5.1.0),AE,A,AED,FCSC,ANN_CNT,TTRADE,_Z,_Z,408,2022,765879.07,,,,0
FCSA:DF_TRADE_COUNTRY_YR(5.1.0),AE,A,AED,FCSC,ANN_CNT,TNOEXP,_Z,_Z,535,2023,862557.17,,,,0
FCSA:DF_TRADE_COUNTRY_YR(5.1.0),AE,A,AED,FCSC,ANN_CNT,TNOEXP,_Z,_Z,535,2024,985729.69,,,,0
FCSA:DF_TRADE_COUNTRY_YR(5.1.0),AE,A,AED,FCSC,ANN_CNT,REEXP,_Z,_Z,484,2017,156303388.08,,,,0
FCSA:DF_TRADE_COUNTRY_YR(5.1.0),AE,A,AED,FCSC,ANN_CNT,REEXP,_Z,_Z,484,2018,72372727.22,,,,0
FCSA:DF_TRADE_COUNTRY_YR(5.1.0),AE,A,AED,FCSC,ANN_CNT,REEXP,_Z,_Z,484,2019,173730737.23,,,,0
FCSA:DF_TRADE_COUNTRY_YR(5.1.0),AE,A,AED,FCSC,ANN_CNT,REEXP,_Z,_Z,484,2020,221148515.16,,,,0
FCSA:DF_TRADE_COUNTRY_YR(5.1.0),AE,A,AED,FCSC,ANN_CNT,REEXP,_Z,_Z,484,2021,264049511.89,,,,0
FCSA:DF_TRADE_COUNTRY_YR(5.1.0),AE,A,AED,FCSC,ANN_CNT,REEXP,_Z,_Z,484,2022,349606842.82,,,,0
FCSA:DF_TRADE_COUNTRY_YR(5.1.0),AE,A,AED,FCSC,ANN_CNT,REEXP,_Z,_Z,484,2023,527722902.42,,,,0
FCSA:DF_TRADE_COUNTRY_YR(5.1.0),AE,A,AED,FCSC,ANN_CNT,REEXP,_Z,_Z,484,2024,319634622.76,,,,0
FCSA:DF_TRADE_COUNTRY_YR(5.1.0),AE,A,AED,FCSC,ANN_CNT,NOEXP,_Z,_Z,8,2017,22399338.55,,,,0
FCSA:DF_TRADE_COUNTRY_YR(5.1.0),AE,A,AED,FCSC,ANN_CNT,NOEXP,_Z,_Z,8,2018,18614776.36,,,,0
FCSA:DF_TRADE_COUNTRY_YR(5.1.0),AE,A,AED,FCSC,ANN_CNT,NOEXP,_Z,_Z,8,2019,19221562.88,,,,0
FCSA:DF_TRADE_COUNTRY_YR(5.1.0),AE,A,AED,FCSC,ANN_CNT,NOEXP,_Z,_Z,8,2020,12550646.36,,,,0
FCSA:DF_TRADE_COUNTRY_YR(5.1.0),AE,A,AED,FCSC,ANN_CNT,NOEXP,_Z,_Z,8,2021,36018447.74,,,,0
FCSA:DF_TRADE_COUNTRY_YR(5.1.0),AE,A,AED,FCSC,ANN_CNT,NOEXP,_Z,_Z,8,2022,24156407.00,,,,0
FCSA:DF_TRADE_COUNTRY_YR(5.1.0),AE,A,AED,FCSC,ANN_CNT,NOEXP,_Z,_Z,8,2023,49981970.56,,,,0
FCSA:DF_TRADE_COUNTRY_YR(5.1.0),AE,A,AED,FCSC,ANN_CNT,NOEXP,_Z,_Z,8,2024,377263540.22,,,,0
FCSA:DF_TRADE_COUNTRY_YR(5.1.0),AE,A,AED,FCSC,ANN_CNT,TTRADE,_Z,_Z,660,2017,490191.00,,,,0
FCSA:DF_TRADE_COUNTRY_YR(5.1.0),AE,A,AED,FCSC,ANN_CNT,TTRADE,_Z,_Z,660,2018,248059.12,,,,0
FCSA:DF_TRADE_COUNTRY_YR(5.1.0),AE,A,AED,FCSC,ANN_CNT,TTRADE,_Z,_Z,660,2019,262833.00,,,,0
FCSA:DF_TRADE_COUNTRY_YR(5.1.0),AE,A,AED,FCSC,ANN_CNT,TTRADE,_Z,_Z,660,2020,51280.82,,,,0
FCSA:DF_TRADE_COUNTRY_YR(5.1.0),AE,A,AED,FCSC,ANN_CNT,TTRADE,_Z,_Z,660,2021,491247.28,,,,0
FCSA:DF_TRADE_COUNTRY_YR(5.1.0),AE,A,AED,FCSC,ANN_CNT,TTRADE,_Z,_Z,660,2022,335052.60,,,,0
FCSA:DF_TRADE_COUNTRY_YR(5.1.0),AE,A,AED,FCSC,ANN_CNT,TTRADE,_Z,_Z,660,2023,2393757.96,,,,0
FCSA:DF_TRADE_COUNTRY_YR(5.1.0),AE,A,AED,FCSC,ANN_CNT,TTRADE,_Z,_Z,660,2024,2424591.00,,,,0
FCSA:DF_TRADE_COUNTRY_YR(5.1.0),AE,A,AED,FCSC,ANN_CNT,TTRADE,_Z,_Z,548,2017,619473.20,,,,0
FCSA:DF_TRADE_COUNTRY_YR(5.1.0),AE,A,AED,FCSC,ANN_CNT,TTRADE,_Z,_Z,548,2018,906194.21,,,,0
FCSA:DF_TRADE_COUNTRY_YR(5.1.0),AE,A,AED,FCSC,ANN_CNT,TTRADE,_Z,_Z,548,2019,1659833.66,,,,0
FCSA:DF_TRADE_COUNTRY_YR(5.1.0),AE,A,AED,FCSC,ANN_CNT,TTRADE,_Z,_Z,548,2020,890839.35,,,,0
FCSA:DF_TRADE_COUNTRY_YR(5.1.0),AE,A,AED,FCSC,ANN_CNT,TTRADE,_Z,_Z,548,2021,1768628.31,,,,0
FCSA:DF_TRADE_COUNTRY_YR(5.1.0),AE,A,AED,FCSC,ANN_CNT,TTRADE,_Z,_Z,548,2022,2197398.09,,,,0
FCSA:DF_TRADE_COUNTRY_YR(5.1.0),AE,A,AED,FCSC,ANN_CNT,TTRADE,_Z,_Z,548,2023,1761037.05,,,,0
FCSA:DF_TRADE_COUNTRY_YR(5.1.0),AE,A,AED,FCSC,ANN_CNT,TTRADE,_Z,_Z,548,2024,2745329.33,,,,0
FCSA:DF_TRADE_COUNTRY_YR(5.1.0),AE,A,AED,FCSC,ANN_CNT,IMP,_Z,_Z,566,2017,2232981624.69,,,,0
FCSA:DF_TRADE_COUNTRY_YR(5.1.0),AE,A,AED,FCSC,ANN_CNT,IMP,_Z,_Z,566,2018,2274703976.61,,,,0
FCSA:DF_TRADE_COUNTRY_YR(5.1.0),AE,A,AED,FCSC,ANN_CNT,IMP,_Z,_Z,566,2019,1365100157.99,,,,0
FCSA:DF_TRADE_COUNTRY_YR(5.1.0),AE,A,AED,FCSC,ANN_CNT,IMP,_Z,_Z,566,2020,1165059297.88,,,,0
FCSA:DF_TRADE_COUNTRY_YR(5.1.0),AE,A,AED,FCSC,ANN_CNT,IMP,_Z,_Z,566,2021,876709150.06,,,,0
FCSA:DF_TRADE_COUNTRY_YR(5.1.0),AE,A,AED,FCSC,ANN_CNT,IMP,_Z,_Z,566,2022,2020243012.83,,,,0
FCSA:DF_TRADE_COUNTRY_YR(5.1.0),AE,A,AED,FCSC,ANN_CNT,IMP,_Z,_Z,566,2023,4850410681.50,,,,0
FCSA:DF_TRADE_COUNTRY_YR(5.1.0),AE,A,AED,FCSC,ANN_CNT,IMP,_Z,_Z,566,2024,10424454365.52,,,,0
FCSA:DF_TRADE_COUNTRY_YR(5.1.0),AE,A,AED,FCSC,ANN_CNT,REEXP,_Z,_Z,450,2017,399817156.92,,,,0
FCSA:DF_TRADE_COUNTRY_YR(5.1.0),AE,A,AED,FCSC,ANN_CNT,REEXP,_Z,_Z,450,2018,420132951.31,,,,0
FCSA:DF_TRADE_COUNTRY_YR(5.1.0),AE,A,AED,FCSC,ANN_CNT,REEXP,_Z,_Z,450,2019,418104503.58,,,,0
FCSA:DF_TRADE_COUNTRY_YR(5.1.0),AE,A,AED,FCSC,ANN_CNT,REEXP,_Z,_Z,450,2020,278982123.27,,,,0
FCSA:DF_TRADE_COUNTRY_YR(5.1.0),AE,A,AED,FCSC,ANN_CNT,REEXP,_Z,_Z,450,2021,186120699.86,,,,0
FCSA:DF_TRADE_COUNTRY_YR(5.1.0),AE,A,AED,FCSC,ANN_CNT,REEXP,_Z,_Z,450,2022,242785160.73,,,,0
FCSA:DF_TRADE_COUNTRY_YR(5.1.0),AE,A,AED,FCSC,ANN_CNT,REEXP,_Z,_Z,450,2023,177436788.71,,,,0
FCSA:DF_TRADE_COUNTRY_YR(5.1.0),AE,A,AED,FCSC,ANN_CNT,REEXP,_Z,_Z,450,2024,282777106.13,,,,0
FCSA:DF_TRADE_COUNTRY_YR(5.1.0),AE,A,AED,FCSC,ANN_CNT,NOEXP,_Z,_Z,604,2017,93120502.56,,,,0
FCSA:DF_TRADE_COUNTRY_YR(5.1.0),AE,A,AED,FCSC,ANN_CNT,NOEXP,_Z,_Z,604,2018,92240805.14,,,,0
FCSA:DF_TRADE_COUNTRY_YR(5.1.0),AE,A,AED,FCSC,ANN_CNT,NOEXP,_Z,_Z,604,2019,101162217.86,,,,0
FCSA:DF_TRADE_COUNTRY_YR(5.1.0),AE,A,AED,FCSC,ANN_CNT,NOEXP,_Z,_Z,604,2020,149939927.51,,,,0
FCSA:DF_TRADE_COUNTRY_YR(5.1.0),AE,A,AED,FCSC,ANN_CNT,NOEXP,_Z,_Z,604,2021,177586446.17,,,,0
FCSA:DF_TRADE_COUNTRY_YR(5.1.0),AE,A,AED,FCSC,ANN_CNT,NOEXP,_Z,_Z,604,2022,144697782.99,,,,0
FCSA:DF_TRADE_COUNTRY_YR(5.1.0),AE,A,AED,FCSC,ANN_CNT,NOEXP,_Z,_Z,604,2023,152041899.98,,,,0
FCSA:DF_TRADE_COUNTRY_YR(5.1.0),AE,A,AED,FCSC,ANN_CNT,NOEXP,_Z,_Z,604,2024,88565233.42,,,,0
FCSA:DF_TRADE_COUNTRY_YR(5.1.0),AE,A,AED,FCSC,ANN_CNT,IMP,_Z,_Z,84,2017,532993.76,,,,0
FCSA:DF_TRADE_COUNTRY_YR(5.1.0),AE,A,AED,FCSC,ANN_CNT,IMP,_Z,_Z,84,2018,2327279.90,,,,0
FCSA:DF_TRADE_COUNTRY_YR(5.1.0),AE,A,AED,FCSC,ANN_CNT,IMP,_Z,_Z,84,2019,6672110.98,,,,0
FCSA:DF_TRADE_COUNTRY_YR(5.1.0),AE,A,AED,FCSC,ANN_CNT,IMP,_Z,_Z,84,2020,6056272.57,,,,0
FCSA:DF_TRADE_COUNTRY_YR(5.1.0),AE,A,AED,FCSC,ANN_CNT,IMP,_Z,_Z,84,2021,9921036.88,,,,0
FCSA:DF_TRADE_COUNTRY_YR(5.1.0),AE,A,AED,FCSC,ANN_CNT,IMP,_Z,_Z,84,2022,3149846.28,,,,0
FCSA:DF_TRADE_COUNTRY_YR(5.1.0),AE,A,AED,FCSC,ANN_CNT,IMP,_Z,_Z,84,2023,969074.73,,,,0
FCSA:DF_TRADE_COUNTRY_YR(5.1.0),AE,A,AED,FCSC,ANN_CNT,IMP,_Z,_Z,84,2024,83707.25,,,,0
FCSA:DF_TRADE_COUNTRY_YR(5.1.0),AE,A,AED,FCSC,ANN_CNT,TTRADE,_Z,_Z,100,2017,2054263271.01,,,,0
FCSA:DF_TRADE_COUNTRY_YR(5.1.0),AE,A,AED,FCSC,ANN_CNT,TTRADE,_Z,_Z,100,2018,1248923065.73,,,,0
FCSA:DF_TRADE_COUNTRY_YR(5.1.0),AE,A,AED,FCSC,ANN_CNT,TTRADE,_Z,_Z,100,2019,735547546.25,,,,0
FCSA:DF_TRADE_COUNTRY_YR(5.1.0),AE,A,AED,FCSC,ANN_CNT,TTRADE,_Z,_Z,100,2020,578829761.27,,,,0
FCSA:DF_TRADE_COUNTRY_YR(5.1.0),AE,A,AED,FCSC,ANN_CNT,TTRADE,_Z,_Z,100,2021,692340954.35,,,,0
FCSA:DF_TRADE_COUNTRY_YR(5.1.0),AE,A,AED,FCSC,ANN_CNT,TTRADE,_Z,_Z,100,2022,904404425.87,,,,0
FCSA:DF_TRADE_COUNTRY_YR(5.1.0),AE,A,AED,FCSC,ANN_CNT,TTRADE,_Z,_Z,100,2023,867146902.38,,,,0
FCSA:DF_TRADE_COUNTRY_YR(5.1.0),AE,A,AED,FCSC,ANN_CNT,TTRADE,_Z,_Z,100,2024,813449374.95,,,,0
FCSA:DF_TRADE_COUNTRY_YR(5.1.0),AE,A,AED,FCSC,ANN_CNT,NOEXP,_Z,_Z,678,2017,490809.61,,,,0
FCSA:DF_TRADE_COUNTRY_YR(5.1.0),AE,A,AED,FCSC,ANN_CNT,NOEXP,_Z,_Z,678,2018,1960192.47,,,,0
FCSA:DF_TRADE_COUNTRY_YR(5.1.0),AE,A,AED,FCSC,ANN_CNT,NOEXP,_Z,_Z,678,2019,1001338.77,,,,0
FCSA:DF_TRADE_COUNTRY_YR(5.1.0),AE,A,AED,FCSC,ANN_CNT,NOEXP,_Z,_Z,678,2020,861280.96,,,,0
FCSA:DF_TRADE_COUNTRY_YR(5.1.0),AE,A,AED,FCSC,ANN_CNT,NOEXP,_Z,_Z,678,2021,1006584.20,,,,0
FCSA:DF_TRADE_COUNTRY_YR(5.1.0),AE,A,AED,FCSC,ANN_CNT,NOEXP,_Z,_Z,678,2022,811256.12,,,,0
FCSA:DF_TRADE_COUNTRY_YR(5.1.0),AE,A,AED,FCSC,ANN_CNT,NOEXP,_Z,_Z,678,2023,1651496.24,,,,0
FCSA:DF_TRADE_COUNTRY_YR(5.1.0),AE,A,AED,FCSC,ANN_CNT,NOEXP,_Z,_Z,678,2024,1435876.12,,,,0
FCSA:DF_TRADE_COUNTRY_YR(5.1.0),AE,A,AED,FCSC,ANN_CNT,NOEXP,_Z,_Z,376,2020,17049445.07,,,,0
FCSA:DF_TRADE_COUNTRY_YR(5.1.0),AE,A,AED,FCSC,ANN_CNT,NOEXP,_Z,_Z,376,2021,756753110.39,,,,0
FCSA:DF_TRADE_COUNTRY_YR(5.1.0),AE,A,AED,FCSC,ANN_CNT,NOEXP,_Z,_Z,376,2022,1128374792.42,,,,0
FCSA:DF_TRADE_COUNTRY_YR(5.1.0),AE,A,AED,FCSC,ANN_CNT,NOEXP,_Z,_Z,376,2023,1372120854.61,,,,0
FCSA:DF_TRADE_COUNTRY_YR(5.1.0),AE,A,AED,FCSC,ANN_CNT,NOEXP,_Z,_Z,376,2024,1266072642.99,,,,0
FCSA:DF_TRADE_COUNTRY_YR(5.1.0),AE,A,AED,FCSC,ANN_CNT,REEXP,_Z,_Z,175,2017,36627033.06,,,,0
FCSA:DF_TRADE_COUNTRY_YR(5.1.0),AE,A,AED,FCSC,ANN_CNT,REEXP,_Z,_Z,175,2018,40037518.45,,,,0
FCSA:DF_TRADE_COUNTRY_YR(5.1.0),AE,A,AED,FCSC,ANN_CNT,REEXP,_Z,_Z,175,2019,40408012.00,,,,0
FCSA:DF_TRADE_COUNTRY_YR(5.1.0),AE,A,AED,FCSC,ANN_CNT,REEXP,_Z,_Z,175,2020,39334317.69,,,,0
FCSA:DF_TRADE_COUNTRY_YR(5.1.0),AE,A,AED,FCSC,ANN_CNT,REEXP,_Z,_Z,175,2021,70708473.71,,,,0
FCSA:DF_TRADE_COUNTRY_YR(5.1.0),AE,A,AED,FCSC,ANN_CNT,REEXP,_Z,_Z,175,2022,145619704.36,,,,0
FCSA:DF_TRADE_COUNTRY_YR(5.1.0),AE,A,AED,FCSC,ANN_CNT,REEXP,_Z,_Z,175,2023,143536185.36,,,,0
FCSA:DF_TRADE_COUNTRY_YR(5.1.0),AE,A,AED,FCSC,ANN_CNT,REEXP,_Z,_Z,175,2024,168153359.71,,,,0
FCSA:DF_TRADE_COUNTRY_YR(5.1.0),AE,A,AED,FCSC,ANN_CNT,TNOEXP,_Z,_Z,600,2017,71242682.94,,,,0
FCSA:DF_TRADE_COUNTRY_YR(5.1.0),AE,A,AED,FCSC,ANN_CNT,TNOEXP,_Z,_Z,600,2018,86987090.28,,,,0
FCSA:DF_TRADE_COUNTRY_YR(5.1.0),AE,A,AED,FCSC,ANN_CNT,TNOEXP,_Z,_Z,600,2019,23381747.72,,,,0
FCSA:DF_TRADE_COUNTRY_YR(5.1.0),AE,A,AED,FCSC,ANN_CNT,TNOEXP,_Z,_Z,600,2020,23175689.07,,,,0
FCSA:DF_TRADE_COUNTRY_YR(5.1.0),AE,A,AED,FCSC,ANN_CNT,TNOEXP,_Z,_Z,600,2021,105558683.10,,,,0
FCSA:DF_TRADE_COUNTRY_YR(5.1.0),AE,A,AED,FCSC,ANN_CNT,TNOEXP,_Z,_Z,600,2022,53963838.82,,,,0
FCSA:DF_TRADE_COUNTRY_YR(5.1.0),AE,A,AED,FCSC,ANN_CNT,TNOEXP,_Z,_Z,600,2023,77888439.03,,,,0
FCSA:DF_TRADE_COUNTRY_YR(5.1.0),AE,A,AED,FCSC,ANN_CNT,TNOEXP,_Z,_Z,600,2024,135407738.30,,,,0
FCSA:DF_TRADE_COUNTRY_YR(5.1.0),AE,A,AED,FCSC,ANN_CNT,IMP,_Z,_Z,188,2017,60260222.86,,,,0
FCSA:DF_TRADE_COUNTRY_YR(5.1.0),AE,A,AED,FCSC,ANN_CNT,IMP,_Z,_Z,188,2018,68714847.81,,,,0
FCSA:DF_TRADE_COUNTRY_YR(5.1.0),AE,A,AED,FCSC,ANN_CNT,IMP,_Z,_Z,188,2019,76665909.14,,,,0
FCSA:DF_TRADE_COUNTRY_YR(5.1.0),AE,A,AED,FCSC,ANN_CNT,IMP,_Z,_Z,188,2020,98087016.34,,,,0
FCSA:DF_TRADE_COUNTRY_YR(5.1.0),AE,A,AED,FCSC,ANN_CNT,IMP,_Z,_Z,188,2021,132495403.50,,,,0
FCSA:DF_TRADE_COUNTRY_YR(5.1.0),AE,A,AED,FCSC,ANN_CNT,IMP,_Z,_Z,188,2022,162497210.45,,,,0
FCSA:DF_TRADE_COUNTRY_YR(5.1.0),AE,A,AED,FCSC,ANN_CNT,IMP,_Z,_Z,188,2023,170027808.02,,,,0
FCSA:DF_TRADE_COUNTRY_YR(5.1.0),AE,A,AED,FCSC,ANN_CNT,IMP,_Z,_Z,188,2024,231527596.02,,,,0
FCSA:DF_TRADE_COUNTRY_YR(5.1.0),AE,A,AED,FCSC,ANN_CNT,TTRADE,_Z,_Z,500,2017,882451.44,,,,0
FCSA:DF_TRADE_COUNTRY_YR(5.1.0),AE,A,AED,FCSC,ANN_CNT,TTRADE,_Z,_Z,500,2018,1043312.52,,,,0
FCSA:DF_TRADE_COUNTRY_YR(5.1.0),AE,A,AED,FCSC,ANN_CNT,TTRADE,_Z,_Z,500,2019,24101.02,,,,0
FCSA:DF_TRADE_COUNTRY_YR(5.1.0),AE,A,AED,FCSC,ANN_CNT,TTRADE,_Z,_Z,500,2020,68758.71,,,,0
FCSA:DF_TRADE_COUNTRY_YR(5.1.0),AE,A,AED,FCSC,ANN_CNT,TTRADE,_Z,_Z,500,2021,92821.09,,,,0
FCSA:DF_TRADE_COUNTRY_YR(5.1.0),AE,A,AED,FCSC,ANN_CNT,TTRADE,_Z,_Z,500,2022,543044.00,,,,0
FCSA:DF_TRADE_COUNTRY_YR(5.1.0),AE,A,AED,FCSC,ANN_CNT,TTRADE,_Z,_Z,500,2023,455064.95,,,,0
FCSA:DF_TRADE_COUNTRY_YR(5.1.0),AE,A,AED,FCSC,ANN_CNT,TTRADE,_Z,_Z,500,2024,79332.88,,,,0
FCSA:DF_TRADE_COUNTRY_YR(5.1.0),AE,A,AED,FCSC,ANN_CNT,TTRADE,_Z,_Z,682,2017,79203783370.22,,,,0
FCSA:DF_TRADE_COUNTRY_YR(5.1.0),AE,A,AED,FCSC,ANN_CNT,TTRADE,_Z,_Z,682,2018,107418426458.17,,,,0
FCSA:DF_TRADE_COUNTRY_YR(5.1.0),AE,A,AED,FCSC,ANN_CNT,TTRADE,_Z,_Z,682,2019,113255218806.50,,,,0
FCSA:DF_TRADE_COUNTRY_YR(5.1.0),AE,A,AED,FCSC,ANN_CNT,TTRADE,_Z,_Z,682,2020,103918985824.41,,,,0
FCSA:DF_TRADE_COUNTRY_YR(5.1.0),AE,A,AED,FCSC,ANN_CNT,TTRADE,_Z,_Z,682,2021,124653092200.19,,,,0
FCSA:DF_TRADE_COUNTRY_YR(5.1.0),AE,A,AED,FCSC,ANN_CNT,TTRADE,_Z,_Z,682,2022,137510646394.75,,,,0
FCSA:DF_TRADE_COUNTRY_YR(5.1.0),AE,A,AED,FCSC,ANN_CNT,TTRADE,_Z,_Z,682,2023,137112304659.56,,,,0
FCSA:DF_TRADE_COUNTRY_YR(5.1.0),AE,A,AED,FCSC,ANN_CNT,TTRADE,_Z,_Z,682,2024,151475880226.47,,,,0
FCSA:DF_TRADE_COUNTRY_YR(5.1.0),AE,A,AED,FCSC,ANN_CNT,TNOEXP,_Z,_Z,499,2017,74987861.09,,,,0
FCSA:DF_TRADE_COUNTRY_YR(5.1.0),AE,A,AED,FCSC,ANN_CNT,TNOEXP,_Z,_Z,499,2018,106982429.77,,,,0
FCSA:DF_TRADE_COUNTRY_YR(5.1.0),AE,A,AED,FCSC,ANN_CNT,TNOEXP,_Z,_Z,499,2019,148883154.64,,,,0
FCSA:DF_TRADE_COUNTRY_YR(5.1.0),AE,A,AED,FCSC,ANN_CNT,TNOEXP,_Z,_Z,499,2020,111503603.88,,,,0
FCSA:DF_TRADE_COUNTRY_YR(5.1.0),AE,A,AED,FCSC,ANN_CNT,TNOEXP,_Z,_Z,499,2021,98251571.62,,,,0
FCSA:DF_TRADE_COUNTRY_YR(5.1.0),AE,A,AED,FCSC,ANN_CNT,TNOEXP,_Z,_Z,499,2022,37469609.43,,,,0
FCSA:DF_TRADE_COUNTRY_YR(5.1.0),AE,A,AED,FCSC,ANN_CNT,TNOEXP,_Z,_Z,499,2023,224244580.44,,,,0
FCSA:DF_TRADE_COUNTRY_YR(5.1.0),AE,A,AED,FCSC,ANN_CNT,TNOEXP,_Z,_Z,499,2024,87234733.21,,,,0
FCSA:DF_TRADE_COUNTRY_YR(5.1.0),AE,A,AED,FCSC,ANN_CNT,TNOEXP,_Z,_Z,64,2017,34298563.43,,,,0
FCSA:DF_TRADE_COUNTRY_YR(5.1.0),AE,A,AED,FCSC,ANN_CNT,TNOEXP,_Z,_Z,64,2018,35225167.95,,,,0
FCSA:DF_TRADE_COUNTRY_YR(5.1.0),AE,A,AED,FCSC,ANN_CNT,TNOEXP,_Z,_Z,64,2019,43636241.85,,,,0
FCSA:DF_TRADE_COUNTRY_YR(5.1.0),AE,A,AED,FCSC,ANN_CNT,TNOEXP,_Z,_Z,64,2020,34595439.76,,,,0
FCSA:DF_TRADE_COUNTRY_YR(5.1.0),AE,A,AED,FCSC,ANN_CNT,TNOEXP,_Z,_Z,64,2021,44443293.37,,,,0
FCSA:DF_TRADE_COUNTRY_YR(5.1.0),AE,A,AED,FCSC,ANN_CNT,TNOEXP,_Z,_Z,64,2022,36815683.57,,,,0
FCSA:DF_TRADE_COUNTRY_YR(5.1.0),AE,A,AED,FCSC,ANN_CNT,TNOEXP,_Z,_Z,64,2023,17259699.33,,,,0
FCSA:DF_TRADE_COUNTRY_YR(5.1.0),AE,A,AED,FCSC,ANN_CNT,TNOEXP,_Z,_Z,64,2024,17919840.35,,,,0
