DATAFLOW,REF_AREA,FREQ,UNIT_MEASURE,SOURCE_DETAIL,MEASURE,TRADE_TYPE,HS_SECTION,HS_CHAPTER,COUNTRY,TIME_PERIOD,OBS_VALUE,OBS_STATUS,UNIT_MULT,OBS_COMMENT,DECIMALS
FCSA:DF_TRADE_TOT_CHAP_YR(5.1.0),AE,A,AED,FCSC,ANN_CHAP,NOEXP,_Z,53,_Z,2017,37480.00,,,,0
FCSA:DF_TRADE_TOT_CHAP_YR(5.1.0),AE,A,AED,FCSC,ANN_CHAP,NOEXP,_Z,53,_Z,2018,22190.67,,,,0
FCSA:DF_TRADE_TOT_CHAP_YR(5.1.0),AE,A,AED,FCSC,ANN_CHAP,NOEXP,_Z,53,_Z,2019,0.00,,,,0
FCSA:DF_TRADE_TOT_CHAP_YR(5.1.0),AE,A,AED,FCSC,ANN_CHAP,NOEXP,_Z,53,_Z,2020,39022.30,,,,0
FCSA:DF_TRADE_TOT_CHAP_YR(5.1.0),AE,A,AED,FCSC,ANN_CHAP,NOEXP,_Z,53,_Z,2021,118397.05,,,,0
FCSA:DF_TRADE_TOT_CHAP_YR(5.1.0),AE,A,AED,FCSC,ANN_CHAP,NOEXP,_Z,53,_Z,2022,328167.75,,,,0
FCSA:DF_TRADE_TOT_CHAP_YR(5.1.0),AE,A,AED,FCSC,ANN_CHAP,NOEXP,_Z,53,_Z,2023,406143.95,,,,0
FCSA:DF_TRADE_TOT_CHAP_YR(5.1.0),AE,A,AED,FCSC,ANN_CHAP,NOEXP,_Z,53,_Z,2024,704139.11,,,,0
FCSA:DF_TRADE_TOT_CHAP_YR(5.1.0),AE,A,AED,FCSC,ANN_CHAP,TTRADE,_Z,67,_Z,2017,191707250.62,,,,0
FCSA:DF_TRADE_TOT_CHAP_YR(5.1.0),AE,A,AED,FCSC,ANN_CHAP,TTRADE,_Z,67,_Z,2018,184525130.60,,,,0
FCSA:DF_TRADE_TOT_CHAP_YR(5.1.0),AE,A,AED,FCSC,ANN_CHAP,TTRADE,_Z,67,_Z,2019,214424239.11,,,,0
FCSA:DF_TRADE_TOT_CHAP_YR(5.1.0),AE,A,AED,FCSC,ANN_CHAP,TTRADE,_Z,67,_Z,2020,204442135.71,,,,0
FCSA:DF_TRADE_TOT_CHAP_YR(5.1.0),AE,A,AED,FCSC,ANN_CHAP,TTRADE,_Z,67,_Z,2021,237349177.60,,,,0
FCSA:DF_TRADE_TOT_CHAP_YR(5.1.0),AE,A,AED,FCSC,ANN_CHAP,TTRADE,_Z,67,_Z,2022,250164292.47,,,,0
FCSA:DF_TRADE_TOT_CHAP_YR(5.1.0),AE,A,AED,FCSC,ANN_CHAP,TTRADE,_Z,67,_Z,2023,232952445.60,,,,0
FCSA:DF_TRADE_TOT_CHAP_YR(5.1.0),AE,A,AED,FCSC,ANN_CHAP,TTRADE,_Z,67,_Z,2024,264155242.40,,,,0
FCSA:DF_TRADE_TOT_CHAP_YR(5.1.0),AE,A,AED,FCSC,ANN_CHAP,NOEXP,_Z,70,_Z,2017,1283461787.14,,,,0
FCSA:DF_TRADE_TOT_CHAP_YR(5.1.0),AE,A,AED,FCSC,ANN_CHAP,NOEXP,_Z,70,_Z,2018,1673105889.08,,,,0
FCSA:DF_TRADE_TOT_CHAP_YR(5.1.0),AE,A,AED,FCSC,ANN_CHAP,NOEXP,_Z,70,_Z,2019,1744281465.22,,,,0
FCSA:DF_TRADE_TOT_CHAP_YR(5.1.0),AE,A,AED,FCSC,ANN_CHAP,NOEXP,_Z,70,_Z,2020,1287839519.67,,,,0
FCSA:DF_TRADE_TOT_CHAP_YR(5.1.0),AE,A,AED,FCSC,ANN_CHAP,NOEXP,_Z,70,_Z,2021,1835919850.47,,,,0
FCSA:DF_TRADE_TOT_CHAP_YR(5.1.0),AE,A,AED,FCSC,ANN_CHAP,NOEXP,_Z,70,_Z,2022,2061481576.64,,,,0
FCSA:DF_TRADE_TOT_CHAP_YR(5.1.0),AE,A,AED,FCSC,ANN_CHAP,NOEXP,_Z,70,_Z,2023,1947958236.15,,,,0
FCSA:DF_TRADE_TOT_CHAP_YR(5.1.0),AE,A,AED,FCSC,ANN_CHAP,NOEXP,_Z,70,_Z,2024,1328864755.38,,,,0
FCSA:DF_TRADE_TOT_CHAP_YR(5.1.0),AE,A,AED,FCSC,ANN_CHAP,TNOEXP,_Z,46,_Z,2017,49582091.22,,,,0
FCSA:DF_TRADE_TOT_CHAP_YR(5.1.0),AE,A,AED,FCSC,ANN_CHAP,TNOEXP,_Z,46,_Z,2018,50978618.48,,,,0
FCSA:DF_TRADE_TOT_CHAP_YR(5.1.0),AE,A,AED,FCSC,ANN_CHAP,TNOEXP,_Z,46,_Z,2019,83079560.14,,,,0
FCSA:DF_TRADE_TOT_CHAP_YR(5.1.0),AE,A,AED,FCSC,ANN_CHAP,TNOEXP,_Z,46,_Z,2020,133017126.18,,,,0
FCSA:DF_TRADE_TOT_CHAP_YR(5.1.0),AE,A,AED,FCSC,ANN_CHAP,TNOEXP,_Z,46,_Z,2021,172895433.89,,,,0
FCSA:DF_TRADE_TOT_CHAP_YR(5.1.0),AE,A,AED,FCSC,ANN_CHAP,TNOEXP,_Z,46,_Z,2022,160923168.56,,,,0
FCSA:DF_TRADE_TOT_CHAP_YR(5.1.0),AE,A,AED,FCSC,ANN_CHAP,TNOEXP,_Z,46,_Z,2023,209997277.46,,,,0
FCSA:DF_TRADE_TOT_CHAP_YR(5.1.0),AE,A,AED,FCSC,ANN_CHAP,TNOEXP,_Z,46,_Z,2024,159513723.78,,,,0
FCSA:DF_TRADE_TOT_CHAP_YR(5.1.0),AE,A,AED,FCSC,ANN_CHAP,TTRADE,_Z,84,_Z,2017,173225823169.81,,,,0
FCSA:DF_TRADE_TOT_CHAP_YR(5.1.0),AE,A,AED,FCSC,ANN_CHAP,TTRADE,_Z,84,_Z,2018,169757045329.43,,,,0
FCSA:DF_TRADE_TOT_CHAP_YR(5.1.0),AE,A,AED,FCSC,ANN_CHAP,TTRADE,_Z,84,_Z,2019,171830705980.11,,,,0
FCSA:DF_TRADE_TOT_CHAP_YR(5.1.0),AE,A,AED,FCSC,ANN_CHAP,TTRADE,_Z,84,_Z,2020,160320900716.74,,,,0
FCSA:DF_TRADE_TOT_CHAP_YR(5.1.0),AE,A,AED,FCSC,ANN_CHAP,TTRADE,_Z,84,_Z,2021,173347007824.56,,,,0
FCSA:DF_TRADE_TOT_CHAP_YR(5.1.0),AE,A,AED,FCSC,ANN_CHAP,TTRADE,_Z,84,_Z,2022,208326161280.35,,,,0
FCSA:DF_TRADE_TOT_CHAP_YR(5.1.0),AE,A,AED,FCSC,ANN_CHAP,TTRADE,_Z,84,_Z,2023,239347023124.22,,,,0
FCSA:DF_TRADE_TOT_CHAP_YR(5.1.0),AE,A,AED,FCSC,ANN_CHAP,TTRADE,_Z,84,_Z,2024,269282480310.76,,,,0
FCSA:DF_TRADE_TOT_CHAP_YR(5.1.0),AE,A,AED,FCSC,ANN_CHAP,TTRADE,_Z,16,_Z,2017,1722229578.70,,,,0
FCSA:DF_TRADE_TOT_CHAP_YR(5.1.0),AE,A,AED,FCSC,ANN_CHAP,TTRADE,_Z,16,_Z,2018,2096882809.91,,,,0
FCSA:DF_TRADE_TOT_CHAP_YR(5.1.0),AE,A,AED,FCSC,ANN_CHAP,TTRADE,_Z,16,_Z,2019,2374673355.86,,,,0
FCSA:DF_TRADE_TOT_CHAP_YR(5.1.0),AE,A,AED,FCSC,ANN_CHAP,TTRADE,_Z,16,_Z,2020,2394087117.00,,,,0
FCSA:DF_TRADE_TOT_CHAP_YR(5.1.0),AE,A,AED,FCSC,ANN_CHAP,TTRADE,_Z,16,_Z,2021,2677466029.45,,,,0
FCSA:DF_TRADE_TOT_CHAP_YR(5.1.0),AE,A,AED,FCSC,ANN_CHAP,TTRADE,_Z,16,_Z,2022,3216534235.59,,,,0
FCSA:DF_TRADE_TOT_CHAP_YR(5.1.0),AE,A,AED,FCSC,ANN_CHAP,TTRADE,_Z,16,_Z,2023,3271877370.08,,,,0
FCSA:DF_TRADE_TOT_CHAP_YR(5.1.0),AE,A,AED,FCSC,ANN_CHAP,TTRADE,_Z,16,_Z,2024,4137321683.59,,,,0
FCSA:DF_TRADE_TOT_CHAP_YR(5.1.0),AE,A,AED,FCSC,ANN_CHAP,TTRADE,_Z,50,_Z,2017,106577224.91,,,,0
FCSA:DF_TRADE_TOT_CHAP_YR(5.1.0),AE,A,AED,FCSC,ANN_CHAP,TTRADE,_Z,50,_Z,2018,91771145.55,,,,0
FCSA:DF_TRADE_TOT_CHAP_YR(5.1.0),AE,A,AED,FCSC,ANN_CHAP,TTRADE,_Z,50,_Z,2019,93821366.12,,,,0
FCSA:DF_TRADE_TOT_CHAP_YR(5.1.0),AE,A,AED,FCSC,ANN_CHAP,TTRADE,_Z,50,_Z,2020,90025878.25,,,,0
FCSA:DF_TRADE_TOT_CHAP_YR(5.1.0),AE,A,AED,FCSC,ANN_CHAP,TTRADE,_Z,50,_Z,2021,99301817.42,,,,0
FCSA:DF_TRADE_TOT_CHAP_YR(5.1.0),AE,A,AED,FCSC,ANN_CHAP,TTRADE,_Z,50,_Z,2022,115191393.49,,,,0
FCSA:DF_TRADE_TOT_CHAP_YR(5.1.0),AE,A,AED,FCSC,ANN_CHAP,TTRADE,_Z,50,_Z,2023,118486896.89,,,,0
FCSA:DF_TRADE_TOT_CHAP_YR(5.1.0),AE,A,AED,FCSC,ANN_CHAP,TTRADE,_Z,50,_Z,2024,92470916.41,,,,0
FCSA:DF_TRADE_TOT_CHAP_YR(5.1.0),AE,A,AED,FCSC,ANN_CHAP,NOEXP,_Z,2,_Z,2017,106678369.44,,,,0
FCSA:DF_TRADE_TOT_CHAP_YR(5.1.0),AE,A,AED,FCSC,ANN_CHAP,NOEXP,_Z,2,_Z,2018,334611798.34,,,,0
FCSA:DF_TRADE_TOT_CHAP_YR(5.1.0),AE,A,AED,FCSC,ANN_CHAP,NOEXP,_Z,2,_Z,2019,478472656.17,,,,0
FCSA:DF_TRADE_TOT_CHAP_YR(5.1.0),AE,A,AED,FCSC,ANN_CHAP,NOEXP,_Z,2,_Z,2020,360839493.77,,,,0
FCSA:DF_TRADE_TOT_CHAP_YR(5.1.0),AE,A,AED,FCSC,ANN_CHAP,NOEXP,_Z,2,_Z,2021,347934778.43,,,,0
FCSA:DF_TRADE_TOT_CHAP_YR(5.1.0),AE,A,AED,FCSC,ANN_CHAP,NOEXP,_Z,2,_Z,2022,351723405.44,,,,0
FCSA:DF_TRADE_TOT_CHAP_YR(5.1.0),AE,A,AED,FCSC,ANN_CHAP,NOEXP,_Z,2,_Z,2023,266329896.92,,,,0
FCSA:DF_TRADE_TOT_CHAP_YR(5.1.0),AE,A,AED,FCSC,ANN_CHAP,NOEXP,_Z,2,_Z,2024,225408267.01,,,,0
FCSA:DF_TRADE_TOT_CHAP_YR(5.1.0),AE,A,AED,FCSC,ANN_CHAP,REEXP,_Z,23,_Z,2017,45438699.84,,,,0
FCSA:DF_TRADE_TOT_CHAP_YR(5.1.0),AE,A,AED,FCSC,ANN_CHAP,REEXP,_Z,23,_Z,2018,61389440.51,,,,0
FCSA:DF_TRADE_TOT_CHAP_YR(5.1.0),AE,A,AED,FCSC,ANN_CHAP,REEXP,_Z,23,_Z,2019,74182176.90,,,,0
FCSA:DF_TRADE_TOT_CHAP_YR(5.1.0),AE,A,AED,FCSC,ANN_CHAP,REEXP,_Z,23,_Z,2020,103576225.99,,,,0
FCSA:DF_TRADE_TOT_CHAP_YR(5.1.0),AE,A,AED,FCSC,ANN_CHAP,REEXP,_Z,23,_Z,2021,138241222.58,,,,0
FCSA:DF_TRADE_TOT_CHAP_YR(5.1.0),AE,A,AED,FCSC,ANN_CHAP,REEXP,_Z,23,_Z,2022,198616914.19,,,,0
FCSA:DF_TRADE_TOT_CHAP_YR(5.1.0),AE,A,AED,FCSC,ANN_CHAP,REEXP,_Z,23,_Z,2023,224641454.70,,,,0
FCSA:DF_TRADE_TOT_CHAP_YR(5.1.0),AE,A,AED,FCSC,ANN_CHAP,REEXP,_Z,23,_Z,2024,327383527.07,,,,0
FCSA:DF_TRADE_TOT_CHAP_YR(5.1.0),AE,A,AED,FCSC,ANN_CHAP,IMP,_Z,15,_Z,2017,2295494164.57,,,,0
FCSA:DF_TRADE_TOT_CHAP_YR(5.1.0),AE,A,AED,FCSC,ANN_CHAP,IMP,_Z,15,_Z,2018,2231529994.26,,,,0
FCSA:DF_TRADE_TOT_CHAP_YR(5.1.0),AE,A,AED,FCSC,ANN_CHAP,IMP,_Z,15,_Z,2019,1890848484.62,,,,0
FCSA:DF_TRADE_TOT_CHAP_YR(5.1.0),AE,A,AED,FCSC,ANN_CHAP,IMP,_Z,15,_Z,2020,1794542970.31,,,,0
FCSA:DF_TRADE_TOT_CHAP_YR(5.1.0),AE,A,AED,FCSC,ANN_CHAP,IMP,_Z,15,_Z,2021,2681141475.34,,,,0
FCSA:DF_TRADE_TOT_CHAP_YR(5.1.0),AE,A,AED,FCSC,ANN_CHAP,IMP,_Z,15,_Z,2022,3400554442.02,,,,0
FCSA:DF_TRADE_TOT_CHAP_YR(5.1.0),AE,A,AED,FCSC,ANN_CHAP,IMP,_Z,15,_Z,2023,3063566203.97,,,,0
FCSA:DF_TRADE_TOT_CHAP_YR(5.1.0),AE,A,AED,FCSC,ANN_CHAP,IMP,_Z,15,_Z,2024,5874198407.00,,,,0
FCSA:DF_TRADE_TOT_CHAP_YR(5.1.0),AE,A,AED,FCSC,ANN_CHAP,IMP,_Z,83,_Z,2017,2959656020.87,,,,0
FCSA:DF_TRADE_TOT_CHAP_YR(5.1.0),AE,A,AED,FCSC,ANN_CHAP,IMP,_Z,83,_Z,2018,2431719214.24,,,,0
FCSA:DF_TRADE_TOT_CHAP_YR(5.1.0),AE,A,AED,FCSC,ANN_CHAP,IMP,_Z,83,_Z,2019,2538639059.26,,,,0
FCSA:DF_TRADE_TOT_CHAP_YR(5.1.0),AE,A,AED,FCSC,ANN_CHAP,IMP,_Z,83,_Z,2020,2220350177.24,,,,0
FCSA:DF_TRADE_TOT_CHAP_YR(5.1.0),AE,A,AED,FCSC,ANN_CHAP,IMP,_Z,83,_Z,2021,2739696655.81,,,,0
FCSA:DF_TRADE_TOT_CHAP_YR(5.1.0),AE,A,AED,FCSC,ANN_CHAP,IMP,_Z,83,_Z,2022,2996710134.27,,,,0
FCSA:DF_TRADE_TOT_CHAP_YR(5.1.0),AE,A,AED,FCSC,ANN_CHAP,IMP,_Z,83,_Z,2023,3418797315.51,,,,0
FCSA:DF_TRADE_TOT_CHAP_YR(5.1.0),AE,A,AED,FCSC,ANN_CHAP,IMP,_Z,83,_Z,2024,3897280830.57,,,,0
FCSA:DF_TRADE_TOT_CHAP_YR(5.1.0),AE,A,AED,FCSC,ANN_CHAP,IMP,_Z,66,_Z,2017,46720281.53,,,,0
FCSA:DF_TRADE_TOT_CHAP_YR(5.1.0),AE,A,AED,FCSC,ANN_CHAP,IMP,_Z,66,_Z,2018,38546022.72,,,,0
FCSA:DF_TRADE_TOT_CHAP_YR(5.1.0),AE,A,AED,FCSC,ANN_CHAP,IMP,_Z,66,_Z,2019,34198476.15,,,,0
FCSA:DF_TRADE_TOT_CHAP_YR(5.1.0),AE,A,AED,FCSC,ANN_CHAP,IMP,_Z,66,_Z,2020,32234666.26,,,,0
FCSA:DF_TRADE_TOT_CHAP_YR(5.1.0),AE,A,AED,FCSC,ANN_CHAP,IMP,_Z,66,_Z,2021,38569834.39,,,,0
FCSA:DF_TRADE_TOT_CHAP_YR(5.1.0),AE,A,AED,FCSC,ANN_CHAP,IMP,_Z,66,_Z,2022,47987597.33,,,,0
FCSA:DF_TRADE_TOT_CHAP_YR(5.1.0),AE,A,AED,FCSC,ANN_CHAP,IMP,_Z,66,_Z,2023,50704421.02,,,,0
FCSA:DF_TRADE_TOT_CHAP_YR(5.1.0),AE,A,AED,FCSC,ANN_CHAP,IMP,_Z,66,_Z,2024,53842173.57,,,,0
FCSA:DF_TRADE_TOT_CHAP_YR(5.1.0),AE,A,AED,FCSC,ANN_CHAP,REEXP,_Z,25,_Z,2017,118397237.41,,,,0
FCSA:DF_TRADE_TOT_CHAP_YR(5.1.0),AE,A,AED,FCSC,ANN_CHAP,REEXP,_Z,25,_Z,2018,134237925.14,,,,0
FCSA:DF_TRADE_TOT_CHAP_YR(5.1.0),AE,A,AED,FCSC,ANN_CHAP,REEXP,_Z,25,_Z,2019,145931333.47,,,,0
FCSA:DF_TRADE_TOT_CHAP_YR(5.1.0),AE,A,AED,FCSC,ANN_CHAP,REEXP,_Z,25,_Z,2020,121420267.93,,,,0
FCSA:DF_TRADE_TOT_CHAP_YR(5.1.0),AE,A,AED,FCSC,ANN_CHAP,REEXP,_Z,25,_Z,2021,162927320.68,,,,0
FCSA:DF_TRADE_TOT_CHAP_YR(5.1.0),AE,A,AED,FCSC,ANN_CHAP,REEXP,_Z,25,_Z,2022,202803143.62,,,,0
FCSA:DF_TRADE_TOT_CHAP_YR(5.1.0),AE,A,AED,FCSC,ANN_CHAP,REEXP,_Z,25,_Z,2023,191511611.18,,,,0
FCSA:DF_TRADE_TOT_CHAP_YR(5.1.0),AE,A,AED,FCSC,ANN_CHAP,REEXP,_Z,25,_Z,2024,218926384.59,,,,0
FCSA:DF_TRADE_TOT_CHAP_YR(5.1.0),AE,A,AED,FCSC,ANN_CHAP,TTRADE,_Z,69,_Z,2017,3601493823.24,,,,0
FCSA:DF_TRADE_TOT_CHAP_YR(5.1.0),AE,A,AED,FCSC,ANN_CHAP,TTRADE,_Z,69,_Z,2018,3529418691.45,,,,0
FCSA:DF_TRADE_TOT_CHAP_YR(5.1.0),AE,A,AED,FCSC,ANN_CHAP,TTRADE,_Z,69,_Z,2019,3673319655.49,,,,0
FCSA:DF_TRADE_TOT_CHAP_YR(5.1.0),AE,A,AED,FCSC,ANN_CHAP,TTRADE,_Z,69,_Z,2020,3388590712.41,,,,0
FCSA:DF_TRADE_TOT_CHAP_YR(5.1.0),AE,A,AED,FCSC,ANN_CHAP,TTRADE,_Z,69,_Z,2021,4080427939.27,,,,0
FCSA:DF_TRADE_TOT_CHAP_YR(5.1.0),AE,A,AED,FCSC,ANN_CHAP,TTRADE,_Z,69,_Z,2022,4577794159.34,,,,0
FCSA:DF_TRADE_TOT_CHAP_YR(5.1.0),AE,A,AED,FCSC,ANN_CHAP,TTRADE,_Z,69,_Z,2023,4643207221.81,,,,0
FCSA:DF_TRADE_TOT_CHAP_YR(5.1.0),AE,A,AED,FCSC,ANN_CHAP,TTRADE,_Z,69,_Z,2024,4435245082.05,,,,0
FCSA:DF_TRADE_TOT_CHAP_YR(5.1.0),AE,A,AED,FCSC,ANN_CHAP,TNOEXP,_Z,61,_Z,2017,5512075302.45,,,,0
FCSA:DF_TRADE_TOT_CHAP_YR(5.1.0),AE,A,AED,FCSC,ANN_CHAP,TNOEXP,_Z,61,_Z,2018,5922200993.57,,,,0
FCSA:DF_TRADE_TOT_CHAP_YR(5.1.0),AE,A,AED,FCSC,ANN_CHAP,TNOEXP,_Z,61,_Z,2019,6026830966.14,,,,0
FCSA:DF_TRADE_TOT_CHAP_YR(5.1.0),AE,A,AED,FCSC,ANN_CHAP,TNOEXP,_Z,61,_Z,2020,4706067277.47,,,,0
FCSA:DF_TRADE_TOT_CHAP_YR(5.1.0),AE,A,AED,FCSC,ANN_CHAP,TNOEXP,_Z,61,_Z,2021,6912638916.15,,,,0
FCSA:DF_TRADE_TOT_CHAP_YR(5.1.0),AE,A,AED,FCSC,ANN_CHAP,TNOEXP,_Z,61,_Z,2022,8186773287.15,,,,0
FCSA:DF_TRADE_TOT_CHAP_YR(5.1.0),AE,A,AED,FCSC,ANN_CHAP,TNOEXP,_Z,61,_Z,2023,8818581307.97,,,,0
FCSA:DF_TRADE_TOT_CHAP_YR(5.1.0),AE,A,AED,FCSC,ANN_CHAP,TNOEXP,_Z,61,_Z,2024,9460916708.43,,,,0
FCSA:DF_TRADE_TOT_CHAP_YR(5.1.0),AE,A,AED,FCSC,ANN_CHAP,REEXP,_Z,40,_Z,2017,5217670802.91,,,,0
FCSA:DF_TRADE_TOT_CHAP_YR(5.1.0),AE,A,AED,FCSC,ANN_CHAP,REEXP,_Z,40,_Z,2018,4928917006.22,,,,0
FCSA:DF_TRADE_TOT_CHAP_YR(5.1.0),AE,A,AED,FCSC,ANN_CHAP,REEXP,_Z,40,_Z,2019,5883870087.74,,,,0
FCSA:DF_TRADE_TOT_CHAP_YR(5.1.0),AE,A,AED,FCSC,ANN_CHAP,REEXP,_Z,40,_Z,2020,4970092495.69,,,,0
FCSA:DF_TRADE_TOT_CHAP_YR(5.1.0),AE,A,AED,FCSC,ANN_CHAP,REEXP,_Z,40,_Z,2021,5634748255.86,,,,0
FCSA:DF_TRADE_TOT_CHAP_YR(5.1.0),AE,A,AED,FCSC,ANN_CHAP,REEXP,_Z,40,_Z,2022,6368852606.17,,,,0
FCSA:DF_TRADE_TOT_CHAP_YR(5.1.0),AE,A,AED,FCSC,ANN_CHAP,REEXP,_Z,40,_Z,2023,6435975434.57,,,,0
FCSA:DF_TRADE_TOT_CHAP_YR(5.1.0),AE,A,AED,FCSC,ANN_CHAP,REEXP,_Z,40,_Z,2024,5256986182.67,,,,0
FCSA:DF_TRADE_TOT_CHAP_YR(5.1.0),AE,A,AED,FCSC,ANN_CHAP,NOEXP,_Z,34,_Z,2017,937141638.63,,,,0
FCSA:DF_TRADE_TOT_CHAP_YR(5.1.0),AE,A,AED,FCSC,ANN_CHAP,NOEXP,_Z,34,_Z,2018,1326306578.69,,,,0
FCSA:DF_TRADE_TOT_CHAP_YR(5.1.0),AE,A,AED,FCSC,ANN_CHAP,NOEXP,_Z,34,_Z,2019,1426532868.45,,,,0
FCSA:DF_TRADE_TOT_CHAP_YR(5.1.0),AE,A,AED,FCSC,ANN_CHAP,NOEXP,_Z,34,_Z,2020,1746355062.32,,,,0
FCSA:DF_TRADE_TOT_CHAP_YR(5.1.0),AE,A,AED,FCSC,ANN_CHAP,NOEXP,_Z,34,_Z,2021,1659113576.85,,,,0
FCSA:DF_TRADE_TOT_CHAP_YR(5.1.0),AE,A,AED,FCSC,ANN_CHAP,NOEXP,_Z,34,_Z,2022,1317174984.99,,,,0
FCSA:DF_TRADE_TOT_CHAP_YR(5.1.0),AE,A,AED,FCSC,ANN_CHAP,NOEXP,_Z,34,_Z,2023,1153474285.00,,,,0
FCSA:DF_TRADE_TOT_CHAP_YR(5.1.0),AE,A,AED,FCSC,ANN_CHAP,NOEXP,_Z,34,_Z,2024,1221384499.84,,,,0
FCSA:DF_TRADE_TOT_CHAP_YR(5.1.0),AE,A,AED,FCSC,ANN_CHAP,NOEXP,_Z,55,_Z,2017,57876330.89,,,,0
FCSA:DF_TRADE_TOT_CHAP_YR(5.1.0),AE,A,AED,FCSC,ANN_CHAP,NOEXP,_Z,55,_Z,2018,71773795.79,,,,0
FCSA:DF_TRADE_TOT_CHAP_YR(5.1.0),AE,A,AED,FCSC,ANN_CHAP,NOEXP,_Z,55,_Z,2019,63552890.30,,,,0
FCSA:DF_TRADE_TOT_CHAP_YR(5.1.0),AE,A,AED,FCSC,ANN_CHAP,NOEXP,_Z,55,_Z,2020,30026026.93,,,,0
FCSA:DF_TRADE_TOT_CHAP_YR(5.1.0),AE,A,AED,FCSC,ANN_CHAP,NOEXP,_Z,55,_Z,2021,64067270.96,,,,0
FCSA:DF_TRADE_TOT_CHAP_YR(5.1.0),AE,A,AED,FCSC,ANN_CHAP,NOEXP,_Z,55,_Z,2022,91267729.70,,,,0
FCSA:DF_TRADE_TOT_CHAP_YR(5.1.0),AE,A,AED,FCSC,ANN_CHAP,NOEXP,_Z,55,_Z,2023,35390530.22,,,,0
FCSA:DF_TRADE_TOT_CHAP_YR(5.1.0),AE,A,AED,FCSC,ANN_CHAP,NOEXP,_Z,55,_Z,2024,12595181.71,,,,0
FCSA:DF_TRADE_TOT_CHAP_YR(5.1.0),AE,A,AED,FCSC,ANN_CHAP,NOEXP,_Z,38,_Z,2017,849756364.73,,,,0
FCSA:DF_TRADE_TOT_CHAP_YR(5.1.0),AE,A,AED,FCSC,ANN_CHAP,NOEXP,_Z,38,_Z,2018,1190350722.87,,,,0
FCSA:DF_TRADE_TOT_CHAP_YR(5.1.0),AE,A,AED,FCSC,ANN_CHAP,NOEXP,_Z,38,_Z,2019,1146765586.64,,,,0
FCSA:DF_TRADE_TOT_CHAP_YR(5.1.0),AE,A,AED,FCSC,ANN_CHAP,NOEXP,_Z,38,_Z,2020,1236589324.76,,,,0
FCSA:DF_TRADE_TOT_CHAP_YR(5.1.0),AE,A,AED,FCSC,ANN_CHAP,NOEXP,_Z,38,_Z,2021,1345783208.65,,,,0
FCSA:DF_TRADE_TOT_CHAP_YR(5.1.0),AE,A,AED,FCSC,ANN_CHAP,NOEXP,_Z,38,_Z,2022,1752678592.02,,,,0
FCSA:DF_TRADE_TOT_CHAP_YR(5.1.0),AE,A,AED,FCSC,ANN_CHAP,NOEXP,_Z,38,_Z,2023,2158190383.77,,,,0
FCSA:DF_TRADE_TOT_CHAP_YR(5.1.0),AE,A,AED,FCSC,ANN_CHAP,NOEXP,_Z,38,_Z,2024,2105890883.67,,,,0
FCSA:DF_TRADE_TOT_CHAP_YR(5.1.0),AE,A,AED,FCSC,ANN_CHAP,NOEXP,_Z,21,_Z,2017,782964901.32,,,,0
FCSA:DF_TRADE_TOT_CHAP_YR(5.1.0),AE,A,AED,FCSC,ANN_CHAP,NOEXP,_Z,21,_Z,2018,1400562041.40,,,,0
FCSA:DF_TRADE_TOT_CHAP_YR(5.1.0),AE,A,AED,FCSC,ANN_CHAP,NOEXP,_Z,21,_Z,2019,1459040859.85,,,,0
FCSA:DF_TRADE_TOT_CHAP_YR(5.1.0),AE,A,AED,FCSC,ANN_CHAP,NOEXP,_Z,21,_Z,2020,1620177885.85,,,,0
FCSA:DF_TRADE_TOT_CHAP_YR(5.1.0),AE,A,AED,FCSC,ANN_CHAP,NOEXP,_Z,21,_Z,2021,1593597932.97,,,,0
FCSA:DF_TRADE_TOT_CHAP_YR(5.1.0),AE,A,AED,FCSC,ANN_CHAP,NOEXP,_Z,21,_Z,2022,1616048129.65,,,,0
FCSA:DF_TRADE_TOT_CHAP_YR(5.1.0),AE,A,AED,FCSC,ANN_CHAP,NOEXP,_Z,21,_Z,2023,2042456720.93,,,,0
FCSA:DF_TRADE_TOT_CHAP_YR(5.1.0),AE,A,AED,FCSC,ANN_CHAP,NOEXP,_Z,21,_Z,2024,2233564823.04,,,,0
FCSA:DF_TRADE_TOT_CHAP_YR(5.1.0),AE,A,AED,FCSC,ANN_CHAP,TNOEXP,_Z,78,_Z,2017,307860372.39,,,,0
FCSA:DF_TRADE_TOT_CHAP_YR(5.1.0),AE,A,AED,FCSC,ANN_CHAP,TNOEXP,_Z,78,_Z,2018,403875405.07,,,,0
FCSA:DF_TRADE_TOT_CHAP_YR(5.1.0),AE,A,AED,FCSC,ANN_CHAP,TNOEXP,_Z,78,_Z,2019,216760073.18,,,,0
FCSA:DF_TRADE_TOT_CHAP_YR(5.1.0),AE,A,AED,FCSC,ANN_CHAP,TNOEXP,_Z,78,_Z,2020,172646496.08,,,,0
FCSA:DF_TRADE_TOT_CHAP_YR(5.1.0),AE,A,AED,FCSC,ANN_CHAP,TNOEXP,_Z,78,_Z,2021,286439105.85,,,,0
FCSA:DF_TRADE_TOT_CHAP_YR(5.1.0),AE,A,AED,FCSC,ANN_CHAP,TNOEXP,_Z,78,_Z,2022,358557386.65,,,,0
FCSA:DF_TRADE_TOT_CHAP_YR(5.1.0),AE,A,AED,FCSC,ANN_CHAP,TNOEXP,_Z,78,_Z,2023,572231574.32,,,,0
FCSA:DF_TRADE_TOT_CHAP_YR(5.1.0),AE,A,AED,FCSC,ANN_CHAP,TNOEXP,_Z,78,_Z,2024,505910929.00,,,,0
FCSA:DF_TRADE_TOT_CHAP_YR(5.1.0),AE,A,AED,FCSC,ANN_CHAP,TNOEXP,_Z,_T,_Z,2017,581346851928.15,,,,0
FCSA:DF_TRADE_TOT_CHAP_YR(5.1.0),AE,A,AED,FCSC,ANN_CHAP,TNOEXP,_Z,_T,_Z,2018,637600892337.66,,,,0
FCSA:DF_TRADE_TOT_CHAP_YR(5.1.0),AE,A,AED,FCSC,ANN_CHAP,TNOEXP,_Z,_T,_Z,2019,688647019434.66,,,,0
FCSA:DF_TRADE_TOT_CHAP_YR(5.1.0),AE,A,AED,FCSC,ANN_CHAP,TNOEXP,_Z,_T,_Z,2020,618054711586.35,,,,0
FCSA:DF_TRADE_TOT_CHAP_YR(5.1.0),AE,A,AED,FCSC,ANN_CHAP,TNOEXP,_Z,_T,_Z,2021,794892287368.43,,,,0
FCSA:DF_TRADE_TOT_CHAP_YR(5.1.0),AE,A,AED,FCSC,ANN_CHAP,TNOEXP,_Z,_T,_Z,2022,951144833162.98,,,,0
FCSA:DF_TRADE_TOT_CHAP_YR(5.1.0),AE,A,AED,FCSC,ANN_CHAP,TNOEXP,_Z,_T,_Z,2023,1037064553909.19,,,,0
FCSA:DF_TRADE_TOT_CHAP_YR(5.1.0),AE,A,AED,FCSC,ANN_CHAP,TNOEXP,_Z,_T,_Z,2024,1167719906048.21,,,,0
FCSA:DF_TRADE_TOT_CHAP_YR(5.1.0),AE,A,AED,FCSC,ANN_CHAP,NOEXP,_Z,85,_Z,2017,3865493912.54,,,,0
FCSA:DF_TRADE_TOT_CHAP_YR(5.1.0),AE,A,AED,FCSC,ANN_CHAP,NOEXP,_Z,85,_Z,2018,4912303970.00,,,,0
FCSA:DF_TRADE_TOT_CHAP_YR(5.1.0),AE,A,AED,FCSC,ANN_CHAP,NOEXP,_Z,85,_Z,2019,4936181950.88,,,,0
FCSA:DF_TRADE_TOT_CHAP_YR(5.1.0),AE,A,AED,FCSC,ANN_CHAP,NOEXP,_Z,85,_Z,2020,4349189355.21,,,,0
FCSA:DF_TRADE_TOT_CHAP_YR(5.1.0),AE,A,AED,FCSC,ANN_CHAP,NOEXP,_Z,85,_Z,2021,6334612142.68,,,,0
FCSA:DF_TRADE_TOT_CHAP_YR(5.1.0),AE,A,AED,FCSC,ANN_CHAP,NOEXP,_Z,85,_Z,2022,6838336655.45,,,,0
FCSA:DF_TRADE_TOT_CHAP_YR(5.1.0),AE,A,AED,FCSC,ANN_CHAP,NOEXP,_Z,85,_Z,2023,7521483869.89,,,,0
FCSA:DF_TRADE_TOT_CHAP_YR(5.1.0),AE,A,AED,FCSC,ANN_CHAP,NOEXP,_Z,85,_Z,2024,7931087652.36,,,,0
FCSA:DF_TRADE_TOT_CHAP_YR(5.1.0),AE,A,AED,FCSC,ANN_CHAP,REEXP,_Z,8,_Z,2017,2360386516.93,,,,0
FCSA:DF_TRADE_TOT_CHAP_YR(5.1.0),AE,A,AED,FCSC,ANN_CHAP,REEXP,_Z,8,_Z,2018,3741575056.53,,,,0
FCSA:DF_TRADE_TOT_CHAP_YR(5.1.0),AE,A,AED,FCSC,ANN_CHAP,REEXP,_Z,8,_Z,2019,4286659212.16,,,,0
FCSA:DF_TRADE_TOT_CHAP_YR(5.1.0),AE,A,AED,FCSC,ANN_CHAP,REEXP,_Z,8,_Z,2020,3950841711.46,,,,0
FCSA:DF_TRADE_TOT_CHAP_YR(5.1.0),AE,A,AED,FCSC,ANN_CHAP,REEXP,_Z,8,_Z,2021,4559180239.07,,,,0
FCSA:DF_TRADE_TOT_CHAP_YR(5.1.0),AE,A,AED,FCSC,ANN_CHAP,REEXP,_Z,8,_Z,2022,5555307084.11,,,,0
FCSA:DF_TRADE_TOT_CHAP_YR(5.1.0),AE,A,AED,FCSC,ANN_CHAP,REEXP,_Z,8,_Z,2023,5858158561.56,,,,0
FCSA:DF_TRADE_TOT_CHAP_YR(5.1.0),AE,A,AED,FCSC,ANN_CHAP,REEXP,_Z,8,_Z,2024,6205924323.89,,,,0
FCSA:DF_TRADE_TOT_CHAP_YR(5.1.0),AE,A,AED,FCSC,ANN_CHAP,REEXP,_Z,4,_Z,2017,876727924.69,,,,0
FCSA:DF_TRADE_TOT_CHAP_YR(5.1.0),AE,A,AED,FCSC,ANN_CHAP,REEXP,_Z,4,_Z,2018,1229203394.38,,,,0
FCSA:DF_TRADE_TOT_CHAP_YR(5.1.0),AE,A,AED,FCSC,ANN_CHAP,REEXP,_Z,4,_Z,2019,1623779736.87,,,,0
FCSA:DF_TRADE_TOT_CHAP_YR(5.1.0),AE,A,AED,FCSC,ANN_CHAP,REEXP,_Z,4,_Z,2020,1554611723.80,,,,0
FCSA:DF_TRADE_TOT_CHAP_YR(5.1.0),AE,A,AED,FCSC,ANN_CHAP,REEXP,_Z,4,_Z,2021,1740175218.43,,,,0
FCSA:DF_TRADE_TOT_CHAP_YR(5.1.0),AE,A,AED,FCSC,ANN_CHAP,REEXP,_Z,4,_Z,2022,2577228307.96,,,,0
FCSA:DF_TRADE_TOT_CHAP_YR(5.1.0),AE,A,AED,FCSC,ANN_CHAP,REEXP,_Z,4,_Z,2023,2771909701.53,,,,0
FCSA:DF_TRADE_TOT_CHAP_YR(5.1.0),AE,A,AED,FCSC,ANN_CHAP,REEXP,_Z,4,_Z,2024,2716101198.46,,,,0
FCSA:DF_TRADE_TOT_CHAP_YR(5.1.0),AE,A,AED,FCSC,ANN_CHAP,TTRADE,_Z,33,_Z,2017,20773192800.76,,,,0
FCSA:DF_TRADE_TOT_CHAP_YR(5.1.0),AE,A,AED,FCSC,ANN_CHAP,TTRADE,_Z,33,_Z,2018,24511158849.96,,,,0
FCSA:DF_TRADE_TOT_CHAP_YR(5.1.0),AE,A,AED,FCSC,ANN_CHAP,TTRADE,_Z,33,_Z,2019,26035575811.88,,,,0
FCSA:DF_TRADE_TOT_CHAP_YR(5.1.0),AE,A,AED,FCSC,ANN_CHAP,TTRADE,_Z,33,_Z,2020,22725655527.06,,,,0
FCSA:DF_TRADE_TOT_CHAP_YR(5.1.0),AE,A,AED,FCSC,ANN_CHAP,TTRADE,_Z,33,_Z,2021,28260990229.07,,,,0
FCSA:DF_TRADE_TOT_CHAP_YR(5.1.0),AE,A,AED,FCSC,ANN_CHAP,TTRADE,_Z,33,_Z,2022,33057421962.49,,,,0
FCSA:DF_TRADE_TOT_CHAP_YR(5.1.0),AE,A,AED,FCSC,ANN_CHAP,TTRADE,_Z,33,_Z,2023,39472606200.21,,,,0
FCSA:DF_TRADE_TOT_CHAP_YR(5.1.0),AE,A,AED,FCSC,ANN_CHAP,TTRADE,_Z,33,_Z,2024,45947160241.44,,,,0
FCSA:DF_TRADE_TOT_CHAP_YR(5.1.0),AE,A,AED,FCSC,ANN_CHAP,TNOEXP,_Z,95,_Z,2017,1945049740.55,,,,0
FCSA:DF_TRADE_TOT_CHAP_YR(5.1.0),AE,A,AED,FCSC,ANN_CHAP,TNOEXP,_Z,95,_Z,2018,2057959915.43,,,,0
FCSA:DF_TRADE_TOT_CHAP_YR(5.1.0),AE,A,AED,FCSC,ANN_CHAP,TNOEXP,_Z,95,_Z,2019,1756881444.61,,,,0
FCSA:DF_TRADE_TOT_CHAP_YR(5.1.0),AE,A,AED,FCSC,ANN_CHAP,TNOEXP,_Z,95,_Z,2020,1706425548.53,,,,0
FCSA:DF_TRADE_TOT_CHAP_YR(5.1.0),AE,A,AED,FCSC,ANN_CHAP,TNOEXP,_Z,95,_Z,2021,2215369825.30,,,,0
FCSA:DF_TRADE_TOT_CHAP_YR(5.1.0),AE,A,AED,FCSC,ANN_CHAP,TNOEXP,_Z,95,_Z,2022,3147743846.12,,,,0
FCSA:DF_TRADE_TOT_CHAP_YR(5.1.0),AE,A,AED,FCSC,ANN_CHAP,TNOEXP,_Z,95,_Z,2023,3302587742.65,,,,0
FCSA:DF_TRADE_TOT_CHAP_YR(5.1.0),AE,A,AED,FCSC,ANN_CHAP,TNOEXP,_Z,95,_Z,2024,3758129953.21,,,,0
FCSA:DF_TRADE_TOT_CHAP_YR(5.1.0),AE,A,AED,FCSC,ANN_CHAP,NOEXP,_Z,68,_Z,2017,536769382.15,,,,0
FCSA:DF_TRADE_TOT_CHAP_YR(5.1.0),AE,A,AED,FCSC,ANN_CHAP,NOEXP,_Z,68,_Z,2018,926841275.15,,,,0
FCSA:DF_TRADE_TOT_CHAP_YR(5.1.0),AE,A,AED,FCSC,ANN_CHAP,NOEXP,_Z,68,_Z,2019,570629552.71,,,,0
FCSA:DF_TRADE_TOT_CHAP_YR(5.1.0),AE,A,AED,FCSC,ANN_CHAP,NOEXP,_Z,68,_Z,2020,486096351.10,,,,0
FCSA:DF_TRADE_TOT_CHAP_YR(5.1.0),AE,A,AED,FCSC,ANN_CHAP,NOEXP,_Z,68,_Z,2021,490297716.92,,,,0
FCSA:DF_TRADE_TOT_CHAP_YR(5.1.0),AE,A,AED,FCSC,ANN_CHAP,NOEXP,_Z,68,_Z,2022,535886429.87,,,,0
FCSA:DF_TRADE_TOT_CHAP_YR(5.1.0),AE,A,AED,FCSC,ANN_CHAP,NOEXP,_Z,68,_Z,2023,807493523.50,,,,0
FCSA:DF_TRADE_TOT_CHAP_YR(5.1.0),AE,A,AED,FCSC,ANN_CHAP,NOEXP,_Z,68,_Z,2024,1246808434.33,,,,0
FCSA:DF_TRADE_TOT_CHAP_YR(5.1.0),AE,A,AED,FCSC,ANN_CHAP,TTRADE,_Z,20,_Z,2017,3305930011.07,,,,0
FCSA:DF_TRADE_TOT_CHAP_YR(5.1.0),AE,A,AED,FCSC,ANN_CHAP,TTRADE,_Z,20,_Z,2018,3304633718.87,,,,0
FCSA:DF_TRADE_TOT_CHAP_YR(5.1.0),AE,A,AED,FCSC,ANN_CHAP,TTRADE,_Z,20,_Z,2019,3521447085.26,,,,0
FCSA:DF_TRADE_TOT_CHAP_YR(5.1.0),AE,A,AED,FCSC,ANN_CHAP,TTRADE,_Z,20,_Z,2020,3024510468.68,,,,0
FCSA:DF_TRADE_TOT_CHAP_YR(5.1.0),AE,A,AED,FCSC,ANN_CHAP,TTRADE,_Z,20,_Z,2021,3220105029.40,,,,0
FCSA:DF_TRADE_TOT_CHAP_YR(5.1.0),AE,A,AED,FCSC,ANN_CHAP,TTRADE,_Z,20,_Z,2022,4078139134.35,,,,0
FCSA:DF_TRADE_TOT_CHAP_YR(5.1.0),AE,A,AED,FCSC,ANN_CHAP,TTRADE,_Z,20,_Z,2023,4541472961.33,,,,0
FCSA:DF_TRADE_TOT_CHAP_YR(5.1.0),AE,A,AED,FCSC,ANN_CHAP,TTRADE,_Z,20,_Z,2024,5007244061.28,,,,0
FCSA:DF_TRADE_TOT_CHAP_YR(5.1.0),AE,A,AED,FCSC,ANN_CHAP,TNOEXP,_Z,82,_Z,2017,1179039524.61,,,,0
FCSA:DF_TRADE_TOT_CHAP_YR(5.1.0),AE,A,AED,FCSC,ANN_CHAP,TNOEXP,_Z,82,_Z,2018,1653224632.99,,,,0
FCSA:DF_TRADE_TOT_CHAP_YR(5.1.0),AE,A,AED,FCSC,ANN_CHAP,TNOEXP,_Z,82,_Z,2019,1736626016.59,,,,0
FCSA:DF_TRADE_TOT_CHAP_YR(5.1.0),AE,A,AED,FCSC,ANN_CHAP,TNOEXP,_Z,82,_Z,2020,1194553267.24,,,,0
FCSA:DF_TRADE_TOT_CHAP_YR(5.1.0),AE,A,AED,FCSC,ANN_CHAP,TNOEXP,_Z,82,_Z,2021,1481800677.18,,,,0
FCSA:DF_TRADE_TOT_CHAP_YR(5.1.0),AE,A,AED,FCSC,ANN_CHAP,TNOEXP,_Z,82,_Z,2022,1831979139.15,,,,0
FCSA:DF_TRADE_TOT_CHAP_YR(5.1.0),AE,A,AED,FCSC,ANN_CHAP,TNOEXP,_Z,82,_Z,2023,1859115575.58,,,,0
FCSA:DF_TRADE_TOT_CHAP_YR(5.1.0),AE,A,AED,FCSC,ANN_CHAP,TNOEXP,_Z,82,_Z,2024,1954201000.57,,,,0
FCSA:DF_TRADE_TOT_CHAP_YR(5.1.0),AE,A,AED,FCSC,ANN_CHAP,TNOEXP,_Z,67,_Z,2017,58944600.33,,,,0
FCSA:DF_TRADE_TOT_CHAP_YR(5.1.0),AE,A,AED,FCSC,ANN_CHAP,TNOEXP,_Z,67,_Z,2018,65462071.72,,,,0
FCSA:DF_TRADE_TOT_CHAP_YR(5.1.0),AE,A,AED,FCSC,ANN_CHAP,TNOEXP,_Z,67,_Z,2019,71161618.44,,,,0
FCSA:DF_TRADE_TOT_CHAP_YR(5.1.0),AE,A,AED,FCSC,ANN_CHAP,TNOEXP,_Z,67,_Z,2020,74240689.39,,,,0
FCSA:DF_TRADE_TOT_CHAP_YR(5.1.0),AE,A,AED,FCSC,ANN_CHAP,TNOEXP,_Z,67,_Z,2021,74168106.50,,,,0
FCSA:DF_TRADE_TOT_CHAP_YR(5.1.0),AE,A,AED,FCSC,ANN_CHAP,TNOEXP,_Z,67,_Z,2022,72864291.51,,,,0
FCSA:DF_TRADE_TOT_CHAP_YR(5.1.0),AE,A,AED,FCSC,ANN_CHAP,TNOEXP,_Z,67,_Z,2023,60923418.22,,,,0
FCSA:DF_TRADE_TOT_CHAP_YR(5.1.0),AE,A,AED,FCSC,ANN_CHAP,TNOEXP,_Z,67,_Z,2024,83931928.98,,,,0
FCSA:DF_TRADE_TOT_CHAP_YR(5.1.0),AE,A,AED,FCSC,ANN_CHAP,TTRADE,_Z,12,_Z,2017,3579423916.82,,,,0
FCSA:DF_TRADE_TOT_CHAP_YR(5.1.0),AE,A,AED,FCSC,ANN_CHAP,TTRADE,_Z,12,_Z,2018,3656016154.33,,,,0
FCSA:DF_TRADE_TOT_CHAP_YR(5.1.0),AE,A,AED,FCSC,ANN_CHAP,TTRADE,_Z,12,_Z,2019,4175576514.80,,,,0
FCSA:DF_TRADE_TOT_CHAP_YR(5.1.0),AE,A,AED,FCSC,ANN_CHAP,TTRADE,_Z,12,_Z,2020,4706483072.74,,,,0
FCSA:DF_TRADE_TOT_CHAP_YR(5.1.0),AE,A,AED,FCSC,ANN_CHAP,TTRADE,_Z,12,_Z,2021,5054219949.03,,,,0
FCSA:DF_TRADE_TOT_CHAP_YR(5.1.0),AE,A,AED,FCSC,ANN_CHAP,TTRADE,_Z,12,_Z,2022,6975910773.00,,,,0
FCSA:DF_TRADE_TOT_CHAP_YR(5.1.0),AE,A,AED,FCSC,ANN_CHAP,TTRADE,_Z,12,_Z,2023,5148821117.43,,,,0
FCSA:DF_TRADE_TOT_CHAP_YR(5.1.0),AE,A,AED,FCSC,ANN_CHAP,TTRADE,_Z,12,_Z,2024,4666790304.82,,,,0
FCSA:DF_TRADE_TOT_CHAP_YR(5.1.0),AE,A,AED,FCSC,ANN_CHAP,TTRADE,_Z,29,_Z,2017,7685526284.81,,,,0
FCSA:DF_TRADE_TOT_CHAP_YR(5.1.0),AE,A,AED,FCSC,ANN_CHAP,TTRADE,_Z,29,_Z,2018,8910623944.96,,,,0
FCSA:DF_TRADE_TOT_CHAP_YR(5.1.0),AE,A,AED,FCSC,ANN_CHAP,TTRADE,_Z,29,_Z,2019,10061310779.66,,,,0
FCSA:DF_TRADE_TOT_CHAP_YR(5.1.0),AE,A,AED,FCSC,ANN_CHAP,TTRADE,_Z,29,_Z,2020,8314616974.90,,,,0
FCSA:DF_TRADE_TOT_CHAP_YR(5.1.0),AE,A,AED,FCSC,ANN_CHAP,TTRADE,_Z,29,_Z,2021,12000646180.44,,,,0
FCSA:DF_TRADE_TOT_CHAP_YR(5.1.0),AE,A,AED,FCSC,ANN_CHAP,TTRADE,_Z,29,_Z,2022,16658759924.64,,,,0
FCSA:DF_TRADE_TOT_CHAP_YR(5.1.0),AE,A,AED,FCSC,ANN_CHAP,TTRADE,_Z,29,_Z,2023,17807855263.34,,,,0
FCSA:DF_TRADE_TOT_CHAP_YR(5.1.0),AE,A,AED,FCSC,ANN_CHAP,TTRADE,_Z,29,_Z,2024,14074294332.40,,,,0
FCSA:DF_TRADE_TOT_CHAP_YR(5.1.0),AE,A,AED,FCSC,ANN_CHAP,NOEXP,_Z,49,_Z,2017,2621595034.64,,,,0
FCSA:DF_TRADE_TOT_CHAP_YR(5.1.0),AE,A,AED,FCSC,ANN_CHAP,NOEXP,_Z,49,_Z,2018,2052170828.35,,,,0
FCSA:DF_TRADE_TOT_CHAP_YR(5.1.0),AE,A,AED,FCSC,ANN_CHAP,NOEXP,_Z,49,_Z,2019,1593064116.22,,,,0
FCSA:DF_TRADE_TOT_CHAP_YR(5.1.0),AE,A,AED,FCSC,ANN_CHAP,NOEXP,_Z,49,_Z,2020,1657408409.80,,,,0
FCSA:DF_TRADE_TOT_CHAP_YR(5.1.0),AE,A,AED,FCSC,ANN_CHAP,NOEXP,_Z,49,_Z,2021,1720339190.34,,,,0
FCSA:DF_TRADE_TOT_CHAP_YR(5.1.0),AE,A,AED,FCSC,ANN_CHAP,NOEXP,_Z,49,_Z,2022,6980103274.32,,,,0
FCSA:DF_TRADE_TOT_CHAP_YR(5.1.0),AE,A,AED,FCSC,ANN_CHAP,NOEXP,_Z,49,_Z,2023,3688498274.89,,,,0
FCSA:DF_TRADE_TOT_CHAP_YR(5.1.0),AE,A,AED,FCSC,ANN_CHAP,NOEXP,_Z,49,_Z,2024,10782389187.47,,,,0
FCSA:DF_TRADE_TOT_CHAP_YR(5.1.0),AE,A,AED,FCSC,ANN_CHAP,IMP,_Z,36,_Z,2017,107776251.19,,,,0
FCSA:DF_TRADE_TOT_CHAP_YR(5.1.0),AE,A,AED,FCSC,ANN_CHAP,IMP,_Z,36,_Z,2018,126434283.42,,,,0
FCSA:DF_TRADE_TOT_CHAP_YR(5.1.0),AE,A,AED,FCSC,ANN_CHAP,IMP,_Z,36,_Z,2019,139797260.22,,,,0
FCSA:DF_TRADE_TOT_CHAP_YR(5.1.0),AE,A,AED,FCSC,ANN_CHAP,IMP,_Z,36,_Z,2020,81429976.11,,,,0
FCSA:DF_TRADE_TOT_CHAP_YR(5.1.0),AE,A,AED,FCSC,ANN_CHAP,IMP,_Z,36,_Z,2021,92644340.93,,,,0
FCSA:DF_TRADE_TOT_CHAP_YR(5.1.0),AE,A,AED,FCSC,ANN_CHAP,IMP,_Z,36,_Z,2022,169078970.46,,,,0
FCSA:DF_TRADE_TOT_CHAP_YR(5.1.0),AE,A,AED,FCSC,ANN_CHAP,IMP,_Z,36,_Z,2023,94569101.25,,,,0
FCSA:DF_TRADE_TOT_CHAP_YR(5.1.0),AE,A,AED,FCSC,ANN_CHAP,IMP,_Z,36,_Z,2024,78127512.63,,,,0
FCSA:DF_TRADE_TOT_CHAP_YR(5.1.0),AE,A,AED,FCSC,ANN_CHAP,TTRADE,_Z,3,_Z,2017,2547831841.43,,,,0
FCSA:DF_TRADE_TOT_CHAP_YR(5.1.0),AE,A,AED,FCSC,ANN_CHAP,TTRADE,_Z,3,_Z,2018,3165840870.56,,,,0
FCSA:DF_TRADE_TOT_CHAP_YR(5.1.0),AE,A,AED,FCSC,ANN_CHAP,TTRADE,_Z,3,_Z,2019,3078550152.19,,,,0
FCSA:DF_TRADE_TOT_CHAP_YR(5.1.0),AE,A,AED,FCSC,ANN_CHAP,TTRADE,_Z,3,_Z,2020,2682512776.82,,,,0
FCSA:DF_TRADE_TOT_CHAP_YR(5.1.0),AE,A,AED,FCSC,ANN_CHAP,TTRADE,_Z,3,_Z,2021,2865124448.92,,,,0
FCSA:DF_TRADE_TOT_CHAP_YR(5.1.0),AE,A,AED,FCSC,ANN_CHAP,TTRADE,_Z,3,_Z,2022,3003972527.46,,,,0
FCSA:DF_TRADE_TOT_CHAP_YR(5.1.0),AE,A,AED,FCSC,ANN_CHAP,TTRADE,_Z,3,_Z,2023,2936261603.09,,,,0
FCSA:DF_TRADE_TOT_CHAP_YR(5.1.0),AE,A,AED,FCSC,ANN_CHAP,TTRADE,_Z,3,_Z,2024,3071588927.38,,,,0
FCSA:DF_TRADE_TOT_CHAP_YR(5.1.0),AE,A,AED,FCSC,ANN_CHAP,REEXP,_Z,12,_Z,2017,113832018.02,,,,0
FCSA:DF_TRADE_TOT_CHAP_YR(5.1.0),AE,A,AED,FCSC,ANN_CHAP,REEXP,_Z,12,_Z,2018,176022379.07,,,,0
FCSA:DF_TRADE_TOT_CHAP_YR(5.1.0),AE,A,AED,FCSC,ANN_CHAP,REEXP,_Z,12,_Z,2019,443640486.83,,,,0
FCSA:DF_TRADE_TOT_CHAP_YR(5.1.0),AE,A,AED,FCSC,ANN_CHAP,REEXP,_Z,12,_Z,2020,492253751.44,,,,0
FCSA:DF_TRADE_TOT_CHAP_YR(5.1.0),AE,A,AED,FCSC,ANN_CHAP,REEXP,_Z,12,_Z,2021,326845518.43,,,,0
FCSA:DF_TRADE_TOT_CHAP_YR(5.1.0),AE,A,AED,FCSC,ANN_CHAP,REEXP,_Z,12,_Z,2022,559979903.39,,,,0
FCSA:DF_TRADE_TOT_CHAP_YR(5.1.0),AE,A,AED,FCSC,ANN_CHAP,REEXP,_Z,12,_Z,2023,429110370.03,,,,0
FCSA:DF_TRADE_TOT_CHAP_YR(5.1.0),AE,A,AED,FCSC,ANN_CHAP,REEXP,_Z,12,_Z,2024,626574640.12,,,,0
FCSA:DF_TRADE_TOT_CHAP_YR(5.1.0),AE,A,AED,FCSC,ANN_CHAP,REEXP,_Z,29,_Z,2017,1838038365.45,,,,0
FCSA:DF_TRADE_TOT_CHAP_YR(5.1.0),AE,A,AED,FCSC,ANN_CHAP,REEXP,_Z,29,_Z,2018,2606769914.47,,,,0
FCSA:DF_TRADE_TOT_CHAP_YR(5.1.0),AE,A,AED,FCSC,ANN_CHAP,REEXP,_Z,29,_Z,2019,2540125760.74,,,,0
FCSA:DF_TRADE_TOT_CHAP_YR(5.1.0),AE,A,AED,FCSC,ANN_CHAP,REEXP,_Z,29,_Z,2020,2437492715.52,,,,0
FCSA:DF_TRADE_TOT_CHAP_YR(5.1.0),AE,A,AED,FCSC,ANN_CHAP,REEXP,_Z,29,_Z,2021,3227352295.04,,,,0
FCSA:DF_TRADE_TOT_CHAP_YR(5.1.0),AE,A,AED,FCSC,ANN_CHAP,REEXP,_Z,29,_Z,2022,4097959966.20,,,,0
FCSA:DF_TRADE_TOT_CHAP_YR(5.1.0),AE,A,AED,FCSC,ANN_CHAP,REEXP,_Z,29,_Z,2023,5035661473.61,,,,0
FCSA:DF_TRADE_TOT_CHAP_YR(5.1.0),AE,A,AED,FCSC,ANN_CHAP,REEXP,_Z,29,_Z,2024,3290881486.47,,,,0
FCSA:DF_TRADE_TOT_CHAP_YR(5.1.0),AE,A,AED,FCSC,ANN_CHAP,REEXP,_Z,97,_Z,2017,474436391.49,,,,0
FCSA:DF_TRADE_TOT_CHAP_YR(5.1.0),AE,A,AED,FCSC,ANN_CHAP,REEXP,_Z,97,_Z,2018,2309250059.68,,,,0
FCSA:DF_TRADE_TOT_CHAP_YR(5.1.0),AE,A,AED,FCSC,ANN_CHAP,REEXP,_Z,97,_Z,2019,3250061539.81,,,,0
FCSA:DF_TRADE_TOT_CHAP_YR(5.1.0),AE,A,AED,FCSC,ANN_CHAP,REEXP,_Z,97,_Z,2020,761493791.98,,,,0
FCSA:DF_TRADE_TOT_CHAP_YR(5.1.0),AE,A,AED,FCSC,ANN_CHAP,REEXP,_Z,97,_Z,2021,1830160829.18,,,,0
FCSA:DF_TRADE_TOT_CHAP_YR(5.1.0),AE,A,AED,FCSC,ANN_CHAP,REEXP,_Z,97,_Z,2022,963754704.76,,,,0
FCSA:DF_TRADE_TOT_CHAP_YR(5.1.0),AE,A,AED,FCSC,ANN_CHAP,REEXP,_Z,97,_Z,2023,3293101481.63,,,,0
FCSA:DF_TRADE_TOT_CHAP_YR(5.1.0),AE,A,AED,FCSC,ANN_CHAP,REEXP,_Z,97,_Z,2024,2856137205.12,,,,0
FCSA:DF_TRADE_TOT_CHAP_YR(5.1.0),AE,A,AED,FCSC,ANN_CHAP,REEXP,_Z,80,_Z,2017,24884781.95,,,,0
FCSA:DF_TRADE_TOT_CHAP_YR(5.1.0),AE,A,AED,FCSC,ANN_CHAP,REEXP,_Z,80,_Z,2018,30162603.77,,,,0
FCSA:DF_TRADE_TOT_CHAP_YR(5.1.0),AE,A,AED,FCSC,ANN_CHAP,REEXP,_Z,80,_Z,2019,41601478.10,,,,0
FCSA:DF_TRADE_TOT_CHAP_YR(5.1.0),AE,A,AED,FCSC,ANN_CHAP,REEXP,_Z,80,_Z,2020,57830597.94,,,,0
FCSA:DF_TRADE_TOT_CHAP_YR(5.1.0),AE,A,AED,FCSC,ANN_CHAP,REEXP,_Z,80,_Z,2021,86961863.06,,,,0
FCSA:DF_TRADE_TOT_CHAP_YR(5.1.0),AE,A,AED,FCSC,ANN_CHAP,REEXP,_Z,80,_Z,2022,84383158.70,,,,0
FCSA:DF_TRADE_TOT_CHAP_YR(5.1.0),AE,A,AED,FCSC,ANN_CHAP,REEXP,_Z,80,_Z,2023,67764691.85,,,,0
FCSA:DF_TRADE_TOT_CHAP_YR(5.1.0),AE,A,AED,FCSC,ANN_CHAP,REEXP,_Z,80,_Z,2024,52268868.59,,,,0
FCSA:DF_TRADE_TOT_CHAP_YR(5.1.0),AE,A,AED,FCSC,ANN_CHAP,IMP,_Z,28,_Z,2017,7102472931.34,,,,0
FCSA:DF_TRADE_TOT_CHAP_YR(5.1.0),AE,A,AED,FCSC,ANN_CHAP,IMP,_Z,28,_Z,2018,8993590311.94,,,,0
FCSA:DF_TRADE_TOT_CHAP_YR(5.1.0),AE,A,AED,FCSC,ANN_CHAP,IMP,_Z,28,_Z,2019,11105566514.01,,,,0
FCSA:DF_TRADE_TOT_CHAP_YR(5.1.0),AE,A,AED,FCSC,ANN_CHAP,IMP,_Z,28,_Z,2020,5068807470.12,,,,0
FCSA:DF_TRADE_TOT_CHAP_YR(5.1.0),AE,A,AED,FCSC,ANN_CHAP,IMP,_Z,28,_Z,2021,5829302974.96,,,,0
FCSA:DF_TRADE_TOT_CHAP_YR(5.1.0),AE,A,AED,FCSC,ANN_CHAP,IMP,_Z,28,_Z,2022,8342593536.50,,,,0
FCSA:DF_TRADE_TOT_CHAP_YR(5.1.0),AE,A,AED,FCSC,ANN_CHAP,IMP,_Z,28,_Z,2023,7954893583.97,,,,0
FCSA:DF_TRADE_TOT_CHAP_YR(5.1.0),AE,A,AED,FCSC,ANN_CHAP,IMP,_Z,28,_Z,2024,5956829921.92,,,,0
FCSA:DF_TRADE_TOT_CHAP_YR(5.1.0),AE,A,AED,FCSC,ANN_CHAP,IMP,_Z,53,_Z,2017,47777500.97,,,,0
FCSA:DF_TRADE_TOT_CHAP_YR(5.1.0),AE,A,AED,FCSC,ANN_CHAP,IMP,_Z,53,_Z,2018,51284043.06,,,,0
FCSA:DF_TRADE_TOT_CHAP_YR(5.1.0),AE,A,AED,FCSC,ANN_CHAP,IMP,_Z,53,_Z,2019,45368620.21,,,,0
FCSA:DF_TRADE_TOT_CHAP_YR(5.1.0),AE,A,AED,FCSC,ANN_CHAP,IMP,_Z,53,_Z,2020,48852341.44,,,,0
FCSA:DF_TRADE_TOT_CHAP_YR(5.1.0),AE,A,AED,FCSC,ANN_CHAP,IMP,_Z,53,_Z,2021,90459810.37,,,,0
FCSA:DF_TRADE_TOT_CHAP_YR(5.1.0),AE,A,AED,FCSC,ANN_CHAP,IMP,_Z,53,_Z,2022,77622511.80,,,,0
FCSA:DF_TRADE_TOT_CHAP_YR(5.1.0),AE,A,AED,FCSC,ANN_CHAP,IMP,_Z,53,_Z,2023,69821418.26,,,,0
FCSA:DF_TRADE_TOT_CHAP_YR(5.1.0),AE,A,AED,FCSC,ANN_CHAP,IMP,_Z,53,_Z,2024,72062056.77,,,,0
FCSA:DF_TRADE_TOT_CHAP_YR(5.1.0),AE,A,AED,FCSC,ANN_CHAP,IMP,_Z,11,_Z,2017,440518195.11,,,,0
FCSA:DF_TRADE_TOT_CHAP_YR(5.1.0),AE,A,AED,FCSC,ANN_CHAP,IMP,_Z,11,_Z,2018,453787776.57,,,,0
FCSA:DF_TRADE_TOT_CHAP_YR(5.1.0),AE,A,AED,FCSC,ANN_CHAP,IMP,_Z,11,_Z,2019,447730048.32,,,,0
FCSA:DF_TRADE_TOT_CHAP_YR(5.1.0),AE,A,AED,FCSC,ANN_CHAP,IMP,_Z,11,_Z,2020,458103900.38,,,,0
FCSA:DF_TRADE_TOT_CHAP_YR(5.1.0),AE,A,AED,FCSC,ANN_CHAP,IMP,_Z,11,_Z,2021,543625910.11,,,,0
FCSA:DF_TRADE_TOT_CHAP_YR(5.1.0),AE,A,AED,FCSC,ANN_CHAP,IMP,_Z,11,_Z,2022,686332792.08,,,,0
FCSA:DF_TRADE_TOT_CHAP_YR(5.1.0),AE,A,AED,FCSC,ANN_CHAP,IMP,_Z,11,_Z,2023,522702230.64,,,,0
FCSA:DF_TRADE_TOT_CHAP_YR(5.1.0),AE,A,AED,FCSC,ANN_CHAP,IMP,_Z,11,_Z,2024,600823003.14,,,,0
FCSA:DF_TRADE_TOT_CHAP_YR(5.1.0),AE,A,AED,FCSC,ANN_CHAP,REEXP,_Z,55,_Z,2017,539631166.61,,,,0
FCSA:DF_TRADE_TOT_CHAP_YR(5.1.0),AE,A,AED,FCSC,ANN_CHAP,REEXP,_Z,55,_Z,2018,478952404.55,,,,0
FCSA:DF_TRADE_TOT_CHAP_YR(5.1.0),AE,A,AED,FCSC,ANN_CHAP,REEXP,_Z,55,_Z,2019,657236636.25,,,,0
FCSA:DF_TRADE_TOT_CHAP_YR(5.1.0),AE,A,AED,FCSC,ANN_CHAP,REEXP,_Z,55,_Z,2020,524888972.62,,,,0
FCSA:DF_TRADE_TOT_CHAP_YR(5.1.0),AE,A,AED,FCSC,ANN_CHAP,REEXP,_Z,55,_Z,2021,721942152.06,,,,0
FCSA:DF_TRADE_TOT_CHAP_YR(5.1.0),AE,A,AED,FCSC,ANN_CHAP,REEXP,_Z,55,_Z,2022,1094930616.07,,,,0
FCSA:DF_TRADE_TOT_CHAP_YR(5.1.0),AE,A,AED,FCSC,ANN_CHAP,REEXP,_Z,55,_Z,2023,1045727052.76,,,,0
FCSA:DF_TRADE_TOT_CHAP_YR(5.1.0),AE,A,AED,FCSC,ANN_CHAP,REEXP,_Z,55,_Z,2024,1242588855.33,,,,0
FCSA:DF_TRADE_TOT_CHAP_YR(5.1.0),AE,A,AED,FCSC,ANN_CHAP,NOEXP,_Z,6,_Z,2017,28166056.83,,,,0
FCSA:DF_TRADE_TOT_CHAP_YR(5.1.0),AE,A,AED,FCSC,ANN_CHAP,NOEXP,_Z,6,_Z,2018,40224682.11,,,,0
FCSA:DF_TRADE_TOT_CHAP_YR(5.1.0),AE,A,AED,FCSC,ANN_CHAP,NOEXP,_Z,6,_Z,2019,48119499.10,,,,0
FCSA:DF_TRADE_TOT_CHAP_YR(5.1.0),AE,A,AED,FCSC,ANN_CHAP,NOEXP,_Z,6,_Z,2020,70143398.19,,,,0
FCSA:DF_TRADE_TOT_CHAP_YR(5.1.0),AE,A,AED,FCSC,ANN_CHAP,NOEXP,_Z,6,_Z,2021,82160890.92,,,,0
FCSA:DF_TRADE_TOT_CHAP_YR(5.1.0),AE,A,AED,FCSC,ANN_CHAP,NOEXP,_Z,6,_Z,2022,68363134.70,,,,0
FCSA:DF_TRADE_TOT_CHAP_YR(5.1.0),AE,A,AED,FCSC,ANN_CHAP,NOEXP,_Z,6,_Z,2023,56143604.71,,,,0
FCSA:DF_TRADE_TOT_CHAP_YR(5.1.0),AE,A,AED,FCSC,ANN_CHAP,NOEXP,_Z,6,_Z,2024,64537544.57,,,,0
FCSA:DF_TRADE_TOT_CHAP_YR(5.1.0),AE,A,AED,FCSC,ANN_CHAP,IMP,_Z,96,_Z,2017,2555499721.62,,,,0
FCSA:DF_TRADE_TOT_CHAP_YR(5.1.0),AE,A,AED,FCSC,ANN_CHAP,IMP,_Z,96,_Z,2018,2484552109.43,,,,0
FCSA:DF_TRADE_TOT_CHAP_YR(5.1.0),AE,A,AED,FCSC,ANN_CHAP,IMP,_Z,96,_Z,2019,2514576174.91,,,,0
FCSA:DF_TRADE_TOT_CHAP_YR(5.1.0),AE,A,AED,FCSC,ANN_CHAP,IMP,_Z,96,_Z,2020,2132186715.59,,,,0
FCSA:DF_TRADE_TOT_CHAP_YR(5.1.0),AE,A,AED,FCSC,ANN_CHAP,IMP,_Z,96,_Z,2021,2371786026.38,,,,0
FCSA:DF_TRADE_TOT_CHAP_YR(5.1.0),AE,A,AED,FCSC,ANN_CHAP,IMP,_Z,96,_Z,2022,2946652728.95,,,,0
FCSA:DF_TRADE_TOT_CHAP_YR(5.1.0),AE,A,AED,FCSC,ANN_CHAP,IMP,_Z,96,_Z,2023,3105877026.40,,,,0
FCSA:DF_TRADE_TOT_CHAP_YR(5.1.0),AE,A,AED,FCSC,ANN_CHAP,IMP,_Z,96,_Z,2024,3259657612.65,,,,0
FCSA:DF_TRADE_TOT_CHAP_YR(5.1.0),AE,A,AED,FCSC,ANN_CHAP,NOEXP,_Z,89,_Z,2017,2149745483.37,,,,0
FCSA:DF_TRADE_TOT_CHAP_YR(5.1.0),AE,A,AED,FCSC,ANN_CHAP,NOEXP,_Z,89,_Z,2018,2567300228.47,,,,0
FCSA:DF_TRADE_TOT_CHAP_YR(5.1.0),AE,A,AED,FCSC,ANN_CHAP,NOEXP,_Z,89,_Z,2019,723615167.95,,,,0
FCSA:DF_TRADE_TOT_CHAP_YR(5.1.0),AE,A,AED,FCSC,ANN_CHAP,NOEXP,_Z,89,_Z,2020,387715618.58,,,,0
FCSA:DF_TRADE_TOT_CHAP_YR(5.1.0),AE,A,AED,FCSC,ANN_CHAP,NOEXP,_Z,89,_Z,2021,2465560354.97,,,,0
FCSA:DF_TRADE_TOT_CHAP_YR(5.1.0),AE,A,AED,FCSC,ANN_CHAP,NOEXP,_Z,89,_Z,2022,691716534.02,,,,0
FCSA:DF_TRADE_TOT_CHAP_YR(5.1.0),AE,A,AED,FCSC,ANN_CHAP,NOEXP,_Z,89,_Z,2023,992766136.24,,,,0
FCSA:DF_TRADE_TOT_CHAP_YR(5.1.0),AE,A,AED,FCSC,ANN_CHAP,NOEXP,_Z,89,_Z,2024,1002930851.44,,,,0
FCSA:DF_TRADE_TOT_CHAP_YR(5.1.0),AE,A,AED,FCSC,ANN_CHAP,REEXP,_Z,72,_Z,2017,873537941.33,,,,0
FCSA:DF_TRADE_TOT_CHAP_YR(5.1.0),AE,A,AED,FCSC,ANN_CHAP,REEXP,_Z,72,_Z,2018,1788499515.48,,,,0
FCSA:DF_TRADE_TOT_CHAP_YR(5.1.0),AE,A,AED,FCSC,ANN_CHAP,REEXP,_Z,72,_Z,2019,2795331138.17,,,,0
FCSA:DF_TRADE_TOT_CHAP_YR(5.1.0),AE,A,AED,FCSC,ANN_CHAP,REEXP,_Z,72,_Z,2020,1468379898.12,,,,0
FCSA:DF_TRADE_TOT_CHAP_YR(5.1.0),AE,A,AED,FCSC,ANN_CHAP,REEXP,_Z,72,_Z,2021,2002827070.79,,,,0
FCSA:DF_TRADE_TOT_CHAP_YR(5.1.0),AE,A,AED,FCSC,ANN_CHAP,REEXP,_Z,72,_Z,2022,2754691922.12,,,,0
FCSA:DF_TRADE_TOT_CHAP_YR(5.1.0),AE,A,AED,FCSC,ANN_CHAP,REEXP,_Z,72,_Z,2023,2305549441.20,,,,0
FCSA:DF_TRADE_TOT_CHAP_YR(5.1.0),AE,A,AED,FCSC,ANN_CHAP,REEXP,_Z,72,_Z,2024,2305212282.34,,,,0
FCSA:DF_TRADE_TOT_CHAP_YR(5.1.0),AE,A,AED,FCSC,ANN_CHAP,IMP,_Z,92,_Z,2017,294962790.53,,,,0
FCSA:DF_TRADE_TOT_CHAP_YR(5.1.0),AE,A,AED,FCSC,ANN_CHAP,IMP,_Z,92,_Z,2018,287444349.11,,,,0
FCSA:DF_TRADE_TOT_CHAP_YR(5.1.0),AE,A,AED,FCSC,ANN_CHAP,IMP,_Z,92,_Z,2019,262246530.66,,,,0
FCSA:DF_TRADE_TOT_CHAP_YR(5.1.0),AE,A,AED,FCSC,ANN_CHAP,IMP,_Z,92,_Z,2020,202947384.11,,,,0
FCSA:DF_TRADE_TOT_CHAP_YR(5.1.0),AE,A,AED,FCSC,ANN_CHAP,IMP,_Z,92,_Z,2021,298408122.49,,,,0
FCSA:DF_TRADE_TOT_CHAP_YR(5.1.0),AE,A,AED,FCSC,ANN_CHAP,IMP,_Z,92,_Z,2022,612552914.68,,,,0
FCSA:DF_TRADE_TOT_CHAP_YR(5.1.0),AE,A,AED,FCSC,ANN_CHAP,IMP,_Z,92,_Z,2023,373881726.63,,,,0
FCSA:DF_TRADE_TOT_CHAP_YR(5.1.0),AE,A,AED,FCSC,ANN_CHAP,IMP,_Z,92,_Z,2024,400983313.93,,,,0
FCSA:DF_TRADE_TOT_CHAP_YR(5.1.0),AE,A,AED,FCSC,ANN_CHAP,IMP,_Z,58,_Z,2017,422162936.85,,,,0
FCSA:DF_TRADE_TOT_CHAP_YR(5.1.0),AE,A,AED,FCSC,ANN_CHAP,IMP,_Z,58,_Z,2018,342606181.16,,,,0
FCSA:DF_TRADE_TOT_CHAP_YR(5.1.0),AE,A,AED,FCSC,ANN_CHAP,IMP,_Z,58,_Z,2019,310722080.90,,,,0
FCSA:DF_TRADE_TOT_CHAP_YR(5.1.0),AE,A,AED,FCSC,ANN_CHAP,IMP,_Z,58,_Z,2020,200183214.58,,,,0
FCSA:DF_TRADE_TOT_CHAP_YR(5.1.0),AE,A,AED,FCSC,ANN_CHAP,IMP,_Z,58,_Z,2021,310652811.51,,,,0
FCSA:DF_TRADE_TOT_CHAP_YR(5.1.0),AE,A,AED,FCSC,ANN_CHAP,IMP,_Z,58,_Z,2022,410041618.36,,,,0
FCSA:DF_TRADE_TOT_CHAP_YR(5.1.0),AE,A,AED,FCSC,ANN_CHAP,IMP,_Z,58,_Z,2023,407397647.78,,,,0
FCSA:DF_TRADE_TOT_CHAP_YR(5.1.0),AE,A,AED,FCSC,ANN_CHAP,IMP,_Z,58,_Z,2024,430118975.77,,,,0
FCSA:DF_TRADE_TOT_CHAP_YR(5.1.0),AE,A,AED,FCSC,ANN_CHAP,REEXP,_Z,93,_Z,2017,25048285.27,,,,0
FCSA:DF_TRADE_TOT_CHAP_YR(5.1.0),AE,A,AED,FCSC,ANN_CHAP,REEXP,_Z,93,_Z,2018,27132071.17,,,,0
FCSA:DF_TRADE_TOT_CHAP_YR(5.1.0),AE,A,AED,FCSC,ANN_CHAP,REEXP,_Z,93,_Z,2019,13138533.97,,,,0
FCSA:DF_TRADE_TOT_CHAP_YR(5.1.0),AE,A,AED,FCSC,ANN_CHAP,REEXP,_Z,93,_Z,2020,23009014.98,,,,0
FCSA:DF_TRADE_TOT_CHAP_YR(5.1.0),AE,A,AED,FCSC,ANN_CHAP,REEXP,_Z,93,_Z,2021,17260335.77,,,,0
FCSA:DF_TRADE_TOT_CHAP_YR(5.1.0),AE,A,AED,FCSC,ANN_CHAP,REEXP,_Z,93,_Z,2022,54737036.80,,,,0
FCSA:DF_TRADE_TOT_CHAP_YR(5.1.0),AE,A,AED,FCSC,ANN_CHAP,REEXP,_Z,93,_Z,2023,33805357.53,,,,0
FCSA:DF_TRADE_TOT_CHAP_YR(5.1.0),AE,A,AED,FCSC,ANN_CHAP,REEXP,_Z,93,_Z,2024,7979507.36,,,,0
FCSA:DF_TRADE_TOT_CHAP_YR(5.1.0),AE,A,AED,FCSC,ANN_CHAP,IMP,_Z,79,_Z,2017,1151202089.11,,,,0
FCSA:DF_TRADE_TOT_CHAP_YR(5.1.0),AE,A,AED,FCSC,ANN_CHAP,IMP,_Z,79,_Z,2018,1224546761.27,,,,0
FCSA:DF_TRADE_TOT_CHAP_YR(5.1.0),AE,A,AED,FCSC,ANN_CHAP,IMP,_Z,79,_Z,2019,1061301877.80,,,,0
FCSA:DF_TRADE_TOT_CHAP_YR(5.1.0),AE,A,AED,FCSC,ANN_CHAP,IMP,_Z,79,_Z,2020,948987999.50,,,,0
FCSA:DF_TRADE_TOT_CHAP_YR(5.1.0),AE,A,AED,FCSC,ANN_CHAP,IMP,_Z,79,_Z,2021,1259526809.15,,,,0
FCSA:DF_TRADE_TOT_CHAP_YR(5.1.0),AE,A,AED,FCSC,ANN_CHAP,IMP,_Z,79,_Z,2022,1557750164.01,,,,0
FCSA:DF_TRADE_TOT_CHAP_YR(5.1.0),AE,A,AED,FCSC,ANN_CHAP,IMP,_Z,79,_Z,2023,1246070282.56,,,,0
FCSA:DF_TRADE_TOT_CHAP_YR(5.1.0),AE,A,AED,FCSC,ANN_CHAP,IMP,_Z,79,_Z,2024,1480172461.37,,,,0
FCSA:DF_TRADE_TOT_CHAP_YR(5.1.0),AE,A,AED,FCSC,ANN_CHAP,IMP,_Z,49,_Z,2017,1343228589.50,,,,0
FCSA:DF_TRADE_TOT_CHAP_YR(5.1.0),AE,A,AED,FCSC,ANN_CHAP,IMP,_Z,49,_Z,2018,969402789.00,,,,0
FCSA:DF_TRADE_TOT_CHAP_YR(5.1.0),AE,A,AED,FCSC,ANN_CHAP,IMP,_Z,49,_Z,2019,1033169784.25,,,,0
FCSA:DF_TRADE_TOT_CHAP_YR(5.1.0),AE,A,AED,FCSC,ANN_CHAP,IMP,_Z,49,_Z,2020,916184895.08,,,,0
FCSA:DF_TRADE_TOT_CHAP_YR(5.1.0),AE,A,AED,FCSC,ANN_CHAP,IMP,_Z,49,_Z,2021,2011482773.05,,,,0
FCSA:DF_TRADE_TOT_CHAP_YR(5.1.0),AE,A,AED,FCSC,ANN_CHAP,IMP,_Z,49,_Z,2022,1214541868.68,,,,0
FCSA:DF_TRADE_TOT_CHAP_YR(5.1.0),AE,A,AED,FCSC,ANN_CHAP,IMP,_Z,49,_Z,2023,838203312.14,,,,0
FCSA:DF_TRADE_TOT_CHAP_YR(5.1.0),AE,A,AED,FCSC,ANN_CHAP,IMP,_Z,49,_Z,2024,748873053.10,,,,0
FCSA:DF_TRADE_TOT_CHAP_YR(5.1.0),AE,A,AED,FCSC,ANN_CHAP,IMP,_Z,32,_Z,2017,3015454617.19,,,,0
FCSA:DF_TRADE_TOT_CHAP_YR(5.1.0),AE,A,AED,FCSC,ANN_CHAP,IMP,_Z,32,_Z,2018,2701068169.87,,,,0
FCSA:DF_TRADE_TOT_CHAP_YR(5.1.0),AE,A,AED,FCSC,ANN_CHAP,IMP,_Z,32,_Z,2019,2695617601.29,,,,0
FCSA:DF_TRADE_TOT_CHAP_YR(5.1.0),AE,A,AED,FCSC,ANN_CHAP,IMP,_Z,32,_Z,2020,2520771744.55,,,,0
FCSA:DF_TRADE_TOT_CHAP_YR(5.1.0),AE,A,AED,FCSC,ANN_CHAP,IMP,_Z,32,_Z,2021,2965616450.63,,,,0
FCSA:DF_TRADE_TOT_CHAP_YR(5.1.0),AE,A,AED,FCSC,ANN_CHAP,IMP,_Z,32,_Z,2022,3419418271.92,,,,0
FCSA:DF_TRADE_TOT_CHAP_YR(5.1.0),AE,A,AED,FCSC,ANN_CHAP,IMP,_Z,32,_Z,2023,3308676515.90,,,,0
FCSA:DF_TRADE_TOT_CHAP_YR(5.1.0),AE,A,AED,FCSC,ANN_CHAP,IMP,_Z,32,_Z,2024,3605332151.13,,,,0
FCSA:DF_TRADE_TOT_CHAP_YR(5.1.0),AE,A,AED,FCSC,ANN_CHAP,IMP,_Z,62,_Z,2017,9079332571.06,,,,0
FCSA:DF_TRADE_TOT_CHAP_YR(5.1.0),AE,A,AED,FCSC,ANN_CHAP,IMP,_Z,62,_Z,2018,7980291322.96,,,,0
FCSA:DF_TRADE_TOT_CHAP_YR(5.1.0),AE,A,AED,FCSC,ANN_CHAP,IMP,_Z,62,_Z,2019,7692451540.07,,,,0
FCSA:DF_TRADE_TOT_CHAP_YR(5.1.0),AE,A,AED,FCSC,ANN_CHAP,IMP,_Z,62,_Z,2020,6055283661.87,,,,0
FCSA:DF_TRADE_TOT_CHAP_YR(5.1.0),AE,A,AED,FCSC,ANN_CHAP,IMP,_Z,62,_Z,2021,8043753920.31,,,,0
FCSA:DF_TRADE_TOT_CHAP_YR(5.1.0),AE,A,AED,FCSC,ANN_CHAP,IMP,_Z,62,_Z,2022,10399300917.95,,,,0
FCSA:DF_TRADE_TOT_CHAP_YR(5.1.0),AE,A,AED,FCSC,ANN_CHAP,IMP,_Z,62,_Z,2023,11552581357.70,,,,0
FCSA:DF_TRADE_TOT_CHAP_YR(5.1.0),AE,A,AED,FCSC,ANN_CHAP,IMP,_Z,62,_Z,2024,12564562022.25,,,,0
FCSA:DF_TRADE_TOT_CHAP_YR(5.1.0),AE,A,AED,FCSC,ANN_CHAP,IMP,_Z,45,_Z,2017,140443770.62,,,,0
FCSA:DF_TRADE_TOT_CHAP_YR(5.1.0),AE,A,AED,FCSC,ANN_CHAP,IMP,_Z,45,_Z,2018,13285191.34,,,,0
FCSA:DF_TRADE_TOT_CHAP_YR(5.1.0),AE,A,AED,FCSC,ANN_CHAP,IMP,_Z,45,_Z,2019,17407872.53,,,,0
FCSA:DF_TRADE_TOT_CHAP_YR(5.1.0),AE,A,AED,FCSC,ANN_CHAP,IMP,_Z,45,_Z,2020,24387454.90,,,,0
FCSA:DF_TRADE_TOT_CHAP_YR(5.1.0),AE,A,AED,FCSC,ANN_CHAP,IMP,_Z,45,_Z,2021,22211360.62,,,,0
FCSA:DF_TRADE_TOT_CHAP_YR(5.1.0),AE,A,AED,FCSC,ANN_CHAP,IMP,_Z,45,_Z,2022,22733151.59,,,,0
FCSA:DF_TRADE_TOT_CHAP_YR(5.1.0),AE,A,AED,FCSC,ANN_CHAP,IMP,_Z,45,_Z,2023,39749599.48,,,,0
FCSA:DF_TRADE_TOT_CHAP_YR(5.1.0),AE,A,AED,FCSC,ANN_CHAP,IMP,_Z,45,_Z,2024,43097626.59,,,,0
FCSA:DF_TRADE_TOT_CHAP_YR(5.1.0),AE,A,AED,FCSC,ANN_CHAP,NOEXP,_Z,28,_Z,2017,235140274.36,,,,0
FCSA:DF_TRADE_TOT_CHAP_YR(5.1.0),AE,A,AED,FCSC,ANN_CHAP,NOEXP,_Z,28,_Z,2018,389239646.28,,,,0
FCSA:DF_TRADE_TOT_CHAP_YR(5.1.0),AE,A,AED,FCSC,ANN_CHAP,NOEXP,_Z,28,_Z,2019,306864930.99,,,,0
FCSA:DF_TRADE_TOT_CHAP_YR(5.1.0),AE,A,AED,FCSC,ANN_CHAP,NOEXP,_Z,28,_Z,2020,264621566.60,,,,0
FCSA:DF_TRADE_TOT_CHAP_YR(5.1.0),AE,A,AED,FCSC,ANN_CHAP,NOEXP,_Z,28,_Z,2021,491777855.98,,,,0
FCSA:DF_TRADE_TOT_CHAP_YR(5.1.0),AE,A,AED,FCSC,ANN_CHAP,NOEXP,_Z,28,_Z,2022,511309087.09,,,,0
FCSA:DF_TRADE_TOT_CHAP_YR(5.1.0),AE,A,AED,FCSC,ANN_CHAP,NOEXP,_Z,28,_Z,2023,849034841.63,,,,0
FCSA:DF_TRADE_TOT_CHAP_YR(5.1.0),AE,A,AED,FCSC,ANN_CHAP,NOEXP,_Z,28,_Z,2024,649334596.90,,,,0
FCSA:DF_TRADE_TOT_CHAP_YR(5.1.0),AE,A,AED,FCSC,ANN_CHAP,TNOEXP,_Z,42,_Z,2017,1173855244.87,,,,0
FCSA:DF_TRADE_TOT_CHAP_YR(5.1.0),AE,A,AED,FCSC,ANN_CHAP,TNOEXP,_Z,42,_Z,2018,1468293550.95,,,,0
FCSA:DF_TRADE_TOT_CHAP_YR(5.1.0),AE,A,AED,FCSC,ANN_CHAP,TNOEXP,_Z,42,_Z,2019,1741836760.59,,,,0
FCSA:DF_TRADE_TOT_CHAP_YR(5.1.0),AE,A,AED,FCSC,ANN_CHAP,TNOEXP,_Z,42,_Z,2020,1285524903.92,,,,0
FCSA:DF_TRADE_TOT_CHAP_YR(5.1.0),AE,A,AED,FCSC,ANN_CHAP,TNOEXP,_Z,42,_Z,2021,1562880950.63,,,,0
FCSA:DF_TRADE_TOT_CHAP_YR(5.1.0),AE,A,AED,FCSC,ANN_CHAP,TNOEXP,_Z,42,_Z,2022,2307276045.75,,,,0
FCSA:DF_TRADE_TOT_CHAP_YR(5.1.0),AE,A,AED,FCSC,ANN_CHAP,TNOEXP,_Z,42,_Z,2023,2184178407.56,,,,0
FCSA:DF_TRADE_TOT_CHAP_YR(5.1.0),AE,A,AED,FCSC,ANN_CHAP,TNOEXP,_Z,42,_Z,2024,2542701813.23,,,,0
FCSA:DF_TRADE_TOT_CHAP_YR(5.1.0),AE,A,AED,FCSC,ANN_CHAP,IMP,_Z,75,_Z,2017,666332544.29,,,,0
FCSA:DF_TRADE_TOT_CHAP_YR(5.1.0),AE,A,AED,FCSC,ANN_CHAP,IMP,_Z,75,_Z,2018,451590635.95,,,,0
FCSA:DF_TRADE_TOT_CHAP_YR(5.1.0),AE,A,AED,FCSC,ANN_CHAP,IMP,_Z,75,_Z,2019,681653534.83,,,,0
FCSA:DF_TRADE_TOT_CHAP_YR(5.1.0),AE,A,AED,FCSC,ANN_CHAP,IMP,_Z,75,_Z,2020,761718206.60,,,,0
FCSA:DF_TRADE_TOT_CHAP_YR(5.1.0),AE,A,AED,FCSC,ANN_CHAP,IMP,_Z,75,_Z,2021,1372600729.63,,,,0
FCSA:DF_TRADE_TOT_CHAP_YR(5.1.0),AE,A,AED,FCSC,ANN_CHAP,IMP,_Z,75,_Z,2022,708782168.92,,,,0
FCSA:DF_TRADE_TOT_CHAP_YR(5.1.0),AE,A,AED,FCSC,ANN_CHAP,IMP,_Z,75,_Z,2023,1008816977.94,,,,0
FCSA:DF_TRADE_TOT_CHAP_YR(5.1.0),AE,A,AED,FCSC,ANN_CHAP,IMP,_Z,75,_Z,2024,1369003435.29,,,,0
FCSA:DF_TRADE_TOT_CHAP_YR(5.1.0),AE,A,AED,FCSC,ANN_CHAP,REEXP,_Z,76,_Z,2017,371772469.87,,,,0
FCSA:DF_TRADE_TOT_CHAP_YR(5.1.0),AE,A,AED,FCSC,ANN_CHAP,REEXP,_Z,76,_Z,2018,544275428.90,,,,0
FCSA:DF_TRADE_TOT_CHAP_YR(5.1.0),AE,A,AED,FCSC,ANN_CHAP,REEXP,_Z,76,_Z,2019,444720392.49,,,,0
FCSA:DF_TRADE_TOT_CHAP_YR(5.1.0),AE,A,AED,FCSC,ANN_CHAP,REEXP,_Z,76,_Z,2020,438313754.23,,,,0
FCSA:DF_TRADE_TOT_CHAP_YR(5.1.0),AE,A,AED,FCSC,ANN_CHAP,REEXP,_Z,76,_Z,2021,687345926.71,,,,0
FCSA:DF_TRADE_TOT_CHAP_YR(5.1.0),AE,A,AED,FCSC,ANN_CHAP,REEXP,_Z,76,_Z,2022,903127957.25,,,,0
FCSA:DF_TRADE_TOT_CHAP_YR(5.1.0),AE,A,AED,FCSC,ANN_CHAP,REEXP,_Z,76,_Z,2023,674710951.26,,,,0
FCSA:DF_TRADE_TOT_CHAP_YR(5.1.0),AE,A,AED,FCSC,ANN_CHAP,REEXP,_Z,76,_Z,2024,769611565.40,,,,0
FCSA:DF_TRADE_TOT_CHAP_YR(5.1.0),AE,A,AED,FCSC,ANN_CHAP,IMP,_Z,19,_Z,2017,3256891979.48,,,,0
FCSA:DF_TRADE_TOT_CHAP_YR(5.1.0),AE,A,AED,FCSC,ANN_CHAP,IMP,_Z,19,_Z,2018,3144479436.16,,,,0
FCSA:DF_TRADE_TOT_CHAP_YR(5.1.0),AE,A,AED,FCSC,ANN_CHAP,IMP,_Z,19,_Z,2019,3474582731.71,,,,0
FCSA:DF_TRADE_TOT_CHAP_YR(5.1.0),AE,A,AED,FCSC,ANN_CHAP,IMP,_Z,19,_Z,2020,3601471326.91,,,,0
FCSA:DF_TRADE_TOT_CHAP_YR(5.1.0),AE,A,AED,FCSC,ANN_CHAP,IMP,_Z,19,_Z,2021,3712734709.22,,,,0
FCSA:DF_TRADE_TOT_CHAP_YR(5.1.0),AE,A,AED,FCSC,ANN_CHAP,IMP,_Z,19,_Z,2022,4335658187.79,,,,0
FCSA:DF_TRADE_TOT_CHAP_YR(5.1.0),AE,A,AED,FCSC,ANN_CHAP,IMP,_Z,19,_Z,2023,4925710583.42,,,,0
FCSA:DF_TRADE_TOT_CHAP_YR(5.1.0),AE,A,AED,FCSC,ANN_CHAP,IMP,_Z,19,_Z,2024,5385984786.96,,,,0
FCSA:DF_TRADE_TOT_CHAP_YR(5.1.0),AE,A,AED,FCSC,ANN_CHAP,REEXP,_Z,83,_Z,2017,778473750.91,,,,0
FCSA:DF_TRADE_TOT_CHAP_YR(5.1.0),AE,A,AED,FCSC,ANN_CHAP,REEXP,_Z,83,_Z,2018,941565540.49,,,,0
FCSA:DF_TRADE_TOT_CHAP_YR(5.1.0),AE,A,AED,FCSC,ANN_CHAP,REEXP,_Z,83,_Z,2019,966886025.56,,,,0
FCSA:DF_TRADE_TOT_CHAP_YR(5.1.0),AE,A,AED,FCSC,ANN_CHAP,REEXP,_Z,83,_Z,2020,937335144.80,,,,0
FCSA:DF_TRADE_TOT_CHAP_YR(5.1.0),AE,A,AED,FCSC,ANN_CHAP,REEXP,_Z,83,_Z,2021,1274068335.04,,,,0
FCSA:DF_TRADE_TOT_CHAP_YR(5.1.0),AE,A,AED,FCSC,ANN_CHAP,REEXP,_Z,83,_Z,2022,1616441688.32,,,,0
FCSA:DF_TRADE_TOT_CHAP_YR(5.1.0),AE,A,AED,FCSC,ANN_CHAP,REEXP,_Z,83,_Z,2023,1406073753.62,,,,0
FCSA:DF_TRADE_TOT_CHAP_YR(5.1.0),AE,A,AED,FCSC,ANN_CHAP,REEXP,_Z,83,_Z,2024,1532913222.99,,,,0
FCSA:DF_TRADE_TOT_CHAP_YR(5.1.0),AE,A,AED,FCSC,ANN_CHAP,TTRADE,_Z,25,_Z,2017,5511757730.03,,,,0
FCSA:DF_TRADE_TOT_CHAP_YR(5.1.0),AE,A,AED,FCSC,ANN_CHAP,TTRADE,_Z,25,_Z,2018,6614727490.73,,,,0
FCSA:DF_TRADE_TOT_CHAP_YR(5.1.0),AE,A,AED,FCSC,ANN_CHAP,TTRADE,_Z,25,_Z,2019,6162749121.76,,,,0
FCSA:DF_TRADE_TOT_CHAP_YR(5.1.0),AE,A,AED,FCSC,ANN_CHAP,TTRADE,_Z,25,_Z,2020,5158452535.50,,,,0
FCSA:DF_TRADE_TOT_CHAP_YR(5.1.0),AE,A,AED,FCSC,ANN_CHAP,TTRADE,_Z,25,_Z,2021,6910121201.54,,,,0
FCSA:DF_TRADE_TOT_CHAP_YR(5.1.0),AE,A,AED,FCSC,ANN_CHAP,TTRADE,_Z,25,_Z,2022,7165678209.69,,,,0
FCSA:DF_TRADE_TOT_CHAP_YR(5.1.0),AE,A,AED,FCSC,ANN_CHAP,TTRADE,_Z,25,_Z,2023,7134466873.93,,,,0
FCSA:DF_TRADE_TOT_CHAP_YR(5.1.0),AE,A,AED,FCSC,ANN_CHAP,TTRADE,_Z,25,_Z,2024,6975064315.35,,,,0
FCSA:DF_TRADE_TOT_CHAP_YR(5.1.0),AE,A,AED,FCSC,ANN_CHAP,TTRADE,_Z,59,_Z,2017,542428193.91,,,,0
FCSA:DF_TRADE_TOT_CHAP_YR(5.1.0),AE,A,AED,FCSC,ANN_CHAP,TTRADE,_Z,59,_Z,2018,531340239.86,,,,0
FCSA:DF_TRADE_TOT_CHAP_YR(5.1.0),AE,A,AED,FCSC,ANN_CHAP,TTRADE,_Z,59,_Z,2019,573481513.36,,,,0
FCSA:DF_TRADE_TOT_CHAP_YR(5.1.0),AE,A,AED,FCSC,ANN_CHAP,TTRADE,_Z,59,_Z,2020,536339238.73,,,,0
FCSA:DF_TRADE_TOT_CHAP_YR(5.1.0),AE,A,AED,FCSC,ANN_CHAP,TTRADE,_Z,59,_Z,2021,683550948.60,,,,0
FCSA:DF_TRADE_TOT_CHAP_YR(5.1.0),AE,A,AED,FCSC,ANN_CHAP,TTRADE,_Z,59,_Z,2022,919963059.73,,,,0
FCSA:DF_TRADE_TOT_CHAP_YR(5.1.0),AE,A,AED,FCSC,ANN_CHAP,TTRADE,_Z,59,_Z,2023,883170293.55,,,,0
FCSA:DF_TRADE_TOT_CHAP_YR(5.1.0),AE,A,AED,FCSC,ANN_CHAP,TTRADE,_Z,59,_Z,2024,826642859.97,,,,0
FCSA:DF_TRADE_TOT_CHAP_YR(5.1.0),AE,A,AED,FCSC,ANN_CHAP,REEXP,_Z,15,_Z,2017,196670892.34,,,,0
FCSA:DF_TRADE_TOT_CHAP_YR(5.1.0),AE,A,AED,FCSC,ANN_CHAP,REEXP,_Z,15,_Z,2018,131944498.19,,,,0
FCSA:DF_TRADE_TOT_CHAP_YR(5.1.0),AE,A,AED,FCSC,ANN_CHAP,REEXP,_Z,15,_Z,2019,134916345.91,,,,0
FCSA:DF_TRADE_TOT_CHAP_YR(5.1.0),AE,A,AED,FCSC,ANN_CHAP,REEXP,_Z,15,_Z,2020,126217381.75,,,,0
FCSA:DF_TRADE_TOT_CHAP_YR(5.1.0),AE,A,AED,FCSC,ANN_CHAP,REEXP,_Z,15,_Z,2021,184689796.56,,,,0
FCSA:DF_TRADE_TOT_CHAP_YR(5.1.0),AE,A,AED,FCSC,ANN_CHAP,REEXP,_Z,15,_Z,2022,323898745.27,,,,0
FCSA:DF_TRADE_TOT_CHAP_YR(5.1.0),AE,A,AED,FCSC,ANN_CHAP,REEXP,_Z,15,_Z,2023,270264224.05,,,,0
FCSA:DF_TRADE_TOT_CHAP_YR(5.1.0),AE,A,AED,FCSC,ANN_CHAP,REEXP,_Z,15,_Z,2024,252310841.45,,,,0
FCSA:DF_TRADE_TOT_CHAP_YR(5.1.0),AE,A,AED,FCSC,ANN_CHAP,IMP,_Z,57,_Z,2017,868233571.34,,,,0
FCSA:DF_TRADE_TOT_CHAP_YR(5.1.0),AE,A,AED,FCSC,ANN_CHAP,IMP,_Z,57,_Z,2018,834399420.43,,,,0
FCSA:DF_TRADE_TOT_CHAP_YR(5.1.0),AE,A,AED,FCSC,ANN_CHAP,IMP,_Z,57,_Z,2019,741421256.14,,,,0
FCSA:DF_TRADE_TOT_CHAP_YR(5.1.0),AE,A,AED,FCSC,ANN_CHAP,IMP,_Z,57,_Z,2020,617090128.30,,,,0
FCSA:DF_TRADE_TOT_CHAP_YR(5.1.0),AE,A,AED,FCSC,ANN_CHAP,IMP,_Z,57,_Z,2021,951321176.43,,,,0
FCSA:DF_TRADE_TOT_CHAP_YR(5.1.0),AE,A,AED,FCSC,ANN_CHAP,IMP,_Z,57,_Z,2022,893531511.50,,,,0
FCSA:DF_TRADE_TOT_CHAP_YR(5.1.0),AE,A,AED,FCSC,ANN_CHAP,IMP,_Z,57,_Z,2023,983442951.87,,,,0
FCSA:DF_TRADE_TOT_CHAP_YR(5.1.0),AE,A,AED,FCSC,ANN_CHAP,IMP,_Z,57,_Z,2024,1081525007.45,,,,0
FCSA:DF_TRADE_TOT_CHAP_YR(5.1.0),AE,A,AED,FCSC,ANN_CHAP,IMP,_Z,91,_Z,2017,6313849198.27,,,,0
FCSA:DF_TRADE_TOT_CHAP_YR(5.1.0),AE,A,AED,FCSC,ANN_CHAP,IMP,_Z,91,_Z,2018,6201397977.74,,,,0
FCSA:DF_TRADE_TOT_CHAP_YR(5.1.0),AE,A,AED,FCSC,ANN_CHAP,IMP,_Z,91,_Z,2019,6527580671.89,,,,0
FCSA:DF_TRADE_TOT_CHAP_YR(5.1.0),AE,A,AED,FCSC,ANN_CHAP,IMP,_Z,91,_Z,2020,4904630789.29,,,,0
FCSA:DF_TRADE_TOT_CHAP_YR(5.1.0),AE,A,AED,FCSC,ANN_CHAP,IMP,_Z,91,_Z,2021,7159638110.96,,,,0
FCSA:DF_TRADE_TOT_CHAP_YR(5.1.0),AE,A,AED,FCSC,ANN_CHAP,IMP,_Z,91,_Z,2022,8121112120.54,,,,0
FCSA:DF_TRADE_TOT_CHAP_YR(5.1.0),AE,A,AED,FCSC,ANN_CHAP,IMP,_Z,91,_Z,2023,10013033433.97,,,,0
FCSA:DF_TRADE_TOT_CHAP_YR(5.1.0),AE,A,AED,FCSC,ANN_CHAP,IMP,_Z,91,_Z,2024,9797853419.49,,,,0
FCSA:DF_TRADE_TOT_CHAP_YR(5.1.0),AE,A,AED,FCSC,ANN_CHAP,IMP,_Z,23,_Z,2017,924967753.61,,,,0
FCSA:DF_TRADE_TOT_CHAP_YR(5.1.0),AE,A,AED,FCSC,ANN_CHAP,IMP,_Z,23,_Z,2018,958252340.14,,,,0
FCSA:DF_TRADE_TOT_CHAP_YR(5.1.0),AE,A,AED,FCSC,ANN_CHAP,IMP,_Z,23,_Z,2019,935558552.52,,,,0
FCSA:DF_TRADE_TOT_CHAP_YR(5.1.0),AE,A,AED,FCSC,ANN_CHAP,IMP,_Z,23,_Z,2020,973263611.66,,,,0
FCSA:DF_TRADE_TOT_CHAP_YR(5.1.0),AE,A,AED,FCSC,ANN_CHAP,IMP,_Z,23,_Z,2021,933750902.11,,,,0
FCSA:DF_TRADE_TOT_CHAP_YR(5.1.0),AE,A,AED,FCSC,ANN_CHAP,IMP,_Z,23,_Z,2022,1611263202.45,,,,0
FCSA:DF_TRADE_TOT_CHAP_YR(5.1.0),AE,A,AED,FCSC,ANN_CHAP,IMP,_Z,23,_Z,2023,1268140081.56,,,,0
FCSA:DF_TRADE_TOT_CHAP_YR(5.1.0),AE,A,AED,FCSC,ANN_CHAP,IMP,_Z,23,_Z,2024,1438066734.03,,,,0
FCSA:DF_TRADE_TOT_CHAP_YR(5.1.0),AE,A,AED,FCSC,ANN_CHAP,TTRADE,_Z,93,_Z,2017,577649093.62,,,,0
FCSA:DF_TRADE_TOT_CHAP_YR(5.1.0),AE,A,AED,FCSC,ANN_CHAP,TTRADE,_Z,93,_Z,2018,121995123.98,,,,0
FCSA:DF_TRADE_TOT_CHAP_YR(5.1.0),AE,A,AED,FCSC,ANN_CHAP,TTRADE,_Z,93,_Z,2019,67172730.47,,,,0
FCSA:DF_TRADE_TOT_CHAP_YR(5.1.0),AE,A,AED,FCSC,ANN_CHAP,TTRADE,_Z,93,_Z,2020,104272202.77,,,,0
FCSA:DF_TRADE_TOT_CHAP_YR(5.1.0),AE,A,AED,FCSC,ANN_CHAP,TTRADE,_Z,93,_Z,2021,89480080.43,,,,0
FCSA:DF_TRADE_TOT_CHAP_YR(5.1.0),AE,A,AED,FCSC,ANN_CHAP,TTRADE,_Z,93,_Z,2022,251420245.36,,,,0
FCSA:DF_TRADE_TOT_CHAP_YR(5.1.0),AE,A,AED,FCSC,ANN_CHAP,TTRADE,_Z,93,_Z,2023,189468471.79,,,,0
FCSA:DF_TRADE_TOT_CHAP_YR(5.1.0),AE,A,AED,FCSC,ANN_CHAP,TTRADE,_Z,93,_Z,2024,172860464.23,,,,0
FCSA:DF_TRADE_TOT_CHAP_YR(5.1.0),AE,A,AED,FCSC,ANN_CHAP,NOEXP,_Z,46,_Z,2017,3400656.34,,,,0
FCSA:DF_TRADE_TOT_CHAP_YR(5.1.0),AE,A,AED,FCSC,ANN_CHAP,NOEXP,_Z,46,_Z,2018,4881091.99,,,,0
FCSA:DF_TRADE_TOT_CHAP_YR(5.1.0),AE,A,AED,FCSC,ANN_CHAP,NOEXP,_Z,46,_Z,2019,3501900.99,,,,0
FCSA:DF_TRADE_TOT_CHAP_YR(5.1.0),AE,A,AED,FCSC,ANN_CHAP,NOEXP,_Z,46,_Z,2020,8845879.59,,,,0
FCSA:DF_TRADE_TOT_CHAP_YR(5.1.0),AE,A,AED,FCSC,ANN_CHAP,NOEXP,_Z,46,_Z,2021,3561768.86,,,,0
FCSA:DF_TRADE_TOT_CHAP_YR(5.1.0),AE,A,AED,FCSC,ANN_CHAP,NOEXP,_Z,46,_Z,2022,22246944.53,,,,0
FCSA:DF_TRADE_TOT_CHAP_YR(5.1.0),AE,A,AED,FCSC,ANN_CHAP,NOEXP,_Z,46,_Z,2023,41441095.32,,,,0
FCSA:DF_TRADE_TOT_CHAP_YR(5.1.0),AE,A,AED,FCSC,ANN_CHAP,NOEXP,_Z,46,_Z,2024,10150731.74,,,,0
FCSA:DF_TRADE_TOT_CHAP_YR(5.1.0),AE,A,AED,FCSC,ANN_CHAP,TTRADE,_Z,41,_Z,2017,194120183.74,,,,0
FCSA:DF_TRADE_TOT_CHAP_YR(5.1.0),AE,A,AED,FCSC,ANN_CHAP,TTRADE,_Z,41,_Z,2018,200492845.11,,,,0
FCSA:DF_TRADE_TOT_CHAP_YR(5.1.0),AE,A,AED,FCSC,ANN_CHAP,TTRADE,_Z,41,_Z,2019,156014648.99,,,,0
FCSA:DF_TRADE_TOT_CHAP_YR(5.1.0),AE,A,AED,FCSC,ANN_CHAP,TTRADE,_Z,41,_Z,2020,82490275.42,,,,0
FCSA:DF_TRADE_TOT_CHAP_YR(5.1.0),AE,A,AED,FCSC,ANN_CHAP,TTRADE,_Z,41,_Z,2021,77135334.74,,,,0
FCSA:DF_TRADE_TOT_CHAP_YR(5.1.0),AE,A,AED,FCSC,ANN_CHAP,TTRADE,_Z,41,_Z,2022,114569281.89,,,,0
FCSA:DF_TRADE_TOT_CHAP_YR(5.1.0),AE,A,AED,FCSC,ANN_CHAP,TTRADE,_Z,41,_Z,2023,144785582.56,,,,0
FCSA:DF_TRADE_TOT_CHAP_YR(5.1.0),AE,A,AED,FCSC,ANN_CHAP,TTRADE,_Z,41,_Z,2024,151445939.30,,,,0
FCSA:DF_TRADE_TOT_CHAP_YR(5.1.0),AE,A,AED,FCSC,ANN_CHAP,TNOEXP,_Z,89,_Z,2017,2809106355.83,,,,0
FCSA:DF_TRADE_TOT_CHAP_YR(5.1.0),AE,A,AED,FCSC,ANN_CHAP,TNOEXP,_Z,89,_Z,2018,3269871276.81,,,,0
FCSA:DF_TRADE_TOT_CHAP_YR(5.1.0),AE,A,AED,FCSC,ANN_CHAP,TNOEXP,_Z,89,_Z,2019,1350380683.59,,,,0
FCSA:DF_TRADE_TOT_CHAP_YR(5.1.0),AE,A,AED,FCSC,ANN_CHAP,TNOEXP,_Z,89,_Z,2020,1231176166.59,,,,0
FCSA:DF_TRADE_TOT_CHAP_YR(5.1.0),AE,A,AED,FCSC,ANN_CHAP,TNOEXP,_Z,89,_Z,2021,3261445989.45,,,,0
FCSA:DF_TRADE_TOT_CHAP_YR(5.1.0),AE,A,AED,FCSC,ANN_CHAP,TNOEXP,_Z,89,_Z,2022,2185749216.58,,,,0
FCSA:DF_TRADE_TOT_CHAP_YR(5.1.0),AE,A,AED,FCSC,ANN_CHAP,TNOEXP,_Z,89,_Z,2023,2066230142.93,,,,0
FCSA:DF_TRADE_TOT_CHAP_YR(5.1.0),AE,A,AED,FCSC,ANN_CHAP,TNOEXP,_Z,89,_Z,2024,2875439112.71,,,,0
FCSA:DF_TRADE_TOT_CHAP_YR(5.1.0),AE,A,AED,FCSC,ANN_CHAP,TNOEXP,_Z,35,_Z,2017,128392857.95,,,,0
FCSA:DF_TRADE_TOT_CHAP_YR(5.1.0),AE,A,AED,FCSC,ANN_CHAP,TNOEXP,_Z,35,_Z,2018,226305733.68,,,,0
FCSA:DF_TRADE_TOT_CHAP_YR(5.1.0),AE,A,AED,FCSC,ANN_CHAP,TNOEXP,_Z,35,_Z,2019,300399505.94,,,,0
FCSA:DF_TRADE_TOT_CHAP_YR(5.1.0),AE,A,AED,FCSC,ANN_CHAP,TNOEXP,_Z,35,_Z,2020,318734240.90,,,,0
FCSA:DF_TRADE_TOT_CHAP_YR(5.1.0),AE,A,AED,FCSC,ANN_CHAP,TNOEXP,_Z,35,_Z,2021,327472433.63,,,,0
FCSA:DF_TRADE_TOT_CHAP_YR(5.1.0),AE,A,AED,FCSC,ANN_CHAP,TNOEXP,_Z,35,_Z,2022,456363084.47,,,,0
FCSA:DF_TRADE_TOT_CHAP_YR(5.1.0),AE,A,AED,FCSC,ANN_CHAP,TNOEXP,_Z,35,_Z,2023,476687274.81,,,,0
FCSA:DF_TRADE_TOT_CHAP_YR(5.1.0),AE,A,AED,FCSC,ANN_CHAP,TNOEXP,_Z,35,_Z,2024,520539691.83,,,,0
FCSA:DF_TRADE_TOT_CHAP_YR(5.1.0),AE,A,AED,FCSC,ANN_CHAP,REEXP,_Z,81,_Z,2017,17518949.74,,,,0
FCSA:DF_TRADE_TOT_CHAP_YR(5.1.0),AE,A,AED,FCSC,ANN_CHAP,REEXP,_Z,81,_Z,2018,27948839.68,,,,0
FCSA:DF_TRADE_TOT_CHAP_YR(5.1.0),AE,A,AED,FCSC,ANN_CHAP,REEXP,_Z,81,_Z,2019,24216138.82,,,,0
FCSA:DF_TRADE_TOT_CHAP_YR(5.1.0),AE,A,AED,FCSC,ANN_CHAP,REEXP,_Z,81,_Z,2020,18671204.69,,,,0
FCSA:DF_TRADE_TOT_CHAP_YR(5.1.0),AE,A,AED,FCSC,ANN_CHAP,REEXP,_Z,81,_Z,2021,33744141.79,,,,0
FCSA:DF_TRADE_TOT_CHAP_YR(5.1.0),AE,A,AED,FCSC,ANN_CHAP,REEXP,_Z,81,_Z,2022,59648098.88,,,,0
FCSA:DF_TRADE_TOT_CHAP_YR(5.1.0),AE,A,AED,FCSC,ANN_CHAP,REEXP,_Z,81,_Z,2023,53888675.76,,,,0
FCSA:DF_TRADE_TOT_CHAP_YR(5.1.0),AE,A,AED,FCSC,ANN_CHAP,REEXP,_Z,81,_Z,2024,57757530.38,,,,0
FCSA:DF_TRADE_TOT_CHAP_YR(5.1.0),AE,A,AED,FCSC,ANN_CHAP,REEXP,_Z,47,_Z,2017,20389967.39,,,,0
FCSA:DF_TRADE_TOT_CHAP_YR(5.1.0),AE,A,AED,FCSC,ANN_CHAP,REEXP,_Z,47,_Z,2018,79308984.82,,,,0
FCSA:DF_TRADE_TOT_CHAP_YR(5.1.0),AE,A,AED,FCSC,ANN_CHAP,REEXP,_Z,47,_Z,2019,244691495.88,,,,0
FCSA:DF_TRADE_TOT_CHAP_YR(5.1.0),AE,A,AED,FCSC,ANN_CHAP,REEXP,_Z,47,_Z,2020,147243565.72,,,,0
FCSA:DF_TRADE_TOT_CHAP_YR(5.1.0),AE,A,AED,FCSC,ANN_CHAP,REEXP,_Z,47,_Z,2021,233512950.97,,,,0
FCSA:DF_TRADE_TOT_CHAP_YR(5.1.0),AE,A,AED,FCSC,ANN_CHAP,REEXP,_Z,47,_Z,2022,300865724.55,,,,0
FCSA:DF_TRADE_TOT_CHAP_YR(5.1.0),AE,A,AED,FCSC,ANN_CHAP,REEXP,_Z,47,_Z,2023,325399904.80,,,,0
FCSA:DF_TRADE_TOT_CHAP_YR(5.1.0),AE,A,AED,FCSC,ANN_CHAP,REEXP,_Z,47,_Z,2024,292685633.40,,,,0
FCSA:DF_TRADE_TOT_CHAP_YR(5.1.0),AE,A,AED,FCSC,ANN_CHAP,NOEXP,_Z,59,_Z,2017,25282804.87,,,,0
FCSA:DF_TRADE_TOT_CHAP_YR(5.1.0),AE,A,AED,FCSC,ANN_CHAP,NOEXP,_Z,59,_Z,2018,24732236.89,,,,0
FCSA:DF_TRADE_TOT_CHAP_YR(5.1.0),AE,A,AED,FCSC,ANN_CHAP,NOEXP,_Z,59,_Z,2019,20635609.00,,,,0
FCSA:DF_TRADE_TOT_CHAP_YR(5.1.0),AE,A,AED,FCSC,ANN_CHAP,NOEXP,_Z,59,_Z,2020,26677139.30,,,,0
FCSA:DF_TRADE_TOT_CHAP_YR(5.1.0),AE,A,AED,FCSC,ANN_CHAP,NOEXP,_Z,59,_Z,2021,28206897.69,,,,0
FCSA:DF_TRADE_TOT_CHAP_YR(5.1.0),AE,A,AED,FCSC,ANN_CHAP,NOEXP,_Z,59,_Z,2022,29683738.43,,,,0
FCSA:DF_TRADE_TOT_CHAP_YR(5.1.0),AE,A,AED,FCSC,ANN_CHAP,NOEXP,_Z,59,_Z,2023,40568922.52,,,,0
FCSA:DF_TRADE_TOT_CHAP_YR(5.1.0),AE,A,AED,FCSC,ANN_CHAP,NOEXP,_Z,59,_Z,2024,31087755.12,,,,0
FCSA:DF_TRADE_TOT_CHAP_YR(5.1.0),AE,A,AED,FCSC,ANN_CHAP,TNOEXP,_Z,56,_Z,2017,227026174.64,,,,0
FCSA:DF_TRADE_TOT_CHAP_YR(5.1.0),AE,A,AED,FCSC,ANN_CHAP,TNOEXP,_Z,56,_Z,2018,364528315.47,,,,0
FCSA:DF_TRADE_TOT_CHAP_YR(5.1.0),AE,A,AED,FCSC,ANN_CHAP,TNOEXP,_Z,56,_Z,2019,421153995.82,,,,0
FCSA:DF_TRADE_TOT_CHAP_YR(5.1.0),AE,A,AED,FCSC,ANN_CHAP,TNOEXP,_Z,56,_Z,2020,496226088.65,,,,0
FCSA:DF_TRADE_TOT_CHAP_YR(5.1.0),AE,A,AED,FCSC,ANN_CHAP,TNOEXP,_Z,56,_Z,2021,483019666.77,,,,0
FCSA:DF_TRADE_TOT_CHAP_YR(5.1.0),AE,A,AED,FCSC,ANN_CHAP,TNOEXP,_Z,56,_Z,2022,517925763.17,,,,0
FCSA:DF_TRADE_TOT_CHAP_YR(5.1.0),AE,A,AED,FCSC,ANN_CHAP,TNOEXP,_Z,56,_Z,2023,817652518.65,,,,0
FCSA:DF_TRADE_TOT_CHAP_YR(5.1.0),AE,A,AED,FCSC,ANN_CHAP,TNOEXP,_Z,56,_Z,2024,820407362.82,,,,0
FCSA:DF_TRADE_TOT_CHAP_YR(5.1.0),AE,A,AED,FCSC,ANN_CHAP,IMP,_Z,3,_Z,2017,2267900797.62,,,,0
FCSA:DF_TRADE_TOT_CHAP_YR(5.1.0),AE,A,AED,FCSC,ANN_CHAP,IMP,_Z,3,_Z,2018,2383678988.53,,,,0
FCSA:DF_TRADE_TOT_CHAP_YR(5.1.0),AE,A,AED,FCSC,ANN_CHAP,IMP,_Z,3,_Z,2019,2379555485.33,,,,0
FCSA:DF_TRADE_TOT_CHAP_YR(5.1.0),AE,A,AED,FCSC,ANN_CHAP,IMP,_Z,3,_Z,2020,2167398771.29,,,,0
FCSA:DF_TRADE_TOT_CHAP_YR(5.1.0),AE,A,AED,FCSC,ANN_CHAP,IMP,_Z,3,_Z,2021,2376788479.03,,,,0
FCSA:DF_TRADE_TOT_CHAP_YR(5.1.0),AE,A,AED,FCSC,ANN_CHAP,IMP,_Z,3,_Z,2022,2595422532.01,,,,0
FCSA:DF_TRADE_TOT_CHAP_YR(5.1.0),AE,A,AED,FCSC,ANN_CHAP,IMP,_Z,3,_Z,2023,2492442754.60,,,,0
FCSA:DF_TRADE_TOT_CHAP_YR(5.1.0),AE,A,AED,FCSC,ANN_CHAP,IMP,_Z,3,_Z,2024,2565857107.05,,,,0
FCSA:DF_TRADE_TOT_CHAP_YR(5.1.0),AE,A,AED,FCSC,ANN_CHAP,NOEXP,_Z,64,_Z,2017,48848669.33,,,,0
FCSA:DF_TRADE_TOT_CHAP_YR(5.1.0),AE,A,AED,FCSC,ANN_CHAP,NOEXP,_Z,64,_Z,2018,48111085.82,,,,0
FCSA:DF_TRADE_TOT_CHAP_YR(5.1.0),AE,A,AED,FCSC,ANN_CHAP,NOEXP,_Z,64,_Z,2019,57437127.23,,,,0
FCSA:DF_TRADE_TOT_CHAP_YR(5.1.0),AE,A,AED,FCSC,ANN_CHAP,NOEXP,_Z,64,_Z,2020,36140561.82,,,,0
FCSA:DF_TRADE_TOT_CHAP_YR(5.1.0),AE,A,AED,FCSC,ANN_CHAP,NOEXP,_Z,64,_Z,2021,45917479.53,,,,0
FCSA:DF_TRADE_TOT_CHAP_YR(5.1.0),AE,A,AED,FCSC,ANN_CHAP,NOEXP,_Z,64,_Z,2022,70618555.75,,,,0
FCSA:DF_TRADE_TOT_CHAP_YR(5.1.0),AE,A,AED,FCSC,ANN_CHAP,NOEXP,_Z,64,_Z,2023,66289497.57,,,,0
FCSA:DF_TRADE_TOT_CHAP_YR(5.1.0),AE,A,AED,FCSC,ANN_CHAP,NOEXP,_Z,64,_Z,2024,65185200.89,,,,0
FCSA:DF_TRADE_TOT_CHAP_YR(5.1.0),AE,A,AED,FCSC,ANN_CHAP,IMP,_Z,37,_Z,2017,1200136245.05,,,,0
FCSA:DF_TRADE_TOT_CHAP_YR(5.1.0),AE,A,AED,FCSC,ANN_CHAP,IMP,_Z,37,_Z,2018,462791829.62,,,,0
FCSA:DF_TRADE_TOT_CHAP_YR(5.1.0),AE,A,AED,FCSC,ANN_CHAP,IMP,_Z,37,_Z,2019,405669856.57,,,,0
FCSA:DF_TRADE_TOT_CHAP_YR(5.1.0),AE,A,AED,FCSC,ANN_CHAP,IMP,_Z,37,_Z,2020,288666671.64,,,,0
FCSA:DF_TRADE_TOT_CHAP_YR(5.1.0),AE,A,AED,FCSC,ANN_CHAP,IMP,_Z,37,_Z,2021,301848725.56,,,,0
FCSA:DF_TRADE_TOT_CHAP_YR(5.1.0),AE,A,AED,FCSC,ANN_CHAP,IMP,_Z,37,_Z,2022,337587148.22,,,,0
FCSA:DF_TRADE_TOT_CHAP_YR(5.1.0),AE,A,AED,FCSC,ANN_CHAP,IMP,_Z,37,_Z,2023,401964545.86,,,,0
FCSA:DF_TRADE_TOT_CHAP_YR(5.1.0),AE,A,AED,FCSC,ANN_CHAP,IMP,_Z,37,_Z,2024,433826120.89,,,,0
FCSA:DF_TRADE_TOT_CHAP_YR(5.1.0),AE,A,AED,FCSC,ANN_CHAP,REEXP,_Z,86,_Z,2017,86778553.19,,,,0
FCSA:DF_TRADE_TOT_CHAP_YR(5.1.0),AE,A,AED,FCSC,ANN_CHAP,REEXP,_Z,86,_Z,2018,175823183.81,,,,0
FCSA:DF_TRADE_TOT_CHAP_YR(5.1.0),AE,A,AED,FCSC,ANN_CHAP,REEXP,_Z,86,_Z,2019,192739225.66,,,,0
FCSA:DF_TRADE_TOT_CHAP_YR(5.1.0),AE,A,AED,FCSC,ANN_CHAP,REEXP,_Z,86,_Z,2020,295745244.72,,,,0
FCSA:DF_TRADE_TOT_CHAP_YR(5.1.0),AE,A,AED,FCSC,ANN_CHAP,REEXP,_Z,86,_Z,2021,149828832.40,,,,0
FCSA:DF_TRADE_TOT_CHAP_YR(5.1.0),AE,A,AED,FCSC,ANN_CHAP,REEXP,_Z,86,_Z,2022,161307311.12,,,,0
FCSA:DF_TRADE_TOT_CHAP_YR(5.1.0),AE,A,AED,FCSC,ANN_CHAP,REEXP,_Z,86,_Z,2023,182694486.75,,,,0
FCSA:DF_TRADE_TOT_CHAP_YR(5.1.0),AE,A,AED,FCSC,ANN_CHAP,REEXP,_Z,86,_Z,2024,185087816.79,,,,0
FCSA:DF_TRADE_TOT_CHAP_YR(5.1.0),AE,A,AED,FCSC,ANN_CHAP,TTRADE,_Z,7,_Z,2017,6113022368.66,,,,0
FCSA:DF_TRADE_TOT_CHAP_YR(5.1.0),AE,A,AED,FCSC,ANN_CHAP,TTRADE,_Z,7,_Z,2018,4887011568.24,,,,0
FCSA:DF_TRADE_TOT_CHAP_YR(5.1.0),AE,A,AED,FCSC,ANN_CHAP,TTRADE,_Z,7,_Z,2019,4820021050.80,,,,0
FCSA:DF_TRADE_TOT_CHAP_YR(5.1.0),AE,A,AED,FCSC,ANN_CHAP,TTRADE,_Z,7,_Z,2020,5555467796.72,,,,0
FCSA:DF_TRADE_TOT_CHAP_YR(5.1.0),AE,A,AED,FCSC,ANN_CHAP,TTRADE,_Z,7,_Z,2021,6127051201.57,,,,0
FCSA:DF_TRADE_TOT_CHAP_YR(5.1.0),AE,A,AED,FCSC,ANN_CHAP,TTRADE,_Z,7,_Z,2022,8009113587.65,,,,0
FCSA:DF_TRADE_TOT_CHAP_YR(5.1.0),AE,A,AED,FCSC,ANN_CHAP,TTRADE,_Z,7,_Z,2023,7566780158.07,,,,0
FCSA:DF_TRADE_TOT_CHAP_YR(5.1.0),AE,A,AED,FCSC,ANN_CHAP,TTRADE,_Z,7,_Z,2024,8393197980.95,,,,0
FCSA:DF_TRADE_TOT_CHAP_YR(5.1.0),AE,A,AED,FCSC,ANN_CHAP,NOEXP,_Z,27,_Z,2017,4344445669.17,,,,0
FCSA:DF_TRADE_TOT_CHAP_YR(5.1.0),AE,A,AED,FCSC,ANN_CHAP,NOEXP,_Z,27,_Z,2018,5912502626.11,,,,0
FCSA:DF_TRADE_TOT_CHAP_YR(5.1.0),AE,A,AED,FCSC,ANN_CHAP,NOEXP,_Z,27,_Z,2019,16962052507.83,,,,0
FCSA:DF_TRADE_TOT_CHAP_YR(5.1.0),AE,A,AED,FCSC,ANN_CHAP,NOEXP,_Z,27,_Z,2020,9268925842.61,,,,0
FCSA:DF_TRADE_TOT_CHAP_YR(5.1.0),AE,A,AED,FCSC,ANN_CHAP,NOEXP,_Z,27,_Z,2021,14113641161.47,,,,0
FCSA:DF_TRADE_TOT_CHAP_YR(5.1.0),AE,A,AED,FCSC,ANN_CHAP,NOEXP,_Z,27,_Z,2022,21341007896.31,,,,0
FCSA:DF_TRADE_TOT_CHAP_YR(5.1.0),AE,A,AED,FCSC,ANN_CHAP,NOEXP,_Z,27,_Z,2023,23957338215.78,,,,0
FCSA:DF_TRADE_TOT_CHAP_YR(5.1.0),AE,A,AED,FCSC,ANN_CHAP,NOEXP,_Z,27,_Z,2024,19941529441.44,,,,0
FCSA:DF_TRADE_TOT_CHAP_YR(5.1.0),AE,A,AED,FCSC,ANN_CHAP,NOEXP,_Z,12,_Z,2017,12256257.40,,,,0
FCSA:DF_TRADE_TOT_CHAP_YR(5.1.0),AE,A,AED,FCSC,ANN_CHAP,NOEXP,_Z,12,_Z,2018,50488242.12,,,,0
FCSA:DF_TRADE_TOT_CHAP_YR(5.1.0),AE,A,AED,FCSC,ANN_CHAP,NOEXP,_Z,12,_Z,2019,51209643.04,,,,0
FCSA:DF_TRADE_TOT_CHAP_YR(5.1.0),AE,A,AED,FCSC,ANN_CHAP,NOEXP,_Z,12,_Z,2020,93056727.06,,,,0
FCSA:DF_TRADE_TOT_CHAP_YR(5.1.0),AE,A,AED,FCSC,ANN_CHAP,NOEXP,_Z,12,_Z,2021,76009170.51,,,,0
FCSA:DF_TRADE_TOT_CHAP_YR(5.1.0),AE,A,AED,FCSC,ANN_CHAP,NOEXP,_Z,12,_Z,2022,106469628.51,,,,0
FCSA:DF_TRADE_TOT_CHAP_YR(5.1.0),AE,A,AED,FCSC,ANN_CHAP,NOEXP,_Z,12,_Z,2023,68071706.22,,,,0
FCSA:DF_TRADE_TOT_CHAP_YR(5.1.0),AE,A,AED,FCSC,ANN_CHAP,NOEXP,_Z,12,_Z,2024,59603018.66,,,,0
FCSA:DF_TRADE_TOT_CHAP_YR(5.1.0),AE,A,AED,FCSC,ANN_CHAP,REEXP,_Z,34,_Z,2017,707722411.15,,,,0
FCSA:DF_TRADE_TOT_CHAP_YR(5.1.0),AE,A,AED,FCSC,ANN_CHAP,REEXP,_Z,34,_Z,2018,1110659842.22,,,,0
FCSA:DF_TRADE_TOT_CHAP_YR(5.1.0),AE,A,AED,FCSC,ANN_CHAP,REEXP,_Z,34,_Z,2019,1281362406.26,,,,0
FCSA:DF_TRADE_TOT_CHAP_YR(5.1.0),AE,A,AED,FCSC,ANN_CHAP,REEXP,_Z,34,_Z,2020,1368628828.88,,,,0
FCSA:DF_TRADE_TOT_CHAP_YR(5.1.0),AE,A,AED,FCSC,ANN_CHAP,REEXP,_Z,34,_Z,2021,2026726325.77,,,,0
FCSA:DF_TRADE_TOT_CHAP_YR(5.1.0),AE,A,AED,FCSC,ANN_CHAP,REEXP,_Z,34,_Z,2022,1776488716.05,,,,0
FCSA:DF_TRADE_TOT_CHAP_YR(5.1.0),AE,A,AED,FCSC,ANN_CHAP,REEXP,_Z,34,_Z,2023,1795619654.83,,,,0
FCSA:DF_TRADE_TOT_CHAP_YR(5.1.0),AE,A,AED,FCSC,ANN_CHAP,REEXP,_Z,34,_Z,2024,1774968888.13,,,,0
FCSA:DF_TRADE_TOT_CHAP_YR(5.1.0),AE,A,AED,FCSC,ANN_CHAP,REEXP,_Z,62,_Z,2017,2968110722.84,,,,0
FCSA:DF_TRADE_TOT_CHAP_YR(5.1.0),AE,A,AED,FCSC,ANN_CHAP,REEXP,_Z,62,_Z,2018,3435394066.64,,,,0
FCSA:DF_TRADE_TOT_CHAP_YR(5.1.0),AE,A,AED,FCSC,ANN_CHAP,REEXP,_Z,62,_Z,2019,3439961156.84,,,,0
FCSA:DF_TRADE_TOT_CHAP_YR(5.1.0),AE,A,AED,FCSC,ANN_CHAP,REEXP,_Z,62,_Z,2020,2781393820.49,,,,0
FCSA:DF_TRADE_TOT_CHAP_YR(5.1.0),AE,A,AED,FCSC,ANN_CHAP,REEXP,_Z,62,_Z,2021,4689308273.17,,,,0
FCSA:DF_TRADE_TOT_CHAP_YR(5.1.0),AE,A,AED,FCSC,ANN_CHAP,REEXP,_Z,62,_Z,2022,6293668692.91,,,,0
FCSA:DF_TRADE_TOT_CHAP_YR(5.1.0),AE,A,AED,FCSC,ANN_CHAP,REEXP,_Z,62,_Z,2023,5032291553.23,,,,0
FCSA:DF_TRADE_TOT_CHAP_YR(5.1.0),AE,A,AED,FCSC,ANN_CHAP,REEXP,_Z,62,_Z,2024,6094423904.69,,,,0
FCSA:DF_TRADE_TOT_CHAP_YR(5.1.0),AE,A,AED,FCSC,ANN_CHAP,NOEXP,_Z,74,_Z,2017,6354060629.36,,,,0
FCSA:DF_TRADE_TOT_CHAP_YR(5.1.0),AE,A,AED,FCSC,ANN_CHAP,NOEXP,_Z,74,_Z,2018,10876632321.10,,,,0
FCSA:DF_TRADE_TOT_CHAP_YR(5.1.0),AE,A,AED,FCSC,ANN_CHAP,NOEXP,_Z,74,_Z,2019,9653616749.80,,,,0
FCSA:DF_TRADE_TOT_CHAP_YR(5.1.0),AE,A,AED,FCSC,ANN_CHAP,NOEXP,_Z,74,_Z,2020,7465030764.15,,,,0
FCSA:DF_TRADE_TOT_CHAP_YR(5.1.0),AE,A,AED,FCSC,ANN_CHAP,NOEXP,_Z,74,_Z,2021,12072790858.01,,,,0
FCSA:DF_TRADE_TOT_CHAP_YR(5.1.0),AE,A,AED,FCSC,ANN_CHAP,NOEXP,_Z,74,_Z,2022,14647573363.91,,,,0
FCSA:DF_TRADE_TOT_CHAP_YR(5.1.0),AE,A,AED,FCSC,ANN_CHAP,NOEXP,_Z,74,_Z,2023,15580611036.62,,,,0
FCSA:DF_TRADE_TOT_CHAP_YR(5.1.0),AE,A,AED,FCSC,ANN_CHAP,NOEXP,_Z,74,_Z,2024,16471596860.51,,,,0
FCSA:DF_TRADE_TOT_CHAP_YR(5.1.0),AE,A,AED,FCSC,ANN_CHAP,TTRADE,_Z,80,_Z,2017,125596169.74,,,,0
FCSA:DF_TRADE_TOT_CHAP_YR(5.1.0),AE,A,AED,FCSC,ANN_CHAP,TTRADE,_Z,80,_Z,2018,139800297.92,,,,0
FCSA:DF_TRADE_TOT_CHAP_YR(5.1.0),AE,A,AED,FCSC,ANN_CHAP,TTRADE,_Z,80,_Z,2019,195233813.85,,,,0
FCSA:DF_TRADE_TOT_CHAP_YR(5.1.0),AE,A,AED,FCSC,ANN_CHAP,TTRADE,_Z,80,_Z,2020,148255172.26,,,,0
FCSA:DF_TRADE_TOT_CHAP_YR(5.1.0),AE,A,AED,FCSC,ANN_CHAP,TTRADE,_Z,80,_Z,2021,234607924.19,,,,0
FCSA:DF_TRADE_TOT_CHAP_YR(5.1.0),AE,A,AED,FCSC,ANN_CHAP,TTRADE,_Z,80,_Z,2022,210872405.45,,,,0
FCSA:DF_TRADE_TOT_CHAP_YR(5.1.0),AE,A,AED,FCSC,ANN_CHAP,TTRADE,_Z,80,_Z,2023,297585507.34,,,,0
FCSA:DF_TRADE_TOT_CHAP_YR(5.1.0),AE,A,AED,FCSC,ANN_CHAP,TTRADE,_Z,80,_Z,2024,334635216.25,,,,0
FCSA:DF_TRADE_TOT_CHAP_YR(5.1.0),AE,A,AED,FCSC,ANN_CHAP,REEXP,_Z,36,_Z,2017,1964237.63,,,,0
FCSA:DF_TRADE_TOT_CHAP_YR(5.1.0),AE,A,AED,FCSC,ANN_CHAP,REEXP,_Z,36,_Z,2018,5473929.74,,,,0
FCSA:DF_TRADE_TOT_CHAP_YR(5.1.0),AE,A,AED,FCSC,ANN_CHAP,REEXP,_Z,36,_Z,2019,9274418.33,,,,0
FCSA:DF_TRADE_TOT_CHAP_YR(5.1.0),AE,A,AED,FCSC,ANN_CHAP,REEXP,_Z,36,_Z,2020,5483610.53,,,,0
FCSA:DF_TRADE_TOT_CHAP_YR(5.1.0),AE,A,AED,FCSC,ANN_CHAP,REEXP,_Z,36,_Z,2021,10031189.25,,,,0
FCSA:DF_TRADE_TOT_CHAP_YR(5.1.0),AE,A,AED,FCSC,ANN_CHAP,REEXP,_Z,36,_Z,2022,15810525.15,,,,0
FCSA:DF_TRADE_TOT_CHAP_YR(5.1.0),AE,A,AED,FCSC,ANN_CHAP,REEXP,_Z,36,_Z,2023,16165074.51,,,,0
FCSA:DF_TRADE_TOT_CHAP_YR(5.1.0),AE,A,AED,FCSC,ANN_CHAP,REEXP,_Z,36,_Z,2024,23319787.69,,,,0
FCSA:DF_TRADE_TOT_CHAP_YR(5.1.0),AE,A,AED,FCSC,ANN_CHAP,IMP,_Z,78,_Z,2017,477552648.75,,,,0
FCSA:DF_TRADE_TOT_CHAP_YR(5.1.0),AE,A,AED,FCSC,ANN_CHAP,IMP,_Z,78,_Z,2018,432612612.36,,,,0
FCSA:DF_TRADE_TOT_CHAP_YR(5.1.0),AE,A,AED,FCSC,ANN_CHAP,IMP,_Z,78,_Z,2019,425386222.56,,,,0
FCSA:DF_TRADE_TOT_CHAP_YR(5.1.0),AE,A,AED,FCSC,ANN_CHAP,IMP,_Z,78,_Z,2020,269657721.11,,,,0
FCSA:DF_TRADE_TOT_CHAP_YR(5.1.0),AE,A,AED,FCSC,ANN_CHAP,IMP,_Z,78,_Z,2021,319075348.29,,,,0
FCSA:DF_TRADE_TOT_CHAP_YR(5.1.0),AE,A,AED,FCSC,ANN_CHAP,IMP,_Z,78,_Z,2022,330432566.06,,,,0
FCSA:DF_TRADE_TOT_CHAP_YR(5.1.0),AE,A,AED,FCSC,ANN_CHAP,IMP,_Z,78,_Z,2023,363504385.10,,,,0
FCSA:DF_TRADE_TOT_CHAP_YR(5.1.0),AE,A,AED,FCSC,ANN_CHAP,IMP,_Z,78,_Z,2024,485571843.54,,,,0
FCSA:DF_TRADE_TOT_CHAP_YR(5.1.0),AE,A,AED,FCSC,ANN_CHAP,TNOEXP,_Z,92,_Z,2017,266791577.59,,,,0
FCSA:DF_TRADE_TOT_CHAP_YR(5.1.0),AE,A,AED,FCSC,ANN_CHAP,TNOEXP,_Z,92,_Z,2018,242205459.23,,,,0
FCSA:DF_TRADE_TOT_CHAP_YR(5.1.0),AE,A,AED,FCSC,ANN_CHAP,TNOEXP,_Z,92,_Z,2019,226194739.96,,,,0
FCSA:DF_TRADE_TOT_CHAP_YR(5.1.0),AE,A,AED,FCSC,ANN_CHAP,TNOEXP,_Z,92,_Z,2020,172373105.08,,,,0
FCSA:DF_TRADE_TOT_CHAP_YR(5.1.0),AE,A,AED,FCSC,ANN_CHAP,TNOEXP,_Z,92,_Z,2021,280781856.02,,,,0
FCSA:DF_TRADE_TOT_CHAP_YR(5.1.0),AE,A,AED,FCSC,ANN_CHAP,TNOEXP,_Z,92,_Z,2022,288527765.46,,,,0
FCSA:DF_TRADE_TOT_CHAP_YR(5.1.0),AE,A,AED,FCSC,ANN_CHAP,TNOEXP,_Z,92,_Z,2023,246394204.33,,,,0
FCSA:DF_TRADE_TOT_CHAP_YR(5.1.0),AE,A,AED,FCSC,ANN_CHAP,TNOEXP,_Z,92,_Z,2024,272153090.59,,,,0
FCSA:DF_TRADE_TOT_CHAP_YR(5.1.0),AE,A,AED,FCSC,ANN_CHAP,REEXP,_Z,44,_Z,2017,542649496.47,,,,0
FCSA:DF_TRADE_TOT_CHAP_YR(5.1.0),AE,A,AED,FCSC,ANN_CHAP,REEXP,_Z,44,_Z,2018,699013785.06,,,,0
FCSA:DF_TRADE_TOT_CHAP_YR(5.1.0),AE,A,AED,FCSC,ANN_CHAP,REEXP,_Z,44,_Z,2019,610031101.79,,,,0
FCSA:DF_TRADE_TOT_CHAP_YR(5.1.0),AE,A,AED,FCSC,ANN_CHAP,REEXP,_Z,44,_Z,2020,523751763.66,,,,0
FCSA:DF_TRADE_TOT_CHAP_YR(5.1.0),AE,A,AED,FCSC,ANN_CHAP,REEXP,_Z,44,_Z,2021,782710266.04,,,,0
FCSA:DF_TRADE_TOT_CHAP_YR(5.1.0),AE,A,AED,FCSC,ANN_CHAP,REEXP,_Z,44,_Z,2022,931414488.41,,,,0
FCSA:DF_TRADE_TOT_CHAP_YR(5.1.0),AE,A,AED,FCSC,ANN_CHAP,REEXP,_Z,44,_Z,2023,728963898.01,,,,0
FCSA:DF_TRADE_TOT_CHAP_YR(5.1.0),AE,A,AED,FCSC,ANN_CHAP,REEXP,_Z,44,_Z,2024,708426006.31,,,,0
FCSA:DF_TRADE_TOT_CHAP_YR(5.1.0),AE,A,AED,FCSC,ANN_CHAP,NOEXP,_Z,22,_Z,2017,495648716.31,,,,0
FCSA:DF_TRADE_TOT_CHAP_YR(5.1.0),AE,A,AED,FCSC,ANN_CHAP,NOEXP,_Z,22,_Z,2018,605413963.13,,,,0
FCSA:DF_TRADE_TOT_CHAP_YR(5.1.0),AE,A,AED,FCSC,ANN_CHAP,NOEXP,_Z,22,_Z,2019,641292517.02,,,,0
FCSA:DF_TRADE_TOT_CHAP_YR(5.1.0),AE,A,AED,FCSC,ANN_CHAP,NOEXP,_Z,22,_Z,2020,571147526.99,,,,0
FCSA:DF_TRADE_TOT_CHAP_YR(5.1.0),AE,A,AED,FCSC,ANN_CHAP,NOEXP,_Z,22,_Z,2021,430856576.52,,,,0
FCSA:DF_TRADE_TOT_CHAP_YR(5.1.0),AE,A,AED,FCSC,ANN_CHAP,NOEXP,_Z,22,_Z,2022,487787341.36,,,,0
FCSA:DF_TRADE_TOT_CHAP_YR(5.1.0),AE,A,AED,FCSC,ANN_CHAP,NOEXP,_Z,22,_Z,2023,489885564.63,,,,0
FCSA:DF_TRADE_TOT_CHAP_YR(5.1.0),AE,A,AED,FCSC,ANN_CHAP,NOEXP,_Z,22,_Z,2024,452813776.28,,,,0
FCSA:DF_TRADE_TOT_CHAP_YR(5.1.0),AE,A,AED,FCSC,ANN_CHAP,TTRADE,_Z,28,_Z,2017,8072735652.28,,,,0
FCSA:DF_TRADE_TOT_CHAP_YR(5.1.0),AE,A,AED,FCSC,ANN_CHAP,TTRADE,_Z,28,_Z,2018,9771133726.99,,,,0
FCSA:DF_TRADE_TOT_CHAP_YR(5.1.0),AE,A,AED,FCSC,ANN_CHAP,TTRADE,_Z,28,_Z,2019,11934852831.45,,,,0
FCSA:DF_TRADE_TOT_CHAP_YR(5.1.0),AE,A,AED,FCSC,ANN_CHAP,TTRADE,_Z,28,_Z,2020,5870869143.98,,,,0
FCSA:DF_TRADE_TOT_CHAP_YR(5.1.0),AE,A,AED,FCSC,ANN_CHAP,TTRADE,_Z,28,_Z,2021,6792200200.80,,,,0
FCSA:DF_TRADE_TOT_CHAP_YR(5.1.0),AE,A,AED,FCSC,ANN_CHAP,TTRADE,_Z,28,_Z,2022,9501491044.07,,,,0
FCSA:DF_TRADE_TOT_CHAP_YR(5.1.0),AE,A,AED,FCSC,ANN_CHAP,TTRADE,_Z,28,_Z,2023,9456755769.52,,,,0
FCSA:DF_TRADE_TOT_CHAP_YR(5.1.0),AE,A,AED,FCSC,ANN_CHAP,TTRADE,_Z,28,_Z,2024,7215326633.24,,,,0
FCSA:DF_TRADE_TOT_CHAP_YR(5.1.0),AE,A,AED,FCSC,ANN_CHAP,TTRADE,_Z,96,_Z,2017,3248471107.87,,,,0
FCSA:DF_TRADE_TOT_CHAP_YR(5.1.0),AE,A,AED,FCSC,ANN_CHAP,TTRADE,_Z,96,_Z,2018,3402225754.60,,,,0
FCSA:DF_TRADE_TOT_CHAP_YR(5.1.0),AE,A,AED,FCSC,ANN_CHAP,TTRADE,_Z,96,_Z,2019,3458123675.59,,,,0
FCSA:DF_TRADE_TOT_CHAP_YR(5.1.0),AE,A,AED,FCSC,ANN_CHAP,TTRADE,_Z,96,_Z,2020,3089444679.45,,,,0
FCSA:DF_TRADE_TOT_CHAP_YR(5.1.0),AE,A,AED,FCSC,ANN_CHAP,TTRADE,_Z,96,_Z,2021,3486391155.19,,,,0
FCSA:DF_TRADE_TOT_CHAP_YR(5.1.0),AE,A,AED,FCSC,ANN_CHAP,TTRADE,_Z,96,_Z,2022,4584173100.29,,,,0
FCSA:DF_TRADE_TOT_CHAP_YR(5.1.0),AE,A,AED,FCSC,ANN_CHAP,TTRADE,_Z,96,_Z,2023,4677030459.81,,,,0
FCSA:DF_TRADE_TOT_CHAP_YR(5.1.0),AE,A,AED,FCSC,ANN_CHAP,TTRADE,_Z,96,_Z,2024,4790798926.59,,,,0
FCSA:DF_TRADE_TOT_CHAP_YR(5.1.0),AE,A,AED,FCSC,ANN_CHAP,NOEXP,_Z,90,_Z,2017,368841325.72,,,,0
FCSA:DF_TRADE_TOT_CHAP_YR(5.1.0),AE,A,AED,FCSC,ANN_CHAP,NOEXP,_Z,90,_Z,2018,396341193.85,,,,0
FCSA:DF_TRADE_TOT_CHAP_YR(5.1.0),AE,A,AED,FCSC,ANN_CHAP,NOEXP,_Z,90,_Z,2019,280420604.23,,,,0
FCSA:DF_TRADE_TOT_CHAP_YR(5.1.0),AE,A,AED,FCSC,ANN_CHAP,NOEXP,_Z,90,_Z,2020,488442055.70,,,,0
FCSA:DF_TRADE_TOT_CHAP_YR(5.1.0),AE,A,AED,FCSC,ANN_CHAP,NOEXP,_Z,90,_Z,2021,758101706.72,,,,0
FCSA:DF_TRADE_TOT_CHAP_YR(5.1.0),AE,A,AED,FCSC,ANN_CHAP,NOEXP,_Z,90,_Z,2022,712892231.60,,,,0
FCSA:DF_TRADE_TOT_CHAP_YR(5.1.0),AE,A,AED,FCSC,ANN_CHAP,NOEXP,_Z,90,_Z,2023,728467725.30,,,,0
FCSA:DF_TRADE_TOT_CHAP_YR(5.1.0),AE,A,AED,FCSC,ANN_CHAP,NOEXP,_Z,90,_Z,2024,1031067177.38,,,,0
FCSA:DF_TRADE_TOT_CHAP_YR(5.1.0),AE,A,AED,FCSC,ANN_CHAP,TNOEXP,_Z,74,_Z,2017,6641341178.23,,,,0
FCSA:DF_TRADE_TOT_CHAP_YR(5.1.0),AE,A,AED,FCSC,ANN_CHAP,TNOEXP,_Z,74,_Z,2018,11439281847.57,,,,0
FCSA:DF_TRADE_TOT_CHAP_YR(5.1.0),AE,A,AED,FCSC,ANN_CHAP,TNOEXP,_Z,74,_Z,2019,10189792194.56,,,,0
FCSA:DF_TRADE_TOT_CHAP_YR(5.1.0),AE,A,AED,FCSC,ANN_CHAP,TNOEXP,_Z,74,_Z,2020,7893746471.85,,,,0
FCSA:DF_TRADE_TOT_CHAP_YR(5.1.0),AE,A,AED,FCSC,ANN_CHAP,TNOEXP,_Z,74,_Z,2021,12609805623.22,,,,0
FCSA:DF_TRADE_TOT_CHAP_YR(5.1.0),AE,A,AED,FCSC,ANN_CHAP,TNOEXP,_Z,74,_Z,2022,15383283773.73,,,,0
FCSA:DF_TRADE_TOT_CHAP_YR(5.1.0),AE,A,AED,FCSC,ANN_CHAP,TNOEXP,_Z,74,_Z,2023,16491624781.86,,,,0
FCSA:DF_TRADE_TOT_CHAP_YR(5.1.0),AE,A,AED,FCSC,ANN_CHAP,TNOEXP,_Z,74,_Z,2024,17863096889.11,,,,0
FCSA:DF_TRADE_TOT_CHAP_YR(5.1.0),AE,A,AED,FCSC,ANN_CHAP,IMP,_Z,94,_Z,2017,9386620093.57,,,,0
FCSA:DF_TRADE_TOT_CHAP_YR(5.1.0),AE,A,AED,FCSC,ANN_CHAP,IMP,_Z,94,_Z,2018,8605572493.20,,,,0
FCSA:DF_TRADE_TOT_CHAP_YR(5.1.0),AE,A,AED,FCSC,ANN_CHAP,IMP,_Z,94,_Z,2019,8829774024.54,,,,0
FCSA:DF_TRADE_TOT_CHAP_YR(5.1.0),AE,A,AED,FCSC,ANN_CHAP,IMP,_Z,94,_Z,2020,7521298894.17,,,,0
FCSA:DF_TRADE_TOT_CHAP_YR(5.1.0),AE,A,AED,FCSC,ANN_CHAP,IMP,_Z,94,_Z,2021,9960003891.25,,,,0
FCSA:DF_TRADE_TOT_CHAP_YR(5.1.0),AE,A,AED,FCSC,ANN_CHAP,IMP,_Z,94,_Z,2022,10347583424.98,,,,0
FCSA:DF_TRADE_TOT_CHAP_YR(5.1.0),AE,A,AED,FCSC,ANN_CHAP,IMP,_Z,94,_Z,2023,10815271382.18,,,,0
FCSA:DF_TRADE_TOT_CHAP_YR(5.1.0),AE,A,AED,FCSC,ANN_CHAP,IMP,_Z,94,_Z,2024,12192914923.36,,,,0
FCSA:DF_TRADE_TOT_CHAP_YR(5.1.0),AE,A,AED,FCSC,ANN_CHAP,TNOEXP,_Z,32,_Z,2017,1585011575.46,,,,0
FCSA:DF_TRADE_TOT_CHAP_YR(5.1.0),AE,A,AED,FCSC,ANN_CHAP,TNOEXP,_Z,32,_Z,2018,2367874010.83,,,,0
FCSA:DF_TRADE_TOT_CHAP_YR(5.1.0),AE,A,AED,FCSC,ANN_CHAP,TNOEXP,_Z,32,_Z,2019,2392481951.49,,,,0
FCSA:DF_TRADE_TOT_CHAP_YR(5.1.0),AE,A,AED,FCSC,ANN_CHAP,TNOEXP,_Z,32,_Z,2020,2374790201.26,,,,0
FCSA:DF_TRADE_TOT_CHAP_YR(5.1.0),AE,A,AED,FCSC,ANN_CHAP,TNOEXP,_Z,32,_Z,2021,2816525623.33,,,,0
FCSA:DF_TRADE_TOT_CHAP_YR(5.1.0),AE,A,AED,FCSC,ANN_CHAP,TNOEXP,_Z,32,_Z,2022,3114945231.61,,,,0
FCSA:DF_TRADE_TOT_CHAP_YR(5.1.0),AE,A,AED,FCSC,ANN_CHAP,TNOEXP,_Z,32,_Z,2023,3181878885.43,,,,0
FCSA:DF_TRADE_TOT_CHAP_YR(5.1.0),AE,A,AED,FCSC,ANN_CHAP,TNOEXP,_Z,32,_Z,2024,3271076488.86,,,,0
FCSA:DF_TRADE_TOT_CHAP_YR(5.1.0),AE,A,AED,FCSC,ANN_CHAP,TTRADE,_Z,54,_Z,2017,6842564417.38,,,,0
FCSA:DF_TRADE_TOT_CHAP_YR(5.1.0),AE,A,AED,FCSC,ANN_CHAP,TTRADE,_Z,54,_Z,2018,5386432782.34,,,,0
FCSA:DF_TRADE_TOT_CHAP_YR(5.1.0),AE,A,AED,FCSC,ANN_CHAP,TTRADE,_Z,54,_Z,2019,5508049056.30,,,,0
FCSA:DF_TRADE_TOT_CHAP_YR(5.1.0),AE,A,AED,FCSC,ANN_CHAP,TTRADE,_Z,54,_Z,2020,3370520134.13,,,,0
FCSA:DF_TRADE_TOT_CHAP_YR(5.1.0),AE,A,AED,FCSC,ANN_CHAP,TTRADE,_Z,54,_Z,2021,5107034776.64,,,,0
FCSA:DF_TRADE_TOT_CHAP_YR(5.1.0),AE,A,AED,FCSC,ANN_CHAP,TTRADE,_Z,54,_Z,2022,6835927522.13,,,,0
FCSA:DF_TRADE_TOT_CHAP_YR(5.1.0),AE,A,AED,FCSC,ANN_CHAP,TTRADE,_Z,54,_Z,2023,6122624725.92,,,,0
FCSA:DF_TRADE_TOT_CHAP_YR(5.1.0),AE,A,AED,FCSC,ANN_CHAP,TTRADE,_Z,54,_Z,2024,6022161598.77,,,,0
FCSA:DF_TRADE_TOT_CHAP_YR(5.1.0),AE,A,AED,FCSC,ANN_CHAP,NOEXP,_Z,48,_Z,2017,1172119857.38,,,,0
FCSA:DF_TRADE_TOT_CHAP_YR(5.1.0),AE,A,AED,FCSC,ANN_CHAP,NOEXP,_Z,48,_Z,2018,2306623886.54,,,,0
FCSA:DF_TRADE_TOT_CHAP_YR(5.1.0),AE,A,AED,FCSC,ANN_CHAP,NOEXP,_Z,48,_Z,2019,2512455380.12,,,,0
FCSA:DF_TRADE_TOT_CHAP_YR(5.1.0),AE,A,AED,FCSC,ANN_CHAP,NOEXP,_Z,48,_Z,2020,3257997953.76,,,,0
FCSA:DF_TRADE_TOT_CHAP_YR(5.1.0),AE,A,AED,FCSC,ANN_CHAP,NOEXP,_Z,48,_Z,2021,3586821684.25,,,,0
FCSA:DF_TRADE_TOT_CHAP_YR(5.1.0),AE,A,AED,FCSC,ANN_CHAP,NOEXP,_Z,48,_Z,2022,4461582804.55,,,,0
FCSA:DF_TRADE_TOT_CHAP_YR(5.1.0),AE,A,AED,FCSC,ANN_CHAP,NOEXP,_Z,48,_Z,2023,4246137378.71,,,,0
FCSA:DF_TRADE_TOT_CHAP_YR(5.1.0),AE,A,AED,FCSC,ANN_CHAP,NOEXP,_Z,48,_Z,2024,3920317688.26,,,,0
FCSA:DF_TRADE_TOT_CHAP_YR(5.1.0),AE,A,AED,FCSC,ANN_CHAP,TNOEXP,_Z,6,_Z,2017,32806161.32,,,,0
FCSA:DF_TRADE_TOT_CHAP_YR(5.1.0),AE,A,AED,FCSC,ANN_CHAP,TNOEXP,_Z,6,_Z,2018,48022928.23,,,,0
FCSA:DF_TRADE_TOT_CHAP_YR(5.1.0),AE,A,AED,FCSC,ANN_CHAP,TNOEXP,_Z,6,_Z,2019,55288052.72,,,,0
FCSA:DF_TRADE_TOT_CHAP_YR(5.1.0),AE,A,AED,FCSC,ANN_CHAP,TNOEXP,_Z,6,_Z,2020,77225844.30,,,,0
FCSA:DF_TRADE_TOT_CHAP_YR(5.1.0),AE,A,AED,FCSC,ANN_CHAP,TNOEXP,_Z,6,_Z,2021,94470351.21,,,,0
FCSA:DF_TRADE_TOT_CHAP_YR(5.1.0),AE,A,AED,FCSC,ANN_CHAP,TNOEXP,_Z,6,_Z,2022,82698511.63,,,,0
FCSA:DF_TRADE_TOT_CHAP_YR(5.1.0),AE,A,AED,FCSC,ANN_CHAP,TNOEXP,_Z,6,_Z,2023,67721394.62,,,,0
FCSA:DF_TRADE_TOT_CHAP_YR(5.1.0),AE,A,AED,FCSC,ANN_CHAP,TNOEXP,_Z,6,_Z,2024,73898894.02,,,,0
FCSA:DF_TRADE_TOT_CHAP_YR(5.1.0),AE,A,AED,FCSC,ANN_CHAP,TNOEXP,_Z,48,_Z,2017,1795062262.93,,,,0
FCSA:DF_TRADE_TOT_CHAP_YR(5.1.0),AE,A,AED,FCSC,ANN_CHAP,TNOEXP,_Z,48,_Z,2018,3246433424.06,,,,0
FCSA:DF_TRADE_TOT_CHAP_YR(5.1.0),AE,A,AED,FCSC,ANN_CHAP,TNOEXP,_Z,48,_Z,2019,3679221737.75,,,,0
FCSA:DF_TRADE_TOT_CHAP_YR(5.1.0),AE,A,AED,FCSC,ANN_CHAP,TNOEXP,_Z,48,_Z,2020,6492578392.04,,,,0
FCSA:DF_TRADE_TOT_CHAP_YR(5.1.0),AE,A,AED,FCSC,ANN_CHAP,TNOEXP,_Z,48,_Z,2021,5115952501.75,,,,0
FCSA:DF_TRADE_TOT_CHAP_YR(5.1.0),AE,A,AED,FCSC,ANN_CHAP,TNOEXP,_Z,48,_Z,2022,6270299753.26,,,,0
FCSA:DF_TRADE_TOT_CHAP_YR(5.1.0),AE,A,AED,FCSC,ANN_CHAP,TNOEXP,_Z,48,_Z,2023,5970565867.65,,,,0
FCSA:DF_TRADE_TOT_CHAP_YR(5.1.0),AE,A,AED,FCSC,ANN_CHAP,TNOEXP,_Z,48,_Z,2024,5502599084.45,,,,0
FCSA:DF_TRADE_TOT_CHAP_YR(5.1.0),AE,A,AED,FCSC,ANN_CHAP,REEXP,_Z,26,_Z,2017,34586420.08,,,,0
FCSA:DF_TRADE_TOT_CHAP_YR(5.1.0),AE,A,AED,FCSC,ANN_CHAP,REEXP,_Z,26,_Z,2018,31831350.80,,,,0
FCSA:DF_TRADE_TOT_CHAP_YR(5.1.0),AE,A,AED,FCSC,ANN_CHAP,REEXP,_Z,26,_Z,2019,44894717.69,,,,0
FCSA:DF_TRADE_TOT_CHAP_YR(5.1.0),AE,A,AED,FCSC,ANN_CHAP,REEXP,_Z,26,_Z,2020,30340686.70,,,,0
FCSA:DF_TRADE_TOT_CHAP_YR(5.1.0),AE,A,AED,FCSC,ANN_CHAP,REEXP,_Z,26,_Z,2021,43668049.64,,,,0
FCSA:DF_TRADE_TOT_CHAP_YR(5.1.0),AE,A,AED,FCSC,ANN_CHAP,REEXP,_Z,26,_Z,2022,81059444.13,,,,0
FCSA:DF_TRADE_TOT_CHAP_YR(5.1.0),AE,A,AED,FCSC,ANN_CHAP,REEXP,_Z,26,_Z,2023,90780484.39,,,,0
FCSA:DF_TRADE_TOT_CHAP_YR(5.1.0),AE,A,AED,FCSC,ANN_CHAP,REEXP,_Z,26,_Z,2024,41263001.88,,,,0
FCSA:DF_TRADE_TOT_CHAP_YR(5.1.0),AE,A,AED,FCSC,ANN_CHAP,TTRADE,_Z,23,_Z,2017,1614998939.49,,,,0
FCSA:DF_TRADE_TOT_CHAP_YR(5.1.0),AE,A,AED,FCSC,ANN_CHAP,TTRADE,_Z,23,_Z,2018,1664998713.07,,,,0
FCSA:DF_TRADE_TOT_CHAP_YR(5.1.0),AE,A,AED,FCSC,ANN_CHAP,TTRADE,_Z,23,_Z,2019,1856632470.56,,,,0
FCSA:DF_TRADE_TOT_CHAP_YR(5.1.0),AE,A,AED,FCSC,ANN_CHAP,TTRADE,_Z,23,_Z,2020,2068290600.01,,,,0
FCSA:DF_TRADE_TOT_CHAP_YR(5.1.0),AE,A,AED,FCSC,ANN_CHAP,TTRADE,_Z,23,_Z,2021,2255510143.90,,,,0
FCSA:DF_TRADE_TOT_CHAP_YR(5.1.0),AE,A,AED,FCSC,ANN_CHAP,TTRADE,_Z,23,_Z,2022,3270530826.79,,,,0
FCSA:DF_TRADE_TOT_CHAP_YR(5.1.0),AE,A,AED,FCSC,ANN_CHAP,TTRADE,_Z,23,_Z,2023,2660123711.55,,,,0
FCSA:DF_TRADE_TOT_CHAP_YR(5.1.0),AE,A,AED,FCSC,ANN_CHAP,TTRADE,_Z,23,_Z,2024,2802995602.18,,,,0
FCSA:DF_TRADE_TOT_CHAP_YR(5.1.0),AE,A,AED,FCSC,ANN_CHAP,NOEXP,_Z,17,_Z,2017,3286201022.15,,,,0
FCSA:DF_TRADE_TOT_CHAP_YR(5.1.0),AE,A,AED,FCSC,ANN_CHAP,NOEXP,_Z,17,_Z,2018,1408567835.78,,,,0
FCSA:DF_TRADE_TOT_CHAP_YR(5.1.0),AE,A,AED,FCSC,ANN_CHAP,NOEXP,_Z,17,_Z,2019,651244593.25,,,,0
FCSA:DF_TRADE_TOT_CHAP_YR(5.1.0),AE,A,AED,FCSC,ANN_CHAP,NOEXP,_Z,17,_Z,2020,2137138305.87,,,,0
FCSA:DF_TRADE_TOT_CHAP_YR(5.1.0),AE,A,AED,FCSC,ANN_CHAP,NOEXP,_Z,17,_Z,2021,2627095915.79,,,,0
FCSA:DF_TRADE_TOT_CHAP_YR(5.1.0),AE,A,AED,FCSC,ANN_CHAP,NOEXP,_Z,17,_Z,2022,1514232037.26,,,,0
FCSA:DF_TRADE_TOT_CHAP_YR(5.1.0),AE,A,AED,FCSC,ANN_CHAP,NOEXP,_Z,17,_Z,2023,1966896216.24,,,,0
FCSA:DF_TRADE_TOT_CHAP_YR(5.1.0),AE,A,AED,FCSC,ANN_CHAP,NOEXP,_Z,17,_Z,2024,3335034927.49,,,,0
FCSA:DF_TRADE_TOT_CHAP_YR(5.1.0),AE,A,AED,FCSC,ANN_CHAP,TNOEXP,_Z,14,_Z,2017,7179250.77,,,,0
FCSA:DF_TRADE_TOT_CHAP_YR(5.1.0),AE,A,AED,FCSC,ANN_CHAP,TNOEXP,_Z,14,_Z,2018,10035061.60,,,,0
FCSA:DF_TRADE_TOT_CHAP_YR(5.1.0),AE,A,AED,FCSC,ANN_CHAP,TNOEXP,_Z,14,_Z,2019,15335167.11,,,,0
FCSA:DF_TRADE_TOT_CHAP_YR(5.1.0),AE,A,AED,FCSC,ANN_CHAP,TNOEXP,_Z,14,_Z,2020,15490642.85,,,,0
FCSA:DF_TRADE_TOT_CHAP_YR(5.1.0),AE,A,AED,FCSC,ANN_CHAP,TNOEXP,_Z,14,_Z,2021,17561043.47,,,,0
FCSA:DF_TRADE_TOT_CHAP_YR(5.1.0),AE,A,AED,FCSC,ANN_CHAP,TNOEXP,_Z,14,_Z,2022,11272639.61,,,,0
FCSA:DF_TRADE_TOT_CHAP_YR(5.1.0),AE,A,AED,FCSC,ANN_CHAP,TNOEXP,_Z,14,_Z,2023,12504589.29,,,,0
FCSA:DF_TRADE_TOT_CHAP_YR(5.1.0),AE,A,AED,FCSC,ANN_CHAP,TNOEXP,_Z,14,_Z,2024,11549970.17,,,,0
FCSA:DF_TRADE_TOT_CHAP_YR(5.1.0),AE,A,AED,FCSC,ANN_CHAP,TNOEXP,_Z,1,_Z,2017,157841251.13,,,,0
FCSA:DF_TRADE_TOT_CHAP_YR(5.1.0),AE,A,AED,FCSC,ANN_CHAP,TNOEXP,_Z,1,_Z,2018,332198249.25,,,,0
FCSA:DF_TRADE_TOT_CHAP_YR(5.1.0),AE,A,AED,FCSC,ANN_CHAP,TNOEXP,_Z,1,_Z,2019,206984716.58,,,,0
FCSA:DF_TRADE_TOT_CHAP_YR(5.1.0),AE,A,AED,FCSC,ANN_CHAP,TNOEXP,_Z,1,_Z,2020,155731325.90,,,,0
FCSA:DF_TRADE_TOT_CHAP_YR(5.1.0),AE,A,AED,FCSC,ANN_CHAP,TNOEXP,_Z,1,_Z,2021,110522615.68,,,,0
FCSA:DF_TRADE_TOT_CHAP_YR(5.1.0),AE,A,AED,FCSC,ANN_CHAP,TNOEXP,_Z,1,_Z,2022,259728662.81,,,,0
FCSA:DF_TRADE_TOT_CHAP_YR(5.1.0),AE,A,AED,FCSC,ANN_CHAP,TNOEXP,_Z,1,_Z,2023,440880083.80,,,,0
FCSA:DF_TRADE_TOT_CHAP_YR(5.1.0),AE,A,AED,FCSC,ANN_CHAP,TNOEXP,_Z,1,_Z,2024,228659554.21,,,,0
FCSA:DF_TRADE_TOT_CHAP_YR(5.1.0),AE,A,AED,FCSC,ANN_CHAP,REEXP,_Z,39,_Z,2017,3749233157.39,,,,0
FCSA:DF_TRADE_TOT_CHAP_YR(5.1.0),AE,A,AED,FCSC,ANN_CHAP,REEXP,_Z,39,_Z,2018,4548311831.09,,,,0
FCSA:DF_TRADE_TOT_CHAP_YR(5.1.0),AE,A,AED,FCSC,ANN_CHAP,REEXP,_Z,39,_Z,2019,5055648726.94,,,,0
FCSA:DF_TRADE_TOT_CHAP_YR(5.1.0),AE,A,AED,FCSC,ANN_CHAP,REEXP,_Z,39,_Z,2020,4926764207.70,,,,0
FCSA:DF_TRADE_TOT_CHAP_YR(5.1.0),AE,A,AED,FCSC,ANN_CHAP,REEXP,_Z,39,_Z,2021,8455594442.91,,,,0
FCSA:DF_TRADE_TOT_CHAP_YR(5.1.0),AE,A,AED,FCSC,ANN_CHAP,REEXP,_Z,39,_Z,2022,9182254253.53,,,,0
FCSA:DF_TRADE_TOT_CHAP_YR(5.1.0),AE,A,AED,FCSC,ANN_CHAP,REEXP,_Z,39,_Z,2023,7834838836.51,,,,0
FCSA:DF_TRADE_TOT_CHAP_YR(5.1.0),AE,A,AED,FCSC,ANN_CHAP,REEXP,_Z,39,_Z,2024,7678514619.02,,,,0
FCSA:DF_TRADE_TOT_CHAP_YR(5.1.0),AE,A,AED,FCSC,ANN_CHAP,TTRADE,_Z,15,_Z,2017,3303656000.60,,,,0
FCSA:DF_TRADE_TOT_CHAP_YR(5.1.0),AE,A,AED,FCSC,ANN_CHAP,TTRADE,_Z,15,_Z,2018,3610339194.26,,,,0
FCSA:DF_TRADE_TOT_CHAP_YR(5.1.0),AE,A,AED,FCSC,ANN_CHAP,TTRADE,_Z,15,_Z,2019,3609315962.05,,,,0
FCSA:DF_TRADE_TOT_CHAP_YR(5.1.0),AE,A,AED,FCSC,ANN_CHAP,TTRADE,_Z,15,_Z,2020,4200388702.33,,,,0
FCSA:DF_TRADE_TOT_CHAP_YR(5.1.0),AE,A,AED,FCSC,ANN_CHAP,TTRADE,_Z,15,_Z,2021,5946772294.32,,,,0
FCSA:DF_TRADE_TOT_CHAP_YR(5.1.0),AE,A,AED,FCSC,ANN_CHAP,TTRADE,_Z,15,_Z,2022,7824288706.32,,,,0
FCSA:DF_TRADE_TOT_CHAP_YR(5.1.0),AE,A,AED,FCSC,ANN_CHAP,TTRADE,_Z,15,_Z,2023,6661892409.17,,,,0
FCSA:DF_TRADE_TOT_CHAP_YR(5.1.0),AE,A,AED,FCSC,ANN_CHAP,TTRADE,_Z,15,_Z,2024,9327321834.48,,,,0
FCSA:DF_TRADE_TOT_CHAP_YR(5.1.0),AE,A,AED,FCSC,ANN_CHAP,NOEXP,_Z,43,_Z,2017,87105.00,,,,0
FCSA:DF_TRADE_TOT_CHAP_YR(5.1.0),AE,A,AED,FCSC,ANN_CHAP,NOEXP,_Z,43,_Z,2018,0.00,,,,0
FCSA:DF_TRADE_TOT_CHAP_YR(5.1.0),AE,A,AED,FCSC,ANN_CHAP,NOEXP,_Z,43,_Z,2019,3375.00,,,,0
FCSA:DF_TRADE_TOT_CHAP_YR(5.1.0),AE,A,AED,FCSC,ANN_CHAP,NOEXP,_Z,43,_Z,2020,14773.89,,,,0
FCSA:DF_TRADE_TOT_CHAP_YR(5.1.0),AE,A,AED,FCSC,ANN_CHAP,NOEXP,_Z,43,_Z,2021,2887.57,,,,0
FCSA:DF_TRADE_TOT_CHAP_YR(5.1.0),AE,A,AED,FCSC,ANN_CHAP,NOEXP,_Z,43,_Z,2022,155750.48,,,,0
FCSA:DF_TRADE_TOT_CHAP_YR(5.1.0),AE,A,AED,FCSC,ANN_CHAP,NOEXP,_Z,43,_Z,2023,110329.50,,,,0
FCSA:DF_TRADE_TOT_CHAP_YR(5.1.0),AE,A,AED,FCSC,ANN_CHAP,NOEXP,_Z,43,_Z,2024,23629.06,,,,0
FCSA:DF_TRADE_TOT_CHAP_YR(5.1.0),AE,A,AED,FCSC,ANN_CHAP,NOEXP,_Z,9,_Z,2017,479167136.75,,,,0
FCSA:DF_TRADE_TOT_CHAP_YR(5.1.0),AE,A,AED,FCSC,ANN_CHAP,NOEXP,_Z,9,_Z,2018,864339458.05,,,,0
FCSA:DF_TRADE_TOT_CHAP_YR(5.1.0),AE,A,AED,FCSC,ANN_CHAP,NOEXP,_Z,9,_Z,2019,888336332.35,,,,0
FCSA:DF_TRADE_TOT_CHAP_YR(5.1.0),AE,A,AED,FCSC,ANN_CHAP,NOEXP,_Z,9,_Z,2020,1127738820.63,,,,0
FCSA:DF_TRADE_TOT_CHAP_YR(5.1.0),AE,A,AED,FCSC,ANN_CHAP,NOEXP,_Z,9,_Z,2021,1232155227.22,,,,0
FCSA:DF_TRADE_TOT_CHAP_YR(5.1.0),AE,A,AED,FCSC,ANN_CHAP,NOEXP,_Z,9,_Z,2022,1530811358.41,,,,0
FCSA:DF_TRADE_TOT_CHAP_YR(5.1.0),AE,A,AED,FCSC,ANN_CHAP,NOEXP,_Z,9,_Z,2023,1814381361.17,,,,0
FCSA:DF_TRADE_TOT_CHAP_YR(5.1.0),AE,A,AED,FCSC,ANN_CHAP,NOEXP,_Z,9,_Z,2024,1621558394.35,,,,0
FCSA:DF_TRADE_TOT_CHAP_YR(5.1.0),AE,A,AED,FCSC,ANN_CHAP,REEXP,_Z,65,_Z,2017,93868042.04,,,,0
FCSA:DF_TRADE_TOT_CHAP_YR(5.1.0),AE,A,AED,FCSC,ANN_CHAP,REEXP,_Z,65,_Z,2018,100535901.64,,,,0
FCSA:DF_TRADE_TOT_CHAP_YR(5.1.0),AE,A,AED,FCSC,ANN_CHAP,REEXP,_Z,65,_Z,2019,113145462.26,,,,0
FCSA:DF_TRADE_TOT_CHAP_YR(5.1.0),AE,A,AED,FCSC,ANN_CHAP,REEXP,_Z,65,_Z,2020,99299754.33,,,,0
FCSA:DF_TRADE_TOT_CHAP_YR(5.1.0),AE,A,AED,FCSC,ANN_CHAP,REEXP,_Z,65,_Z,2021,145958686.10,,,,0
FCSA:DF_TRADE_TOT_CHAP_YR(5.1.0),AE,A,AED,FCSC,ANN_CHAP,REEXP,_Z,65,_Z,2022,199447126.98,,,,0
FCSA:DF_TRADE_TOT_CHAP_YR(5.1.0),AE,A,AED,FCSC,ANN_CHAP,REEXP,_Z,65,_Z,2023,233004948.01,,,,0
FCSA:DF_TRADE_TOT_CHAP_YR(5.1.0),AE,A,AED,FCSC,ANN_CHAP,REEXP,_Z,65,_Z,2024,242947896.96,,,,0
FCSA:DF_TRADE_TOT_CHAP_YR(5.1.0),AE,A,AED,FCSC,ANN_CHAP,TTRADE,_Z,75,_Z,2017,1122564339.44,,,,0
FCSA:DF_TRADE_TOT_CHAP_YR(5.1.0),AE,A,AED,FCSC,ANN_CHAP,TTRADE,_Z,75,_Z,2018,814869855.10,,,,0
FCSA:DF_TRADE_TOT_CHAP_YR(5.1.0),AE,A,AED,FCSC,ANN_CHAP,TTRADE,_Z,75,_Z,2019,2531783170.59,,,,0
FCSA:DF_TRADE_TOT_CHAP_YR(5.1.0),AE,A,AED,FCSC,ANN_CHAP,TTRADE,_Z,75,_Z,2020,3155497678.59,,,,0
FCSA:DF_TRADE_TOT_CHAP_YR(5.1.0),AE,A,AED,FCSC,ANN_CHAP,TTRADE,_Z,75,_Z,2021,8478103470.63,,,,0
FCSA:DF_TRADE_TOT_CHAP_YR(5.1.0),AE,A,AED,FCSC,ANN_CHAP,TTRADE,_Z,75,_Z,2022,6279464546.80,,,,0
FCSA:DF_TRADE_TOT_CHAP_YR(5.1.0),AE,A,AED,FCSC,ANN_CHAP,TTRADE,_Z,75,_Z,2023,1573191308.16,,,,0
FCSA:DF_TRADE_TOT_CHAP_YR(5.1.0),AE,A,AED,FCSC,ANN_CHAP,TTRADE,_Z,75,_Z,2024,1893930078.94,,,,0
FCSA:DF_TRADE_TOT_CHAP_YR(5.1.0),AE,A,AED,FCSC,ANN_CHAP,TNOEXP,_Z,53,_Z,2017,24388074.00,,,,0
FCSA:DF_TRADE_TOT_CHAP_YR(5.1.0),AE,A,AED,FCSC,ANN_CHAP,TNOEXP,_Z,53,_Z,2018,19835904.76,,,,0
FCSA:DF_TRADE_TOT_CHAP_YR(5.1.0),AE,A,AED,FCSC,ANN_CHAP,TNOEXP,_Z,53,_Z,2019,14739021.03,,,,0
FCSA:DF_TRADE_TOT_CHAP_YR(5.1.0),AE,A,AED,FCSC,ANN_CHAP,TNOEXP,_Z,53,_Z,2020,11558750.62,,,,0
FCSA:DF_TRADE_TOT_CHAP_YR(5.1.0),AE,A,AED,FCSC,ANN_CHAP,TNOEXP,_Z,53,_Z,2021,21064599.83,,,,0
FCSA:DF_TRADE_TOT_CHAP_YR(5.1.0),AE,A,AED,FCSC,ANN_CHAP,TNOEXP,_Z,53,_Z,2022,20017906.71,,,,0
FCSA:DF_TRADE_TOT_CHAP_YR(5.1.0),AE,A,AED,FCSC,ANN_CHAP,TNOEXP,_Z,53,_Z,2023,13839401.23,,,,0
FCSA:DF_TRADE_TOT_CHAP_YR(5.1.0),AE,A,AED,FCSC,ANN_CHAP,TNOEXP,_Z,53,_Z,2024,9206672.59,,,,0
FCSA:DF_TRADE_TOT_CHAP_YR(5.1.0),AE,A,AED,FCSC,ANN_CHAP,TTRADE,_Z,88,_Z,2017,43011553232.18,,,,0
FCSA:DF_TRADE_TOT_CHAP_YR(5.1.0),AE,A,AED,FCSC,ANN_CHAP,TTRADE,_Z,88,_Z,2018,40986098370.66,,,,0
FCSA:DF_TRADE_TOT_CHAP_YR(5.1.0),AE,A,AED,FCSC,ANN_CHAP,TTRADE,_Z,88,_Z,2019,28242026816.94,,,,0
FCSA:DF_TRADE_TOT_CHAP_YR(5.1.0),AE,A,AED,FCSC,ANN_CHAP,TTRADE,_Z,88,_Z,2020,13640253836.81,,,,0
FCSA:DF_TRADE_TOT_CHAP_YR(5.1.0),AE,A,AED,FCSC,ANN_CHAP,TTRADE,_Z,88,_Z,2021,20396707137.34,,,,0
FCSA:DF_TRADE_TOT_CHAP_YR(5.1.0),AE,A,AED,FCSC,ANN_CHAP,TTRADE,_Z,88,_Z,2022,22378489865.75,,,,0
FCSA:DF_TRADE_TOT_CHAP_YR(5.1.0),AE,A,AED,FCSC,ANN_CHAP,TTRADE,_Z,88,_Z,2023,29462411381.88,,,,0
FCSA:DF_TRADE_TOT_CHAP_YR(5.1.0),AE,A,AED,FCSC,ANN_CHAP,TTRADE,_Z,88,_Z,2024,37071261420.16,,,,0
FCSA:DF_TRADE_TOT_CHAP_YR(5.1.0),AE,A,AED,FCSC,ANN_CHAP,REEXP,_Z,91,_Z,2017,2739350777.53,,,,0
FCSA:DF_TRADE_TOT_CHAP_YR(5.1.0),AE,A,AED,FCSC,ANN_CHAP,REEXP,_Z,91,_Z,2018,2760413408.78,,,,0
FCSA:DF_TRADE_TOT_CHAP_YR(5.1.0),AE,A,AED,FCSC,ANN_CHAP,REEXP,_Z,91,_Z,2019,3038641923.42,,,,0
FCSA:DF_TRADE_TOT_CHAP_YR(5.1.0),AE,A,AED,FCSC,ANN_CHAP,REEXP,_Z,91,_Z,2020,2517477620.13,,,,0
FCSA:DF_TRADE_TOT_CHAP_YR(5.1.0),AE,A,AED,FCSC,ANN_CHAP,REEXP,_Z,91,_Z,2021,4272868117.72,,,,0
FCSA:DF_TRADE_TOT_CHAP_YR(5.1.0),AE,A,AED,FCSC,ANN_CHAP,REEXP,_Z,91,_Z,2022,5111427083.47,,,,0
FCSA:DF_TRADE_TOT_CHAP_YR(5.1.0),AE,A,AED,FCSC,ANN_CHAP,REEXP,_Z,91,_Z,2023,5144165556.99,,,,0
FCSA:DF_TRADE_TOT_CHAP_YR(5.1.0),AE,A,AED,FCSC,ANN_CHAP,REEXP,_Z,91,_Z,2024,5046169456.12,,,,0
FCSA:DF_TRADE_TOT_CHAP_YR(5.1.0),AE,A,AED,FCSC,ANN_CHAP,REEXP,_Z,18,_Z,2017,246949935.64,,,,0
FCSA:DF_TRADE_TOT_CHAP_YR(5.1.0),AE,A,AED,FCSC,ANN_CHAP,REEXP,_Z,18,_Z,2018,625636113.06,,,,0
FCSA:DF_TRADE_TOT_CHAP_YR(5.1.0),AE,A,AED,FCSC,ANN_CHAP,REEXP,_Z,18,_Z,2019,866680746.19,,,,0
FCSA:DF_TRADE_TOT_CHAP_YR(5.1.0),AE,A,AED,FCSC,ANN_CHAP,REEXP,_Z,18,_Z,2020,961039865.72,,,,0
FCSA:DF_TRADE_TOT_CHAP_YR(5.1.0),AE,A,AED,FCSC,ANN_CHAP,REEXP,_Z,18,_Z,2021,912772380.18,,,,0
FCSA:DF_TRADE_TOT_CHAP_YR(5.1.0),AE,A,AED,FCSC,ANN_CHAP,REEXP,_Z,18,_Z,2022,900663111.89,,,,0
FCSA:DF_TRADE_TOT_CHAP_YR(5.1.0),AE,A,AED,FCSC,ANN_CHAP,REEXP,_Z,18,_Z,2023,910685165.45,,,,0
FCSA:DF_TRADE_TOT_CHAP_YR(5.1.0),AE,A,AED,FCSC,ANN_CHAP,REEXP,_Z,18,_Z,2024,921016759.72,,,,0
FCSA:DF_TRADE_TOT_CHAP_YR(5.1.0),AE,A,AED,FCSC,ANN_CHAP,NOEXP,_Z,56,_Z,2017,154250788.17,,,,0
FCSA:DF_TRADE_TOT_CHAP_YR(5.1.0),AE,A,AED,FCSC,ANN_CHAP,NOEXP,_Z,56,_Z,2018,253359413.27,,,,0
FCSA:DF_TRADE_TOT_CHAP_YR(5.1.0),AE,A,AED,FCSC,ANN_CHAP,NOEXP,_Z,56,_Z,2019,288175545.42,,,,0
FCSA:DF_TRADE_TOT_CHAP_YR(5.1.0),AE,A,AED,FCSC,ANN_CHAP,NOEXP,_Z,56,_Z,2020,341655308.49,,,,0
FCSA:DF_TRADE_TOT_CHAP_YR(5.1.0),AE,A,AED,FCSC,ANN_CHAP,NOEXP,_Z,56,_Z,2021,344245603.48,,,,0
FCSA:DF_TRADE_TOT_CHAP_YR(5.1.0),AE,A,AED,FCSC,ANN_CHAP,NOEXP,_Z,56,_Z,2022,352126878.98,,,,0
FCSA:DF_TRADE_TOT_CHAP_YR(5.1.0),AE,A,AED,FCSC,ANN_CHAP,NOEXP,_Z,56,_Z,2023,613281350.86,,,,0
FCSA:DF_TRADE_TOT_CHAP_YR(5.1.0),AE,A,AED,FCSC,ANN_CHAP,NOEXP,_Z,56,_Z,2024,589855560.34,,,,0
FCSA:DF_TRADE_TOT_CHAP_YR(5.1.0),AE,A,AED,FCSC,ANN_CHAP,TNOEXP,_Z,27,_Z,2017,18207703093.57,,,,0
FCSA:DF_TRADE_TOT_CHAP_YR(5.1.0),AE,A,AED,FCSC,ANN_CHAP,TNOEXP,_Z,27,_Z,2018,15984252083.73,,,,0
FCSA:DF_TRADE_TOT_CHAP_YR(5.1.0),AE,A,AED,FCSC,ANN_CHAP,TNOEXP,_Z,27,_Z,2019,41812593987.49,,,,0
FCSA:DF_TRADE_TOT_CHAP_YR(5.1.0),AE,A,AED,FCSC,ANN_CHAP,TNOEXP,_Z,27,_Z,2020,24796466837.24,,,,0
FCSA:DF_TRADE_TOT_CHAP_YR(5.1.0),AE,A,AED,FCSC,ANN_CHAP,TNOEXP,_Z,27,_Z,2021,33376139511.85,,,,0
FCSA:DF_TRADE_TOT_CHAP_YR(5.1.0),AE,A,AED,FCSC,ANN_CHAP,TNOEXP,_Z,27,_Z,2022,53919263025.75,,,,0
FCSA:DF_TRADE_TOT_CHAP_YR(5.1.0),AE,A,AED,FCSC,ANN_CHAP,TNOEXP,_Z,27,_Z,2023,49803968903.48,,,,0
FCSA:DF_TRADE_TOT_CHAP_YR(5.1.0),AE,A,AED,FCSC,ANN_CHAP,TNOEXP,_Z,27,_Z,2024,39645621523.31,,,,0
FCSA:DF_TRADE_TOT_CHAP_YR(5.1.0),AE,A,AED,FCSC,ANN_CHAP,TTRADE,_Z,49,_Z,2017,4667957883.80,,,,0
FCSA:DF_TRADE_TOT_CHAP_YR(5.1.0),AE,A,AED,FCSC,ANN_CHAP,TTRADE,_Z,49,_Z,2018,3442494898.80,,,,0
FCSA:DF_TRADE_TOT_CHAP_YR(5.1.0),AE,A,AED,FCSC,ANN_CHAP,TTRADE,_Z,49,_Z,2019,3084311637.25,,,,0
FCSA:DF_TRADE_TOT_CHAP_YR(5.1.0),AE,A,AED,FCSC,ANN_CHAP,TTRADE,_Z,49,_Z,2020,2937039352.35,,,,0
FCSA:DF_TRADE_TOT_CHAP_YR(5.1.0),AE,A,AED,FCSC,ANN_CHAP,TTRADE,_Z,49,_Z,2021,4578974674.03,,,,0
FCSA:DF_TRADE_TOT_CHAP_YR(5.1.0),AE,A,AED,FCSC,ANN_CHAP,TTRADE,_Z,49,_Z,2022,15826528597.64,,,,0
FCSA:DF_TRADE_TOT_CHAP_YR(5.1.0),AE,A,AED,FCSC,ANN_CHAP,TTRADE,_Z,49,_Z,2023,13532876947.26,,,,0
FCSA:DF_TRADE_TOT_CHAP_YR(5.1.0),AE,A,AED,FCSC,ANN_CHAP,TTRADE,_Z,49,_Z,2024,16740390417.99,,,,0
FCSA:DF_TRADE_TOT_CHAP_YR(5.1.0),AE,A,AED,FCSC,ANN_CHAP,TTRADE,_Z,62,_Z,2017,12458556763.97,,,,0
FCSA:DF_TRADE_TOT_CHAP_YR(5.1.0),AE,A,AED,FCSC,ANN_CHAP,TTRADE,_Z,62,_Z,2018,11885247095.03,,,,0
FCSA:DF_TRADE_TOT_CHAP_YR(5.1.0),AE,A,AED,FCSC,ANN_CHAP,TTRADE,_Z,62,_Z,2019,11608608716.66,,,,0
FCSA:DF_TRADE_TOT_CHAP_YR(5.1.0),AE,A,AED,FCSC,ANN_CHAP,TTRADE,_Z,62,_Z,2020,9193183250.04,,,,0
FCSA:DF_TRADE_TOT_CHAP_YR(5.1.0),AE,A,AED,FCSC,ANN_CHAP,TTRADE,_Z,62,_Z,2021,13138920479.70,,,,0
FCSA:DF_TRADE_TOT_CHAP_YR(5.1.0),AE,A,AED,FCSC,ANN_CHAP,TTRADE,_Z,62,_Z,2022,17221605803.91,,,,0
FCSA:DF_TRADE_TOT_CHAP_YR(5.1.0),AE,A,AED,FCSC,ANN_CHAP,TTRADE,_Z,62,_Z,2023,17022784648.06,,,,0
FCSA:DF_TRADE_TOT_CHAP_YR(5.1.0),AE,A,AED,FCSC,ANN_CHAP,TTRADE,_Z,62,_Z,2024,18994291110.27,,,,0
FCSA:DF_TRADE_TOT_CHAP_YR(5.1.0),AE,A,AED,FCSC,ANN_CHAP,IMP,_Z,47,_Z,2017,456899237.28,,,,0
FCSA:DF_TRADE_TOT_CHAP_YR(5.1.0),AE,A,AED,FCSC,ANN_CHAP,IMP,_Z,47,_Z,2018,665968485.53,,,,0
FCSA:DF_TRADE_TOT_CHAP_YR(5.1.0),AE,A,AED,FCSC,ANN_CHAP,IMP,_Z,47,_Z,2019,1038269322.62,,,,0
FCSA:DF_TRADE_TOT_CHAP_YR(5.1.0),AE,A,AED,FCSC,ANN_CHAP,IMP,_Z,47,_Z,2020,984791284.98,,,,0
FCSA:DF_TRADE_TOT_CHAP_YR(5.1.0),AE,A,AED,FCSC,ANN_CHAP,IMP,_Z,47,_Z,2021,1379721153.37,,,,0
FCSA:DF_TRADE_TOT_CHAP_YR(5.1.0),AE,A,AED,FCSC,ANN_CHAP,IMP,_Z,47,_Z,2022,2012630051.96,,,,0
FCSA:DF_TRADE_TOT_CHAP_YR(5.1.0),AE,A,AED,FCSC,ANN_CHAP,IMP,_Z,47,_Z,2023,2358044877.00,,,,0
FCSA:DF_TRADE_TOT_CHAP_YR(5.1.0),AE,A,AED,FCSC,ANN_CHAP,IMP,_Z,47,_Z,2024,1660696891.87,,,,0
FCSA:DF_TRADE_TOT_CHAP_YR(5.1.0),AE,A,AED,FCSC,ANN_CHAP,TNOEXP,_Z,40,_Z,2017,5364980252.49,,,,0
FCSA:DF_TRADE_TOT_CHAP_YR(5.1.0),AE,A,AED,FCSC,ANN_CHAP,TNOEXP,_Z,40,_Z,2018,5168163279.65,,,,0
FCSA:DF_TRADE_TOT_CHAP_YR(5.1.0),AE,A,AED,FCSC,ANN_CHAP,TNOEXP,_Z,40,_Z,2019,6135192131.18,,,,0
FCSA:DF_TRADE_TOT_CHAP_YR(5.1.0),AE,A,AED,FCSC,ANN_CHAP,TNOEXP,_Z,40,_Z,2020,5197162716.14,,,,0
FCSA:DF_TRADE_TOT_CHAP_YR(5.1.0),AE,A,AED,FCSC,ANN_CHAP,TNOEXP,_Z,40,_Z,2021,5922217325.56,,,,0
FCSA:DF_TRADE_TOT_CHAP_YR(5.1.0),AE,A,AED,FCSC,ANN_CHAP,TNOEXP,_Z,40,_Z,2022,6726319179.44,,,,0
FCSA:DF_TRADE_TOT_CHAP_YR(5.1.0),AE,A,AED,FCSC,ANN_CHAP,TNOEXP,_Z,40,_Z,2023,6862009291.88,,,,0
FCSA:DF_TRADE_TOT_CHAP_YR(5.1.0),AE,A,AED,FCSC,ANN_CHAP,TNOEXP,_Z,40,_Z,2024,5732036379.68,,,,0
FCSA:DF_TRADE_TOT_CHAP_YR(5.1.0),AE,A,AED,FCSC,ANN_CHAP,NOEXP,_Z,95,_Z,2017,78129865.51,,,,0
FCSA:DF_TRADE_TOT_CHAP_YR(5.1.0),AE,A,AED,FCSC,ANN_CHAP,NOEXP,_Z,95,_Z,2018,97124936.12,,,,0
FCSA:DF_TRADE_TOT_CHAP_YR(5.1.0),AE,A,AED,FCSC,ANN_CHAP,NOEXP,_Z,95,_Z,2019,112996000.44,,,,0
FCSA:DF_TRADE_TOT_CHAP_YR(5.1.0),AE,A,AED,FCSC,ANN_CHAP,NOEXP,_Z,95,_Z,2020,104354973.14,,,,0
FCSA:DF_TRADE_TOT_CHAP_YR(5.1.0),AE,A,AED,FCSC,ANN_CHAP,NOEXP,_Z,95,_Z,2021,133415862.06,,,,0
FCSA:DF_TRADE_TOT_CHAP_YR(5.1.0),AE,A,AED,FCSC,ANN_CHAP,NOEXP,_Z,95,_Z,2022,169016526.39,,,,0
FCSA:DF_TRADE_TOT_CHAP_YR(5.1.0),AE,A,AED,FCSC,ANN_CHAP,NOEXP,_Z,95,_Z,2023,198760443.77,,,,0
FCSA:DF_TRADE_TOT_CHAP_YR(5.1.0),AE,A,AED,FCSC,ANN_CHAP,NOEXP,_Z,95,_Z,2024,97036428.02,,,,0
FCSA:DF_TRADE_TOT_CHAP_YR(5.1.0),AE,A,AED,FCSC,ANN_CHAP,IMP,_Z,31,_Z,2017,240578880.22,,,,0
FCSA:DF_TRADE_TOT_CHAP_YR(5.1.0),AE,A,AED,FCSC,ANN_CHAP,IMP,_Z,31,_Z,2018,245435187.90,,,,0
FCSA:DF_TRADE_TOT_CHAP_YR(5.1.0),AE,A,AED,FCSC,ANN_CHAP,IMP,_Z,31,_Z,2019,308005091.12,,,,0
FCSA:DF_TRADE_TOT_CHAP_YR(5.1.0),AE,A,AED,FCSC,ANN_CHAP,IMP,_Z,31,_Z,2020,257602977.79,,,,0
FCSA:DF_TRADE_TOT_CHAP_YR(5.1.0),AE,A,AED,FCSC,ANN_CHAP,IMP,_Z,31,_Z,2021,362298157.70,,,,0
FCSA:DF_TRADE_TOT_CHAP_YR(5.1.0),AE,A,AED,FCSC,ANN_CHAP,IMP,_Z,31,_Z,2022,499403846.02,,,,0
FCSA:DF_TRADE_TOT_CHAP_YR(5.1.0),AE,A,AED,FCSC,ANN_CHAP,IMP,_Z,31,_Z,2023,423523278.07,,,,0
FCSA:DF_TRADE_TOT_CHAP_YR(5.1.0),AE,A,AED,FCSC,ANN_CHAP,IMP,_Z,31,_Z,2024,270389836.27,,,,0
FCSA:DF_TRADE_TOT_CHAP_YR(5.1.0),AE,A,AED,FCSC,ANN_CHAP,IMP,_Z,48,_Z,2017,4970843304.10,,,,0
FCSA:DF_TRADE_TOT_CHAP_YR(5.1.0),AE,A,AED,FCSC,ANN_CHAP,IMP,_Z,48,_Z,2018,5554429727.38,,,,0
FCSA:DF_TRADE_TOT_CHAP_YR(5.1.0),AE,A,AED,FCSC,ANN_CHAP,IMP,_Z,48,_Z,2019,5482840335.38,,,,0
FCSA:DF_TRADE_TOT_CHAP_YR(5.1.0),AE,A,AED,FCSC,ANN_CHAP,IMP,_Z,48,_Z,2020,4708327206.03,,,,0
FCSA:DF_TRADE_TOT_CHAP_YR(5.1.0),AE,A,AED,FCSC,ANN_CHAP,IMP,_Z,48,_Z,2021,5558886795.07,,,,0
FCSA:DF_TRADE_TOT_CHAP_YR(5.1.0),AE,A,AED,FCSC,ANN_CHAP,IMP,_Z,48,_Z,2022,7707105129.99,,,,0
FCSA:DF_TRADE_TOT_CHAP_YR(5.1.0),AE,A,AED,FCSC,ANN_CHAP,IMP,_Z,48,_Z,2023,7028571878.95,,,,0
FCSA:DF_TRADE_TOT_CHAP_YR(5.1.0),AE,A,AED,FCSC,ANN_CHAP,IMP,_Z,48,_Z,2024,8497092159.13,,,,0
FCSA:DF_TRADE_TOT_CHAP_YR(5.1.0),AE,A,AED,FCSC,ANN_CHAP,REEXP,_Z,24,_Z,2017,8265053670.63,,,,0
FCSA:DF_TRADE_TOT_CHAP_YR(5.1.0),AE,A,AED,FCSC,ANN_CHAP,REEXP,_Z,24,_Z,2018,5024848250.40,,,,0
FCSA:DF_TRADE_TOT_CHAP_YR(5.1.0),AE,A,AED,FCSC,ANN_CHAP,REEXP,_Z,24,_Z,2019,3643907110.75,,,,0
FCSA:DF_TRADE_TOT_CHAP_YR(5.1.0),AE,A,AED,FCSC,ANN_CHAP,REEXP,_Z,24,_Z,2020,3705102225.99,,,,0
FCSA:DF_TRADE_TOT_CHAP_YR(5.1.0),AE,A,AED,FCSC,ANN_CHAP,REEXP,_Z,24,_Z,2021,3320284025.69,,,,0
FCSA:DF_TRADE_TOT_CHAP_YR(5.1.0),AE,A,AED,FCSC,ANN_CHAP,REEXP,_Z,24,_Z,2022,4308754011.50,,,,0
FCSA:DF_TRADE_TOT_CHAP_YR(5.1.0),AE,A,AED,FCSC,ANN_CHAP,REEXP,_Z,24,_Z,2023,4073864796.55,,,,0
FCSA:DF_TRADE_TOT_CHAP_YR(5.1.0),AE,A,AED,FCSC,ANN_CHAP,REEXP,_Z,24,_Z,2024,3933932285.34,,,,0
FCSA:DF_TRADE_TOT_CHAP_YR(5.1.0),AE,A,AED,FCSC,ANN_CHAP,IMP,_Z,14,_Z,2017,17800367.72,,,,0
FCSA:DF_TRADE_TOT_CHAP_YR(5.1.0),AE,A,AED,FCSC,ANN_CHAP,IMP,_Z,14,_Z,2018,19157715.21,,,,0
FCSA:DF_TRADE_TOT_CHAP_YR(5.1.0),AE,A,AED,FCSC,ANN_CHAP,IMP,_Z,14,_Z,2019,20702533.70,,,,0
FCSA:DF_TRADE_TOT_CHAP_YR(5.1.0),AE,A,AED,FCSC,ANN_CHAP,IMP,_Z,14,_Z,2020,22546625.59,,,,0
FCSA:DF_TRADE_TOT_CHAP_YR(5.1.0),AE,A,AED,FCSC,ANN_CHAP,IMP,_Z,14,_Z,2021,22239877.38,,,,0
FCSA:DF_TRADE_TOT_CHAP_YR(5.1.0),AE,A,AED,FCSC,ANN_CHAP,IMP,_Z,14,_Z,2022,21807026.86,,,,0
FCSA:DF_TRADE_TOT_CHAP_YR(5.1.0),AE,A,AED,FCSC,ANN_CHAP,IMP,_Z,14,_Z,2023,18374907.56,,,,0
FCSA:DF_TRADE_TOT_CHAP_YR(5.1.0),AE,A,AED,FCSC,ANN_CHAP,IMP,_Z,14,_Z,2024,22565533.03,,,,0
FCSA:DF_TRADE_TOT_CHAP_YR(5.1.0),AE,A,AED,FCSC,ANN_CHAP,TNOEXP,_Z,45,_Z,2017,94157006.48,,,,0
FCSA:DF_TRADE_TOT_CHAP_YR(5.1.0),AE,A,AED,FCSC,ANN_CHAP,TNOEXP,_Z,45,_Z,2018,66138888.36,,,,0
FCSA:DF_TRADE_TOT_CHAP_YR(5.1.0),AE,A,AED,FCSC,ANN_CHAP,TNOEXP,_Z,45,_Z,2019,74936061.83,,,,0
FCSA:DF_TRADE_TOT_CHAP_YR(5.1.0),AE,A,AED,FCSC,ANN_CHAP,TNOEXP,_Z,45,_Z,2020,89247936.91,,,,0
FCSA:DF_TRADE_TOT_CHAP_YR(5.1.0),AE,A,AED,FCSC,ANN_CHAP,TNOEXP,_Z,45,_Z,2021,122842401.05,,,,0
FCSA:DF_TRADE_TOT_CHAP_YR(5.1.0),AE,A,AED,FCSC,ANN_CHAP,TNOEXP,_Z,45,_Z,2022,130123468.17,,,,0
FCSA:DF_TRADE_TOT_CHAP_YR(5.1.0),AE,A,AED,FCSC,ANN_CHAP,TNOEXP,_Z,45,_Z,2023,148713622.09,,,,0
FCSA:DF_TRADE_TOT_CHAP_YR(5.1.0),AE,A,AED,FCSC,ANN_CHAP,TNOEXP,_Z,45,_Z,2024,116918664.82,,,,0
FCSA:DF_TRADE_TOT_CHAP_YR(5.1.0),AE,A,AED,FCSC,ANN_CHAP,TTRADE,_Z,85,_Z,2017,256552398754.95,,,,0
FCSA:DF_TRADE_TOT_CHAP_YR(5.1.0),AE,A,AED,FCSC,ANN_CHAP,TTRADE,_Z,85,_Z,2018,226035455856.06,,,,0
FCSA:DF_TRADE_TOT_CHAP_YR(5.1.0),AE,A,AED,FCSC,ANN_CHAP,TTRADE,_Z,85,_Z,2019,246835001287.45,,,,0
FCSA:DF_TRADE_TOT_CHAP_YR(5.1.0),AE,A,AED,FCSC,ANN_CHAP,TTRADE,_Z,85,_Z,2020,226579130151.98,,,,0
FCSA:DF_TRADE_TOT_CHAP_YR(5.1.0),AE,A,AED,FCSC,ANN_CHAP,TTRADE,_Z,85,_Z,2021,278635142353.89,,,,0
FCSA:DF_TRADE_TOT_CHAP_YR(5.1.0),AE,A,AED,FCSC,ANN_CHAP,TTRADE,_Z,85,_Z,2022,330199822018.16,,,,0
FCSA:DF_TRADE_TOT_CHAP_YR(5.1.0),AE,A,AED,FCSC,ANN_CHAP,TTRADE,_Z,85,_Z,2023,386812199644.16,,,,0
FCSA:DF_TRADE_TOT_CHAP_YR(5.1.0),AE,A,AED,FCSC,ANN_CHAP,TTRADE,_Z,85,_Z,2024,388463475834.38,,,,0
FCSA:DF_TRADE_TOT_CHAP_YR(5.1.0),AE,A,AED,FCSC,ANN_CHAP,TTRADE,_Z,17,_Z,2017,8806117622.63,,,,0
FCSA:DF_TRADE_TOT_CHAP_YR(5.1.0),AE,A,AED,FCSC,ANN_CHAP,TTRADE,_Z,17,_Z,2018,4641316229.85,,,,0
FCSA:DF_TRADE_TOT_CHAP_YR(5.1.0),AE,A,AED,FCSC,ANN_CHAP,TTRADE,_Z,17,_Z,2019,3140232456.33,,,,0
FCSA:DF_TRADE_TOT_CHAP_YR(5.1.0),AE,A,AED,FCSC,ANN_CHAP,TTRADE,_Z,17,_Z,2020,4982876996.39,,,,0
FCSA:DF_TRADE_TOT_CHAP_YR(5.1.0),AE,A,AED,FCSC,ANN_CHAP,TTRADE,_Z,17,_Z,2021,6263988194.25,,,,0
FCSA:DF_TRADE_TOT_CHAP_YR(5.1.0),AE,A,AED,FCSC,ANN_CHAP,TTRADE,_Z,17,_Z,2022,5609620840.66,,,,0
FCSA:DF_TRADE_TOT_CHAP_YR(5.1.0),AE,A,AED,FCSC,ANN_CHAP,TTRADE,_Z,17,_Z,2023,6864760716.89,,,,0
FCSA:DF_TRADE_TOT_CHAP_YR(5.1.0),AE,A,AED,FCSC,ANN_CHAP,TTRADE,_Z,17,_Z,2024,9136878120.63,,,,0
FCSA:DF_TRADE_TOT_CHAP_YR(5.1.0),AE,A,AED,FCSC,ANN_CHAP,TNOEXP,_Z,79,_Z,2017,357793517.22,,,,0
FCSA:DF_TRADE_TOT_CHAP_YR(5.1.0),AE,A,AED,FCSC,ANN_CHAP,TNOEXP,_Z,79,_Z,2018,1596637388.52,,,,0
FCSA:DF_TRADE_TOT_CHAP_YR(5.1.0),AE,A,AED,FCSC,ANN_CHAP,TNOEXP,_Z,79,_Z,2019,1117811873.05,,,,0
FCSA:DF_TRADE_TOT_CHAP_YR(5.1.0),AE,A,AED,FCSC,ANN_CHAP,TNOEXP,_Z,79,_Z,2020,685963210.97,,,,0
FCSA:DF_TRADE_TOT_CHAP_YR(5.1.0),AE,A,AED,FCSC,ANN_CHAP,TNOEXP,_Z,79,_Z,2021,587966666.90,,,,0
FCSA:DF_TRADE_TOT_CHAP_YR(5.1.0),AE,A,AED,FCSC,ANN_CHAP,TNOEXP,_Z,79,_Z,2022,884289833.79,,,,0
FCSA:DF_TRADE_TOT_CHAP_YR(5.1.0),AE,A,AED,FCSC,ANN_CHAP,TNOEXP,_Z,79,_Z,2023,642526530.73,,,,0
FCSA:DF_TRADE_TOT_CHAP_YR(5.1.0),AE,A,AED,FCSC,ANN_CHAP,TNOEXP,_Z,79,_Z,2024,560103040.30,,,,0
FCSA:DF_TRADE_TOT_CHAP_YR(5.1.0),AE,A,AED,FCSC,ANN_CHAP,IMP,_Z,_T,_Z,2017,946465785212.27,,,,0
FCSA:DF_TRADE_TOT_CHAP_YR(5.1.0),AE,A,AED,FCSC,ANN_CHAP,IMP,_Z,_T,_Z,2018,898481021408.60,,,,0
FCSA:DF_TRADE_TOT_CHAP_YR(5.1.0),AE,A,AED,FCSC,ANN_CHAP,IMP,_Z,_T,_Z,2019,914851515787.64,,,,0
FCSA:DF_TRADE_TOT_CHAP_YR(5.1.0),AE,A,AED,FCSC,ANN_CHAP,IMP,_Z,_T,_Z,2020,785112063871.01,,,,0
FCSA:DF_TRADE_TOT_CHAP_YR(5.1.0),AE,A,AED,FCSC,ANN_CHAP,IMP,_Z,_T,_Z,2021,991633483636.80,,,,0
FCSA:DF_TRADE_TOT_CHAP_YR(5.1.0),AE,A,AED,FCSC,ANN_CHAP,IMP,_Z,_T,_Z,2022,1215953963848.94,,,,0
FCSA:DF_TRADE_TOT_CHAP_YR(5.1.0),AE,A,AED,FCSC,ANN_CHAP,IMP,_Z,_T,_Z,2023,1439029666137.40,,,,0
FCSA:DF_TRADE_TOT_CHAP_YR(5.1.0),AE,A,AED,FCSC,ANN_CHAP,IMP,_Z,_T,_Z,2024,1633062365673.75,,,,0
FCSA:DF_TRADE_TOT_CHAP_YR(5.1.0),AE,A,AED,FCSC,ANN_CHAP,NOEXP,_Z,88,_Z,2017,732157884.03,,,,0
FCSA:DF_TRADE_TOT_CHAP_YR(5.1.0),AE,A,AED,FCSC,ANN_CHAP,NOEXP,_Z,88,_Z,2018,799715228.65,,,,0
FCSA:DF_TRADE_TOT_CHAP_YR(5.1.0),AE,A,AED,FCSC,ANN_CHAP,NOEXP,_Z,88,_Z,2019,455249624.75,,,,0
FCSA:DF_TRADE_TOT_CHAP_YR(5.1.0),AE,A,AED,FCSC,ANN_CHAP,NOEXP,_Z,88,_Z,2020,354308263.45,,,,0
FCSA:DF_TRADE_TOT_CHAP_YR(5.1.0),AE,A,AED,FCSC,ANN_CHAP,NOEXP,_Z,88,_Z,2021,273828444.13,,,,0
FCSA:DF_TRADE_TOT_CHAP_YR(5.1.0),AE,A,AED,FCSC,ANN_CHAP,NOEXP,_Z,88,_Z,2022,421792024.53,,,,0
FCSA:DF_TRADE_TOT_CHAP_YR(5.1.0),AE,A,AED,FCSC,ANN_CHAP,NOEXP,_Z,88,_Z,2023,443462416.73,,,,0
FCSA:DF_TRADE_TOT_CHAP_YR(5.1.0),AE,A,AED,FCSC,ANN_CHAP,NOEXP,_Z,88,_Z,2024,693571425.75,,,,0
FCSA:DF_TRADE_TOT_CHAP_YR(5.1.0),AE,A,AED,FCSC,ANN_CHAP,NOEXP,_Z,3,_Z,2017,203249111.56,,,,0
FCSA:DF_TRADE_TOT_CHAP_YR(5.1.0),AE,A,AED,FCSC,ANN_CHAP,NOEXP,_Z,3,_Z,2018,615534563.04,,,,0
FCSA:DF_TRADE_TOT_CHAP_YR(5.1.0),AE,A,AED,FCSC,ANN_CHAP,NOEXP,_Z,3,_Z,2019,468670383.23,,,,0
FCSA:DF_TRADE_TOT_CHAP_YR(5.1.0),AE,A,AED,FCSC,ANN_CHAP,NOEXP,_Z,3,_Z,2020,354075330.23,,,,0
FCSA:DF_TRADE_TOT_CHAP_YR(5.1.0),AE,A,AED,FCSC,ANN_CHAP,NOEXP,_Z,3,_Z,2021,332545322.56,,,,0
FCSA:DF_TRADE_TOT_CHAP_YR(5.1.0),AE,A,AED,FCSC,ANN_CHAP,NOEXP,_Z,3,_Z,2022,242769406.27,,,,0
FCSA:DF_TRADE_TOT_CHAP_YR(5.1.0),AE,A,AED,FCSC,ANN_CHAP,NOEXP,_Z,3,_Z,2023,224116147.04,,,,0
FCSA:DF_TRADE_TOT_CHAP_YR(5.1.0),AE,A,AED,FCSC,ANN_CHAP,NOEXP,_Z,3,_Z,2024,309615740.26,,,,0
FCSA:DF_TRADE_TOT_CHAP_YR(5.1.0),AE,A,AED,FCSC,ANN_CHAP,NOEXP,_Z,20,_Z,2017,866295891.88,,,,0
FCSA:DF_TRADE_TOT_CHAP_YR(5.1.0),AE,A,AED,FCSC,ANN_CHAP,NOEXP,_Z,20,_Z,2018,925732502.83,,,,0
FCSA:DF_TRADE_TOT_CHAP_YR(5.1.0),AE,A,AED,FCSC,ANN_CHAP,NOEXP,_Z,20,_Z,2019,1095083144.81,,,,0
FCSA:DF_TRADE_TOT_CHAP_YR(5.1.0),AE,A,AED,FCSC,ANN_CHAP,NOEXP,_Z,20,_Z,2020,992071200.78,,,,0
FCSA:DF_TRADE_TOT_CHAP_YR(5.1.0),AE,A,AED,FCSC,ANN_CHAP,NOEXP,_Z,20,_Z,2021,1050738051.86,,,,0
FCSA:DF_TRADE_TOT_CHAP_YR(5.1.0),AE,A,AED,FCSC,ANN_CHAP,NOEXP,_Z,20,_Z,2022,1239909584.15,,,,0
FCSA:DF_TRADE_TOT_CHAP_YR(5.1.0),AE,A,AED,FCSC,ANN_CHAP,NOEXP,_Z,20,_Z,2023,1408955686.37,,,,0
FCSA:DF_TRADE_TOT_CHAP_YR(5.1.0),AE,A,AED,FCSC,ANN_CHAP,NOEXP,_Z,20,_Z,2024,1487265897.04,,,,0
FCSA:DF_TRADE_TOT_CHAP_YR(5.1.0),AE,A,AED,FCSC,ANN_CHAP,TNOEXP,_Z,62,_Z,2017,3379224192.91,,,,0
FCSA:DF_TRADE_TOT_CHAP_YR(5.1.0),AE,A,AED,FCSC,ANN_CHAP,TNOEXP,_Z,62,_Z,2018,3904955772.07,,,,0
FCSA:DF_TRADE_TOT_CHAP_YR(5.1.0),AE,A,AED,FCSC,ANN_CHAP,TNOEXP,_Z,62,_Z,2019,3916157176.59,,,,0
FCSA:DF_TRADE_TOT_CHAP_YR(5.1.0),AE,A,AED,FCSC,ANN_CHAP,TNOEXP,_Z,62,_Z,2020,3137899588.17,,,,0
FCSA:DF_TRADE_TOT_CHAP_YR(5.1.0),AE,A,AED,FCSC,ANN_CHAP,TNOEXP,_Z,62,_Z,2021,5095166559.39,,,,0
FCSA:DF_TRADE_TOT_CHAP_YR(5.1.0),AE,A,AED,FCSC,ANN_CHAP,TNOEXP,_Z,62,_Z,2022,6822304885.96,,,,0
FCSA:DF_TRADE_TOT_CHAP_YR(5.1.0),AE,A,AED,FCSC,ANN_CHAP,TNOEXP,_Z,62,_Z,2023,5470203290.36,,,,0
FCSA:DF_TRADE_TOT_CHAP_YR(5.1.0),AE,A,AED,FCSC,ANN_CHAP,TNOEXP,_Z,62,_Z,2024,6429729088.02,,,,0
FCSA:DF_TRADE_TOT_CHAP_YR(5.1.0),AE,A,AED,FCSC,ANN_CHAP,TTRADE,_Z,68,_Z,2017,4690078668.66,,,,0
FCSA:DF_TRADE_TOT_CHAP_YR(5.1.0),AE,A,AED,FCSC,ANN_CHAP,TTRADE,_Z,68,_Z,2018,4189153896.44,,,,0
FCSA:DF_TRADE_TOT_CHAP_YR(5.1.0),AE,A,AED,FCSC,ANN_CHAP,TTRADE,_Z,68,_Z,2019,3708055907.52,,,,0
FCSA:DF_TRADE_TOT_CHAP_YR(5.1.0),AE,A,AED,FCSC,ANN_CHAP,TTRADE,_Z,68,_Z,2020,3440426169.17,,,,0
FCSA:DF_TRADE_TOT_CHAP_YR(5.1.0),AE,A,AED,FCSC,ANN_CHAP,TTRADE,_Z,68,_Z,2021,3450877864.03,,,,0
FCSA:DF_TRADE_TOT_CHAP_YR(5.1.0),AE,A,AED,FCSC,ANN_CHAP,TTRADE,_Z,68,_Z,2022,3682096076.50,,,,0
FCSA:DF_TRADE_TOT_CHAP_YR(5.1.0),AE,A,AED,FCSC,ANN_CHAP,TTRADE,_Z,68,_Z,2023,4171134458.11,,,,0
FCSA:DF_TRADE_TOT_CHAP_YR(5.1.0),AE,A,AED,FCSC,ANN_CHAP,TTRADE,_Z,68,_Z,2024,4895472350.96,,,,0
FCSA:DF_TRADE_TOT_CHAP_YR(5.1.0),AE,A,AED,FCSC,ANN_CHAP,TTRADE,_Z,83,_Z,2017,4179983561.71,,,,0
FCSA:DF_TRADE_TOT_CHAP_YR(5.1.0),AE,A,AED,FCSC,ANN_CHAP,TTRADE,_Z,83,_Z,2018,4590446163.58,,,,0
FCSA:DF_TRADE_TOT_CHAP_YR(5.1.0),AE,A,AED,FCSC,ANN_CHAP,TTRADE,_Z,83,_Z,2019,4142952351.79,,,,0
FCSA:DF_TRADE_TOT_CHAP_YR(5.1.0),AE,A,AED,FCSC,ANN_CHAP,TTRADE,_Z,83,_Z,2020,3745151409.20,,,,0
FCSA:DF_TRADE_TOT_CHAP_YR(5.1.0),AE,A,AED,FCSC,ANN_CHAP,TTRADE,_Z,83,_Z,2021,4822484062.09,,,,0
FCSA:DF_TRADE_TOT_CHAP_YR(5.1.0),AE,A,AED,FCSC,ANN_CHAP,TTRADE,_Z,83,_Z,2022,5508862268.46,,,,0
FCSA:DF_TRADE_TOT_CHAP_YR(5.1.0),AE,A,AED,FCSC,ANN_CHAP,TTRADE,_Z,83,_Z,2023,5610613468.28,,,,0
FCSA:DF_TRADE_TOT_CHAP_YR(5.1.0),AE,A,AED,FCSC,ANN_CHAP,TTRADE,_Z,83,_Z,2024,6368669005.74,,,,0
FCSA:DF_TRADE_TOT_CHAP_YR(5.1.0),AE,A,AED,FCSC,ANN_CHAP,TNOEXP,_Z,47,_Z,2017,378886977.89,,,,0
FCSA:DF_TRADE_TOT_CHAP_YR(5.1.0),AE,A,AED,FCSC,ANN_CHAP,TNOEXP,_Z,47,_Z,2018,378939315.90,,,,0
FCSA:DF_TRADE_TOT_CHAP_YR(5.1.0),AE,A,AED,FCSC,ANN_CHAP,TNOEXP,_Z,47,_Z,2019,483588529.52,,,,0
FCSA:DF_TRADE_TOT_CHAP_YR(5.1.0),AE,A,AED,FCSC,ANN_CHAP,TNOEXP,_Z,47,_Z,2020,293223562.03,,,,0
FCSA:DF_TRADE_TOT_CHAP_YR(5.1.0),AE,A,AED,FCSC,ANN_CHAP,TNOEXP,_Z,47,_Z,2021,587081078.81,,,,0
FCSA:DF_TRADE_TOT_CHAP_YR(5.1.0),AE,A,AED,FCSC,ANN_CHAP,TNOEXP,_Z,47,_Z,2022,750734594.51,,,,0
FCSA:DF_TRADE_TOT_CHAP_YR(5.1.0),AE,A,AED,FCSC,ANN_CHAP,TNOEXP,_Z,47,_Z,2023,567724092.00,,,,0
FCSA:DF_TRADE_TOT_CHAP_YR(5.1.0),AE,A,AED,FCSC,ANN_CHAP,TNOEXP,_Z,47,_Z,2024,586672409.37,,,,0
FCSA:DF_TRADE_TOT_CHAP_YR(5.1.0),AE,A,AED,FCSC,ANN_CHAP,IMP,_Z,82,_Z,2017,2729783067.51,,,,0
FCSA:DF_TRADE_TOT_CHAP_YR(5.1.0),AE,A,AED,FCSC,ANN_CHAP,IMP,_Z,82,_Z,2018,2399257075.38,,,,0
FCSA:DF_TRADE_TOT_CHAP_YR(5.1.0),AE,A,AED,FCSC,ANN_CHAP,IMP,_Z,82,_Z,2019,2603954447.20,,,,0
FCSA:DF_TRADE_TOT_CHAP_YR(5.1.0),AE,A,AED,FCSC,ANN_CHAP,IMP,_Z,82,_Z,2020,1777608525.96,,,,0
FCSA:DF_TRADE_TOT_CHAP_YR(5.1.0),AE,A,AED,FCSC,ANN_CHAP,IMP,_Z,82,_Z,2021,2019607534.51,,,,0
FCSA:DF_TRADE_TOT_CHAP_YR(5.1.0),AE,A,AED,FCSC,ANN_CHAP,IMP,_Z,82,_Z,2022,2285129315.43,,,,0
FCSA:DF_TRADE_TOT_CHAP_YR(5.1.0),AE,A,AED,FCSC,ANN_CHAP,IMP,_Z,82,_Z,2023,2666207293.74,,,,0
FCSA:DF_TRADE_TOT_CHAP_YR(5.1.0),AE,A,AED,FCSC,ANN_CHAP,IMP,_Z,82,_Z,2024,2565468777.32,,,,0
FCSA:DF_TRADE_TOT_CHAP_YR(5.1.0),AE,A,AED,FCSC,ANN_CHAP,IMP,_Z,67,_Z,2017,132762650.29,,,,0
FCSA:DF_TRADE_TOT_CHAP_YR(5.1.0),AE,A,AED,FCSC,ANN_CHAP,IMP,_Z,67,_Z,2018,119063058.88,,,,0
FCSA:DF_TRADE_TOT_CHAP_YR(5.1.0),AE,A,AED,FCSC,ANN_CHAP,IMP,_Z,67,_Z,2019,143262620.67,,,,0
FCSA:DF_TRADE_TOT_CHAP_YR(5.1.0),AE,A,AED,FCSC,ANN_CHAP,IMP,_Z,67,_Z,2020,130201446.32,,,,0
FCSA:DF_TRADE_TOT_CHAP_YR(5.1.0),AE,A,AED,FCSC,ANN_CHAP,IMP,_Z,67,_Z,2021,163181071.10,,,,0
FCSA:DF_TRADE_TOT_CHAP_YR(5.1.0),AE,A,AED,FCSC,ANN_CHAP,IMP,_Z,67,_Z,2022,177300000.96,,,,0
FCSA:DF_TRADE_TOT_CHAP_YR(5.1.0),AE,A,AED,FCSC,ANN_CHAP,IMP,_Z,67,_Z,2023,172029027.38,,,,0
FCSA:DF_TRADE_TOT_CHAP_YR(5.1.0),AE,A,AED,FCSC,ANN_CHAP,IMP,_Z,67,_Z,2024,180223313.42,,,,0
FCSA:DF_TRADE_TOT_CHAP_YR(5.1.0),AE,A,AED,FCSC,ANN_CHAP,REEXP,_Z,43,_Z,2017,25466026.54,,,,0
FCSA:DF_TRADE_TOT_CHAP_YR(5.1.0),AE,A,AED,FCSC,ANN_CHAP,REEXP,_Z,43,_Z,2018,23228894.72,,,,0
FCSA:DF_TRADE_TOT_CHAP_YR(5.1.0),AE,A,AED,FCSC,ANN_CHAP,REEXP,_Z,43,_Z,2019,22015394.87,,,,0
FCSA:DF_TRADE_TOT_CHAP_YR(5.1.0),AE,A,AED,FCSC,ANN_CHAP,REEXP,_Z,43,_Z,2020,19146873.67,,,,0
FCSA:DF_TRADE_TOT_CHAP_YR(5.1.0),AE,A,AED,FCSC,ANN_CHAP,REEXP,_Z,43,_Z,2021,14900340.57,,,,0
FCSA:DF_TRADE_TOT_CHAP_YR(5.1.0),AE,A,AED,FCSC,ANN_CHAP,REEXP,_Z,43,_Z,2022,26236470.76,,,,0
FCSA:DF_TRADE_TOT_CHAP_YR(5.1.0),AE,A,AED,FCSC,ANN_CHAP,REEXP,_Z,43,_Z,2023,33589700.88,,,,0
FCSA:DF_TRADE_TOT_CHAP_YR(5.1.0),AE,A,AED,FCSC,ANN_CHAP,REEXP,_Z,43,_Z,2024,27185744.61,,,,0
FCSA:DF_TRADE_TOT_CHAP_YR(5.1.0),AE,A,AED,FCSC,ANN_CHAP,IMP,_Z,46,_Z,2017,74298633.94,,,,0
FCSA:DF_TRADE_TOT_CHAP_YR(5.1.0),AE,A,AED,FCSC,ANN_CHAP,IMP,_Z,46,_Z,2018,70848837.43,,,,0
FCSA:DF_TRADE_TOT_CHAP_YR(5.1.0),AE,A,AED,FCSC,ANN_CHAP,IMP,_Z,46,_Z,2019,96397615.48,,,,0
FCSA:DF_TRADE_TOT_CHAP_YR(5.1.0),AE,A,AED,FCSC,ANN_CHAP,IMP,_Z,46,_Z,2020,150490941.77,,,,0
FCSA:DF_TRADE_TOT_CHAP_YR(5.1.0),AE,A,AED,FCSC,ANN_CHAP,IMP,_Z,46,_Z,2021,182855575.20,,,,0
FCSA:DF_TRADE_TOT_CHAP_YR(5.1.0),AE,A,AED,FCSC,ANN_CHAP,IMP,_Z,46,_Z,2022,182674903.31,,,,0
FCSA:DF_TRADE_TOT_CHAP_YR(5.1.0),AE,A,AED,FCSC,ANN_CHAP,IMP,_Z,46,_Z,2023,179904329.82,,,,0
FCSA:DF_TRADE_TOT_CHAP_YR(5.1.0),AE,A,AED,FCSC,ANN_CHAP,IMP,_Z,46,_Z,2024,208684640.63,,,,0
FCSA:DF_TRADE_TOT_CHAP_YR(5.1.0),AE,A,AED,FCSC,ANN_CHAP,IMP,_Z,29,_Z,2017,5679528443.85,,,,0
FCSA:DF_TRADE_TOT_CHAP_YR(5.1.0),AE,A,AED,FCSC,ANN_CHAP,IMP,_Z,29,_Z,2018,6138137986.88,,,,0
FCSA:DF_TRADE_TOT_CHAP_YR(5.1.0),AE,A,AED,FCSC,ANN_CHAP,IMP,_Z,29,_Z,2019,6424942302.05,,,,0
FCSA:DF_TRADE_TOT_CHAP_YR(5.1.0),AE,A,AED,FCSC,ANN_CHAP,IMP,_Z,29,_Z,2020,5366385033.94,,,,0
FCSA:DF_TRADE_TOT_CHAP_YR(5.1.0),AE,A,AED,FCSC,ANN_CHAP,IMP,_Z,29,_Z,2021,8016550968.24,,,,0
FCSA:DF_TRADE_TOT_CHAP_YR(5.1.0),AE,A,AED,FCSC,ANN_CHAP,IMP,_Z,29,_Z,2022,11310473428.58,,,,0
FCSA:DF_TRADE_TOT_CHAP_YR(5.1.0),AE,A,AED,FCSC,ANN_CHAP,IMP,_Z,29,_Z,2023,11425267270.19,,,,0
FCSA:DF_TRADE_TOT_CHAP_YR(5.1.0),AE,A,AED,FCSC,ANN_CHAP,IMP,_Z,29,_Z,2024,9624959605.26,,,,0
FCSA:DF_TRADE_TOT_CHAP_YR(5.1.0),AE,A,AED,FCSC,ANN_CHAP,IMP,_Z,50,_Z,2017,68037625.18,,,,0
FCSA:DF_TRADE_TOT_CHAP_YR(5.1.0),AE,A,AED,FCSC,ANN_CHAP,IMP,_Z,50,_Z,2018,64801921.28,,,,0
FCSA:DF_TRADE_TOT_CHAP_YR(5.1.0),AE,A,AED,FCSC,ANN_CHAP,IMP,_Z,50,_Z,2019,60903819.13,,,,0
FCSA:DF_TRADE_TOT_CHAP_YR(5.1.0),AE,A,AED,FCSC,ANN_CHAP,IMP,_Z,50,_Z,2020,61358358.02,,,,0
FCSA:DF_TRADE_TOT_CHAP_YR(5.1.0),AE,A,AED,FCSC,ANN_CHAP,IMP,_Z,50,_Z,2021,70183634.56,,,,0
FCSA:DF_TRADE_TOT_CHAP_YR(5.1.0),AE,A,AED,FCSC,ANN_CHAP,IMP,_Z,50,_Z,2022,70794353.27,,,,0
FCSA:DF_TRADE_TOT_CHAP_YR(5.1.0),AE,A,AED,FCSC,ANN_CHAP,IMP,_Z,50,_Z,2023,88009382.71,,,,0
FCSA:DF_TRADE_TOT_CHAP_YR(5.1.0),AE,A,AED,FCSC,ANN_CHAP,IMP,_Z,50,_Z,2024,77302598.40,,,,0
FCSA:DF_TRADE_TOT_CHAP_YR(5.1.0),AE,A,AED,FCSC,ANN_CHAP,REEXP,_Z,56,_Z,2017,72775386.47,,,,0
FCSA:DF_TRADE_TOT_CHAP_YR(5.1.0),AE,A,AED,FCSC,ANN_CHAP,REEXP,_Z,56,_Z,2018,111168902.20,,,,0
FCSA:DF_TRADE_TOT_CHAP_YR(5.1.0),AE,A,AED,FCSC,ANN_CHAP,REEXP,_Z,56,_Z,2019,132978450.40,,,,0
FCSA:DF_TRADE_TOT_CHAP_YR(5.1.0),AE,A,AED,FCSC,ANN_CHAP,REEXP,_Z,56,_Z,2020,154570780.16,,,,0
FCSA:DF_TRADE_TOT_CHAP_YR(5.1.0),AE,A,AED,FCSC,ANN_CHAP,REEXP,_Z,56,_Z,2021,138774063.29,,,,0
FCSA:DF_TRADE_TOT_CHAP_YR(5.1.0),AE,A,AED,FCSC,ANN_CHAP,REEXP,_Z,56,_Z,2022,165798884.19,,,,0
FCSA:DF_TRADE_TOT_CHAP_YR(5.1.0),AE,A,AED,FCSC,ANN_CHAP,REEXP,_Z,56,_Z,2023,204371167.79,,,,0
FCSA:DF_TRADE_TOT_CHAP_YR(5.1.0),AE,A,AED,FCSC,ANN_CHAP,REEXP,_Z,56,_Z,2024,230551802.48,,,,0
FCSA:DF_TRADE_TOT_CHAP_YR(5.1.0),AE,A,AED,FCSC,ANN_CHAP,TNOEXP,_Z,9,_Z,2017,1395855855.40,,,,0
FCSA:DF_TRADE_TOT_CHAP_YR(5.1.0),AE,A,AED,FCSC,ANN_CHAP,TNOEXP,_Z,9,_Z,2018,1916170675.84,,,,0
FCSA:DF_TRADE_TOT_CHAP_YR(5.1.0),AE,A,AED,FCSC,ANN_CHAP,TNOEXP,_Z,9,_Z,2019,2257548211.67,,,,0
FCSA:DF_TRADE_TOT_CHAP_YR(5.1.0),AE,A,AED,FCSC,ANN_CHAP,TNOEXP,_Z,9,_Z,2020,2609289657.90,,,,0
FCSA:DF_TRADE_TOT_CHAP_YR(5.1.0),AE,A,AED,FCSC,ANN_CHAP,TNOEXP,_Z,9,_Z,2021,2917331594.91,,,,0
FCSA:DF_TRADE_TOT_CHAP_YR(5.1.0),AE,A,AED,FCSC,ANN_CHAP,TNOEXP,_Z,9,_Z,2022,3711053085.63,,,,0
FCSA:DF_TRADE_TOT_CHAP_YR(5.1.0),AE,A,AED,FCSC,ANN_CHAP,TNOEXP,_Z,9,_Z,2023,4005801562.09,,,,0
FCSA:DF_TRADE_TOT_CHAP_YR(5.1.0),AE,A,AED,FCSC,ANN_CHAP,TNOEXP,_Z,9,_Z,2024,4940898399.52,,,,0
FCSA:DF_TRADE_TOT_CHAP_YR(5.1.0),AE,A,AED,FCSC,ANN_CHAP,TNOEXP,_Z,43,_Z,2017,25553131.54,,,,0
FCSA:DF_TRADE_TOT_CHAP_YR(5.1.0),AE,A,AED,FCSC,ANN_CHAP,TNOEXP,_Z,43,_Z,2018,23228894.72,,,,0
FCSA:DF_TRADE_TOT_CHAP_YR(5.1.0),AE,A,AED,FCSC,ANN_CHAP,TNOEXP,_Z,43,_Z,2019,22018769.87,,,,0
FCSA:DF_TRADE_TOT_CHAP_YR(5.1.0),AE,A,AED,FCSC,ANN_CHAP,TNOEXP,_Z,43,_Z,2020,19161647.56,,,,0
FCSA:DF_TRADE_TOT_CHAP_YR(5.1.0),AE,A,AED,FCSC,ANN_CHAP,TNOEXP,_Z,43,_Z,2021,14903228.14,,,,0
FCSA:DF_TRADE_TOT_CHAP_YR(5.1.0),AE,A,AED,FCSC,ANN_CHAP,TNOEXP,_Z,43,_Z,2022,26392221.24,,,,0
FCSA:DF_TRADE_TOT_CHAP_YR(5.1.0),AE,A,AED,FCSC,ANN_CHAP,TNOEXP,_Z,43,_Z,2023,33700030.38,,,,0
FCSA:DF_TRADE_TOT_CHAP_YR(5.1.0),AE,A,AED,FCSC,ANN_CHAP,TNOEXP,_Z,43,_Z,2024,27209373.67,,,,0
FCSA:DF_TRADE_TOT_CHAP_YR(5.1.0),AE,A,AED,FCSC,ANN_CHAP,TNOEXP,_Z,30,_Z,2017,3282451136.00,,,,0
FCSA:DF_TRADE_TOT_CHAP_YR(5.1.0),AE,A,AED,FCSC,ANN_CHAP,TNOEXP,_Z,30,_Z,2018,4956041193.68,,,,0
FCSA:DF_TRADE_TOT_CHAP_YR(5.1.0),AE,A,AED,FCSC,ANN_CHAP,TNOEXP,_Z,30,_Z,2019,4182939925.00,,,,0
FCSA:DF_TRADE_TOT_CHAP_YR(5.1.0),AE,A,AED,FCSC,ANN_CHAP,TNOEXP,_Z,30,_Z,2020,5662440170.16,,,,0
FCSA:DF_TRADE_TOT_CHAP_YR(5.1.0),AE,A,AED,FCSC,ANN_CHAP,TNOEXP,_Z,30,_Z,2021,8540338244.10,,,,0
FCSA:DF_TRADE_TOT_CHAP_YR(5.1.0),AE,A,AED,FCSC,ANN_CHAP,TNOEXP,_Z,30,_Z,2022,6990652389.75,,,,0
FCSA:DF_TRADE_TOT_CHAP_YR(5.1.0),AE,A,AED,FCSC,ANN_CHAP,TNOEXP,_Z,30,_Z,2023,6877013170.78,,,,0
FCSA:DF_TRADE_TOT_CHAP_YR(5.1.0),AE,A,AED,FCSC,ANN_CHAP,TNOEXP,_Z,30,_Z,2024,7254315199.36,,,,0
FCSA:DF_TRADE_TOT_CHAP_YR(5.1.0),AE,A,AED,FCSC,ANN_CHAP,NOEXP,_Z,16,_Z,2017,621824454.96,,,,0
FCSA:DF_TRADE_TOT_CHAP_YR(5.1.0),AE,A,AED,FCSC,ANN_CHAP,NOEXP,_Z,16,_Z,2018,1021863938.91,,,,0
FCSA:DF_TRADE_TOT_CHAP_YR(5.1.0),AE,A,AED,FCSC,ANN_CHAP,NOEXP,_Z,16,_Z,2019,1333245677.50,,,,0
FCSA:DF_TRADE_TOT_CHAP_YR(5.1.0),AE,A,AED,FCSC,ANN_CHAP,NOEXP,_Z,16,_Z,2020,1416210535.98,,,,0
FCSA:DF_TRADE_TOT_CHAP_YR(5.1.0),AE,A,AED,FCSC,ANN_CHAP,NOEXP,_Z,16,_Z,2021,1512237339.82,,,,0
FCSA:DF_TRADE_TOT_CHAP_YR(5.1.0),AE,A,AED,FCSC,ANN_CHAP,NOEXP,_Z,16,_Z,2022,1678608591.72,,,,0
FCSA:DF_TRADE_TOT_CHAP_YR(5.1.0),AE,A,AED,FCSC,ANN_CHAP,NOEXP,_Z,16,_Z,2023,1767729708.75,,,,0
FCSA:DF_TRADE_TOT_CHAP_YR(5.1.0),AE,A,AED,FCSC,ANN_CHAP,NOEXP,_Z,16,_Z,2024,2210223211.76,,,,0
FCSA:DF_TRADE_TOT_CHAP_YR(5.1.0),AE,A,AED,FCSC,ANN_CHAP,TNOEXP,_Z,15,_Z,2017,1008161836.03,,,,0
FCSA:DF_TRADE_TOT_CHAP_YR(5.1.0),AE,A,AED,FCSC,ANN_CHAP,TNOEXP,_Z,15,_Z,2018,1378809200.00,,,,0
FCSA:DF_TRADE_TOT_CHAP_YR(5.1.0),AE,A,AED,FCSC,ANN_CHAP,TNOEXP,_Z,15,_Z,2019,1718467477.43,,,,0
FCSA:DF_TRADE_TOT_CHAP_YR(5.1.0),AE,A,AED,FCSC,ANN_CHAP,TNOEXP,_Z,15,_Z,2020,2405845732.02,,,,0
FCSA:DF_TRADE_TOT_CHAP_YR(5.1.0),AE,A,AED,FCSC,ANN_CHAP,TNOEXP,_Z,15,_Z,2021,3265630818.98,,,,0
FCSA:DF_TRADE_TOT_CHAP_YR(5.1.0),AE,A,AED,FCSC,ANN_CHAP,TNOEXP,_Z,15,_Z,2022,4423734264.30,,,,0
FCSA:DF_TRADE_TOT_CHAP_YR(5.1.0),AE,A,AED,FCSC,ANN_CHAP,TNOEXP,_Z,15,_Z,2023,3598326205.20,,,,0
FCSA:DF_TRADE_TOT_CHAP_YR(5.1.0),AE,A,AED,FCSC,ANN_CHAP,TNOEXP,_Z,15,_Z,2024,3453123427.48,,,,0
FCSA:DF_TRADE_TOT_CHAP_YR(5.1.0),AE,A,AED,FCSC,ANN_CHAP,TNOEXP,_Z,11,_Z,2017,199539146.16,,,,0
FCSA:DF_TRADE_TOT_CHAP_YR(5.1.0),AE,A,AED,FCSC,ANN_CHAP,TNOEXP,_Z,11,_Z,2018,317575143.36,,,,0
FCSA:DF_TRADE_TOT_CHAP_YR(5.1.0),AE,A,AED,FCSC,ANN_CHAP,TNOEXP,_Z,11,_Z,2019,414865360.10,,,,0
FCSA:DF_TRADE_TOT_CHAP_YR(5.1.0),AE,A,AED,FCSC,ANN_CHAP,TNOEXP,_Z,11,_Z,2020,360460541.67,,,,0
FCSA:DF_TRADE_TOT_CHAP_YR(5.1.0),AE,A,AED,FCSC,ANN_CHAP,TNOEXP,_Z,11,_Z,2021,360709858.20,,,,0
FCSA:DF_TRADE_TOT_CHAP_YR(5.1.0),AE,A,AED,FCSC,ANN_CHAP,TNOEXP,_Z,11,_Z,2022,557719946.97,,,,0
FCSA:DF_TRADE_TOT_CHAP_YR(5.1.0),AE,A,AED,FCSC,ANN_CHAP,TNOEXP,_Z,11,_Z,2023,675163741.87,,,,0
FCSA:DF_TRADE_TOT_CHAP_YR(5.1.0),AE,A,AED,FCSC,ANN_CHAP,TNOEXP,_Z,11,_Z,2024,541539607.92,,,,0
FCSA:DF_TRADE_TOT_CHAP_YR(5.1.0),AE,A,AED,FCSC,ANN_CHAP,REEXP,_Z,90,_Z,2017,7593648595.19,,,,0
FCSA:DF_TRADE_TOT_CHAP_YR(5.1.0),AE,A,AED,FCSC,ANN_CHAP,REEXP,_Z,90,_Z,2018,8049058724.42,,,,0
FCSA:DF_TRADE_TOT_CHAP_YR(5.1.0),AE,A,AED,FCSC,ANN_CHAP,REEXP,_Z,90,_Z,2019,8619476378.96,,,,0
FCSA:DF_TRADE_TOT_CHAP_YR(5.1.0),AE,A,AED,FCSC,ANN_CHAP,REEXP,_Z,90,_Z,2020,6571726049.63,,,,0
FCSA:DF_TRADE_TOT_CHAP_YR(5.1.0),AE,A,AED,FCSC,ANN_CHAP,REEXP,_Z,90,_Z,2021,6788894829.60,,,,0
FCSA:DF_TRADE_TOT_CHAP_YR(5.1.0),AE,A,AED,FCSC,ANN_CHAP,REEXP,_Z,90,_Z,2022,8560669342.29,,,,0
FCSA:DF_TRADE_TOT_CHAP_YR(5.1.0),AE,A,AED,FCSC,ANN_CHAP,REEXP,_Z,90,_Z,2023,10218394865.27,,,,0
FCSA:DF_TRADE_TOT_CHAP_YR(5.1.0),AE,A,AED,FCSC,ANN_CHAP,REEXP,_Z,90,_Z,2024,11262001225.14,,,,0
FCSA:DF_TRADE_TOT_CHAP_YR(5.1.0),AE,A,AED,FCSC,ANN_CHAP,TNOEXP,_Z,26,_Z,2017,149525621.43,,,,0
FCSA:DF_TRADE_TOT_CHAP_YR(5.1.0),AE,A,AED,FCSC,ANN_CHAP,TNOEXP,_Z,26,_Z,2018,117246125.44,,,,0
FCSA:DF_TRADE_TOT_CHAP_YR(5.1.0),AE,A,AED,FCSC,ANN_CHAP,TNOEXP,_Z,26,_Z,2019,140338285.98,,,,0
FCSA:DF_TRADE_TOT_CHAP_YR(5.1.0),AE,A,AED,FCSC,ANN_CHAP,TNOEXP,_Z,26,_Z,2020,114835327.47,,,,0
FCSA:DF_TRADE_TOT_CHAP_YR(5.1.0),AE,A,AED,FCSC,ANN_CHAP,TNOEXP,_Z,26,_Z,2021,257931952.34,,,,0
FCSA:DF_TRADE_TOT_CHAP_YR(5.1.0),AE,A,AED,FCSC,ANN_CHAP,TNOEXP,_Z,26,_Z,2022,216969727.29,,,,0
FCSA:DF_TRADE_TOT_CHAP_YR(5.1.0),AE,A,AED,FCSC,ANN_CHAP,TNOEXP,_Z,26,_Z,2023,289132337.69,,,,0
FCSA:DF_TRADE_TOT_CHAP_YR(5.1.0),AE,A,AED,FCSC,ANN_CHAP,TNOEXP,_Z,26,_Z,2024,276068599.15,,,,0
FCSA:DF_TRADE_TOT_CHAP_YR(5.1.0),AE,A,AED,FCSC,ANN_CHAP,IMP,_Z,61,_Z,2017,10175667898.32,,,,0
FCSA:DF_TRADE_TOT_CHAP_YR(5.1.0),AE,A,AED,FCSC,ANN_CHAP,IMP,_Z,61,_Z,2018,8929052893.01,,,,0
FCSA:DF_TRADE_TOT_CHAP_YR(5.1.0),AE,A,AED,FCSC,ANN_CHAP,IMP,_Z,61,_Z,2019,8609531787.57,,,,0
FCSA:DF_TRADE_TOT_CHAP_YR(5.1.0),AE,A,AED,FCSC,ANN_CHAP,IMP,_Z,61,_Z,2020,6862420254.37,,,,0
FCSA:DF_TRADE_TOT_CHAP_YR(5.1.0),AE,A,AED,FCSC,ANN_CHAP,IMP,_Z,61,_Z,2021,9989919999.31,,,,0
FCSA:DF_TRADE_TOT_CHAP_YR(5.1.0),AE,A,AED,FCSC,ANN_CHAP,IMP,_Z,61,_Z,2022,12403095300.81,,,,0
FCSA:DF_TRADE_TOT_CHAP_YR(5.1.0),AE,A,AED,FCSC,ANN_CHAP,IMP,_Z,61,_Z,2023,12710565427.13,,,,0
FCSA:DF_TRADE_TOT_CHAP_YR(5.1.0),AE,A,AED,FCSC,ANN_CHAP,IMP,_Z,61,_Z,2024,13281676091.77,,,,0
FCSA:DF_TRADE_TOT_CHAP_YR(5.1.0),AE,A,AED,FCSC,ANN_CHAP,TTRADE,_Z,21,_Z,2017,5177828100.42,,,,0
FCSA:DF_TRADE_TOT_CHAP_YR(5.1.0),AE,A,AED,FCSC,ANN_CHAP,TTRADE,_Z,21,_Z,2018,5799463148.68,,,,0
FCSA:DF_TRADE_TOT_CHAP_YR(5.1.0),AE,A,AED,FCSC,ANN_CHAP,TTRADE,_Z,21,_Z,2019,5768030125.53,,,,0
FCSA:DF_TRADE_TOT_CHAP_YR(5.1.0),AE,A,AED,FCSC,ANN_CHAP,TTRADE,_Z,21,_Z,2020,6186624450.58,,,,0
FCSA:DF_TRADE_TOT_CHAP_YR(5.1.0),AE,A,AED,FCSC,ANN_CHAP,TTRADE,_Z,21,_Z,2021,6731968530.25,,,,0
FCSA:DF_TRADE_TOT_CHAP_YR(5.1.0),AE,A,AED,FCSC,ANN_CHAP,TTRADE,_Z,21,_Z,2022,8032053982.96,,,,0
FCSA:DF_TRADE_TOT_CHAP_YR(5.1.0),AE,A,AED,FCSC,ANN_CHAP,TTRADE,_Z,21,_Z,2023,9029666784.19,,,,0
FCSA:DF_TRADE_TOT_CHAP_YR(5.1.0),AE,A,AED,FCSC,ANN_CHAP,TTRADE,_Z,21,_Z,2024,10041497830.55,,,,0
FCSA:DF_TRADE_TOT_CHAP_YR(5.1.0),AE,A,AED,FCSC,ANN_CHAP,IMP,_Z,10,_Z,2017,4777287203.30,,,,0
FCSA:DF_TRADE_TOT_CHAP_YR(5.1.0),AE,A,AED,FCSC,ANN_CHAP,IMP,_Z,10,_Z,2018,4616841423.15,,,,0
FCSA:DF_TRADE_TOT_CHAP_YR(5.1.0),AE,A,AED,FCSC,ANN_CHAP,IMP,_Z,10,_Z,2019,3967318560.82,,,,0
FCSA:DF_TRADE_TOT_CHAP_YR(5.1.0),AE,A,AED,FCSC,ANN_CHAP,IMP,_Z,10,_Z,2020,4367617505.90,,,,0
FCSA:DF_TRADE_TOT_CHAP_YR(5.1.0),AE,A,AED,FCSC,ANN_CHAP,IMP,_Z,10,_Z,2021,4360188087.71,,,,0
FCSA:DF_TRADE_TOT_CHAP_YR(5.1.0),AE,A,AED,FCSC,ANN_CHAP,IMP,_Z,10,_Z,2022,5896835107.45,,,,0
FCSA:DF_TRADE_TOT_CHAP_YR(5.1.0),AE,A,AED,FCSC,ANN_CHAP,IMP,_Z,10,_Z,2023,5659645326.75,,,,0
FCSA:DF_TRADE_TOT_CHAP_YR(5.1.0),AE,A,AED,FCSC,ANN_CHAP,IMP,_Z,10,_Z,2024,5404498397.98,,,,0
FCSA:DF_TRADE_TOT_CHAP_YR(5.1.0),AE,A,AED,FCSC,ANN_CHAP,REEXP,_Z,3,_Z,2017,76681932.25,,,,0
FCSA:DF_TRADE_TOT_CHAP_YR(5.1.0),AE,A,AED,FCSC,ANN_CHAP,REEXP,_Z,3,_Z,2018,166627318.99,,,,0
FCSA:DF_TRADE_TOT_CHAP_YR(5.1.0),AE,A,AED,FCSC,ANN_CHAP,REEXP,_Z,3,_Z,2019,230324283.63,,,,0
FCSA:DF_TRADE_TOT_CHAP_YR(5.1.0),AE,A,AED,FCSC,ANN_CHAP,REEXP,_Z,3,_Z,2020,161038675.30,,,,0
FCSA:DF_TRADE_TOT_CHAP_YR(5.1.0),AE,A,AED,FCSC,ANN_CHAP,REEXP,_Z,3,_Z,2021,155790647.33,,,,0
FCSA:DF_TRADE_TOT_CHAP_YR(5.1.0),AE,A,AED,FCSC,ANN_CHAP,REEXP,_Z,3,_Z,2022,165780589.18,,,,0
FCSA:DF_TRADE_TOT_CHAP_YR(5.1.0),AE,A,AED,FCSC,ANN_CHAP,REEXP,_Z,3,_Z,2023,219702701.45,,,,0
FCSA:DF_TRADE_TOT_CHAP_YR(5.1.0),AE,A,AED,FCSC,ANN_CHAP,REEXP,_Z,3,_Z,2024,196116080.07,,,,0
FCSA:DF_TRADE_TOT_CHAP_YR(5.1.0),AE,A,AED,FCSC,ANN_CHAP,IMP,_Z,1,_Z,2017,718274329.97,,,,0
FCSA:DF_TRADE_TOT_CHAP_YR(5.1.0),AE,A,AED,FCSC,ANN_CHAP,IMP,_Z,1,_Z,2018,422194881.70,,,,0
FCSA:DF_TRADE_TOT_CHAP_YR(5.1.0),AE,A,AED,FCSC,ANN_CHAP,IMP,_Z,1,_Z,2019,423881495.66,,,,0
FCSA:DF_TRADE_TOT_CHAP_YR(5.1.0),AE,A,AED,FCSC,ANN_CHAP,IMP,_Z,1,_Z,2020,401351669.83,,,,0
FCSA:DF_TRADE_TOT_CHAP_YR(5.1.0),AE,A,AED,FCSC,ANN_CHAP,IMP,_Z,1,_Z,2021,455841441.83,,,,0
FCSA:DF_TRADE_TOT_CHAP_YR(5.1.0),AE,A,AED,FCSC,ANN_CHAP,IMP,_Z,1,_Z,2022,452719339.87,,,,0
FCSA:DF_TRADE_TOT_CHAP_YR(5.1.0),AE,A,AED,FCSC,ANN_CHAP,IMP,_Z,1,_Z,2023,447437305.69,,,,0
FCSA:DF_TRADE_TOT_CHAP_YR(5.1.0),AE,A,AED,FCSC,ANN_CHAP,IMP,_Z,1,_Z,2024,564928725.95,,,,0
FCSA:DF_TRADE_TOT_CHAP_YR(5.1.0),AE,A,AED,FCSC,ANN_CHAP,REEXP,_Z,71,_Z,2017,102054679149.14,,,,0
FCSA:DF_TRADE_TOT_CHAP_YR(5.1.0),AE,A,AED,FCSC,ANN_CHAP,REEXP,_Z,71,_Z,2018,104637233487.91,,,,0
FCSA:DF_TRADE_TOT_CHAP_YR(5.1.0),AE,A,AED,FCSC,ANN_CHAP,REEXP,_Z,71,_Z,2019,99586182651.14,,,,0
FCSA:DF_TRADE_TOT_CHAP_YR(5.1.0),AE,A,AED,FCSC,ANN_CHAP,REEXP,_Z,71,_Z,2020,53340928974.22,,,,0
FCSA:DF_TRADE_TOT_CHAP_YR(5.1.0),AE,A,AED,FCSC,ANN_CHAP,REEXP,_Z,71,_Z,2021,92186158391.42,,,,0
FCSA:DF_TRADE_TOT_CHAP_YR(5.1.0),AE,A,AED,FCSC,ANN_CHAP,REEXP,_Z,71,_Z,2022,116612295371.08,,,,0
FCSA:DF_TRADE_TOT_CHAP_YR(5.1.0),AE,A,AED,FCSC,ANN_CHAP,REEXP,_Z,71,_Z,2023,130198783380.25,,,,0
FCSA:DF_TRADE_TOT_CHAP_YR(5.1.0),AE,A,AED,FCSC,ANN_CHAP,REEXP,_Z,71,_Z,2024,116389379181.58,,,,0
FCSA:DF_TRADE_TOT_CHAP_YR(5.1.0),AE,A,AED,FCSC,ANN_CHAP,TTRADE,_Z,38,_Z,2017,6504954406.11,,,,0
FCSA:DF_TRADE_TOT_CHAP_YR(5.1.0),AE,A,AED,FCSC,ANN_CHAP,TTRADE,_Z,38,_Z,2018,7591806165.02,,,,0
FCSA:DF_TRADE_TOT_CHAP_YR(5.1.0),AE,A,AED,FCSC,ANN_CHAP,TTRADE,_Z,38,_Z,2019,8273082569.20,,,,0
FCSA:DF_TRADE_TOT_CHAP_YR(5.1.0),AE,A,AED,FCSC,ANN_CHAP,TTRADE,_Z,38,_Z,2020,9265598843.95,,,,0
FCSA:DF_TRADE_TOT_CHAP_YR(5.1.0),AE,A,AED,FCSC,ANN_CHAP,TTRADE,_Z,38,_Z,2021,9355940511.70,,,,0
FCSA:DF_TRADE_TOT_CHAP_YR(5.1.0),AE,A,AED,FCSC,ANN_CHAP,TTRADE,_Z,38,_Z,2022,12253898950.53,,,,0
FCSA:DF_TRADE_TOT_CHAP_YR(5.1.0),AE,A,AED,FCSC,ANN_CHAP,TTRADE,_Z,38,_Z,2023,14380962290.63,,,,0
FCSA:DF_TRADE_TOT_CHAP_YR(5.1.0),AE,A,AED,FCSC,ANN_CHAP,TTRADE,_Z,38,_Z,2024,14057981196.11,,,,0
FCSA:DF_TRADE_TOT_CHAP_YR(5.1.0),AE,A,AED,FCSC,ANN_CHAP,REEXP,_Z,37,_Z,2017,647121344.34,,,,0
FCSA:DF_TRADE_TOT_CHAP_YR(5.1.0),AE,A,AED,FCSC,ANN_CHAP,REEXP,_Z,37,_Z,2018,534454925.98,,,,0
FCSA:DF_TRADE_TOT_CHAP_YR(5.1.0),AE,A,AED,FCSC,ANN_CHAP,REEXP,_Z,37,_Z,2019,398314659.70,,,,0
FCSA:DF_TRADE_TOT_CHAP_YR(5.1.0),AE,A,AED,FCSC,ANN_CHAP,REEXP,_Z,37,_Z,2020,252668413.78,,,,0
FCSA:DF_TRADE_TOT_CHAP_YR(5.1.0),AE,A,AED,FCSC,ANN_CHAP,REEXP,_Z,37,_Z,2021,295935977.31,,,,0
FCSA:DF_TRADE_TOT_CHAP_YR(5.1.0),AE,A,AED,FCSC,ANN_CHAP,REEXP,_Z,37,_Z,2022,274238155.70,,,,0
FCSA:DF_TRADE_TOT_CHAP_YR(5.1.0),AE,A,AED,FCSC,ANN_CHAP,REEXP,_Z,37,_Z,2023,352122349.63,,,,0
FCSA:DF_TRADE_TOT_CHAP_YR(5.1.0),AE,A,AED,FCSC,ANN_CHAP,REEXP,_Z,37,_Z,2024,384901998.36,,,,0
FCSA:DF_TRADE_TOT_CHAP_YR(5.1.0),AE,A,AED,FCSC,ANN_CHAP,NOEXP,_Z,58,_Z,2017,23225202.74,,,,0
FCSA:DF_TRADE_TOT_CHAP_YR(5.1.0),AE,A,AED,FCSC,ANN_CHAP,NOEXP,_Z,58,_Z,2018,24190294.63,,,,0
FCSA:DF_TRADE_TOT_CHAP_YR(5.1.0),AE,A,AED,FCSC,ANN_CHAP,NOEXP,_Z,58,_Z,2019,24607391.21,,,,0
FCSA:DF_TRADE_TOT_CHAP_YR(5.1.0),AE,A,AED,FCSC,ANN_CHAP,NOEXP,_Z,58,_Z,2020,22069741.06,,,,0
FCSA:DF_TRADE_TOT_CHAP_YR(5.1.0),AE,A,AED,FCSC,ANN_CHAP,NOEXP,_Z,58,_Z,2021,24059564.88,,,,0
FCSA:DF_TRADE_TOT_CHAP_YR(5.1.0),AE,A,AED,FCSC,ANN_CHAP,NOEXP,_Z,58,_Z,2022,19710747.48,,,,0
FCSA:DF_TRADE_TOT_CHAP_YR(5.1.0),AE,A,AED,FCSC,ANN_CHAP,NOEXP,_Z,58,_Z,2023,14961943.21,,,,0
FCSA:DF_TRADE_TOT_CHAP_YR(5.1.0),AE,A,AED,FCSC,ANN_CHAP,NOEXP,_Z,58,_Z,2024,17655807.50,,,,0
FCSA:DF_TRADE_TOT_CHAP_YR(5.1.0),AE,A,AED,FCSC,ANN_CHAP,NOEXP,_Z,7,_Z,2017,146985807.49,,,,0
FCSA:DF_TRADE_TOT_CHAP_YR(5.1.0),AE,A,AED,FCSC,ANN_CHAP,NOEXP,_Z,7,_Z,2018,407421082.00,,,,0
FCSA:DF_TRADE_TOT_CHAP_YR(5.1.0),AE,A,AED,FCSC,ANN_CHAP,NOEXP,_Z,7,_Z,2019,591843724.47,,,,0
FCSA:DF_TRADE_TOT_CHAP_YR(5.1.0),AE,A,AED,FCSC,ANN_CHAP,NOEXP,_Z,7,_Z,2020,750765898.80,,,,0
FCSA:DF_TRADE_TOT_CHAP_YR(5.1.0),AE,A,AED,FCSC,ANN_CHAP,NOEXP,_Z,7,_Z,2021,899434659.36,,,,0
FCSA:DF_TRADE_TOT_CHAP_YR(5.1.0),AE,A,AED,FCSC,ANN_CHAP,NOEXP,_Z,7,_Z,2022,1135907623.97,,,,0
FCSA:DF_TRADE_TOT_CHAP_YR(5.1.0),AE,A,AED,FCSC,ANN_CHAP,NOEXP,_Z,7,_Z,2023,1142741058.31,,,,0
FCSA:DF_TRADE_TOT_CHAP_YR(5.1.0),AE,A,AED,FCSC,ANN_CHAP,NOEXP,_Z,7,_Z,2024,1188819541.97,,,,0
FCSA:DF_TRADE_TOT_CHAP_YR(5.1.0),AE,A,AED,FCSC,ANN_CHAP,NOEXP,_Z,75,_Z,2017,43393974.96,,,,0
FCSA:DF_TRADE_TOT_CHAP_YR(5.1.0),AE,A,AED,FCSC,ANN_CHAP,NOEXP,_Z,75,_Z,2018,80583254.49,,,,0
FCSA:DF_TRADE_TOT_CHAP_YR(5.1.0),AE,A,AED,FCSC,ANN_CHAP,NOEXP,_Z,75,_Z,2019,1144948574.11,,,,0
FCSA:DF_TRADE_TOT_CHAP_YR(5.1.0),AE,A,AED,FCSC,ANN_CHAP,NOEXP,_Z,75,_Z,2020,2271421117.23,,,,0
FCSA:DF_TRADE_TOT_CHAP_YR(5.1.0),AE,A,AED,FCSC,ANN_CHAP,NOEXP,_Z,75,_Z,2021,4958799181.57,,,,0
FCSA:DF_TRADE_TOT_CHAP_YR(5.1.0),AE,A,AED,FCSC,ANN_CHAP,NOEXP,_Z,75,_Z,2022,4713972338.17,,,,0
FCSA:DF_TRADE_TOT_CHAP_YR(5.1.0),AE,A,AED,FCSC,ANN_CHAP,NOEXP,_Z,75,_Z,2023,280809803.72,,,,0
FCSA:DF_TRADE_TOT_CHAP_YR(5.1.0),AE,A,AED,FCSC,ANN_CHAP,NOEXP,_Z,75,_Z,2024,248853515.14,,,,0
FCSA:DF_TRADE_TOT_CHAP_YR(5.1.0),AE,A,AED,FCSC,ANN_CHAP,TNOEXP,_Z,90,_Z,2017,7962489920.91,,,,0
FCSA:DF_TRADE_TOT_CHAP_YR(5.1.0),AE,A,AED,FCSC,ANN_CHAP,TNOEXP,_Z,90,_Z,2018,8445399918.27,,,,0
FCSA:DF_TRADE_TOT_CHAP_YR(5.1.0),AE,A,AED,FCSC,ANN_CHAP,TNOEXP,_Z,90,_Z,2019,8899896983.19,,,,0
FCSA:DF_TRADE_TOT_CHAP_YR(5.1.0),AE,A,AED,FCSC,ANN_CHAP,TNOEXP,_Z,90,_Z,2020,7060168105.33,,,,0
FCSA:DF_TRADE_TOT_CHAP_YR(5.1.0),AE,A,AED,FCSC,ANN_CHAP,TNOEXP,_Z,90,_Z,2021,7546996536.32,,,,0
FCSA:DF_TRADE_TOT_CHAP_YR(5.1.0),AE,A,AED,FCSC,ANN_CHAP,TNOEXP,_Z,90,_Z,2022,9273561573.89,,,,0
FCSA:DF_TRADE_TOT_CHAP_YR(5.1.0),AE,A,AED,FCSC,ANN_CHAP,TNOEXP,_Z,90,_Z,2023,10946862590.57,,,,0
FCSA:DF_TRADE_TOT_CHAP_YR(5.1.0),AE,A,AED,FCSC,ANN_CHAP,TNOEXP,_Z,90,_Z,2024,12293068402.52,,,,0
FCSA:DF_TRADE_TOT_CHAP_YR(5.1.0),AE,A,AED,FCSC,ANN_CHAP,REEXP,_Z,98,_Z,2017,202202567.00,,,,0
FCSA:DF_TRADE_TOT_CHAP_YR(5.1.0),AE,A,AED,FCSC,ANN_CHAP,REEXP,_Z,98,_Z,2018,217249033.03,,,,0
FCSA:DF_TRADE_TOT_CHAP_YR(5.1.0),AE,A,AED,FCSC,ANN_CHAP,REEXP,_Z,98,_Z,2019,199703536.46,,,,0
FCSA:DF_TRADE_TOT_CHAP_YR(5.1.0),AE,A,AED,FCSC,ANN_CHAP,REEXP,_Z,98,_Z,2020,98595760.40,,,,0
FCSA:DF_TRADE_TOT_CHAP_YR(5.1.0),AE,A,AED,FCSC,ANN_CHAP,REEXP,_Z,98,_Z,2021,92899531.80,,,,0
FCSA:DF_TRADE_TOT_CHAP_YR(5.1.0),AE,A,AED,FCSC,ANN_CHAP,REEXP,_Z,98,_Z,2022,138994241.00,,,,0
FCSA:DF_TRADE_TOT_CHAP_YR(5.1.0),AE,A,AED,FCSC,ANN_CHAP,REEXP,_Z,98,_Z,2023,122600150.00,,,,0
FCSA:DF_TRADE_TOT_CHAP_YR(5.1.0),AE,A,AED,FCSC,ANN_CHAP,REEXP,_Z,98,_Z,2024,127390798.73,,,,0
FCSA:DF_TRADE_TOT_CHAP_YR(5.1.0),AE,A,AED,FCSC,ANN_CHAP,NOEXP,_Z,63,_Z,2017,143881563.00,,,,0
FCSA:DF_TRADE_TOT_CHAP_YR(5.1.0),AE,A,AED,FCSC,ANN_CHAP,NOEXP,_Z,63,_Z,2018,177866286.05,,,,0
FCSA:DF_TRADE_TOT_CHAP_YR(5.1.0),AE,A,AED,FCSC,ANN_CHAP,NOEXP,_Z,63,_Z,2019,202662489.43,,,,0
FCSA:DF_TRADE_TOT_CHAP_YR(5.1.0),AE,A,AED,FCSC,ANN_CHAP,NOEXP,_Z,63,_Z,2020,210909998.19,,,,0
FCSA:DF_TRADE_TOT_CHAP_YR(5.1.0),AE,A,AED,FCSC,ANN_CHAP,NOEXP,_Z,63,_Z,2021,222415047.18,,,,0
FCSA:DF_TRADE_TOT_CHAP_YR(5.1.0),AE,A,AED,FCSC,ANN_CHAP,NOEXP,_Z,63,_Z,2022,236552584.02,,,,0
FCSA:DF_TRADE_TOT_CHAP_YR(5.1.0),AE,A,AED,FCSC,ANN_CHAP,NOEXP,_Z,63,_Z,2023,225009187.04,,,,0
FCSA:DF_TRADE_TOT_CHAP_YR(5.1.0),AE,A,AED,FCSC,ANN_CHAP,NOEXP,_Z,63,_Z,2024,222208030.35,,,,0
FCSA:DF_TRADE_TOT_CHAP_YR(5.1.0),AE,A,AED,FCSC,ANN_CHAP,IMP,_Z,97,_Z,2017,2262328002.71,,,,0
FCSA:DF_TRADE_TOT_CHAP_YR(5.1.0),AE,A,AED,FCSC,ANN_CHAP,IMP,_Z,97,_Z,2018,4594643184.08,,,,0
FCSA:DF_TRADE_TOT_CHAP_YR(5.1.0),AE,A,AED,FCSC,ANN_CHAP,IMP,_Z,97,_Z,2019,7292926515.33,,,,0
FCSA:DF_TRADE_TOT_CHAP_YR(5.1.0),AE,A,AED,FCSC,ANN_CHAP,IMP,_Z,97,_Z,2020,1793925583.37,,,,0
FCSA:DF_TRADE_TOT_CHAP_YR(5.1.0),AE,A,AED,FCSC,ANN_CHAP,IMP,_Z,97,_Z,2021,3407328573.12,,,,0
FCSA:DF_TRADE_TOT_CHAP_YR(5.1.0),AE,A,AED,FCSC,ANN_CHAP,IMP,_Z,97,_Z,2022,1054238711.83,,,,0
FCSA:DF_TRADE_TOT_CHAP_YR(5.1.0),AE,A,AED,FCSC,ANN_CHAP,IMP,_Z,97,_Z,2023,3632537074.99,,,,0
FCSA:DF_TRADE_TOT_CHAP_YR(5.1.0),AE,A,AED,FCSC,ANN_CHAP,IMP,_Z,97,_Z,2024,2446683288.79,,,,0
FCSA:DF_TRADE_TOT_CHAP_YR(5.1.0),AE,A,AED,FCSC,ANN_CHAP,TNOEXP,_Z,64,_Z,2017,3073111802.35,,,,0
FCSA:DF_TRADE_TOT_CHAP_YR(5.1.0),AE,A,AED,FCSC,ANN_CHAP,TNOEXP,_Z,64,_Z,2018,3373537785.25,,,,0
FCSA:DF_TRADE_TOT_CHAP_YR(5.1.0),AE,A,AED,FCSC,ANN_CHAP,TNOEXP,_Z,64,_Z,2019,3768237914.30,,,,0
FCSA:DF_TRADE_TOT_CHAP_YR(5.1.0),AE,A,AED,FCSC,ANN_CHAP,TNOEXP,_Z,64,_Z,2020,3120504127.43,,,,0
FCSA:DF_TRADE_TOT_CHAP_YR(5.1.0),AE,A,AED,FCSC,ANN_CHAP,TNOEXP,_Z,64,_Z,2021,4283264198.90,,,,0
FCSA:DF_TRADE_TOT_CHAP_YR(5.1.0),AE,A,AED,FCSC,ANN_CHAP,TNOEXP,_Z,64,_Z,2022,5338674598.19,,,,0
FCSA:DF_TRADE_TOT_CHAP_YR(5.1.0),AE,A,AED,FCSC,ANN_CHAP,TNOEXP,_Z,64,_Z,2023,6400547984.32,,,,0
FCSA:DF_TRADE_TOT_CHAP_YR(5.1.0),AE,A,AED,FCSC,ANN_CHAP,TNOEXP,_Z,64,_Z,2024,7025222796.20,,,,0
FCSA:DF_TRADE_TOT_CHAP_YR(5.1.0),AE,A,AED,FCSC,ANN_CHAP,TNOEXP,_Z,94,_Z,2017,2927219228.73,,,,0
FCSA:DF_TRADE_TOT_CHAP_YR(5.1.0),AE,A,AED,FCSC,ANN_CHAP,TNOEXP,_Z,94,_Z,2018,3485107116.19,,,,0
FCSA:DF_TRADE_TOT_CHAP_YR(5.1.0),AE,A,AED,FCSC,ANN_CHAP,TNOEXP,_Z,94,_Z,2019,3493877544.37,,,,0
FCSA:DF_TRADE_TOT_CHAP_YR(5.1.0),AE,A,AED,FCSC,ANN_CHAP,TNOEXP,_Z,94,_Z,2020,3331807983.10,,,,0
FCSA:DF_TRADE_TOT_CHAP_YR(5.1.0),AE,A,AED,FCSC,ANN_CHAP,TNOEXP,_Z,94,_Z,2021,5067106025.54,,,,0
FCSA:DF_TRADE_TOT_CHAP_YR(5.1.0),AE,A,AED,FCSC,ANN_CHAP,TNOEXP,_Z,94,_Z,2022,5824362075.43,,,,0
FCSA:DF_TRADE_TOT_CHAP_YR(5.1.0),AE,A,AED,FCSC,ANN_CHAP,TNOEXP,_Z,94,_Z,2023,6520430122.48,,,,0
FCSA:DF_TRADE_TOT_CHAP_YR(5.1.0),AE,A,AED,FCSC,ANN_CHAP,TNOEXP,_Z,94,_Z,2024,5567258735.87,,,,0
FCSA:DF_TRADE_TOT_CHAP_YR(5.1.0),AE,A,AED,FCSC,ANN_CHAP,NOEXP,_Z,50,_Z,2017,1858463.49,,,,0
FCSA:DF_TRADE_TOT_CHAP_YR(5.1.0),AE,A,AED,FCSC,ANN_CHAP,NOEXP,_Z,50,_Z,2018,909096.42,,,,0
FCSA:DF_TRADE_TOT_CHAP_YR(5.1.0),AE,A,AED,FCSC,ANN_CHAP,NOEXP,_Z,50,_Z,2019,918225.88,,,,0
FCSA:DF_TRADE_TOT_CHAP_YR(5.1.0),AE,A,AED,FCSC,ANN_CHAP,NOEXP,_Z,50,_Z,2020,633032.86,,,,0
FCSA:DF_TRADE_TOT_CHAP_YR(5.1.0),AE,A,AED,FCSC,ANN_CHAP,NOEXP,_Z,50,_Z,2021,472216.31,,,,0
FCSA:DF_TRADE_TOT_CHAP_YR(5.1.0),AE,A,AED,FCSC,ANN_CHAP,NOEXP,_Z,50,_Z,2022,532243.75,,,,0
FCSA:DF_TRADE_TOT_CHAP_YR(5.1.0),AE,A,AED,FCSC,ANN_CHAP,NOEXP,_Z,50,_Z,2023,364791.45,,,,0
FCSA:DF_TRADE_TOT_CHAP_YR(5.1.0),AE,A,AED,FCSC,ANN_CHAP,NOEXP,_Z,50,_Z,2024,306840.54,,,,0
FCSA:DF_TRADE_TOT_CHAP_YR(5.1.0),AE,A,AED,FCSC,ANN_CHAP,NOEXP,_Z,37,_Z,2017,4006085.52,,,,0
FCSA:DF_TRADE_TOT_CHAP_YR(5.1.0),AE,A,AED,FCSC,ANN_CHAP,NOEXP,_Z,37,_Z,2018,5917725.35,,,,0
FCSA:DF_TRADE_TOT_CHAP_YR(5.1.0),AE,A,AED,FCSC,ANN_CHAP,NOEXP,_Z,37,_Z,2019,7690525.68,,,,0
FCSA:DF_TRADE_TOT_CHAP_YR(5.1.0),AE,A,AED,FCSC,ANN_CHAP,NOEXP,_Z,37,_Z,2020,7474130.87,,,,0
FCSA:DF_TRADE_TOT_CHAP_YR(5.1.0),AE,A,AED,FCSC,ANN_CHAP,NOEXP,_Z,37,_Z,2021,8713552.90,,,,0
FCSA:DF_TRADE_TOT_CHAP_YR(5.1.0),AE,A,AED,FCSC,ANN_CHAP,NOEXP,_Z,37,_Z,2022,6940050.27,,,,0
FCSA:DF_TRADE_TOT_CHAP_YR(5.1.0),AE,A,AED,FCSC,ANN_CHAP,NOEXP,_Z,37,_Z,2023,7750532.42,,,,0
FCSA:DF_TRADE_TOT_CHAP_YR(5.1.0),AE,A,AED,FCSC,ANN_CHAP,NOEXP,_Z,37,_Z,2024,7543408.83,,,,0
FCSA:DF_TRADE_TOT_CHAP_YR(5.1.0),AE,A,AED,FCSC,ANN_CHAP,TNOEXP,_Z,51,_Z,2017,33244333.54,,,,0
FCSA:DF_TRADE_TOT_CHAP_YR(5.1.0),AE,A,AED,FCSC,ANN_CHAP,TNOEXP,_Z,51,_Z,2018,52818701.42,,,,0
FCSA:DF_TRADE_TOT_CHAP_YR(5.1.0),AE,A,AED,FCSC,ANN_CHAP,TNOEXP,_Z,51,_Z,2019,87624664.76,,,,0
FCSA:DF_TRADE_TOT_CHAP_YR(5.1.0),AE,A,AED,FCSC,ANN_CHAP,TNOEXP,_Z,51,_Z,2020,47972099.27,,,,0
FCSA:DF_TRADE_TOT_CHAP_YR(5.1.0),AE,A,AED,FCSC,ANN_CHAP,TNOEXP,_Z,51,_Z,2021,54825681.23,,,,0
FCSA:DF_TRADE_TOT_CHAP_YR(5.1.0),AE,A,AED,FCSC,ANN_CHAP,TNOEXP,_Z,51,_Z,2022,62304088.00,,,,0
FCSA:DF_TRADE_TOT_CHAP_YR(5.1.0),AE,A,AED,FCSC,ANN_CHAP,TNOEXP,_Z,51,_Z,2023,50516110.57,,,,0
FCSA:DF_TRADE_TOT_CHAP_YR(5.1.0),AE,A,AED,FCSC,ANN_CHAP,TNOEXP,_Z,51,_Z,2024,55972712.85,,,,0
FCSA:DF_TRADE_TOT_CHAP_YR(5.1.0),AE,A,AED,FCSC,ANN_CHAP,NOEXP,_Z,71,_Z,2017,68712440804.62,,,,0
FCSA:DF_TRADE_TOT_CHAP_YR(5.1.0),AE,A,AED,FCSC,ANN_CHAP,NOEXP,_Z,71,_Z,2018,63846783974.45,,,,0
FCSA:DF_TRADE_TOT_CHAP_YR(5.1.0),AE,A,AED,FCSC,ANN_CHAP,NOEXP,_Z,71,_Z,2019,76073103182.86,,,,0
FCSA:DF_TRADE_TOT_CHAP_YR(5.1.0),AE,A,AED,FCSC,ANN_CHAP,NOEXP,_Z,71,_Z,2020,111833545268.86,,,,0
FCSA:DF_TRADE_TOT_CHAP_YR(5.1.0),AE,A,AED,FCSC,ANN_CHAP,NOEXP,_Z,71,_Z,2021,133311936559.58,,,,0
FCSA:DF_TRADE_TOT_CHAP_YR(5.1.0),AE,A,AED,FCSC,ANN_CHAP,NOEXP,_Z,71,_Z,2022,145840535430.02,,,,0
FCSA:DF_TRADE_TOT_CHAP_YR(5.1.0),AE,A,AED,FCSC,ANN_CHAP,NOEXP,_Z,71,_Z,2023,201077717898.69,,,,0
FCSA:DF_TRADE_TOT_CHAP_YR(5.1.0),AE,A,AED,FCSC,ANN_CHAP,NOEXP,_Z,71,_Z,2024,311060924791.26,,,,0
FCSA:DF_TRADE_TOT_CHAP_YR(5.1.0),AE,A,AED,FCSC,ANN_CHAP,NOEXP,_Z,41,_Z,2017,12710204.44,,,,0
FCSA:DF_TRADE_TOT_CHAP_YR(5.1.0),AE,A,AED,FCSC,ANN_CHAP,NOEXP,_Z,41,_Z,2018,15173544.74,,,,0
FCSA:DF_TRADE_TOT_CHAP_YR(5.1.0),AE,A,AED,FCSC,ANN_CHAP,NOEXP,_Z,41,_Z,2019,31877985.39,,,,0
FCSA:DF_TRADE_TOT_CHAP_YR(5.1.0),AE,A,AED,FCSC,ANN_CHAP,NOEXP,_Z,41,_Z,2020,20475925.13,,,,0
FCSA:DF_TRADE_TOT_CHAP_YR(5.1.0),AE,A,AED,FCSC,ANN_CHAP,NOEXP,_Z,41,_Z,2021,13398102.56,,,,0
FCSA:DF_TRADE_TOT_CHAP_YR(5.1.0),AE,A,AED,FCSC,ANN_CHAP,NOEXP,_Z,41,_Z,2022,5375297.65,,,,0
FCSA:DF_TRADE_TOT_CHAP_YR(5.1.0),AE,A,AED,FCSC,ANN_CHAP,NOEXP,_Z,41,_Z,2023,9515085.60,,,,0
FCSA:DF_TRADE_TOT_CHAP_YR(5.1.0),AE,A,AED,FCSC,ANN_CHAP,NOEXP,_Z,41,_Z,2024,6698375.38,,,,0
FCSA:DF_TRADE_TOT_CHAP_YR(5.1.0),AE,A,AED,FCSC,ANN_CHAP,TTRADE,_Z,64,_Z,2017,10545313195.99,,,,0
FCSA:DF_TRADE_TOT_CHAP_YR(5.1.0),AE,A,AED,FCSC,ANN_CHAP,TTRADE,_Z,64,_Z,2018,10117385684.31,,,,0
FCSA:DF_TRADE_TOT_CHAP_YR(5.1.0),AE,A,AED,FCSC,ANN_CHAP,TTRADE,_Z,64,_Z,2019,11157935901.70,,,,0
FCSA:DF_TRADE_TOT_CHAP_YR(5.1.0),AE,A,AED,FCSC,ANN_CHAP,TTRADE,_Z,64,_Z,2020,8424779127.74,,,,0
FCSA:DF_TRADE_TOT_CHAP_YR(5.1.0),AE,A,AED,FCSC,ANN_CHAP,TTRADE,_Z,64,_Z,2021,11479458340.52,,,,0
FCSA:DF_TRADE_TOT_CHAP_YR(5.1.0),AE,A,AED,FCSC,ANN_CHAP,TTRADE,_Z,64,_Z,2022,15367367402.74,,,,0
FCSA:DF_TRADE_TOT_CHAP_YR(5.1.0),AE,A,AED,FCSC,ANN_CHAP,TTRADE,_Z,64,_Z,2023,18066398235.79,,,,0
FCSA:DF_TRADE_TOT_CHAP_YR(5.1.0),AE,A,AED,FCSC,ANN_CHAP,TTRADE,_Z,64,_Z,2024,18721670252.23,,,,0
FCSA:DF_TRADE_TOT_CHAP_YR(5.1.0),AE,A,AED,FCSC,ANN_CHAP,NOEXP,_Z,84,_Z,2017,3958178575.83,,,,0
FCSA:DF_TRADE_TOT_CHAP_YR(5.1.0),AE,A,AED,FCSC,ANN_CHAP,NOEXP,_Z,84,_Z,2018,6116942042.07,,,,0
FCSA:DF_TRADE_TOT_CHAP_YR(5.1.0),AE,A,AED,FCSC,ANN_CHAP,NOEXP,_Z,84,_Z,2019,7381063706.05,,,,0
FCSA:DF_TRADE_TOT_CHAP_YR(5.1.0),AE,A,AED,FCSC,ANN_CHAP,NOEXP,_Z,84,_Z,2020,6342455027.69,,,,0
FCSA:DF_TRADE_TOT_CHAP_YR(5.1.0),AE,A,AED,FCSC,ANN_CHAP,NOEXP,_Z,84,_Z,2021,8944319597.96,,,,0
FCSA:DF_TRADE_TOT_CHAP_YR(5.1.0),AE,A,AED,FCSC,ANN_CHAP,NOEXP,_Z,84,_Z,2022,8180303044.01,,,,0
FCSA:DF_TRADE_TOT_CHAP_YR(5.1.0),AE,A,AED,FCSC,ANN_CHAP,NOEXP,_Z,84,_Z,2023,9988307344.73,,,,0
FCSA:DF_TRADE_TOT_CHAP_YR(5.1.0),AE,A,AED,FCSC,ANN_CHAP,NOEXP,_Z,84,_Z,2024,13683583326.28,,,,0
FCSA:DF_TRADE_TOT_CHAP_YR(5.1.0),AE,A,AED,FCSC,ANN_CHAP,TNOEXP,_Z,98,_Z,2017,495547525.00,,,,0
FCSA:DF_TRADE_TOT_CHAP_YR(5.1.0),AE,A,AED,FCSC,ANN_CHAP,TNOEXP,_Z,98,_Z,2018,237909788.06,,,,0
FCSA:DF_TRADE_TOT_CHAP_YR(5.1.0),AE,A,AED,FCSC,ANN_CHAP,TNOEXP,_Z,98,_Z,2019,210143821.96,,,,0
FCSA:DF_TRADE_TOT_CHAP_YR(5.1.0),AE,A,AED,FCSC,ANN_CHAP,TNOEXP,_Z,98,_Z,2020,108246805.40,,,,0
FCSA:DF_TRADE_TOT_CHAP_YR(5.1.0),AE,A,AED,FCSC,ANN_CHAP,TNOEXP,_Z,98,_Z,2021,114578648.80,,,,0
FCSA:DF_TRADE_TOT_CHAP_YR(5.1.0),AE,A,AED,FCSC,ANN_CHAP,TNOEXP,_Z,98,_Z,2022,160216280.54,,,,0
FCSA:DF_TRADE_TOT_CHAP_YR(5.1.0),AE,A,AED,FCSC,ANN_CHAP,TNOEXP,_Z,98,_Z,2023,136399656.65,,,,0
FCSA:DF_TRADE_TOT_CHAP_YR(5.1.0),AE,A,AED,FCSC,ANN_CHAP,TNOEXP,_Z,98,_Z,2024,205867110.49,,,,0
FCSA:DF_TRADE_TOT_CHAP_YR(5.1.0),AE,A,AED,FCSC,ANN_CHAP,NOEXP,_Z,24,_Z,2017,10489981915.66,,,,0
FCSA:DF_TRADE_TOT_CHAP_YR(5.1.0),AE,A,AED,FCSC,ANN_CHAP,NOEXP,_Z,24,_Z,2018,11614587233.24,,,,0
FCSA:DF_TRADE_TOT_CHAP_YR(5.1.0),AE,A,AED,FCSC,ANN_CHAP,NOEXP,_Z,24,_Z,2019,13441245831.99,,,,0
FCSA:DF_TRADE_TOT_CHAP_YR(5.1.0),AE,A,AED,FCSC,ANN_CHAP,NOEXP,_Z,24,_Z,2020,12276187433.38,,,,0
FCSA:DF_TRADE_TOT_CHAP_YR(5.1.0),AE,A,AED,FCSC,ANN_CHAP,NOEXP,_Z,24,_Z,2021,14562763367.31,,,,0
FCSA:DF_TRADE_TOT_CHAP_YR(5.1.0),AE,A,AED,FCSC,ANN_CHAP,NOEXP,_Z,24,_Z,2022,17034860930.30,,,,0
FCSA:DF_TRADE_TOT_CHAP_YR(5.1.0),AE,A,AED,FCSC,ANN_CHAP,NOEXP,_Z,24,_Z,2023,20198398073.85,,,,0
FCSA:DF_TRADE_TOT_CHAP_YR(5.1.0),AE,A,AED,FCSC,ANN_CHAP,NOEXP,_Z,24,_Z,2024,25733622016.58,,,,0
FCSA:DF_TRADE_TOT_CHAP_YR(5.1.0),AE,A,AED,FCSC,ANN_CHAP,NOEXP,_Z,67,_Z,2017,1180691.37,,,,0
FCSA:DF_TRADE_TOT_CHAP_YR(5.1.0),AE,A,AED,FCSC,ANN_CHAP,NOEXP,_Z,67,_Z,2018,235245.00,,,,0
FCSA:DF_TRADE_TOT_CHAP_YR(5.1.0),AE,A,AED,FCSC,ANN_CHAP,NOEXP,_Z,67,_Z,2019,1084510.65,,,,0
FCSA:DF_TRADE_TOT_CHAP_YR(5.1.0),AE,A,AED,FCSC,ANN_CHAP,NOEXP,_Z,67,_Z,2020,2682929.39,,,,0
FCSA:DF_TRADE_TOT_CHAP_YR(5.1.0),AE,A,AED,FCSC,ANN_CHAP,NOEXP,_Z,67,_Z,2021,4835136.43,,,,0
FCSA:DF_TRADE_TOT_CHAP_YR(5.1.0),AE,A,AED,FCSC,ANN_CHAP,NOEXP,_Z,67,_Z,2022,8118166.18,,,,0
FCSA:DF_TRADE_TOT_CHAP_YR(5.1.0),AE,A,AED,FCSC,ANN_CHAP,NOEXP,_Z,67,_Z,2023,3684734.60,,,,0
FCSA:DF_TRADE_TOT_CHAP_YR(5.1.0),AE,A,AED,FCSC,ANN_CHAP,NOEXP,_Z,67,_Z,2024,3738408.87,,,,0
FCSA:DF_TRADE_TOT_CHAP_YR(5.1.0),AE,A,AED,FCSC,ANN_CHAP,NOEXP,_Z,97,_Z,2017,159621569.27,,,,0
FCSA:DF_TRADE_TOT_CHAP_YR(5.1.0),AE,A,AED,FCSC,ANN_CHAP,NOEXP,_Z,97,_Z,2018,116858652.18,,,,0
FCSA:DF_TRADE_TOT_CHAP_YR(5.1.0),AE,A,AED,FCSC,ANN_CHAP,NOEXP,_Z,97,_Z,2019,59689202.59,,,,0
FCSA:DF_TRADE_TOT_CHAP_YR(5.1.0),AE,A,AED,FCSC,ANN_CHAP,NOEXP,_Z,97,_Z,2020,104041569.60,,,,0
FCSA:DF_TRADE_TOT_CHAP_YR(5.1.0),AE,A,AED,FCSC,ANN_CHAP,NOEXP,_Z,97,_Z,2021,41758914.60,,,,0
FCSA:DF_TRADE_TOT_CHAP_YR(5.1.0),AE,A,AED,FCSC,ANN_CHAP,NOEXP,_Z,97,_Z,2022,123468055.41,,,,0
FCSA:DF_TRADE_TOT_CHAP_YR(5.1.0),AE,A,AED,FCSC,ANN_CHAP,NOEXP,_Z,97,_Z,2023,71193571.23,,,,0
FCSA:DF_TRADE_TOT_CHAP_YR(5.1.0),AE,A,AED,FCSC,ANN_CHAP,NOEXP,_Z,97,_Z,2024,201601130.30,,,,0
FCSA:DF_TRADE_TOT_CHAP_YR(5.1.0),AE,A,AED,FCSC,ANN_CHAP,TTRADE,_Z,47,_Z,2017,835786215.17,,,,0
FCSA:DF_TRADE_TOT_CHAP_YR(5.1.0),AE,A,AED,FCSC,ANN_CHAP,TTRADE,_Z,47,_Z,2018,1044907801.43,,,,0
FCSA:DF_TRADE_TOT_CHAP_YR(5.1.0),AE,A,AED,FCSC,ANN_CHAP,TTRADE,_Z,47,_Z,2019,1521857852.14,,,,0
FCSA:DF_TRADE_TOT_CHAP_YR(5.1.0),AE,A,AED,FCSC,ANN_CHAP,TTRADE,_Z,47,_Z,2020,1278014847.01,,,,0
FCSA:DF_TRADE_TOT_CHAP_YR(5.1.0),AE,A,AED,FCSC,ANN_CHAP,TTRADE,_Z,47,_Z,2021,1966802232.18,,,,0
FCSA:DF_TRADE_TOT_CHAP_YR(5.1.0),AE,A,AED,FCSC,ANN_CHAP,TTRADE,_Z,47,_Z,2022,2763364646.47,,,,0
FCSA:DF_TRADE_TOT_CHAP_YR(5.1.0),AE,A,AED,FCSC,ANN_CHAP,TTRADE,_Z,47,_Z,2023,2925768969.00,,,,0
FCSA:DF_TRADE_TOT_CHAP_YR(5.1.0),AE,A,AED,FCSC,ANN_CHAP,TTRADE,_Z,47,_Z,2024,2247369301.24,,,,0
FCSA:DF_TRADE_TOT_CHAP_YR(5.1.0),AE,A,AED,FCSC,ANN_CHAP,IMP,_Z,88,_Z,2017,31236811666.70,,,,0
FCSA:DF_TRADE_TOT_CHAP_YR(5.1.0),AE,A,AED,FCSC,ANN_CHAP,IMP,_Z,88,_Z,2018,25597969255.82,,,,0
FCSA:DF_TRADE_TOT_CHAP_YR(5.1.0),AE,A,AED,FCSC,ANN_CHAP,IMP,_Z,88,_Z,2019,17004696332.29,,,,0
FCSA:DF_TRADE_TOT_CHAP_YR(5.1.0),AE,A,AED,FCSC,ANN_CHAP,IMP,_Z,88,_Z,2020,6632592927.46,,,,0
FCSA:DF_TRADE_TOT_CHAP_YR(5.1.0),AE,A,AED,FCSC,ANN_CHAP,IMP,_Z,88,_Z,2021,12994663091.61,,,,0
FCSA:DF_TRADE_TOT_CHAP_YR(5.1.0),AE,A,AED,FCSC,ANN_CHAP,IMP,_Z,88,_Z,2022,11701211839.03,,,,0
FCSA:DF_TRADE_TOT_CHAP_YR(5.1.0),AE,A,AED,FCSC,ANN_CHAP,IMP,_Z,88,_Z,2023,14538703804.85,,,,0
FCSA:DF_TRADE_TOT_CHAP_YR(5.1.0),AE,A,AED,FCSC,ANN_CHAP,IMP,_Z,88,_Z,2024,17575267959.55,,,,0
FCSA:DF_TRADE_TOT_CHAP_YR(5.1.0),AE,A,AED,FCSC,ANN_CHAP,TTRADE,_Z,42,_Z,2017,6032299334.35,,,,0
FCSA:DF_TRADE_TOT_CHAP_YR(5.1.0),AE,A,AED,FCSC,ANN_CHAP,TTRADE,_Z,42,_Z,2018,6247890410.75,,,,0
FCSA:DF_TRADE_TOT_CHAP_YR(5.1.0),AE,A,AED,FCSC,ANN_CHAP,TTRADE,_Z,42,_Z,2019,6410770477.29,,,,0
FCSA:DF_TRADE_TOT_CHAP_YR(5.1.0),AE,A,AED,FCSC,ANN_CHAP,TTRADE,_Z,42,_Z,2020,4564018646.66,,,,0
FCSA:DF_TRADE_TOT_CHAP_YR(5.1.0),AE,A,AED,FCSC,ANN_CHAP,TTRADE,_Z,42,_Z,2021,6380150069.32,,,,0
FCSA:DF_TRADE_TOT_CHAP_YR(5.1.0),AE,A,AED,FCSC,ANN_CHAP,TTRADE,_Z,42,_Z,2022,8843042325.87,,,,0
FCSA:DF_TRADE_TOT_CHAP_YR(5.1.0),AE,A,AED,FCSC,ANN_CHAP,TTRADE,_Z,42,_Z,2023,9817144759.41,,,,0
FCSA:DF_TRADE_TOT_CHAP_YR(5.1.0),AE,A,AED,FCSC,ANN_CHAP,TTRADE,_Z,42,_Z,2024,10490581144.88,,,,0
FCSA:DF_TRADE_TOT_CHAP_YR(5.1.0),AE,A,AED,FCSC,ANN_CHAP,NOEXP,_Z,10,_Z,2017,62963742.81,,,,0
FCSA:DF_TRADE_TOT_CHAP_YR(5.1.0),AE,A,AED,FCSC,ANN_CHAP,NOEXP,_Z,10,_Z,2018,132731808.27,,,,0
FCSA:DF_TRADE_TOT_CHAP_YR(5.1.0),AE,A,AED,FCSC,ANN_CHAP,NOEXP,_Z,10,_Z,2019,193808767.82,,,,0
FCSA:DF_TRADE_TOT_CHAP_YR(5.1.0),AE,A,AED,FCSC,ANN_CHAP,NOEXP,_Z,10,_Z,2020,126483207.43,,,,0
FCSA:DF_TRADE_TOT_CHAP_YR(5.1.0),AE,A,AED,FCSC,ANN_CHAP,NOEXP,_Z,10,_Z,2021,126270556.99,,,,0
FCSA:DF_TRADE_TOT_CHAP_YR(5.1.0),AE,A,AED,FCSC,ANN_CHAP,NOEXP,_Z,10,_Z,2022,110182192.97,,,,0
FCSA:DF_TRADE_TOT_CHAP_YR(5.1.0),AE,A,AED,FCSC,ANN_CHAP,NOEXP,_Z,10,_Z,2023,130807190.84,,,,0
FCSA:DF_TRADE_TOT_CHAP_YR(5.1.0),AE,A,AED,FCSC,ANN_CHAP,NOEXP,_Z,10,_Z,2024,138631989.34,,,,0
FCSA:DF_TRADE_TOT_CHAP_YR(5.1.0),AE,A,AED,FCSC,ANN_CHAP,REEXP,_Z,50,_Z,2017,36681136.24,,,,0
FCSA:DF_TRADE_TOT_CHAP_YR(5.1.0),AE,A,AED,FCSC,ANN_CHAP,REEXP,_Z,50,_Z,2018,26060127.85,,,,0
FCSA:DF_TRADE_TOT_CHAP_YR(5.1.0),AE,A,AED,FCSC,ANN_CHAP,REEXP,_Z,50,_Z,2019,31999321.11,,,,0
FCSA:DF_TRADE_TOT_CHAP_YR(5.1.0),AE,A,AED,FCSC,ANN_CHAP,REEXP,_Z,50,_Z,2020,28034487.37,,,,0
FCSA:DF_TRADE_TOT_CHAP_YR(5.1.0),AE,A,AED,FCSC,ANN_CHAP,REEXP,_Z,50,_Z,2021,28645966.55,,,,0
FCSA:DF_TRADE_TOT_CHAP_YR(5.1.0),AE,A,AED,FCSC,ANN_CHAP,REEXP,_Z,50,_Z,2022,43864796.47,,,,0
FCSA:DF_TRADE_TOT_CHAP_YR(5.1.0),AE,A,AED,FCSC,ANN_CHAP,REEXP,_Z,50,_Z,2023,30112722.73,,,,0
FCSA:DF_TRADE_TOT_CHAP_YR(5.1.0),AE,A,AED,FCSC,ANN_CHAP,REEXP,_Z,50,_Z,2024,14861477.47,,,,0
FCSA:DF_TRADE_TOT_CHAP_YR(5.1.0),AE,A,AED,FCSC,ANN_CHAP,IMP,_Z,56,_Z,2017,559758411.11,,,,0
FCSA:DF_TRADE_TOT_CHAP_YR(5.1.0),AE,A,AED,FCSC,ANN_CHAP,IMP,_Z,56,_Z,2018,542387177.33,,,,0
FCSA:DF_TRADE_TOT_CHAP_YR(5.1.0),AE,A,AED,FCSC,ANN_CHAP,IMP,_Z,56,_Z,2019,524210605.61,,,,0
FCSA:DF_TRADE_TOT_CHAP_YR(5.1.0),AE,A,AED,FCSC,ANN_CHAP,IMP,_Z,56,_Z,2020,528403583.30,,,,0
FCSA:DF_TRADE_TOT_CHAP_YR(5.1.0),AE,A,AED,FCSC,ANN_CHAP,IMP,_Z,56,_Z,2021,551449850.35,,,,0
FCSA:DF_TRADE_TOT_CHAP_YR(5.1.0),AE,A,AED,FCSC,ANN_CHAP,IMP,_Z,56,_Z,2022,690239821.28,,,,0
FCSA:DF_TRADE_TOT_CHAP_YR(5.1.0),AE,A,AED,FCSC,ANN_CHAP,IMP,_Z,56,_Z,2023,792267975.43,,,,0
FCSA:DF_TRADE_TOT_CHAP_YR(5.1.0),AE,A,AED,FCSC,ANN_CHAP,IMP,_Z,56,_Z,2024,1023069242.40,,,,0
FCSA:DF_TRADE_TOT_CHAP_YR(5.1.0),AE,A,AED,FCSC,ANN_CHAP,TNOEXP,_Z,72,_Z,2017,4530486565.23,,,,0
FCSA:DF_TRADE_TOT_CHAP_YR(5.1.0),AE,A,AED,FCSC,ANN_CHAP,TNOEXP,_Z,72,_Z,2018,6928179978.58,,,,0
FCSA:DF_TRADE_TOT_CHAP_YR(5.1.0),AE,A,AED,FCSC,ANN_CHAP,TNOEXP,_Z,72,_Z,2019,10275277591.48,,,,0
FCSA:DF_TRADE_TOT_CHAP_YR(5.1.0),AE,A,AED,FCSC,ANN_CHAP,TNOEXP,_Z,72,_Z,2020,8632438308.95,,,,0
FCSA:DF_TRADE_TOT_CHAP_YR(5.1.0),AE,A,AED,FCSC,ANN_CHAP,TNOEXP,_Z,72,_Z,2021,15401410247.65,,,,0
FCSA:DF_TRADE_TOT_CHAP_YR(5.1.0),AE,A,AED,FCSC,ANN_CHAP,TNOEXP,_Z,72,_Z,2022,15162288511.72,,,,0
FCSA:DF_TRADE_TOT_CHAP_YR(5.1.0),AE,A,AED,FCSC,ANN_CHAP,TNOEXP,_Z,72,_Z,2023,12854572848.69,,,,0
FCSA:DF_TRADE_TOT_CHAP_YR(5.1.0),AE,A,AED,FCSC,ANN_CHAP,TNOEXP,_Z,72,_Z,2024,8303865244.04,,,,0
FCSA:DF_TRADE_TOT_CHAP_YR(5.1.0),AE,A,AED,FCSC,ANN_CHAP,NOEXP,_Z,78,_Z,2017,183357903.63,,,,0
FCSA:DF_TRADE_TOT_CHAP_YR(5.1.0),AE,A,AED,FCSC,ANN_CHAP,NOEXP,_Z,78,_Z,2018,301067823.19,,,,0
FCSA:DF_TRADE_TOT_CHAP_YR(5.1.0),AE,A,AED,FCSC,ANN_CHAP,NOEXP,_Z,78,_Z,2019,209875045.10,,,,0
FCSA:DF_TRADE_TOT_CHAP_YR(5.1.0),AE,A,AED,FCSC,ANN_CHAP,NOEXP,_Z,78,_Z,2020,144848524.50,,,,0
FCSA:DF_TRADE_TOT_CHAP_YR(5.1.0),AE,A,AED,FCSC,ANN_CHAP,NOEXP,_Z,78,_Z,2021,282256776.20,,,,0
FCSA:DF_TRADE_TOT_CHAP_YR(5.1.0),AE,A,AED,FCSC,ANN_CHAP,NOEXP,_Z,78,_Z,2022,334644040.82,,,,0
FCSA:DF_TRADE_TOT_CHAP_YR(5.1.0),AE,A,AED,FCSC,ANN_CHAP,NOEXP,_Z,78,_Z,2023,562479345.88,,,,0
FCSA:DF_TRADE_TOT_CHAP_YR(5.1.0),AE,A,AED,FCSC,ANN_CHAP,NOEXP,_Z,78,_Z,2024,496854229.04,,,,0
FCSA:DF_TRADE_TOT_CHAP_YR(5.1.0),AE,A,AED,FCSC,ANN_CHAP,TTRADE,_Z,58,_Z,2017,586325659.67,,,,0
FCSA:DF_TRADE_TOT_CHAP_YR(5.1.0),AE,A,AED,FCSC,ANN_CHAP,TTRADE,_Z,58,_Z,2018,477546594.43,,,,0
FCSA:DF_TRADE_TOT_CHAP_YR(5.1.0),AE,A,AED,FCSC,ANN_CHAP,TTRADE,_Z,58,_Z,2019,472726139.60,,,,0
FCSA:DF_TRADE_TOT_CHAP_YR(5.1.0),AE,A,AED,FCSC,ANN_CHAP,TTRADE,_Z,58,_Z,2020,298433604.31,,,,0
FCSA:DF_TRADE_TOT_CHAP_YR(5.1.0),AE,A,AED,FCSC,ANN_CHAP,TTRADE,_Z,58,_Z,2021,475156546.41,,,,0
FCSA:DF_TRADE_TOT_CHAP_YR(5.1.0),AE,A,AED,FCSC,ANN_CHAP,TTRADE,_Z,58,_Z,2022,622334588.51,,,,0
FCSA:DF_TRADE_TOT_CHAP_YR(5.1.0),AE,A,AED,FCSC,ANN_CHAP,TTRADE,_Z,58,_Z,2023,555061776.06,,,,0
FCSA:DF_TRADE_TOT_CHAP_YR(5.1.0),AE,A,AED,FCSC,ANN_CHAP,TTRADE,_Z,58,_Z,2024,673919563.14,,,,0
FCSA:DF_TRADE_TOT_CHAP_YR(5.1.0),AE,A,AED,FCSC,ANN_CHAP,TNOEXP,_Z,36,_Z,2017,12173950.63,,,,0
FCSA:DF_TRADE_TOT_CHAP_YR(5.1.0),AE,A,AED,FCSC,ANN_CHAP,TNOEXP,_Z,36,_Z,2018,15356771.41,,,,0
FCSA:DF_TRADE_TOT_CHAP_YR(5.1.0),AE,A,AED,FCSC,ANN_CHAP,TNOEXP,_Z,36,_Z,2019,18540991.57,,,,0
FCSA:DF_TRADE_TOT_CHAP_YR(5.1.0),AE,A,AED,FCSC,ANN_CHAP,TNOEXP,_Z,36,_Z,2020,13133245.93,,,,0
FCSA:DF_TRADE_TOT_CHAP_YR(5.1.0),AE,A,AED,FCSC,ANN_CHAP,TNOEXP,_Z,36,_Z,2021,21755321.01,,,,0
FCSA:DF_TRADE_TOT_CHAP_YR(5.1.0),AE,A,AED,FCSC,ANN_CHAP,TNOEXP,_Z,36,_Z,2022,47268609.80,,,,0
FCSA:DF_TRADE_TOT_CHAP_YR(5.1.0),AE,A,AED,FCSC,ANN_CHAP,TNOEXP,_Z,36,_Z,2023,42751189.10,,,,0
FCSA:DF_TRADE_TOT_CHAP_YR(5.1.0),AE,A,AED,FCSC,ANN_CHAP,TNOEXP,_Z,36,_Z,2024,36707911.10,,,,0
FCSA:DF_TRADE_TOT_CHAP_YR(5.1.0),AE,A,AED,FCSC,ANN_CHAP,TTRADE,_Z,94,_Z,2017,12313839322.30,,,,0
FCSA:DF_TRADE_TOT_CHAP_YR(5.1.0),AE,A,AED,FCSC,ANN_CHAP,TTRADE,_Z,94,_Z,2018,12090679609.39,,,,0
FCSA:DF_TRADE_TOT_CHAP_YR(5.1.0),AE,A,AED,FCSC,ANN_CHAP,TTRADE,_Z,94,_Z,2019,12323651568.91,,,,0
FCSA:DF_TRADE_TOT_CHAP_YR(5.1.0),AE,A,AED,FCSC,ANN_CHAP,TTRADE,_Z,94,_Z,2020,10853106877.27,,,,0
FCSA:DF_TRADE_TOT_CHAP_YR(5.1.0),AE,A,AED,FCSC,ANN_CHAP,TTRADE,_Z,94,_Z,2021,15027109916.79,,,,0
FCSA:DF_TRADE_TOT_CHAP_YR(5.1.0),AE,A,AED,FCSC,ANN_CHAP,TTRADE,_Z,94,_Z,2022,16171945500.41,,,,0
FCSA:DF_TRADE_TOT_CHAP_YR(5.1.0),AE,A,AED,FCSC,ANN_CHAP,TTRADE,_Z,94,_Z,2023,17335701504.66,,,,0
FCSA:DF_TRADE_TOT_CHAP_YR(5.1.0),AE,A,AED,FCSC,ANN_CHAP,TTRADE,_Z,94,_Z,2024,17760173659.23,,,,0
FCSA:DF_TRADE_TOT_CHAP_YR(5.1.0),AE,A,AED,FCSC,ANN_CHAP,TTRADE,_Z,43,_Z,2017,93753009.79,,,,0
FCSA:DF_TRADE_TOT_CHAP_YR(5.1.0),AE,A,AED,FCSC,ANN_CHAP,TTRADE,_Z,43,_Z,2018,99700973.34,,,,0
FCSA:DF_TRADE_TOT_CHAP_YR(5.1.0),AE,A,AED,FCSC,ANN_CHAP,TTRADE,_Z,43,_Z,2019,92567429.53,,,,0
FCSA:DF_TRADE_TOT_CHAP_YR(5.1.0),AE,A,AED,FCSC,ANN_CHAP,TTRADE,_Z,43,_Z,2020,50228368.52,,,,0
FCSA:DF_TRADE_TOT_CHAP_YR(5.1.0),AE,A,AED,FCSC,ANN_CHAP,TTRADE,_Z,43,_Z,2021,72651961.86,,,,0
FCSA:DF_TRADE_TOT_CHAP_YR(5.1.0),AE,A,AED,FCSC,ANN_CHAP,TTRADE,_Z,43,_Z,2022,98423108.33,,,,0
FCSA:DF_TRADE_TOT_CHAP_YR(5.1.0),AE,A,AED,FCSC,ANN_CHAP,TTRADE,_Z,43,_Z,2023,123606541.23,,,,0
FCSA:DF_TRADE_TOT_CHAP_YR(5.1.0),AE,A,AED,FCSC,ANN_CHAP,TTRADE,_Z,43,_Z,2024,108442211.27,,,,0
FCSA:DF_TRADE_TOT_CHAP_YR(5.1.0),AE,A,AED,FCSC,ANN_CHAP,REEXP,_Z,84,_Z,2017,55057058763.74,,,,0
FCSA:DF_TRADE_TOT_CHAP_YR(5.1.0),AE,A,AED,FCSC,ANN_CHAP,REEXP,_Z,84,_Z,2018,58584246239.61,,,,0
FCSA:DF_TRADE_TOT_CHAP_YR(5.1.0),AE,A,AED,FCSC,ANN_CHAP,REEXP,_Z,84,_Z,2019,61113166325.77,,,,0
FCSA:DF_TRADE_TOT_CHAP_YR(5.1.0),AE,A,AED,FCSC,ANN_CHAP,REEXP,_Z,84,_Z,2020,54254117988.46,,,,0
FCSA:DF_TRADE_TOT_CHAP_YR(5.1.0),AE,A,AED,FCSC,ANN_CHAP,REEXP,_Z,84,_Z,2021,59353436779.01,,,,0
FCSA:DF_TRADE_TOT_CHAP_YR(5.1.0),AE,A,AED,FCSC,ANN_CHAP,REEXP,_Z,84,_Z,2022,72884311349.69,,,,0
FCSA:DF_TRADE_TOT_CHAP_YR(5.1.0),AE,A,AED,FCSC,ANN_CHAP,REEXP,_Z,84,_Z,2023,79363955905.29,,,,0
FCSA:DF_TRADE_TOT_CHAP_YR(5.1.0),AE,A,AED,FCSC,ANN_CHAP,REEXP,_Z,84,_Z,2024,84949716685.07,,,,0
FCSA:DF_TRADE_TOT_CHAP_YR(5.1.0),AE,A,AED,FCSC,ANN_CHAP,NOEXP,_Z,62,_Z,2017,411113470.07,,,,0
FCSA:DF_TRADE_TOT_CHAP_YR(5.1.0),AE,A,AED,FCSC,ANN_CHAP,NOEXP,_Z,62,_Z,2018,469561705.43,,,,0
FCSA:DF_TRADE_TOT_CHAP_YR(5.1.0),AE,A,AED,FCSC,ANN_CHAP,NOEXP,_Z,62,_Z,2019,476196019.75,,,,0
FCSA:DF_TRADE_TOT_CHAP_YR(5.1.0),AE,A,AED,FCSC,ANN_CHAP,NOEXP,_Z,62,_Z,2020,356505767.68,,,,0
FCSA:DF_TRADE_TOT_CHAP_YR(5.1.0),AE,A,AED,FCSC,ANN_CHAP,NOEXP,_Z,62,_Z,2021,405858286.22,,,,0
FCSA:DF_TRADE_TOT_CHAP_YR(5.1.0),AE,A,AED,FCSC,ANN_CHAP,NOEXP,_Z,62,_Z,2022,528636193.05,,,,0
FCSA:DF_TRADE_TOT_CHAP_YR(5.1.0),AE,A,AED,FCSC,ANN_CHAP,NOEXP,_Z,62,_Z,2023,437911737.13,,,,0
FCSA:DF_TRADE_TOT_CHAP_YR(5.1.0),AE,A,AED,FCSC,ANN_CHAP,NOEXP,_Z,62,_Z,2024,335305183.33,,,,0
FCSA:DF_TRADE_TOT_CHAP_YR(5.1.0),AE,A,AED,FCSC,ANN_CHAP,TNOEXP,_Z,5,_Z,2017,5714130.35,,,,0
FCSA:DF_TRADE_TOT_CHAP_YR(5.1.0),AE,A,AED,FCSC,ANN_CHAP,TNOEXP,_Z,5,_Z,2018,3614711.34,,,,0
FCSA:DF_TRADE_TOT_CHAP_YR(5.1.0),AE,A,AED,FCSC,ANN_CHAP,TNOEXP,_Z,5,_Z,2019,3756783.10,,,,0
FCSA:DF_TRADE_TOT_CHAP_YR(5.1.0),AE,A,AED,FCSC,ANN_CHAP,TNOEXP,_Z,5,_Z,2020,6496967.35,,,,0
FCSA:DF_TRADE_TOT_CHAP_YR(5.1.0),AE,A,AED,FCSC,ANN_CHAP,TNOEXP,_Z,5,_Z,2021,2990633.20,,,,0
FCSA:DF_TRADE_TOT_CHAP_YR(5.1.0),AE,A,AED,FCSC,ANN_CHAP,TNOEXP,_Z,5,_Z,2022,5501690.75,,,,0
FCSA:DF_TRADE_TOT_CHAP_YR(5.1.0),AE,A,AED,FCSC,ANN_CHAP,TNOEXP,_Z,5,_Z,2023,5703860.78,,,,0
FCSA:DF_TRADE_TOT_CHAP_YR(5.1.0),AE,A,AED,FCSC,ANN_CHAP,TNOEXP,_Z,5,_Z,2024,3578681.88,,,,0
FCSA:DF_TRADE_TOT_CHAP_YR(5.1.0),AE,A,AED,FCSC,ANN_CHAP,IMP,_Z,41,_Z,2017,117841991.58,,,,0
FCSA:DF_TRADE_TOT_CHAP_YR(5.1.0),AE,A,AED,FCSC,ANN_CHAP,IMP,_Z,41,_Z,2018,114936288.02,,,,0
FCSA:DF_TRADE_TOT_CHAP_YR(5.1.0),AE,A,AED,FCSC,ANN_CHAP,IMP,_Z,41,_Z,2019,91874950.89,,,,0
FCSA:DF_TRADE_TOT_CHAP_YR(5.1.0),AE,A,AED,FCSC,ANN_CHAP,IMP,_Z,41,_Z,2020,49137764.63,,,,0
FCSA:DF_TRADE_TOT_CHAP_YR(5.1.0),AE,A,AED,FCSC,ANN_CHAP,IMP,_Z,41,_Z,2021,57119542.76,,,,0
FCSA:DF_TRADE_TOT_CHAP_YR(5.1.0),AE,A,AED,FCSC,ANN_CHAP,IMP,_Z,41,_Z,2022,91554797.91,,,,0
FCSA:DF_TRADE_TOT_CHAP_YR(5.1.0),AE,A,AED,FCSC,ANN_CHAP,IMP,_Z,41,_Z,2023,118164423.00,,,,0
FCSA:DF_TRADE_TOT_CHAP_YR(5.1.0),AE,A,AED,FCSC,ANN_CHAP,IMP,_Z,41,_Z,2024,126751654.22,,,,0
FCSA:DF_TRADE_TOT_CHAP_YR(5.1.0),AE,A,AED,FCSC,ANN_CHAP,IMP,_Z,40,_Z,2017,6885378804.31,,,,0
FCSA:DF_TRADE_TOT_CHAP_YR(5.1.0),AE,A,AED,FCSC,ANN_CHAP,IMP,_Z,40,_Z,2018,6302468672.60,,,,0
FCSA:DF_TRADE_TOT_CHAP_YR(5.1.0),AE,A,AED,FCSC,ANN_CHAP,IMP,_Z,40,_Z,2019,6737729337.95,,,,0
FCSA:DF_TRADE_TOT_CHAP_YR(5.1.0),AE,A,AED,FCSC,ANN_CHAP,IMP,_Z,40,_Z,2020,5772724715.56,,,,0
FCSA:DF_TRADE_TOT_CHAP_YR(5.1.0),AE,A,AED,FCSC,ANN_CHAP,IMP,_Z,40,_Z,2021,6887913396.22,,,,0
FCSA:DF_TRADE_TOT_CHAP_YR(5.1.0),AE,A,AED,FCSC,ANN_CHAP,IMP,_Z,40,_Z,2022,7517588852.43,,,,0
FCSA:DF_TRADE_TOT_CHAP_YR(5.1.0),AE,A,AED,FCSC,ANN_CHAP,IMP,_Z,40,_Z,2023,8161623753.73,,,,0
FCSA:DF_TRADE_TOT_CHAP_YR(5.1.0),AE,A,AED,FCSC,ANN_CHAP,IMP,_Z,40,_Z,2024,9770279298.14,,,,0
FCSA:DF_TRADE_TOT_CHAP_YR(5.1.0),AE,A,AED,FCSC,ANN_CHAP,TTRADE,_Z,27,_Z,2017,52599720787.41,,,,0
FCSA:DF_TRADE_TOT_CHAP_YR(5.1.0),AE,A,AED,FCSC,ANN_CHAP,TTRADE,_Z,27,_Z,2018,72640936886.73,,,,0
FCSA:DF_TRADE_TOT_CHAP_YR(5.1.0),AE,A,AED,FCSC,ANN_CHAP,TTRADE,_Z,27,_Z,2019,102296465351.39,,,,0
FCSA:DF_TRADE_TOT_CHAP_YR(5.1.0),AE,A,AED,FCSC,ANN_CHAP,TTRADE,_Z,27,_Z,2020,64320688758.60,,,,0
FCSA:DF_TRADE_TOT_CHAP_YR(5.1.0),AE,A,AED,FCSC,ANN_CHAP,TTRADE,_Z,27,_Z,2021,79177649892.92,,,,0
FCSA:DF_TRADE_TOT_CHAP_YR(5.1.0),AE,A,AED,FCSC,ANN_CHAP,TTRADE,_Z,27,_Z,2022,129538793949.96,,,,0
FCSA:DF_TRADE_TOT_CHAP_YR(5.1.0),AE,A,AED,FCSC,ANN_CHAP,TTRADE,_Z,27,_Z,2023,127872795509.71,,,,0
FCSA:DF_TRADE_TOT_CHAP_YR(5.1.0),AE,A,AED,FCSC,ANN_CHAP,TTRADE,_Z,27,_Z,2024,140149197553.39,,,,0
FCSA:DF_TRADE_TOT_CHAP_YR(5.1.0),AE,A,AED,FCSC,ANN_CHAP,TNOEXP,_Z,73,_Z,2017,8559042907.87,,,,0
FCSA:DF_TRADE_TOT_CHAP_YR(5.1.0),AE,A,AED,FCSC,ANN_CHAP,TNOEXP,_Z,73,_Z,2018,12425004144.41,,,,0
FCSA:DF_TRADE_TOT_CHAP_YR(5.1.0),AE,A,AED,FCSC,ANN_CHAP,TNOEXP,_Z,73,_Z,2019,13858670422.25,,,,0
FCSA:DF_TRADE_TOT_CHAP_YR(5.1.0),AE,A,AED,FCSC,ANN_CHAP,TNOEXP,_Z,73,_Z,2020,12495875714.00,,,,0
FCSA:DF_TRADE_TOT_CHAP_YR(5.1.0),AE,A,AED,FCSC,ANN_CHAP,TNOEXP,_Z,73,_Z,2021,13839496436.41,,,,0
FCSA:DF_TRADE_TOT_CHAP_YR(5.1.0),AE,A,AED,FCSC,ANN_CHAP,TNOEXP,_Z,73,_Z,2022,17670065933.94,,,,0
FCSA:DF_TRADE_TOT_CHAP_YR(5.1.0),AE,A,AED,FCSC,ANN_CHAP,TNOEXP,_Z,73,_Z,2023,18384173154.73,,,,0
FCSA:DF_TRADE_TOT_CHAP_YR(5.1.0),AE,A,AED,FCSC,ANN_CHAP,TNOEXP,_Z,73,_Z,2024,21262012031.31,,,,0
FCSA:DF_TRADE_TOT_CHAP_YR(5.1.0),AE,A,AED,FCSC,ANN_CHAP,TNOEXP,_Z,52,_Z,2017,323852103.29,,,,0
FCSA:DF_TRADE_TOT_CHAP_YR(5.1.0),AE,A,AED,FCSC,ANN_CHAP,TNOEXP,_Z,52,_Z,2018,204645339.72,,,,0
FCSA:DF_TRADE_TOT_CHAP_YR(5.1.0),AE,A,AED,FCSC,ANN_CHAP,TNOEXP,_Z,52,_Z,2019,182794110.89,,,,0
FCSA:DF_TRADE_TOT_CHAP_YR(5.1.0),AE,A,AED,FCSC,ANN_CHAP,TNOEXP,_Z,52,_Z,2020,157594817.93,,,,0
FCSA:DF_TRADE_TOT_CHAP_YR(5.1.0),AE,A,AED,FCSC,ANN_CHAP,TNOEXP,_Z,52,_Z,2021,203085460.40,,,,0
FCSA:DF_TRADE_TOT_CHAP_YR(5.1.0),AE,A,AED,FCSC,ANN_CHAP,TNOEXP,_Z,52,_Z,2022,290404921.69,,,,0
FCSA:DF_TRADE_TOT_CHAP_YR(5.1.0),AE,A,AED,FCSC,ANN_CHAP,TNOEXP,_Z,52,_Z,2023,220891318.93,,,,0
FCSA:DF_TRADE_TOT_CHAP_YR(5.1.0),AE,A,AED,FCSC,ANN_CHAP,TNOEXP,_Z,52,_Z,2024,378981967.62,,,,0
FCSA:DF_TRADE_TOT_CHAP_YR(5.1.0),AE,A,AED,FCSC,ANN_CHAP,REEXP,_Z,64,_Z,2017,3024263133.02,,,,0
FCSA:DF_TRADE_TOT_CHAP_YR(5.1.0),AE,A,AED,FCSC,ANN_CHAP,REEXP,_Z,64,_Z,2018,3325426699.43,,,,0
FCSA:DF_TRADE_TOT_CHAP_YR(5.1.0),AE,A,AED,FCSC,ANN_CHAP,REEXP,_Z,64,_Z,2019,3710800787.07,,,,0
FCSA:DF_TRADE_TOT_CHAP_YR(5.1.0),AE,A,AED,FCSC,ANN_CHAP,REEXP,_Z,64,_Z,2020,3084363565.61,,,,0
FCSA:DF_TRADE_TOT_CHAP_YR(5.1.0),AE,A,AED,FCSC,ANN_CHAP,REEXP,_Z,64,_Z,2021,4237346719.37,,,,0
FCSA:DF_TRADE_TOT_CHAP_YR(5.1.0),AE,A,AED,FCSC,ANN_CHAP,REEXP,_Z,64,_Z,2022,5268056042.44,,,,0
FCSA:DF_TRADE_TOT_CHAP_YR(5.1.0),AE,A,AED,FCSC,ANN_CHAP,REEXP,_Z,64,_Z,2023,6334258486.75,,,,0
FCSA:DF_TRADE_TOT_CHAP_YR(5.1.0),AE,A,AED,FCSC,ANN_CHAP,REEXP,_Z,64,_Z,2024,6960037595.31,,,,0
FCSA:DF_TRADE_TOT_CHAP_YR(5.1.0),AE,A,AED,FCSC,ANN_CHAP,TTRADE,_Z,95,_Z,2017,6401177653.46,,,,0
FCSA:DF_TRADE_TOT_CHAP_YR(5.1.0),AE,A,AED,FCSC,ANN_CHAP,TTRADE,_Z,95,_Z,2018,5589867029.95,,,,0
FCSA:DF_TRADE_TOT_CHAP_YR(5.1.0),AE,A,AED,FCSC,ANN_CHAP,TTRADE,_Z,95,_Z,2019,5329088418.81,,,,0
FCSA:DF_TRADE_TOT_CHAP_YR(5.1.0),AE,A,AED,FCSC,ANN_CHAP,TTRADE,_Z,95,_Z,2020,4884523592.77,,,,0
FCSA:DF_TRADE_TOT_CHAP_YR(5.1.0),AE,A,AED,FCSC,ANN_CHAP,TTRADE,_Z,95,_Z,2021,6551557309.15,,,,0
FCSA:DF_TRADE_TOT_CHAP_YR(5.1.0),AE,A,AED,FCSC,ANN_CHAP,TTRADE,_Z,95,_Z,2022,8715225606.59,,,,0
FCSA:DF_TRADE_TOT_CHAP_YR(5.1.0),AE,A,AED,FCSC,ANN_CHAP,TTRADE,_Z,95,_Z,2023,9789191253.10,,,,0
FCSA:DF_TRADE_TOT_CHAP_YR(5.1.0),AE,A,AED,FCSC,ANN_CHAP,TTRADE,_Z,95,_Z,2024,11447542373.64,,,,0
FCSA:DF_TRADE_TOT_CHAP_YR(5.1.0),AE,A,AED,FCSC,ANN_CHAP,NOEXP,_Z,42,_Z,2017,32692854.65,,,,0
FCSA:DF_TRADE_TOT_CHAP_YR(5.1.0),AE,A,AED,FCSC,ANN_CHAP,NOEXP,_Z,42,_Z,2018,30753030.90,,,,0
FCSA:DF_TRADE_TOT_CHAP_YR(5.1.0),AE,A,AED,FCSC,ANN_CHAP,NOEXP,_Z,42,_Z,2019,37885868.38,,,,0
FCSA:DF_TRADE_TOT_CHAP_YR(5.1.0),AE,A,AED,FCSC,ANN_CHAP,NOEXP,_Z,42,_Z,2020,29824823.82,,,,0
FCSA:DF_TRADE_TOT_CHAP_YR(5.1.0),AE,A,AED,FCSC,ANN_CHAP,NOEXP,_Z,42,_Z,2021,49007540.67,,,,0
FCSA:DF_TRADE_TOT_CHAP_YR(5.1.0),AE,A,AED,FCSC,ANN_CHAP,NOEXP,_Z,42,_Z,2022,36201919.31,,,,0
FCSA:DF_TRADE_TOT_CHAP_YR(5.1.0),AE,A,AED,FCSC,ANN_CHAP,NOEXP,_Z,42,_Z,2023,22412819.99,,,,0
FCSA:DF_TRADE_TOT_CHAP_YR(5.1.0),AE,A,AED,FCSC,ANN_CHAP,NOEXP,_Z,42,_Z,2024,24104030.68,,,,0
FCSA:DF_TRADE_TOT_CHAP_YR(5.1.0),AE,A,AED,FCSC,ANN_CHAP,TTRADE,_Z,74,_Z,2017,15205903074.86,,,,0
FCSA:DF_TRADE_TOT_CHAP_YR(5.1.0),AE,A,AED,FCSC,ANN_CHAP,TTRADE,_Z,74,_Z,2018,23458745595.79,,,,0
FCSA:DF_TRADE_TOT_CHAP_YR(5.1.0),AE,A,AED,FCSC,ANN_CHAP,TTRADE,_Z,74,_Z,2019,21580902394.45,,,,0
FCSA:DF_TRADE_TOT_CHAP_YR(5.1.0),AE,A,AED,FCSC,ANN_CHAP,TTRADE,_Z,74,_Z,2020,18269458765.45,,,,0
FCSA:DF_TRADE_TOT_CHAP_YR(5.1.0),AE,A,AED,FCSC,ANN_CHAP,TTRADE,_Z,74,_Z,2021,26636255255.47,,,,0
FCSA:DF_TRADE_TOT_CHAP_YR(5.1.0),AE,A,AED,FCSC,ANN_CHAP,TTRADE,_Z,74,_Z,2022,30334923302.51,,,,0
FCSA:DF_TRADE_TOT_CHAP_YR(5.1.0),AE,A,AED,FCSC,ANN_CHAP,TTRADE,_Z,74,_Z,2023,31730040672.56,,,,0
FCSA:DF_TRADE_TOT_CHAP_YR(5.1.0),AE,A,AED,FCSC,ANN_CHAP,TTRADE,_Z,74,_Z,2024,35869721170.50,,,,0
FCSA:DF_TRADE_TOT_CHAP_YR(5.1.0),AE,A,AED,FCSC,ANN_CHAP,IMP,_Z,72,_Z,2017,16270129516.99,,,,0
FCSA:DF_TRADE_TOT_CHAP_YR(5.1.0),AE,A,AED,FCSC,ANN_CHAP,IMP,_Z,72,_Z,2018,19167828217.39,,,,0
FCSA:DF_TRADE_TOT_CHAP_YR(5.1.0),AE,A,AED,FCSC,ANN_CHAP,IMP,_Z,72,_Z,2019,15833029055.38,,,,0
FCSA:DF_TRADE_TOT_CHAP_YR(5.1.0),AE,A,AED,FCSC,ANN_CHAP,IMP,_Z,72,_Z,2020,13397662102.40,,,,0
FCSA:DF_TRADE_TOT_CHAP_YR(5.1.0),AE,A,AED,FCSC,ANN_CHAP,IMP,_Z,72,_Z,2021,20278649817.93,,,,0
FCSA:DF_TRADE_TOT_CHAP_YR(5.1.0),AE,A,AED,FCSC,ANN_CHAP,IMP,_Z,72,_Z,2022,22208386279.54,,,,0
FCSA:DF_TRADE_TOT_CHAP_YR(5.1.0),AE,A,AED,FCSC,ANN_CHAP,IMP,_Z,72,_Z,2023,22932199355.21,,,,0
FCSA:DF_TRADE_TOT_CHAP_YR(5.1.0),AE,A,AED,FCSC,ANN_CHAP,IMP,_Z,72,_Z,2024,25001936476.06,,,,0
FCSA:DF_TRADE_TOT_CHAP_YR(5.1.0),AE,A,AED,FCSC,ANN_CHAP,NOEXP,_Z,29,_Z,2017,167959475.51,,,,0
FCSA:DF_TRADE_TOT_CHAP_YR(5.1.0),AE,A,AED,FCSC,ANN_CHAP,NOEXP,_Z,29,_Z,2018,165716043.61,,,,0
FCSA:DF_TRADE_TOT_CHAP_YR(5.1.0),AE,A,AED,FCSC,ANN_CHAP,NOEXP,_Z,29,_Z,2019,1096242716.87,,,,0
FCSA:DF_TRADE_TOT_CHAP_YR(5.1.0),AE,A,AED,FCSC,ANN_CHAP,NOEXP,_Z,29,_Z,2020,510739225.44,,,,0
FCSA:DF_TRADE_TOT_CHAP_YR(5.1.0),AE,A,AED,FCSC,ANN_CHAP,NOEXP,_Z,29,_Z,2021,756742917.16,,,,0
FCSA:DF_TRADE_TOT_CHAP_YR(5.1.0),AE,A,AED,FCSC,ANN_CHAP,NOEXP,_Z,29,_Z,2022,1250326529.86,,,,0
FCSA:DF_TRADE_TOT_CHAP_YR(5.1.0),AE,A,AED,FCSC,ANN_CHAP,NOEXP,_Z,29,_Z,2023,1346926519.54,,,,0
FCSA:DF_TRADE_TOT_CHAP_YR(5.1.0),AE,A,AED,FCSC,ANN_CHAP,NOEXP,_Z,29,_Z,2024,1158453240.67,,,,0
FCSA:DF_TRADE_TOT_CHAP_YR(5.1.0),AE,A,AED,FCSC,ANN_CHAP,REEXP,_Z,17,_Z,2017,523191050.13,,,,0
FCSA:DF_TRADE_TOT_CHAP_YR(5.1.0),AE,A,AED,FCSC,ANN_CHAP,REEXP,_Z,17,_Z,2018,429275741.56,,,,0
FCSA:DF_TRADE_TOT_CHAP_YR(5.1.0),AE,A,AED,FCSC,ANN_CHAP,REEXP,_Z,17,_Z,2019,458597288.01,,,,0
FCSA:DF_TRADE_TOT_CHAP_YR(5.1.0),AE,A,AED,FCSC,ANN_CHAP,REEXP,_Z,17,_Z,2020,606092702.42,,,,0
FCSA:DF_TRADE_TOT_CHAP_YR(5.1.0),AE,A,AED,FCSC,ANN_CHAP,REEXP,_Z,17,_Z,2021,516172351.75,,,,0
FCSA:DF_TRADE_TOT_CHAP_YR(5.1.0),AE,A,AED,FCSC,ANN_CHAP,REEXP,_Z,17,_Z,2022,942144110.87,,,,0
FCSA:DF_TRADE_TOT_CHAP_YR(5.1.0),AE,A,AED,FCSC,ANN_CHAP,REEXP,_Z,17,_Z,2023,925554736.49,,,,0
FCSA:DF_TRADE_TOT_CHAP_YR(5.1.0),AE,A,AED,FCSC,ANN_CHAP,REEXP,_Z,17,_Z,2024,796935721.02,,,,0
FCSA:DF_TRADE_TOT_CHAP_YR(5.1.0),AE,A,AED,FCSC,ANN_CHAP,REEXP,_Z,30,_Z,2017,2534588957.19,,,,0
FCSA:DF_TRADE_TOT_CHAP_YR(5.1.0),AE,A,AED,FCSC,ANN_CHAP,REEXP,_Z,30,_Z,2018,3759076797.26,,,,0
FCSA:DF_TRADE_TOT_CHAP_YR(5.1.0),AE,A,AED,FCSC,ANN_CHAP,REEXP,_Z,30,_Z,2019,3533806450.24,,,,0
FCSA:DF_TRADE_TOT_CHAP_YR(5.1.0),AE,A,AED,FCSC,ANN_CHAP,REEXP,_Z,30,_Z,2020,4680528558.01,,,,0
FCSA:DF_TRADE_TOT_CHAP_YR(5.1.0),AE,A,AED,FCSC,ANN_CHAP,REEXP,_Z,30,_Z,2021,7048363132.29,,,,0
FCSA:DF_TRADE_TOT_CHAP_YR(5.1.0),AE,A,AED,FCSC,ANN_CHAP,REEXP,_Z,30,_Z,2022,5799350168.30,,,,0
FCSA:DF_TRADE_TOT_CHAP_YR(5.1.0),AE,A,AED,FCSC,ANN_CHAP,REEXP,_Z,30,_Z,2023,5677588412.50,,,,0
FCSA:DF_TRADE_TOT_CHAP_YR(5.1.0),AE,A,AED,FCSC,ANN_CHAP,REEXP,_Z,30,_Z,2024,5853378930.89,,,,0
FCSA:DF_TRADE_TOT_CHAP_YR(5.1.0),AE,A,AED,FCSC,ANN_CHAP,REEXP,_Z,51,_Z,2017,32131788.18,,,,0
FCSA:DF_TRADE_TOT_CHAP_YR(5.1.0),AE,A,AED,FCSC,ANN_CHAP,REEXP,_Z,51,_Z,2018,52749456.33,,,,0
FCSA:DF_TRADE_TOT_CHAP_YR(5.1.0),AE,A,AED,FCSC,ANN_CHAP,REEXP,_Z,51,_Z,2019,80429722.63,,,,0
FCSA:DF_TRADE_TOT_CHAP_YR(5.1.0),AE,A,AED,FCSC,ANN_CHAP,REEXP,_Z,51,_Z,2020,42417490.64,,,,0
FCSA:DF_TRADE_TOT_CHAP_YR(5.1.0),AE,A,AED,FCSC,ANN_CHAP,REEXP,_Z,51,_Z,2021,50689155.51,,,,0
FCSA:DF_TRADE_TOT_CHAP_YR(5.1.0),AE,A,AED,FCSC,ANN_CHAP,REEXP,_Z,51,_Z,2022,54800076.69,,,,0
FCSA:DF_TRADE_TOT_CHAP_YR(5.1.0),AE,A,AED,FCSC,ANN_CHAP,REEXP,_Z,51,_Z,2023,43702705.87,,,,0
FCSA:DF_TRADE_TOT_CHAP_YR(5.1.0),AE,A,AED,FCSC,ANN_CHAP,REEXP,_Z,51,_Z,2024,46451048.08,,,,0
FCSA:DF_TRADE_TOT_CHAP_YR(5.1.0),AE,A,AED,FCSC,ANN_CHAP,IMP,_Z,87,_Z,2017,80709449133.82,,,,0
FCSA:DF_TRADE_TOT_CHAP_YR(5.1.0),AE,A,AED,FCSC,ANN_CHAP,IMP,_Z,87,_Z,2018,75147299305.21,,,,0
FCSA:DF_TRADE_TOT_CHAP_YR(5.1.0),AE,A,AED,FCSC,ANN_CHAP,IMP,_Z,87,_Z,2019,70619200720.90,,,,0
FCSA:DF_TRADE_TOT_CHAP_YR(5.1.0),AE,A,AED,FCSC,ANN_CHAP,IMP,_Z,87,_Z,2020,55953506026.56,,,,0
FCSA:DF_TRADE_TOT_CHAP_YR(5.1.0),AE,A,AED,FCSC,ANN_CHAP,IMP,_Z,87,_Z,2021,67636982869.34,,,,0
FCSA:DF_TRADE_TOT_CHAP_YR(5.1.0),AE,A,AED,FCSC,ANN_CHAP,IMP,_Z,87,_Z,2022,87546964133.67,,,,0
FCSA:DF_TRADE_TOT_CHAP_YR(5.1.0),AE,A,AED,FCSC,ANN_CHAP,IMP,_Z,87,_Z,2023,123636598961.20,,,,0
FCSA:DF_TRADE_TOT_CHAP_YR(5.1.0),AE,A,AED,FCSC,ANN_CHAP,IMP,_Z,87,_Z,2024,140047953896.47,,,,0
FCSA:DF_TRADE_TOT_CHAP_YR(5.1.0),AE,A,AED,FCSC,ANN_CHAP,IMP,_Z,20,_Z,2017,2154893671.14,,,,0
FCSA:DF_TRADE_TOT_CHAP_YR(5.1.0),AE,A,AED,FCSC,ANN_CHAP,IMP,_Z,20,_Z,2018,1994026828.70,,,,0
FCSA:DF_TRADE_TOT_CHAP_YR(5.1.0),AE,A,AED,FCSC,ANN_CHAP,IMP,_Z,20,_Z,2019,2047477471.32,,,,0
FCSA:DF_TRADE_TOT_CHAP_YR(5.1.0),AE,A,AED,FCSC,ANN_CHAP,IMP,_Z,20,_Z,2020,1762660133.97,,,,0
FCSA:DF_TRADE_TOT_CHAP_YR(5.1.0),AE,A,AED,FCSC,ANN_CHAP,IMP,_Z,20,_Z,2021,1856925840.86,,,,0
FCSA:DF_TRADE_TOT_CHAP_YR(5.1.0),AE,A,AED,FCSC,ANN_CHAP,IMP,_Z,20,_Z,2022,2327172867.59,,,,0
FCSA:DF_TRADE_TOT_CHAP_YR(5.1.0),AE,A,AED,FCSC,ANN_CHAP,IMP,_Z,20,_Z,2023,2557760704.29,,,,0
FCSA:DF_TRADE_TOT_CHAP_YR(5.1.0),AE,A,AED,FCSC,ANN_CHAP,IMP,_Z,20,_Z,2024,2865613063.78,,,,0
FCSA:DF_TRADE_TOT_CHAP_YR(5.1.0),AE,A,AED,FCSC,ANN_CHAP,NOEXP,_Z,96,_Z,2017,36181746.82,,,,0
FCSA:DF_TRADE_TOT_CHAP_YR(5.1.0),AE,A,AED,FCSC,ANN_CHAP,NOEXP,_Z,96,_Z,2018,31152712.59,,,,0
FCSA:DF_TRADE_TOT_CHAP_YR(5.1.0),AE,A,AED,FCSC,ANN_CHAP,NOEXP,_Z,96,_Z,2019,17658534.62,,,,0
FCSA:DF_TRADE_TOT_CHAP_YR(5.1.0),AE,A,AED,FCSC,ANN_CHAP,NOEXP,_Z,96,_Z,2020,18612898.21,,,,0
FCSA:DF_TRADE_TOT_CHAP_YR(5.1.0),AE,A,AED,FCSC,ANN_CHAP,NOEXP,_Z,96,_Z,2021,21282392.35,,,,0
FCSA:DF_TRADE_TOT_CHAP_YR(5.1.0),AE,A,AED,FCSC,ANN_CHAP,NOEXP,_Z,96,_Z,2022,92232194.17,,,,0
FCSA:DF_TRADE_TOT_CHAP_YR(5.1.0),AE,A,AED,FCSC,ANN_CHAP,NOEXP,_Z,96,_Z,2023,65747435.70,,,,0
FCSA:DF_TRADE_TOT_CHAP_YR(5.1.0),AE,A,AED,FCSC,ANN_CHAP,NOEXP,_Z,96,_Z,2024,83685500.48,,,,0
FCSA:DF_TRADE_TOT_CHAP_YR(5.1.0),AE,A,AED,FCSC,ANN_CHAP,TTRADE,_Z,89,_Z,2017,5517285616.01,,,,0
FCSA:DF_TRADE_TOT_CHAP_YR(5.1.0),AE,A,AED,FCSC,ANN_CHAP,TTRADE,_Z,89,_Z,2018,5464984096.73,,,,0
FCSA:DF_TRADE_TOT_CHAP_YR(5.1.0),AE,A,AED,FCSC,ANN_CHAP,TTRADE,_Z,89,_Z,2019,2934894235.23,,,,0
FCSA:DF_TRADE_TOT_CHAP_YR(5.1.0),AE,A,AED,FCSC,ANN_CHAP,TTRADE,_Z,89,_Z,2020,2473700300.09,,,,0
FCSA:DF_TRADE_TOT_CHAP_YR(5.1.0),AE,A,AED,FCSC,ANN_CHAP,TTRADE,_Z,89,_Z,2021,4552674222.09,,,,0
FCSA:DF_TRADE_TOT_CHAP_YR(5.1.0),AE,A,AED,FCSC,ANN_CHAP,TTRADE,_Z,89,_Z,2022,4945460165.08,,,,0
FCSA:DF_TRADE_TOT_CHAP_YR(5.1.0),AE,A,AED,FCSC,ANN_CHAP,TTRADE,_Z,89,_Z,2023,6162465218.40,,,,0
FCSA:DF_TRADE_TOT_CHAP_YR(5.1.0),AE,A,AED,FCSC,ANN_CHAP,TTRADE,_Z,89,_Z,2024,4414829051.79,,,,0
FCSA:DF_TRADE_TOT_CHAP_YR(5.1.0),AE,A,AED,FCSC,ANN_CHAP,NOEXP,_Z,57,_Z,2017,273675344.79,,,,0
FCSA:DF_TRADE_TOT_CHAP_YR(5.1.0),AE,A,AED,FCSC,ANN_CHAP,NOEXP,_Z,57,_Z,2018,382560386.66,,,,0
FCSA:DF_TRADE_TOT_CHAP_YR(5.1.0),AE,A,AED,FCSC,ANN_CHAP,NOEXP,_Z,57,_Z,2019,423824235.12,,,,0
FCSA:DF_TRADE_TOT_CHAP_YR(5.1.0),AE,A,AED,FCSC,ANN_CHAP,NOEXP,_Z,57,_Z,2020,418638830.60,,,,0
FCSA:DF_TRADE_TOT_CHAP_YR(5.1.0),AE,A,AED,FCSC,ANN_CHAP,NOEXP,_Z,57,_Z,2021,681007244.55,,,,0
FCSA:DF_TRADE_TOT_CHAP_YR(5.1.0),AE,A,AED,FCSC,ANN_CHAP,NOEXP,_Z,57,_Z,2022,529692418.49,,,,0
FCSA:DF_TRADE_TOT_CHAP_YR(5.1.0),AE,A,AED,FCSC,ANN_CHAP,NOEXP,_Z,57,_Z,2023,470936650.38,,,,0
FCSA:DF_TRADE_TOT_CHAP_YR(5.1.0),AE,A,AED,FCSC,ANN_CHAP,NOEXP,_Z,57,_Z,2024,514667559.49,,,,0
FCSA:DF_TRADE_TOT_CHAP_YR(5.1.0),AE,A,AED,FCSC,ANN_CHAP,IMP,_Z,35,_Z,2017,506386751.92,,,,0
FCSA:DF_TRADE_TOT_CHAP_YR(5.1.0),AE,A,AED,FCSC,ANN_CHAP,IMP,_Z,35,_Z,2018,540136516.36,,,,0
FCSA:DF_TRADE_TOT_CHAP_YR(5.1.0),AE,A,AED,FCSC,ANN_CHAP,IMP,_Z,35,_Z,2019,611986846.27,,,,0
FCSA:DF_TRADE_TOT_CHAP_YR(5.1.0),AE,A,AED,FCSC,ANN_CHAP,IMP,_Z,35,_Z,2020,597510214.92,,,,0
FCSA:DF_TRADE_TOT_CHAP_YR(5.1.0),AE,A,AED,FCSC,ANN_CHAP,IMP,_Z,35,_Z,2021,677391556.22,,,,0
FCSA:DF_TRADE_TOT_CHAP_YR(5.1.0),AE,A,AED,FCSC,ANN_CHAP,IMP,_Z,35,_Z,2022,899478032.87,,,,0
FCSA:DF_TRADE_TOT_CHAP_YR(5.1.0),AE,A,AED,FCSC,ANN_CHAP,IMP,_Z,35,_Z,2023,976293284.94,,,,0
FCSA:DF_TRADE_TOT_CHAP_YR(5.1.0),AE,A,AED,FCSC,ANN_CHAP,IMP,_Z,35,_Z,2024,1101046768.61,,,,0
FCSA:DF_TRADE_TOT_CHAP_YR(5.1.0),AE,A,AED,FCSC,ANN_CHAP,TTRADE,_Z,63,_Z,2017,3633472416.67,,,,0
FCSA:DF_TRADE_TOT_CHAP_YR(5.1.0),AE,A,AED,FCSC,ANN_CHAP,TTRADE,_Z,63,_Z,2018,3563047147.43,,,,0
FCSA:DF_TRADE_TOT_CHAP_YR(5.1.0),AE,A,AED,FCSC,ANN_CHAP,TTRADE,_Z,63,_Z,2019,3888081042.46,,,,0
FCSA:DF_TRADE_TOT_CHAP_YR(5.1.0),AE,A,AED,FCSC,ANN_CHAP,TTRADE,_Z,63,_Z,2020,4832269271.84,,,,0
FCSA:DF_TRADE_TOT_CHAP_YR(5.1.0),AE,A,AED,FCSC,ANN_CHAP,TTRADE,_Z,63,_Z,2021,4793262509.78,,,,0
FCSA:DF_TRADE_TOT_CHAP_YR(5.1.0),AE,A,AED,FCSC,ANN_CHAP,TTRADE,_Z,63,_Z,2022,4878568926.47,,,,0
FCSA:DF_TRADE_TOT_CHAP_YR(5.1.0),AE,A,AED,FCSC,ANN_CHAP,TTRADE,_Z,63,_Z,2023,4993033282.70,,,,0
FCSA:DF_TRADE_TOT_CHAP_YR(5.1.0),AE,A,AED,FCSC,ANN_CHAP,TTRADE,_Z,63,_Z,2024,5273083324.76,,,,0
FCSA:DF_TRADE_TOT_CHAP_YR(5.1.0),AE,A,AED,FCSC,ANN_CHAP,NOEXP,_Z,31,_Z,2017,183464251.46,,,,0
FCSA:DF_TRADE_TOT_CHAP_YR(5.1.0),AE,A,AED,FCSC,ANN_CHAP,NOEXP,_Z,31,_Z,2018,202724975.59,,,,0
FCSA:DF_TRADE_TOT_CHAP_YR(5.1.0),AE,A,AED,FCSC,ANN_CHAP,NOEXP,_Z,31,_Z,2019,137505482.17,,,,0
FCSA:DF_TRADE_TOT_CHAP_YR(5.1.0),AE,A,AED,FCSC,ANN_CHAP,NOEXP,_Z,31,_Z,2020,76043786.73,,,,0
FCSA:DF_TRADE_TOT_CHAP_YR(5.1.0),AE,A,AED,FCSC,ANN_CHAP,NOEXP,_Z,31,_Z,2021,98792036.25,,,,0
FCSA:DF_TRADE_TOT_CHAP_YR(5.1.0),AE,A,AED,FCSC,ANN_CHAP,NOEXP,_Z,31,_Z,2022,110609376.18,,,,0
FCSA:DF_TRADE_TOT_CHAP_YR(5.1.0),AE,A,AED,FCSC,ANN_CHAP,NOEXP,_Z,31,_Z,2023,89524783.11,,,,0
FCSA:DF_TRADE_TOT_CHAP_YR(5.1.0),AE,A,AED,FCSC,ANN_CHAP,NOEXP,_Z,31,_Z,2024,119575088.75,,,,0
FCSA:DF_TRADE_TOT_CHAP_YR(5.1.0),AE,A,AED,FCSC,ANN_CHAP,IMP,_Z,9,_Z,2017,2697431528.51,,,,0
FCSA:DF_TRADE_TOT_CHAP_YR(5.1.0),AE,A,AED,FCSC,ANN_CHAP,IMP,_Z,9,_Z,2018,2687478868.58,,,,0
FCSA:DF_TRADE_TOT_CHAP_YR(5.1.0),AE,A,AED,FCSC,ANN_CHAP,IMP,_Z,9,_Z,2019,2508894681.37,,,,0
FCSA:DF_TRADE_TOT_CHAP_YR(5.1.0),AE,A,AED,FCSC,ANN_CHAP,IMP,_Z,9,_Z,2020,2726082712.37,,,,0
FCSA:DF_TRADE_TOT_CHAP_YR(5.1.0),AE,A,AED,FCSC,ANN_CHAP,IMP,_Z,9,_Z,2021,3035594805.04,,,,0
FCSA:DF_TRADE_TOT_CHAP_YR(5.1.0),AE,A,AED,FCSC,ANN_CHAP,IMP,_Z,9,_Z,2022,3831810191.95,,,,0
FCSA:DF_TRADE_TOT_CHAP_YR(5.1.0),AE,A,AED,FCSC,ANN_CHAP,IMP,_Z,9,_Z,2023,3867884235.76,,,,0
FCSA:DF_TRADE_TOT_CHAP_YR(5.1.0),AE,A,AED,FCSC,ANN_CHAP,IMP,_Z,9,_Z,2024,5311966628.71,,,,0
FCSA:DF_TRADE_TOT_CHAP_YR(5.1.0),AE,A,AED,FCSC,ANN_CHAP,TTRADE,_Z,37,_Z,2017,1851263674.91,,,,0
FCSA:DF_TRADE_TOT_CHAP_YR(5.1.0),AE,A,AED,FCSC,ANN_CHAP,TTRADE,_Z,37,_Z,2018,1003164480.95,,,,0
FCSA:DF_TRADE_TOT_CHAP_YR(5.1.0),AE,A,AED,FCSC,ANN_CHAP,TTRADE,_Z,37,_Z,2019,811675041.95,,,,0
FCSA:DF_TRADE_TOT_CHAP_YR(5.1.0),AE,A,AED,FCSC,ANN_CHAP,TTRADE,_Z,37,_Z,2020,548809216.29,,,,0
FCSA:DF_TRADE_TOT_CHAP_YR(5.1.0),AE,A,AED,FCSC,ANN_CHAP,TTRADE,_Z,37,_Z,2021,606498255.77,,,,0
FCSA:DF_TRADE_TOT_CHAP_YR(5.1.0),AE,A,AED,FCSC,ANN_CHAP,TTRADE,_Z,37,_Z,2022,618765354.19,,,,0
FCSA:DF_TRADE_TOT_CHAP_YR(5.1.0),AE,A,AED,FCSC,ANN_CHAP,TTRADE,_Z,37,_Z,2023,761837427.91,,,,0
FCSA:DF_TRADE_TOT_CHAP_YR(5.1.0),AE,A,AED,FCSC,ANN_CHAP,TTRADE,_Z,37,_Z,2024,826271528.08,,,,0
FCSA:DF_TRADE_TOT_CHAP_YR(5.1.0),AE,A,AED,FCSC,ANN_CHAP,TNOEXP,_Z,91,_Z,2017,2748740536.56,,,,0
FCSA:DF_TRADE_TOT_CHAP_YR(5.1.0),AE,A,AED,FCSC,ANN_CHAP,TNOEXP,_Z,91,_Z,2018,2834164391.31,,,,0
FCSA:DF_TRADE_TOT_CHAP_YR(5.1.0),AE,A,AED,FCSC,ANN_CHAP,TNOEXP,_Z,91,_Z,2019,3118193554.28,,,,0
FCSA:DF_TRADE_TOT_CHAP_YR(5.1.0),AE,A,AED,FCSC,ANN_CHAP,TNOEXP,_Z,91,_Z,2020,2585878069.26,,,,0
FCSA:DF_TRADE_TOT_CHAP_YR(5.1.0),AE,A,AED,FCSC,ANN_CHAP,TNOEXP,_Z,91,_Z,2021,4327905848.69,,,,0
FCSA:DF_TRADE_TOT_CHAP_YR(5.1.0),AE,A,AED,FCSC,ANN_CHAP,TNOEXP,_Z,91,_Z,2022,5142840785.57,,,,0
FCSA:DF_TRADE_TOT_CHAP_YR(5.1.0),AE,A,AED,FCSC,ANN_CHAP,TNOEXP,_Z,91,_Z,2023,5183961257.33,,,,0
FCSA:DF_TRADE_TOT_CHAP_YR(5.1.0),AE,A,AED,FCSC,ANN_CHAP,TNOEXP,_Z,91,_Z,2024,5082429965.45,,,,0
FCSA:DF_TRADE_TOT_CHAP_YR(5.1.0),AE,A,AED,FCSC,ANN_CHAP,TTRADE,_Z,11,_Z,2017,640057341.27,,,,0
FCSA:DF_TRADE_TOT_CHAP_YR(5.1.0),AE,A,AED,FCSC,ANN_CHAP,TTRADE,_Z,11,_Z,2018,771362919.93,,,,0
FCSA:DF_TRADE_TOT_CHAP_YR(5.1.0),AE,A,AED,FCSC,ANN_CHAP,TTRADE,_Z,11,_Z,2019,862595408.42,,,,0
FCSA:DF_TRADE_TOT_CHAP_YR(5.1.0),AE,A,AED,FCSC,ANN_CHAP,TTRADE,_Z,11,_Z,2020,818564442.05,,,,0
FCSA:DF_TRADE_TOT_CHAP_YR(5.1.0),AE,A,AED,FCSC,ANN_CHAP,TTRADE,_Z,11,_Z,2021,904335768.31,,,,0
FCSA:DF_TRADE_TOT_CHAP_YR(5.1.0),AE,A,AED,FCSC,ANN_CHAP,TTRADE,_Z,11,_Z,2022,1244052739.05,,,,0
FCSA:DF_TRADE_TOT_CHAP_YR(5.1.0),AE,A,AED,FCSC,ANN_CHAP,TTRADE,_Z,11,_Z,2023,1197865972.51,,,,0
FCSA:DF_TRADE_TOT_CHAP_YR(5.1.0),AE,A,AED,FCSC,ANN_CHAP,TTRADE,_Z,11,_Z,2024,1142362611.06,,,,0
FCSA:DF_TRADE_TOT_CHAP_YR(5.1.0),AE,A,AED,FCSC,ANN_CHAP,REEXP,_Z,69,_Z,2017,639222912.15,,,,0
FCSA:DF_TRADE_TOT_CHAP_YR(5.1.0),AE,A,AED,FCSC,ANN_CHAP,REEXP,_Z,69,_Z,2018,516828907.13,,,,0
FCSA:DF_TRADE_TOT_CHAP_YR(5.1.0),AE,A,AED,FCSC,ANN_CHAP,REEXP,_Z,69,_Z,2019,564230404.03,,,,0
FCSA:DF_TRADE_TOT_CHAP_YR(5.1.0),AE,A,AED,FCSC,ANN_CHAP,REEXP,_Z,69,_Z,2020,483670740.44,,,,0
FCSA:DF_TRADE_TOT_CHAP_YR(5.1.0),AE,A,AED,FCSC,ANN_CHAP,REEXP,_Z,69,_Z,2021,584919470.93,,,,0
FCSA:DF_TRADE_TOT_CHAP_YR(5.1.0),AE,A,AED,FCSC,ANN_CHAP,REEXP,_Z,69,_Z,2022,779921596.59,,,,0
FCSA:DF_TRADE_TOT_CHAP_YR(5.1.0),AE,A,AED,FCSC,ANN_CHAP,REEXP,_Z,69,_Z,2023,864118951.92,,,,0
FCSA:DF_TRADE_TOT_CHAP_YR(5.1.0),AE,A,AED,FCSC,ANN_CHAP,REEXP,_Z,69,_Z,2024,640198246.08,,,,0
FCSA:DF_TRADE_TOT_CHAP_YR(5.1.0),AE,A,AED,FCSC,ANN_CHAP,IMP,_Z,95,_Z,2017,4456127912.91,,,,0
FCSA:DF_TRADE_TOT_CHAP_YR(5.1.0),AE,A,AED,FCSC,ANN_CHAP,IMP,_Z,95,_Z,2018,3531907114.52,,,,0
FCSA:DF_TRADE_TOT_CHAP_YR(5.1.0),AE,A,AED,FCSC,ANN_CHAP,IMP,_Z,95,_Z,2019,3572206974.20,,,,0
FCSA:DF_TRADE_TOT_CHAP_YR(5.1.0),AE,A,AED,FCSC,ANN_CHAP,IMP,_Z,95,_Z,2020,3178098044.24,,,,0
FCSA:DF_TRADE_TOT_CHAP_YR(5.1.0),AE,A,AED,FCSC,ANN_CHAP,IMP,_Z,95,_Z,2021,4336187483.85,,,,0
FCSA:DF_TRADE_TOT_CHAP_YR(5.1.0),AE,A,AED,FCSC,ANN_CHAP,IMP,_Z,95,_Z,2022,5567481760.47,,,,0
FCSA:DF_TRADE_TOT_CHAP_YR(5.1.0),AE,A,AED,FCSC,ANN_CHAP,IMP,_Z,95,_Z,2023,6486603510.45,,,,0
FCSA:DF_TRADE_TOT_CHAP_YR(5.1.0),AE,A,AED,FCSC,ANN_CHAP,IMP,_Z,95,_Z,2024,7689412420.43,,,,0
FCSA:DF_TRADE_TOT_CHAP_YR(5.1.0),AE,A,AED,FCSC,ANN_CHAP,REEXP,_Z,9,_Z,2017,916688718.65,,,,0
FCSA:DF_TRADE_TOT_CHAP_YR(5.1.0),AE,A,AED,FCSC,ANN_CHAP,REEXP,_Z,9,_Z,2018,1051831217.79,,,,0
FCSA:DF_TRADE_TOT_CHAP_YR(5.1.0),AE,A,AED,FCSC,ANN_CHAP,REEXP,_Z,9,_Z,2019,1369211879.32,,,,0
FCSA:DF_TRADE_TOT_CHAP_YR(5.1.0),AE,A,AED,FCSC,ANN_CHAP,REEXP,_Z,9,_Z,2020,1481550837.27,,,,0
FCSA:DF_TRADE_TOT_CHAP_YR(5.1.0),AE,A,AED,FCSC,ANN_CHAP,REEXP,_Z,9,_Z,2021,1685176367.69,,,,0
FCSA:DF_TRADE_TOT_CHAP_YR(5.1.0),AE,A,AED,FCSC,ANN_CHAP,REEXP,_Z,9,_Z,2022,2180241727.22,,,,0
FCSA:DF_TRADE_TOT_CHAP_YR(5.1.0),AE,A,AED,FCSC,ANN_CHAP,REEXP,_Z,9,_Z,2023,2191420200.92,,,,0
FCSA:DF_TRADE_TOT_CHAP_YR(5.1.0),AE,A,AED,FCSC,ANN_CHAP,REEXP,_Z,9,_Z,2024,3319340005.17,,,,0
FCSA:DF_TRADE_TOT_CHAP_YR(5.1.0),AE,A,AED,FCSC,ANN_CHAP,REEXP,_Z,22,_Z,2017,1270593386.40,,,,0
FCSA:DF_TRADE_TOT_CHAP_YR(5.1.0),AE,A,AED,FCSC,ANN_CHAP,REEXP,_Z,22,_Z,2018,1500430376.64,,,,0
FCSA:DF_TRADE_TOT_CHAP_YR(5.1.0),AE,A,AED,FCSC,ANN_CHAP,REEXP,_Z,22,_Z,2019,1666503521.77,,,,0
FCSA:DF_TRADE_TOT_CHAP_YR(5.1.0),AE,A,AED,FCSC,ANN_CHAP,REEXP,_Z,22,_Z,2020,1632912175.80,,,,0
FCSA:DF_TRADE_TOT_CHAP_YR(5.1.0),AE,A,AED,FCSC,ANN_CHAP,REEXP,_Z,22,_Z,2021,2061009821.76,,,,0
FCSA:DF_TRADE_TOT_CHAP_YR(5.1.0),AE,A,AED,FCSC,ANN_CHAP,REEXP,_Z,22,_Z,2022,2649612372.56,,,,0
FCSA:DF_TRADE_TOT_CHAP_YR(5.1.0),AE,A,AED,FCSC,ANN_CHAP,REEXP,_Z,22,_Z,2023,2614189628.24,,,,0
FCSA:DF_TRADE_TOT_CHAP_YR(5.1.0),AE,A,AED,FCSC,ANN_CHAP,REEXP,_Z,22,_Z,2024,2322540379.10,,,,0
FCSA:DF_TRADE_TOT_CHAP_YR(5.1.0),AE,A,AED,FCSC,ANN_CHAP,TNOEXP,_Z,18,_Z,2017,927867510.84,,,,0
FCSA:DF_TRADE_TOT_CHAP_YR(5.1.0),AE,A,AED,FCSC,ANN_CHAP,TNOEXP,_Z,18,_Z,2018,1607570754.13,,,,0
FCSA:DF_TRADE_TOT_CHAP_YR(5.1.0),AE,A,AED,FCSC,ANN_CHAP,TNOEXP,_Z,18,_Z,2019,1652695993.95,,,,0
FCSA:DF_TRADE_TOT_CHAP_YR(5.1.0),AE,A,AED,FCSC,ANN_CHAP,TNOEXP,_Z,18,_Z,2020,1647190686.91,,,,0
FCSA:DF_TRADE_TOT_CHAP_YR(5.1.0),AE,A,AED,FCSC,ANN_CHAP,TNOEXP,_Z,18,_Z,2021,1579448600.82,,,,0
FCSA:DF_TRADE_TOT_CHAP_YR(5.1.0),AE,A,AED,FCSC,ANN_CHAP,TNOEXP,_Z,18,_Z,2022,1874141173.56,,,,0
FCSA:DF_TRADE_TOT_CHAP_YR(5.1.0),AE,A,AED,FCSC,ANN_CHAP,TNOEXP,_Z,18,_Z,2023,1596439755.48,,,,0
FCSA:DF_TRADE_TOT_CHAP_YR(5.1.0),AE,A,AED,FCSC,ANN_CHAP,TNOEXP,_Z,18,_Z,2024,1637899573.60,,,,0
FCSA:DF_TRADE_TOT_CHAP_YR(5.1.0),AE,A,AED,FCSC,ANN_CHAP,TTRADE,_Z,53,_Z,2017,72165574.97,,,,0
FCSA:DF_TRADE_TOT_CHAP_YR(5.1.0),AE,A,AED,FCSC,ANN_CHAP,TTRADE,_Z,53,_Z,2018,71119947.82,,,,0
FCSA:DF_TRADE_TOT_CHAP_YR(5.1.0),AE,A,AED,FCSC,ANN_CHAP,TTRADE,_Z,53,_Z,2019,60107641.24,,,,0
FCSA:DF_TRADE_TOT_CHAP_YR(5.1.0),AE,A,AED,FCSC,ANN_CHAP,TTRADE,_Z,53,_Z,2020,60411092.06,,,,0
FCSA:DF_TRADE_TOT_CHAP_YR(5.1.0),AE,A,AED,FCSC,ANN_CHAP,TTRADE,_Z,53,_Z,2021,111524410.20,,,,0
FCSA:DF_TRADE_TOT_CHAP_YR(5.1.0),AE,A,AED,FCSC,ANN_CHAP,TTRADE,_Z,53,_Z,2022,97640418.51,,,,0
FCSA:DF_TRADE_TOT_CHAP_YR(5.1.0),AE,A,AED,FCSC,ANN_CHAP,TTRADE,_Z,53,_Z,2023,83660819.49,,,,0
FCSA:DF_TRADE_TOT_CHAP_YR(5.1.0),AE,A,AED,FCSC,ANN_CHAP,TTRADE,_Z,53,_Z,2024,81268729.36,,,,0
FCSA:DF_TRADE_TOT_CHAP_YR(5.1.0),AE,A,AED,FCSC,ANN_CHAP,TNOEXP,_Z,10,_Z,2017,1237466812.67,,,,0
FCSA:DF_TRADE_TOT_CHAP_YR(5.1.0),AE,A,AED,FCSC,ANN_CHAP,TNOEXP,_Z,10,_Z,2018,1263566360.75,,,,0
FCSA:DF_TRADE_TOT_CHAP_YR(5.1.0),AE,A,AED,FCSC,ANN_CHAP,TNOEXP,_Z,10,_Z,2019,613935036.27,,,,0
FCSA:DF_TRADE_TOT_CHAP_YR(5.1.0),AE,A,AED,FCSC,ANN_CHAP,TNOEXP,_Z,10,_Z,2020,495673245.32,,,,0
FCSA:DF_TRADE_TOT_CHAP_YR(5.1.0),AE,A,AED,FCSC,ANN_CHAP,TNOEXP,_Z,10,_Z,2021,516588466.22,,,,0
FCSA:DF_TRADE_TOT_CHAP_YR(5.1.0),AE,A,AED,FCSC,ANN_CHAP,TNOEXP,_Z,10,_Z,2022,927837657.57,,,,0
FCSA:DF_TRADE_TOT_CHAP_YR(5.1.0),AE,A,AED,FCSC,ANN_CHAP,TNOEXP,_Z,10,_Z,2023,514931554.32,,,,0
FCSA:DF_TRADE_TOT_CHAP_YR(5.1.0),AE,A,AED,FCSC,ANN_CHAP,TNOEXP,_Z,10,_Z,2024,517540278.60,,,,0
FCSA:DF_TRADE_TOT_CHAP_YR(5.1.0),AE,A,AED,FCSC,ANN_CHAP,TNOEXP,_Z,44,_Z,2017,651466054.12,,,,0
FCSA:DF_TRADE_TOT_CHAP_YR(5.1.0),AE,A,AED,FCSC,ANN_CHAP,TNOEXP,_Z,44,_Z,2018,897146712.84,,,,0
FCSA:DF_TRADE_TOT_CHAP_YR(5.1.0),AE,A,AED,FCSC,ANN_CHAP,TNOEXP,_Z,44,_Z,2019,995596273.67,,,,0
FCSA:DF_TRADE_TOT_CHAP_YR(5.1.0),AE,A,AED,FCSC,ANN_CHAP,TNOEXP,_Z,44,_Z,2020,658351477.36,,,,0
FCSA:DF_TRADE_TOT_CHAP_YR(5.1.0),AE,A,AED,FCSC,ANN_CHAP,TNOEXP,_Z,44,_Z,2021,988346494.70,,,,0
FCSA:DF_TRADE_TOT_CHAP_YR(5.1.0),AE,A,AED,FCSC,ANN_CHAP,TNOEXP,_Z,44,_Z,2022,1189010787.31,,,,0
FCSA:DF_TRADE_TOT_CHAP_YR(5.1.0),AE,A,AED,FCSC,ANN_CHAP,TNOEXP,_Z,44,_Z,2023,921787258.95,,,,0
FCSA:DF_TRADE_TOT_CHAP_YR(5.1.0),AE,A,AED,FCSC,ANN_CHAP,TNOEXP,_Z,44,_Z,2024,973650757.25,,,,0
FCSA:DF_TRADE_TOT_CHAP_YR(5.1.0),AE,A,AED,FCSC,ANN_CHAP,TNOEXP,_Z,31,_Z,2017,284556729.01,,,,0
FCSA:DF_TRADE_TOT_CHAP_YR(5.1.0),AE,A,AED,FCSC,ANN_CHAP,TNOEXP,_Z,31,_Z,2018,268964007.02,,,,0
FCSA:DF_TRADE_TOT_CHAP_YR(5.1.0),AE,A,AED,FCSC,ANN_CHAP,TNOEXP,_Z,31,_Z,2019,213066068.56,,,,0
FCSA:DF_TRADE_TOT_CHAP_YR(5.1.0),AE,A,AED,FCSC,ANN_CHAP,TNOEXP,_Z,31,_Z,2020,112048013.74,,,,0
FCSA:DF_TRADE_TOT_CHAP_YR(5.1.0),AE,A,AED,FCSC,ANN_CHAP,TNOEXP,_Z,31,_Z,2021,118299898.44,,,,0
FCSA:DF_TRADE_TOT_CHAP_YR(5.1.0),AE,A,AED,FCSC,ANN_CHAP,TNOEXP,_Z,31,_Z,2022,145188899.59,,,,0
FCSA:DF_TRADE_TOT_CHAP_YR(5.1.0),AE,A,AED,FCSC,ANN_CHAP,TNOEXP,_Z,31,_Z,2023,124129876.91,,,,0
FCSA:DF_TRADE_TOT_CHAP_YR(5.1.0),AE,A,AED,FCSC,ANN_CHAP,TNOEXP,_Z,31,_Z,2024,139826140.70,,,,0
FCSA:DF_TRADE_TOT_CHAP_YR(5.1.0),AE,A,AED,FCSC,ANN_CHAP,TNOEXP,_Z,23,_Z,2017,690031185.88,,,,0
FCSA:DF_TRADE_TOT_CHAP_YR(5.1.0),AE,A,AED,FCSC,ANN_CHAP,TNOEXP,_Z,23,_Z,2018,706746372.93,,,,0
FCSA:DF_TRADE_TOT_CHAP_YR(5.1.0),AE,A,AED,FCSC,ANN_CHAP,TNOEXP,_Z,23,_Z,2019,921073918.04,,,,0
FCSA:DF_TRADE_TOT_CHAP_YR(5.1.0),AE,A,AED,FCSC,ANN_CHAP,TNOEXP,_Z,23,_Z,2020,1095026988.35,,,,0
FCSA:DF_TRADE_TOT_CHAP_YR(5.1.0),AE,A,AED,FCSC,ANN_CHAP,TNOEXP,_Z,23,_Z,2021,1321759241.79,,,,0
FCSA:DF_TRADE_TOT_CHAP_YR(5.1.0),AE,A,AED,FCSC,ANN_CHAP,TNOEXP,_Z,23,_Z,2022,1659267624.34,,,,0
FCSA:DF_TRADE_TOT_CHAP_YR(5.1.0),AE,A,AED,FCSC,ANN_CHAP,TNOEXP,_Z,23,_Z,2023,1391983629.99,,,,0
FCSA:DF_TRADE_TOT_CHAP_YR(5.1.0),AE,A,AED,FCSC,ANN_CHAP,TNOEXP,_Z,23,_Z,2024,1364928868.15,,,,0
FCSA:DF_TRADE_TOT_CHAP_YR(5.1.0),AE,A,AED,FCSC,ANN_CHAP,IMP,_Z,51,_Z,2017,67815186.02,,,,0
FCSA:DF_TRADE_TOT_CHAP_YR(5.1.0),AE,A,AED,FCSC,ANN_CHAP,IMP,_Z,51,_Z,2018,92022988.52,,,,0
FCSA:DF_TRADE_TOT_CHAP_YR(5.1.0),AE,A,AED,FCSC,ANN_CHAP,IMP,_Z,51,_Z,2019,124130856.13,,,,0
FCSA:DF_TRADE_TOT_CHAP_YR(5.1.0),AE,A,AED,FCSC,ANN_CHAP,IMP,_Z,51,_Z,2020,57045776.81,,,,0
FCSA:DF_TRADE_TOT_CHAP_YR(5.1.0),AE,A,AED,FCSC,ANN_CHAP,IMP,_Z,51,_Z,2021,70376601.53,,,,0
FCSA:DF_TRADE_TOT_CHAP_YR(5.1.0),AE,A,AED,FCSC,ANN_CHAP,IMP,_Z,51,_Z,2022,89736497.05,,,,0
FCSA:DF_TRADE_TOT_CHAP_YR(5.1.0),AE,A,AED,FCSC,ANN_CHAP,IMP,_Z,51,_Z,2023,120085910.36,,,,0
FCSA:DF_TRADE_TOT_CHAP_YR(5.1.0),AE,A,AED,FCSC,ANN_CHAP,IMP,_Z,51,_Z,2024,146628178.42,,,,0
FCSA:DF_TRADE_TOT_CHAP_YR(5.1.0),AE,A,AED,FCSC,ANN_CHAP,TTRADE,_Z,79,_Z,2017,1508995606.33,,,,0
FCSA:DF_TRADE_TOT_CHAP_YR(5.1.0),AE,A,AED,FCSC,ANN_CHAP,TTRADE,_Z,79,_Z,2018,2821184149.79,,,,0
FCSA:DF_TRADE_TOT_CHAP_YR(5.1.0),AE,A,AED,FCSC,ANN_CHAP,TTRADE,_Z,79,_Z,2019,2179113750.85,,,,0
FCSA:DF_TRADE_TOT_CHAP_YR(5.1.0),AE,A,AED,FCSC,ANN_CHAP,TTRADE,_Z,79,_Z,2020,1634951210.47,,,,0
FCSA:DF_TRADE_TOT_CHAP_YR(5.1.0),AE,A,AED,FCSC,ANN_CHAP,TTRADE,_Z,79,_Z,2021,1847493476.05,,,,0
FCSA:DF_TRADE_TOT_CHAP_YR(5.1.0),AE,A,AED,FCSC,ANN_CHAP,TTRADE,_Z,79,_Z,2022,2442039997.80,,,,0
FCSA:DF_TRADE_TOT_CHAP_YR(5.1.0),AE,A,AED,FCSC,ANN_CHAP,TTRADE,_Z,79,_Z,2023,1888596813.29,,,,0
FCSA:DF_TRADE_TOT_CHAP_YR(5.1.0),AE,A,AED,FCSC,ANN_CHAP,TTRADE,_Z,79,_Z,2024,2040275501.67,,,,0
FCSA:DF_TRADE_TOT_CHAP_YR(5.1.0),AE,A,AED,FCSC,ANN_CHAP,TTRADE,_Z,92,_Z,2017,561754368.12,,,,0
FCSA:DF_TRADE_TOT_CHAP_YR(5.1.0),AE,A,AED,FCSC,ANN_CHAP,TTRADE,_Z,92,_Z,2018,529649808.34,,,,0
FCSA:DF_TRADE_TOT_CHAP_YR(5.1.0),AE,A,AED,FCSC,ANN_CHAP,TTRADE,_Z,92,_Z,2019,488441270.62,,,,0
FCSA:DF_TRADE_TOT_CHAP_YR(5.1.0),AE,A,AED,FCSC,ANN_CHAP,TTRADE,_Z,92,_Z,2020,375320489.19,,,,0
FCSA:DF_TRADE_TOT_CHAP_YR(5.1.0),AE,A,AED,FCSC,ANN_CHAP,TTRADE,_Z,92,_Z,2021,579189978.51,,,,0
FCSA:DF_TRADE_TOT_CHAP_YR(5.1.0),AE,A,AED,FCSC,ANN_CHAP,TTRADE,_Z,92,_Z,2022,901080680.14,,,,0
FCSA:DF_TRADE_TOT_CHAP_YR(5.1.0),AE,A,AED,FCSC,ANN_CHAP,TTRADE,_Z,92,_Z,2023,620275930.96,,,,0
FCSA:DF_TRADE_TOT_CHAP_YR(5.1.0),AE,A,AED,FCSC,ANN_CHAP,TTRADE,_Z,92,_Z,2024,673136404.52,,,,0
FCSA:DF_TRADE_TOT_CHAP_YR(5.1.0),AE,A,AED,FCSC,ANN_CHAP,IMP,_Z,30,_Z,2017,14677982116.49,,,,0
FCSA:DF_TRADE_TOT_CHAP_YR(5.1.0),AE,A,AED,FCSC,ANN_CHAP,IMP,_Z,30,_Z,2018,14830829917.03,,,,0
FCSA:DF_TRADE_TOT_CHAP_YR(5.1.0),AE,A,AED,FCSC,ANN_CHAP,IMP,_Z,30,_Z,2019,14982190057.47,,,,0
FCSA:DF_TRADE_TOT_CHAP_YR(5.1.0),AE,A,AED,FCSC,ANN_CHAP,IMP,_Z,30,_Z,2020,16329174159.44,,,,0
FCSA:DF_TRADE_TOT_CHAP_YR(5.1.0),AE,A,AED,FCSC,ANN_CHAP,IMP,_Z,30,_Z,2021,24140952351.55,,,,0
FCSA:DF_TRADE_TOT_CHAP_YR(5.1.0),AE,A,AED,FCSC,ANN_CHAP,IMP,_Z,30,_Z,2022,21140693047.84,,,,0
FCSA:DF_TRADE_TOT_CHAP_YR(5.1.0),AE,A,AED,FCSC,ANN_CHAP,IMP,_Z,30,_Z,2023,22677197807.24,,,,0
FCSA:DF_TRADE_TOT_CHAP_YR(5.1.0),AE,A,AED,FCSC,ANN_CHAP,IMP,_Z,30,_Z,2024,24062715170.89,,,,0
FCSA:DF_TRADE_TOT_CHAP_YR(5.1.0),AE,A,AED,FCSC,ANN_CHAP,TNOEXP,_Z,57,_Z,2017,536319308.87,,,,0
FCSA:DF_TRADE_TOT_CHAP_YR(5.1.0),AE,A,AED,FCSC,ANN_CHAP,TNOEXP,_Z,57,_Z,2018,720737915.02,,,,0
FCSA:DF_TRADE_TOT_CHAP_YR(5.1.0),AE,A,AED,FCSC,ANN_CHAP,TNOEXP,_Z,57,_Z,2019,674074104.21,,,,0
FCSA:DF_TRADE_TOT_CHAP_YR(5.1.0),AE,A,AED,FCSC,ANN_CHAP,TNOEXP,_Z,57,_Z,2020,644631561.73,,,,0
FCSA:DF_TRADE_TOT_CHAP_YR(5.1.0),AE,A,AED,FCSC,ANN_CHAP,TNOEXP,_Z,57,_Z,2021,990248298.06,,,,0
FCSA:DF_TRADE_TOT_CHAP_YR(5.1.0),AE,A,AED,FCSC,ANN_CHAP,TNOEXP,_Z,57,_Z,2022,833687924.35,,,,0
FCSA:DF_TRADE_TOT_CHAP_YR(5.1.0),AE,A,AED,FCSC,ANN_CHAP,TNOEXP,_Z,57,_Z,2023,757679592.24,,,,0
FCSA:DF_TRADE_TOT_CHAP_YR(5.1.0),AE,A,AED,FCSC,ANN_CHAP,TNOEXP,_Z,57,_Z,2024,810369126.23,,,,0
FCSA:DF_TRADE_TOT_CHAP_YR(5.1.0),AE,A,AED,FCSC,ANN_CHAP,TTRADE,_Z,32,_Z,2017,4600466192.65,,,,0
FCSA:DF_TRADE_TOT_CHAP_YR(5.1.0),AE,A,AED,FCSC,ANN_CHAP,TTRADE,_Z,32,_Z,2018,5068942180.70,,,,0
FCSA:DF_TRADE_TOT_CHAP_YR(5.1.0),AE,A,AED,FCSC,ANN_CHAP,TTRADE,_Z,32,_Z,2019,5088099552.78,,,,0
FCSA:DF_TRADE_TOT_CHAP_YR(5.1.0),AE,A,AED,FCSC,ANN_CHAP,TTRADE,_Z,32,_Z,2020,4895561945.81,,,,0
FCSA:DF_TRADE_TOT_CHAP_YR(5.1.0),AE,A,AED,FCSC,ANN_CHAP,TTRADE,_Z,32,_Z,2021,5782142073.96,,,,0
FCSA:DF_TRADE_TOT_CHAP_YR(5.1.0),AE,A,AED,FCSC,ANN_CHAP,TTRADE,_Z,32,_Z,2022,6534363503.53,,,,0
FCSA:DF_TRADE_TOT_CHAP_YR(5.1.0),AE,A,AED,FCSC,ANN_CHAP,TTRADE,_Z,32,_Z,2023,6490555401.33,,,,0
FCSA:DF_TRADE_TOT_CHAP_YR(5.1.0),AE,A,AED,FCSC,ANN_CHAP,TTRADE,_Z,32,_Z,2024,6876408639.99,,,,0
FCSA:DF_TRADE_TOT_CHAP_YR(5.1.0),AE,A,AED,FCSC,ANN_CHAP,REEXP,_Z,35,_Z,2017,80933292.28,,,,0
FCSA:DF_TRADE_TOT_CHAP_YR(5.1.0),AE,A,AED,FCSC,ANN_CHAP,REEXP,_Z,35,_Z,2018,127385460.01,,,,0
FCSA:DF_TRADE_TOT_CHAP_YR(5.1.0),AE,A,AED,FCSC,ANN_CHAP,REEXP,_Z,35,_Z,2019,185631756.79,,,,0
FCSA:DF_TRADE_TOT_CHAP_YR(5.1.0),AE,A,AED,FCSC,ANN_CHAP,REEXP,_Z,35,_Z,2020,200471693.81,,,,0
FCSA:DF_TRADE_TOT_CHAP_YR(5.1.0),AE,A,AED,FCSC,ANN_CHAP,REEXP,_Z,35,_Z,2021,164919443.87,,,,0
FCSA:DF_TRADE_TOT_CHAP_YR(5.1.0),AE,A,AED,FCSC,ANN_CHAP,REEXP,_Z,35,_Z,2022,236028135.83,,,,0
FCSA:DF_TRADE_TOT_CHAP_YR(5.1.0),AE,A,AED,FCSC,ANN_CHAP,REEXP,_Z,35,_Z,2023,253030270.66,,,,0
FCSA:DF_TRADE_TOT_CHAP_YR(5.1.0),AE,A,AED,FCSC,ANN_CHAP,REEXP,_Z,35,_Z,2024,275796500.81,,,,0
FCSA:DF_TRADE_TOT_CHAP_YR(5.1.0),AE,A,AED,FCSC,ANN_CHAP,IMP,_Z,4,_Z,2017,6671074145.83,,,,0
FCSA:DF_TRADE_TOT_CHAP_YR(5.1.0),AE,A,AED,FCSC,ANN_CHAP,IMP,_Z,4,_Z,2018,6797893084.23,,,,0
FCSA:DF_TRADE_TOT_CHAP_YR(5.1.0),AE,A,AED,FCSC,ANN_CHAP,IMP,_Z,4,_Z,2019,6339868070.97,,,,0
FCSA:DF_TRADE_TOT_CHAP_YR(5.1.0),AE,A,AED,FCSC,ANN_CHAP,IMP,_Z,4,_Z,2020,6415868600.06,,,,0
FCSA:DF_TRADE_TOT_CHAP_YR(5.1.0),AE,A,AED,FCSC,ANN_CHAP,IMP,_Z,4,_Z,2021,6353669819.58,,,,0
FCSA:DF_TRADE_TOT_CHAP_YR(5.1.0),AE,A,AED,FCSC,ANN_CHAP,IMP,_Z,4,_Z,2022,8059507203.81,,,,0
FCSA:DF_TRADE_TOT_CHAP_YR(5.1.0),AE,A,AED,FCSC,ANN_CHAP,IMP,_Z,4,_Z,2023,8012362545.95,,,,0
FCSA:DF_TRADE_TOT_CHAP_YR(5.1.0),AE,A,AED,FCSC,ANN_CHAP,IMP,_Z,4,_Z,2024,10066493233.65,,,,0
FCSA:DF_TRADE_TOT_CHAP_YR(5.1.0),AE,A,AED,FCSC,ANN_CHAP,TTRADE,_Z,6,_Z,2017,291278939.34,,,,0
FCSA:DF_TRADE_TOT_CHAP_YR(5.1.0),AE,A,AED,FCSC,ANN_CHAP,TTRADE,_Z,6,_Z,2018,339447565.08,,,,0
FCSA:DF_TRADE_TOT_CHAP_YR(5.1.0),AE,A,AED,FCSC,ANN_CHAP,TTRADE,_Z,6,_Z,2019,350767013.43,,,,0
FCSA:DF_TRADE_TOT_CHAP_YR(5.1.0),AE,A,AED,FCSC,ANN_CHAP,TTRADE,_Z,6,_Z,2020,370552947.83,,,,0
FCSA:DF_TRADE_TOT_CHAP_YR(5.1.0),AE,A,AED,FCSC,ANN_CHAP,TTRADE,_Z,6,_Z,2021,490747309.87,,,,0
FCSA:DF_TRADE_TOT_CHAP_YR(5.1.0),AE,A,AED,FCSC,ANN_CHAP,TTRADE,_Z,6,_Z,2022,509586870.03,,,,0
FCSA:DF_TRADE_TOT_CHAP_YR(5.1.0),AE,A,AED,FCSC,ANN_CHAP,TTRADE,_Z,6,_Z,2023,562317690.61,,,,0
FCSA:DF_TRADE_TOT_CHAP_YR(5.1.0),AE,A,AED,FCSC,ANN_CHAP,TTRADE,_Z,6,_Z,2024,621144464.83,,,,0
FCSA:DF_TRADE_TOT_CHAP_YR(5.1.0),AE,A,AED,FCSC,ANN_CHAP,TNOEXP,_Z,83,_Z,2017,1220327540.84,,,,0
FCSA:DF_TRADE_TOT_CHAP_YR(5.1.0),AE,A,AED,FCSC,ANN_CHAP,TNOEXP,_Z,83,_Z,2018,2158726949.34,,,,0
FCSA:DF_TRADE_TOT_CHAP_YR(5.1.0),AE,A,AED,FCSC,ANN_CHAP,TNOEXP,_Z,83,_Z,2019,1604313292.53,,,,0
FCSA:DF_TRADE_TOT_CHAP_YR(5.1.0),AE,A,AED,FCSC,ANN_CHAP,TNOEXP,_Z,83,_Z,2020,1524801231.96,,,,0
FCSA:DF_TRADE_TOT_CHAP_YR(5.1.0),AE,A,AED,FCSC,ANN_CHAP,TNOEXP,_Z,83,_Z,2021,2082787406.28,,,,0
FCSA:DF_TRADE_TOT_CHAP_YR(5.1.0),AE,A,AED,FCSC,ANN_CHAP,TNOEXP,_Z,83,_Z,2022,2512152134.19,,,,0
FCSA:DF_TRADE_TOT_CHAP_YR(5.1.0),AE,A,AED,FCSC,ANN_CHAP,TNOEXP,_Z,83,_Z,2023,2191816152.77,,,,0
FCSA:DF_TRADE_TOT_CHAP_YR(5.1.0),AE,A,AED,FCSC,ANN_CHAP,TNOEXP,_Z,83,_Z,2024,2471388175.17,,,,0
FCSA:DF_TRADE_TOT_CHAP_YR(5.1.0),AE,A,AED,FCSC,ANN_CHAP,NOEXP,_Z,36,_Z,2017,10209713.00,,,,0
FCSA:DF_TRADE_TOT_CHAP_YR(5.1.0),AE,A,AED,FCSC,ANN_CHAP,NOEXP,_Z,36,_Z,2018,9882841.67,,,,0
FCSA:DF_TRADE_TOT_CHAP_YR(5.1.0),AE,A,AED,FCSC,ANN_CHAP,NOEXP,_Z,36,_Z,2019,9266573.24,,,,0
FCSA:DF_TRADE_TOT_CHAP_YR(5.1.0),AE,A,AED,FCSC,ANN_CHAP,NOEXP,_Z,36,_Z,2020,7649635.40,,,,0
FCSA:DF_TRADE_TOT_CHAP_YR(5.1.0),AE,A,AED,FCSC,ANN_CHAP,NOEXP,_Z,36,_Z,2021,11724131.76,,,,0
FCSA:DF_TRADE_TOT_CHAP_YR(5.1.0),AE,A,AED,FCSC,ANN_CHAP,NOEXP,_Z,36,_Z,2022,31458084.65,,,,0
FCSA:DF_TRADE_TOT_CHAP_YR(5.1.0),AE,A,AED,FCSC,ANN_CHAP,NOEXP,_Z,36,_Z,2023,26586114.59,,,,0
FCSA:DF_TRADE_TOT_CHAP_YR(5.1.0),AE,A,AED,FCSC,ANN_CHAP,NOEXP,_Z,36,_Z,2024,13388123.41,,,,0
FCSA:DF_TRADE_TOT_CHAP_YR(5.1.0),AE,A,AED,FCSC,ANN_CHAP,NOEXP,_Z,19,_Z,2017,709126756.42,,,,0
FCSA:DF_TRADE_TOT_CHAP_YR(5.1.0),AE,A,AED,FCSC,ANN_CHAP,NOEXP,_Z,19,_Z,2018,1266356272.19,,,,0
FCSA:DF_TRADE_TOT_CHAP_YR(5.1.0),AE,A,AED,FCSC,ANN_CHAP,NOEXP,_Z,19,_Z,2019,1537791126.04,,,,0
FCSA:DF_TRADE_TOT_CHAP_YR(5.1.0),AE,A,AED,FCSC,ANN_CHAP,NOEXP,_Z,19,_Z,2020,1869153462.46,,,,0
FCSA:DF_TRADE_TOT_CHAP_YR(5.1.0),AE,A,AED,FCSC,ANN_CHAP,NOEXP,_Z,19,_Z,2021,1891850350.28,,,,0
FCSA:DF_TRADE_TOT_CHAP_YR(5.1.0),AE,A,AED,FCSC,ANN_CHAP,NOEXP,_Z,19,_Z,2022,2211025971.10,,,,0
FCSA:DF_TRADE_TOT_CHAP_YR(5.1.0),AE,A,AED,FCSC,ANN_CHAP,NOEXP,_Z,19,_Z,2023,2418855571.26,,,,0
FCSA:DF_TRADE_TOT_CHAP_YR(5.1.0),AE,A,AED,FCSC,ANN_CHAP,NOEXP,_Z,19,_Z,2024,2687960767.41,,,,0
FCSA:DF_TRADE_TOT_CHAP_YR(5.1.0),AE,A,AED,FCSC,ANN_CHAP,TNOEXP,_Z,29,_Z,2017,2005997840.96,,,,0
FCSA:DF_TRADE_TOT_CHAP_YR(5.1.0),AE,A,AED,FCSC,ANN_CHAP,TNOEXP,_Z,29,_Z,2018,2772485958.08,,,,0
FCSA:DF_TRADE_TOT_CHAP_YR(5.1.0),AE,A,AED,FCSC,ANN_CHAP,TNOEXP,_Z,29,_Z,2019,3636368477.61,,,,0
FCSA:DF_TRADE_TOT_CHAP_YR(5.1.0),AE,A,AED,FCSC,ANN_CHAP,TNOEXP,_Z,29,_Z,2020,2948231940.96,,,,0
FCSA:DF_TRADE_TOT_CHAP_YR(5.1.0),AE,A,AED,FCSC,ANN_CHAP,TNOEXP,_Z,29,_Z,2021,3984095212.20,,,,0
FCSA:DF_TRADE_TOT_CHAP_YR(5.1.0),AE,A,AED,FCSC,ANN_CHAP,TNOEXP,_Z,29,_Z,2022,5348286496.06,,,,0
FCSA:DF_TRADE_TOT_CHAP_YR(5.1.0),AE,A,AED,FCSC,ANN_CHAP,TNOEXP,_Z,29,_Z,2023,6382587993.15,,,,0
FCSA:DF_TRADE_TOT_CHAP_YR(5.1.0),AE,A,AED,FCSC,ANN_CHAP,TNOEXP,_Z,29,_Z,2024,4449334727.14,,,,0
FCSA:DF_TRADE_TOT_CHAP_YR(5.1.0),AE,A,AED,FCSC,ANN_CHAP,TNOEXP,_Z,63,_Z,2017,1575410358.82,,,,0
FCSA:DF_TRADE_TOT_CHAP_YR(5.1.0),AE,A,AED,FCSC,ANN_CHAP,TNOEXP,_Z,63,_Z,2018,1614146814.66,,,,0
FCSA:DF_TRADE_TOT_CHAP_YR(5.1.0),AE,A,AED,FCSC,ANN_CHAP,TNOEXP,_Z,63,_Z,2019,1735749845.76,,,,0
FCSA:DF_TRADE_TOT_CHAP_YR(5.1.0),AE,A,AED,FCSC,ANN_CHAP,TNOEXP,_Z,63,_Z,2020,1891210975.59,,,,0
FCSA:DF_TRADE_TOT_CHAP_YR(5.1.0),AE,A,AED,FCSC,ANN_CHAP,TNOEXP,_Z,63,_Z,2021,2218271546.34,,,,0
FCSA:DF_TRADE_TOT_CHAP_YR(5.1.0),AE,A,AED,FCSC,ANN_CHAP,TNOEXP,_Z,63,_Z,2022,2107160444.41,,,,0
FCSA:DF_TRADE_TOT_CHAP_YR(5.1.0),AE,A,AED,FCSC,ANN_CHAP,TNOEXP,_Z,63,_Z,2023,2011055342.18,,,,0
FCSA:DF_TRADE_TOT_CHAP_YR(5.1.0),AE,A,AED,FCSC,ANN_CHAP,TNOEXP,_Z,63,_Z,2024,2167412280.58,,,,0
FCSA:DF_TRADE_TOT_CHAP_YR(5.1.0),AE,A,AED,FCSC,ANN_CHAP,NOEXP,_Z,87,_Z,2017,1213437082.72,,,,0
FCSA:DF_TRADE_TOT_CHAP_YR(5.1.0),AE,A,AED,FCSC,ANN_CHAP,NOEXP,_Z,87,_Z,2018,1736320634.63,,,,0
FCSA:DF_TRADE_TOT_CHAP_YR(5.1.0),AE,A,AED,FCSC,ANN_CHAP,NOEXP,_Z,87,_Z,2019,1432267105.19,,,,0
FCSA:DF_TRADE_TOT_CHAP_YR(5.1.0),AE,A,AED,FCSC,ANN_CHAP,NOEXP,_Z,87,_Z,2020,1383629028.94,,,,0
FCSA:DF_TRADE_TOT_CHAP_YR(5.1.0),AE,A,AED,FCSC,ANN_CHAP,NOEXP,_Z,87,_Z,2021,977101273.03,,,,0
FCSA:DF_TRADE_TOT_CHAP_YR(5.1.0),AE,A,AED,FCSC,ANN_CHAP,NOEXP,_Z,87,_Z,2022,1261918118.13,,,,0
FCSA:DF_TRADE_TOT_CHAP_YR(5.1.0),AE,A,AED,FCSC,ANN_CHAP,NOEXP,_Z,87,_Z,2023,2027345469.02,,,,0
FCSA:DF_TRADE_TOT_CHAP_YR(5.1.0),AE,A,AED,FCSC,ANN_CHAP,NOEXP,_Z,87,_Z,2024,2558347822.69,,,,0
FCSA:DF_TRADE_TOT_CHAP_YR(5.1.0),AE,A,AED,FCSC,ANN_CHAP,REEXP,_Z,57,_Z,2017,262643964.08,,,,0
FCSA:DF_TRADE_TOT_CHAP_YR(5.1.0),AE,A,AED,FCSC,ANN_CHAP,REEXP,_Z,57,_Z,2018,338177528.36,,,,0
FCSA:DF_TRADE_TOT_CHAP_YR(5.1.0),AE,A,AED,FCSC,ANN_CHAP,REEXP,_Z,57,_Z,2019,250249869.09,,,,0
FCSA:DF_TRADE_TOT_CHAP_YR(5.1.0),AE,A,AED,FCSC,ANN_CHAP,REEXP,_Z,57,_Z,2020,225992731.13,,,,0
FCSA:DF_TRADE_TOT_CHAP_YR(5.1.0),AE,A,AED,FCSC,ANN_CHAP,REEXP,_Z,57,_Z,2021,309241053.51,,,,0
FCSA:DF_TRADE_TOT_CHAP_YR(5.1.0),AE,A,AED,FCSC,ANN_CHAP,REEXP,_Z,57,_Z,2022,303995505.86,,,,0
FCSA:DF_TRADE_TOT_CHAP_YR(5.1.0),AE,A,AED,FCSC,ANN_CHAP,REEXP,_Z,57,_Z,2023,286742941.86,,,,0
FCSA:DF_TRADE_TOT_CHAP_YR(5.1.0),AE,A,AED,FCSC,ANN_CHAP,REEXP,_Z,57,_Z,2024,295701566.74,,,,0
FCSA:DF_TRADE_TOT_CHAP_YR(5.1.0),AE,A,AED,FCSC,ANN_CHAP,TNOEXP,_Z,80,_Z,2017,82944875.84,,,,0
FCSA:DF_TRADE_TOT_CHAP_YR(5.1.0),AE,A,AED,FCSC,ANN_CHAP,TNOEXP,_Z,80,_Z,2018,105086840.56,,,,0
FCSA:DF_TRADE_TOT_CHAP_YR(5.1.0),AE,A,AED,FCSC,ANN_CHAP,TNOEXP,_Z,80,_Z,2019,154405393.20,,,,0
FCSA:DF_TRADE_TOT_CHAP_YR(5.1.0),AE,A,AED,FCSC,ANN_CHAP,TNOEXP,_Z,80,_Z,2020,114880398.44,,,,0
FCSA:DF_TRADE_TOT_CHAP_YR(5.1.0),AE,A,AED,FCSC,ANN_CHAP,TNOEXP,_Z,80,_Z,2021,173320238.51,,,,0
FCSA:DF_TRADE_TOT_CHAP_YR(5.1.0),AE,A,AED,FCSC,ANN_CHAP,TNOEXP,_Z,80,_Z,2022,155642207.03,,,,0
FCSA:DF_TRADE_TOT_CHAP_YR(5.1.0),AE,A,AED,FCSC,ANN_CHAP,TNOEXP,_Z,80,_Z,2023,203543286.91,,,,0
FCSA:DF_TRADE_TOT_CHAP_YR(5.1.0),AE,A,AED,FCSC,ANN_CHAP,TNOEXP,_Z,80,_Z,2024,249206739.82,,,,0
FCSA:DF_TRADE_TOT_CHAP_YR(5.1.0),AE,A,AED,FCSC,ANN_CHAP,IMP,_Z,13,_Z,2017,303487313.90,,,,0
FCSA:DF_TRADE_TOT_CHAP_YR(5.1.0),AE,A,AED,FCSC,ANN_CHAP,IMP,_Z,13,_Z,2018,274825550.86,,,,0
FCSA:DF_TRADE_TOT_CHAP_YR(5.1.0),AE,A,AED,FCSC,ANN_CHAP,IMP,_Z,13,_Z,2019,230082735.45,,,,0
FCSA:DF_TRADE_TOT_CHAP_YR(5.1.0),AE,A,AED,FCSC,ANN_CHAP,IMP,_Z,13,_Z,2020,266154772.68,,,,0
FCSA:DF_TRADE_TOT_CHAP_YR(5.1.0),AE,A,AED,FCSC,ANN_CHAP,IMP,_Z,13,_Z,2021,146395138.23,,,,0
FCSA:DF_TRADE_TOT_CHAP_YR(5.1.0),AE,A,AED,FCSC,ANN_CHAP,IMP,_Z,13,_Z,2022,223070023.37,,,,0
FCSA:DF_TRADE_TOT_CHAP_YR(5.1.0),AE,A,AED,FCSC,ANN_CHAP,IMP,_Z,13,_Z,2023,219223759.98,,,,0
FCSA:DF_TRADE_TOT_CHAP_YR(5.1.0),AE,A,AED,FCSC,ANN_CHAP,IMP,_Z,13,_Z,2024,250962505.36,,,,0
FCSA:DF_TRADE_TOT_CHAP_YR(5.1.0),AE,A,AED,FCSC,ANN_CHAP,IMP,_Z,81,_Z,2017,206727625.67,,,,0
FCSA:DF_TRADE_TOT_CHAP_YR(5.1.0),AE,A,AED,FCSC,ANN_CHAP,IMP,_Z,81,_Z,2018,220805556.74,,,,0
FCSA:DF_TRADE_TOT_CHAP_YR(5.1.0),AE,A,AED,FCSC,ANN_CHAP,IMP,_Z,81,_Z,2019,292840595.03,,,,0
FCSA:DF_TRADE_TOT_CHAP_YR(5.1.0),AE,A,AED,FCSC,ANN_CHAP,IMP,_Z,81,_Z,2020,179857464.09,,,,0
FCSA:DF_TRADE_TOT_CHAP_YR(5.1.0),AE,A,AED,FCSC,ANN_CHAP,IMP,_Z,81,_Z,2021,314752260.99,,,,0
FCSA:DF_TRADE_TOT_CHAP_YR(5.1.0),AE,A,AED,FCSC,ANN_CHAP,IMP,_Z,81,_Z,2022,555083976.58,,,,0
FCSA:DF_TRADE_TOT_CHAP_YR(5.1.0),AE,A,AED,FCSC,ANN_CHAP,IMP,_Z,81,_Z,2023,296064940.67,,,,0
FCSA:DF_TRADE_TOT_CHAP_YR(5.1.0),AE,A,AED,FCSC,ANN_CHAP,IMP,_Z,81,_Z,2024,373805624.93,,,,0
FCSA:DF_TRADE_TOT_CHAP_YR(5.1.0),AE,A,AED,FCSC,ANN_CHAP,IMP,_Z,98,_Z,2017,116519611.11,,,,0
FCSA:DF_TRADE_TOT_CHAP_YR(5.1.0),AE,A,AED,FCSC,ANN_CHAP,IMP,_Z,98,_Z,2018,52276776.51,,,,0
FCSA:DF_TRADE_TOT_CHAP_YR(5.1.0),AE,A,AED,FCSC,ANN_CHAP,IMP,_Z,98,_Z,2019,64436841.10,,,,0
FCSA:DF_TRADE_TOT_CHAP_YR(5.1.0),AE,A,AED,FCSC,ANN_CHAP,IMP,_Z,98,_Z,2020,59641038.78,,,,0
FCSA:DF_TRADE_TOT_CHAP_YR(5.1.0),AE,A,AED,FCSC,ANN_CHAP,IMP,_Z,98,_Z,2021,68603450.08,,,,0
FCSA:DF_TRADE_TOT_CHAP_YR(5.1.0),AE,A,AED,FCSC,ANN_CHAP,IMP,_Z,98,_Z,2022,77317678.01,,,,0
FCSA:DF_TRADE_TOT_CHAP_YR(5.1.0),AE,A,AED,FCSC,ANN_CHAP,IMP,_Z,98,_Z,2023,38511507.25,,,,0
FCSA:DF_TRADE_TOT_CHAP_YR(5.1.0),AE,A,AED,FCSC,ANN_CHAP,IMP,_Z,98,_Z,2024,41039712.87,,,,0
FCSA:DF_TRADE_TOT_CHAP_YR(5.1.0),AE,A,AED,FCSC,ANN_CHAP,REEXP,_Z,42,_Z,2017,1141162390.22,,,,0
FCSA:DF_TRADE_TOT_CHAP_YR(5.1.0),AE,A,AED,FCSC,ANN_CHAP,REEXP,_Z,42,_Z,2018,1437540520.05,,,,0
FCSA:DF_TRADE_TOT_CHAP_YR(5.1.0),AE,A,AED,FCSC,ANN_CHAP,REEXP,_Z,42,_Z,2019,1703950892.21,,,,0
FCSA:DF_TRADE_TOT_CHAP_YR(5.1.0),AE,A,AED,FCSC,ANN_CHAP,REEXP,_Z,42,_Z,2020,1255700080.10,,,,0
FCSA:DF_TRADE_TOT_CHAP_YR(5.1.0),AE,A,AED,FCSC,ANN_CHAP,REEXP,_Z,42,_Z,2021,1513873409.96,,,,0
FCSA:DF_TRADE_TOT_CHAP_YR(5.1.0),AE,A,AED,FCSC,ANN_CHAP,REEXP,_Z,42,_Z,2022,2271074126.44,,,,0
FCSA:DF_TRADE_TOT_CHAP_YR(5.1.0),AE,A,AED,FCSC,ANN_CHAP,REEXP,_Z,42,_Z,2023,2161765587.57,,,,0
FCSA:DF_TRADE_TOT_CHAP_YR(5.1.0),AE,A,AED,FCSC,ANN_CHAP,REEXP,_Z,42,_Z,2024,2518597782.55,,,,0
FCSA:DF_TRADE_TOT_CHAP_YR(5.1.0),AE,A,AED,FCSC,ANN_CHAP,TTRADE,_Z,1,_Z,2017,876115581.10,,,,0
FCSA:DF_TRADE_TOT_CHAP_YR(5.1.0),AE,A,AED,FCSC,ANN_CHAP,TTRADE,_Z,1,_Z,2018,754393130.95,,,,0
FCSA:DF_TRADE_TOT_CHAP_YR(5.1.0),AE,A,AED,FCSC,ANN_CHAP,TTRADE,_Z,1,_Z,2019,630866212.24,,,,0
FCSA:DF_TRADE_TOT_CHAP_YR(5.1.0),AE,A,AED,FCSC,ANN_CHAP,TTRADE,_Z,1,_Z,2020,557082995.73,,,,0
FCSA:DF_TRADE_TOT_CHAP_YR(5.1.0),AE,A,AED,FCSC,ANN_CHAP,TTRADE,_Z,1,_Z,2021,566364057.51,,,,0
FCSA:DF_TRADE_TOT_CHAP_YR(5.1.0),AE,A,AED,FCSC,ANN_CHAP,TTRADE,_Z,1,_Z,2022,712448002.68,,,,0
FCSA:DF_TRADE_TOT_CHAP_YR(5.1.0),AE,A,AED,FCSC,ANN_CHAP,TTRADE,_Z,1,_Z,2023,888317389.49,,,,0
FCSA:DF_TRADE_TOT_CHAP_YR(5.1.0),AE,A,AED,FCSC,ANN_CHAP,TTRADE,_Z,1,_Z,2024,793588280.16,,,,0
FCSA:DF_TRADE_TOT_CHAP_YR(5.1.0),AE,A,AED,FCSC,ANN_CHAP,NOEXP,_Z,72,_Z,2017,3656948623.90,,,,0
FCSA:DF_TRADE_TOT_CHAP_YR(5.1.0),AE,A,AED,FCSC,ANN_CHAP,NOEXP,_Z,72,_Z,2018,5139680463.10,,,,0
FCSA:DF_TRADE_TOT_CHAP_YR(5.1.0),AE,A,AED,FCSC,ANN_CHAP,NOEXP,_Z,72,_Z,2019,7479946453.31,,,,0
FCSA:DF_TRADE_TOT_CHAP_YR(5.1.0),AE,A,AED,FCSC,ANN_CHAP,NOEXP,_Z,72,_Z,2020,7164058410.83,,,,0
FCSA:DF_TRADE_TOT_CHAP_YR(5.1.0),AE,A,AED,FCSC,ANN_CHAP,NOEXP,_Z,72,_Z,2021,13398583176.86,,,,0
FCSA:DF_TRADE_TOT_CHAP_YR(5.1.0),AE,A,AED,FCSC,ANN_CHAP,NOEXP,_Z,72,_Z,2022,12407596589.60,,,,0
FCSA:DF_TRADE_TOT_CHAP_YR(5.1.0),AE,A,AED,FCSC,ANN_CHAP,NOEXP,_Z,72,_Z,2023,10549023407.49,,,,0
FCSA:DF_TRADE_TOT_CHAP_YR(5.1.0),AE,A,AED,FCSC,ANN_CHAP,NOEXP,_Z,72,_Z,2024,5998652961.70,,,,0
FCSA:DF_TRADE_TOT_CHAP_YR(5.1.0),AE,A,AED,FCSC,ANN_CHAP,TTRADE,_Z,52,_Z,2017,1071821573.91,,,,0
FCSA:DF_TRADE_TOT_CHAP_YR(5.1.0),AE,A,AED,FCSC,ANN_CHAP,TTRADE,_Z,52,_Z,2018,710376256.09,,,,0
FCSA:DF_TRADE_TOT_CHAP_YR(5.1.0),AE,A,AED,FCSC,ANN_CHAP,TTRADE,_Z,52,_Z,2019,635508273.24,,,,0
FCSA:DF_TRADE_TOT_CHAP_YR(5.1.0),AE,A,AED,FCSC,ANN_CHAP,TTRADE,_Z,52,_Z,2020,634894438.59,,,,0
FCSA:DF_TRADE_TOT_CHAP_YR(5.1.0),AE,A,AED,FCSC,ANN_CHAP,TTRADE,_Z,52,_Z,2021,674029478.51,,,,0
FCSA:DF_TRADE_TOT_CHAP_YR(5.1.0),AE,A,AED,FCSC,ANN_CHAP,TTRADE,_Z,52,_Z,2022,885258742.93,,,,0
FCSA:DF_TRADE_TOT_CHAP_YR(5.1.0),AE,A,AED,FCSC,ANN_CHAP,TTRADE,_Z,52,_Z,2023,849349599.85,,,,0
FCSA:DF_TRADE_TOT_CHAP_YR(5.1.0),AE,A,AED,FCSC,ANN_CHAP,TTRADE,_Z,52,_Z,2024,1037221364.56,,,,0
FCSA:DF_TRADE_TOT_CHAP_YR(5.1.0),AE,A,AED,FCSC,ANN_CHAP,TTRADE,_Z,31,_Z,2017,525135609.23,,,,0
FCSA:DF_TRADE_TOT_CHAP_YR(5.1.0),AE,A,AED,FCSC,ANN_CHAP,TTRADE,_Z,31,_Z,2018,514399194.92,,,,0
FCSA:DF_TRADE_TOT_CHAP_YR(5.1.0),AE,A,AED,FCSC,ANN_CHAP,TTRADE,_Z,31,_Z,2019,521071159.68,,,,0
FCSA:DF_TRADE_TOT_CHAP_YR(5.1.0),AE,A,AED,FCSC,ANN_CHAP,TTRADE,_Z,31,_Z,2020,369650991.53,,,,0
FCSA:DF_TRADE_TOT_CHAP_YR(5.1.0),AE,A,AED,FCSC,ANN_CHAP,TTRADE,_Z,31,_Z,2021,480598056.14,,,,0
FCSA:DF_TRADE_TOT_CHAP_YR(5.1.0),AE,A,AED,FCSC,ANN_CHAP,TTRADE,_Z,31,_Z,2022,644592745.61,,,,0
FCSA:DF_TRADE_TOT_CHAP_YR(5.1.0),AE,A,AED,FCSC,ANN_CHAP,TTRADE,_Z,31,_Z,2023,547653154.98,,,,0
FCSA:DF_TRADE_TOT_CHAP_YR(5.1.0),AE,A,AED,FCSC,ANN_CHAP,TTRADE,_Z,31,_Z,2024,410215976.97,,,,0
FCSA:DF_TRADE_TOT_CHAP_YR(5.1.0),AE,A,AED,FCSC,ANN_CHAP,REEXP,_Z,38,_Z,2017,818587444.73,,,,0
FCSA:DF_TRADE_TOT_CHAP_YR(5.1.0),AE,A,AED,FCSC,ANN_CHAP,REEXP,_Z,38,_Z,2018,1252079232.32,,,,0
FCSA:DF_TRADE_TOT_CHAP_YR(5.1.0),AE,A,AED,FCSC,ANN_CHAP,REEXP,_Z,38,_Z,2019,1552697500.40,,,,0
FCSA:DF_TRADE_TOT_CHAP_YR(5.1.0),AE,A,AED,FCSC,ANN_CHAP,REEXP,_Z,38,_Z,2020,1692070551.53,,,,0
FCSA:DF_TRADE_TOT_CHAP_YR(5.1.0),AE,A,AED,FCSC,ANN_CHAP,REEXP,_Z,38,_Z,2021,1480095888.02,,,,0
FCSA:DF_TRADE_TOT_CHAP_YR(5.1.0),AE,A,AED,FCSC,ANN_CHAP,REEXP,_Z,38,_Z,2022,2042895544.41,,,,0
FCSA:DF_TRADE_TOT_CHAP_YR(5.1.0),AE,A,AED,FCSC,ANN_CHAP,REEXP,_Z,38,_Z,2023,2441352244.06,,,,0
FCSA:DF_TRADE_TOT_CHAP_YR(5.1.0),AE,A,AED,FCSC,ANN_CHAP,REEXP,_Z,38,_Z,2024,2660642835.27,,,,0
FCSA:DF_TRADE_TOT_CHAP_YR(5.1.0),AE,A,AED,FCSC,ANN_CHAP,IMP,_Z,85,_Z,2017,169804915379.07,,,,0
FCSA:DF_TRADE_TOT_CHAP_YR(5.1.0),AE,A,AED,FCSC,ANN_CHAP,IMP,_Z,85,_Z,2018,125699587472.19,,,,0
FCSA:DF_TRADE_TOT_CHAP_YR(5.1.0),AE,A,AED,FCSC,ANN_CHAP,IMP,_Z,85,_Z,2019,134857943079.36,,,,0
FCSA:DF_TRADE_TOT_CHAP_YR(5.1.0),AE,A,AED,FCSC,ANN_CHAP,IMP,_Z,85,_Z,2020,121643671653.29,,,,0
FCSA:DF_TRADE_TOT_CHAP_YR(5.1.0),AE,A,AED,FCSC,ANN_CHAP,IMP,_Z,85,_Z,2021,153674052417.34,,,,0
FCSA:DF_TRADE_TOT_CHAP_YR(5.1.0),AE,A,AED,FCSC,ANN_CHAP,IMP,_Z,85,_Z,2022,183958577119.83,,,,0
FCSA:DF_TRADE_TOT_CHAP_YR(5.1.0),AE,A,AED,FCSC,ANN_CHAP,IMP,_Z,85,_Z,2023,231556567987.80,,,,0
FCSA:DF_TRADE_TOT_CHAP_YR(5.1.0),AE,A,AED,FCSC,ANN_CHAP,IMP,_Z,85,_Z,2024,225133718994.84,,,,0
FCSA:DF_TRADE_TOT_CHAP_YR(5.1.0),AE,A,AED,FCSC,ANN_CHAP,TNOEXP,_Z,65,_Z,2017,98123503.81,,,,0
FCSA:DF_TRADE_TOT_CHAP_YR(5.1.0),AE,A,AED,FCSC,ANN_CHAP,TNOEXP,_Z,65,_Z,2018,104480587.86,,,,0
FCSA:DF_TRADE_TOT_CHAP_YR(5.1.0),AE,A,AED,FCSC,ANN_CHAP,TNOEXP,_Z,65,_Z,2019,118203821.04,,,,0
FCSA:DF_TRADE_TOT_CHAP_YR(5.1.0),AE,A,AED,FCSC,ANN_CHAP,TNOEXP,_Z,65,_Z,2020,102555501.30,,,,0
FCSA:DF_TRADE_TOT_CHAP_YR(5.1.0),AE,A,AED,FCSC,ANN_CHAP,TNOEXP,_Z,65,_Z,2021,151531518.02,,,,0
FCSA:DF_TRADE_TOT_CHAP_YR(5.1.0),AE,A,AED,FCSC,ANN_CHAP,TNOEXP,_Z,65,_Z,2022,206216444.06,,,,0
FCSA:DF_TRADE_TOT_CHAP_YR(5.1.0),AE,A,AED,FCSC,ANN_CHAP,TNOEXP,_Z,65,_Z,2023,249092815.29,,,,0
FCSA:DF_TRADE_TOT_CHAP_YR(5.1.0),AE,A,AED,FCSC,ANN_CHAP,TNOEXP,_Z,65,_Z,2024,258869119.06,,,,0
FCSA:DF_TRADE_TOT_CHAP_YR(5.1.0),AE,A,AED,FCSC,ANN_CHAP,TTRADE,_Z,65,_Z,2017,388661784.86,,,,0
FCSA:DF_TRADE_TOT_CHAP_YR(5.1.0),AE,A,AED,FCSC,ANN_CHAP,TTRADE,_Z,65,_Z,2018,374054814.53,,,,0
FCSA:DF_TRADE_TOT_CHAP_YR(5.1.0),AE,A,AED,FCSC,ANN_CHAP,TTRADE,_Z,65,_Z,2019,385751431.15,,,,0
FCSA:DF_TRADE_TOT_CHAP_YR(5.1.0),AE,A,AED,FCSC,ANN_CHAP,TTRADE,_Z,65,_Z,2020,341212888.82,,,,0
FCSA:DF_TRADE_TOT_CHAP_YR(5.1.0),AE,A,AED,FCSC,ANN_CHAP,TTRADE,_Z,65,_Z,2021,459049997.01,,,,0
FCSA:DF_TRADE_TOT_CHAP_YR(5.1.0),AE,A,AED,FCSC,ANN_CHAP,TTRADE,_Z,65,_Z,2022,620073566.10,,,,0
FCSA:DF_TRADE_TOT_CHAP_YR(5.1.0),AE,A,AED,FCSC,ANN_CHAP,TTRADE,_Z,65,_Z,2023,762587968.17,,,,0
FCSA:DF_TRADE_TOT_CHAP_YR(5.1.0),AE,A,AED,FCSC,ANN_CHAP,TTRADE,_Z,65,_Z,2024,770487723.77,,,,0
FCSA:DF_TRADE_TOT_CHAP_YR(5.1.0),AE,A,AED,FCSC,ANN_CHAP,NOEXP,_Z,51,_Z,2017,1112545.36,,,,0
FCSA:DF_TRADE_TOT_CHAP_YR(5.1.0),AE,A,AED,FCSC,ANN_CHAP,NOEXP,_Z,51,_Z,2018,69245.09,,,,0
FCSA:DF_TRADE_TOT_CHAP_YR(5.1.0),AE,A,AED,FCSC,ANN_CHAP,NOEXP,_Z,51,_Z,2019,7194942.13,,,,0
FCSA:DF_TRADE_TOT_CHAP_YR(5.1.0),AE,A,AED,FCSC,ANN_CHAP,NOEXP,_Z,51,_Z,2020,5554608.63,,,,0
FCSA:DF_TRADE_TOT_CHAP_YR(5.1.0),AE,A,AED,FCSC,ANN_CHAP,NOEXP,_Z,51,_Z,2021,4136525.72,,,,0
FCSA:DF_TRADE_TOT_CHAP_YR(5.1.0),AE,A,AED,FCSC,ANN_CHAP,NOEXP,_Z,51,_Z,2022,7504011.31,,,,0
FCSA:DF_TRADE_TOT_CHAP_YR(5.1.0),AE,A,AED,FCSC,ANN_CHAP,NOEXP,_Z,51,_Z,2023,6813404.70,,,,0
FCSA:DF_TRADE_TOT_CHAP_YR(5.1.0),AE,A,AED,FCSC,ANN_CHAP,NOEXP,_Z,51,_Z,2024,9521664.77,,,,0
FCSA:DF_TRADE_TOT_CHAP_YR(5.1.0),AE,A,AED,FCSC,ANN_CHAP,TTRADE,_Z,18,_Z,2017,2984208277.03,,,,0
FCSA:DF_TRADE_TOT_CHAP_YR(5.1.0),AE,A,AED,FCSC,ANN_CHAP,TTRADE,_Z,18,_Z,2018,4215370589.58,,,,0
FCSA:DF_TRADE_TOT_CHAP_YR(5.1.0),AE,A,AED,FCSC,ANN_CHAP,TTRADE,_Z,18,_Z,2019,4392642505.34,,,,0
FCSA:DF_TRADE_TOT_CHAP_YR(5.1.0),AE,A,AED,FCSC,ANN_CHAP,TTRADE,_Z,18,_Z,2020,3709023679.50,,,,0
FCSA:DF_TRADE_TOT_CHAP_YR(5.1.0),AE,A,AED,FCSC,ANN_CHAP,TTRADE,_Z,18,_Z,2021,3593618303.70,,,,0
FCSA:DF_TRADE_TOT_CHAP_YR(5.1.0),AE,A,AED,FCSC,ANN_CHAP,TTRADE,_Z,18,_Z,2022,4186307538.94,,,,0
FCSA:DF_TRADE_TOT_CHAP_YR(5.1.0),AE,A,AED,FCSC,ANN_CHAP,TTRADE,_Z,18,_Z,2023,4025035116.19,,,,0
FCSA:DF_TRADE_TOT_CHAP_YR(5.1.0),AE,A,AED,FCSC,ANN_CHAP,TTRADE,_Z,18,_Z,2024,4510577538.77,,,,0
FCSA:DF_TRADE_TOT_CHAP_YR(5.1.0),AE,A,AED,FCSC,ANN_CHAP,REEXP,_Z,21,_Z,2017,1001706624.94,,,,0
FCSA:DF_TRADE_TOT_CHAP_YR(5.1.0),AE,A,AED,FCSC,ANN_CHAP,REEXP,_Z,21,_Z,2018,977550253.46,,,,0
FCSA:DF_TRADE_TOT_CHAP_YR(5.1.0),AE,A,AED,FCSC,ANN_CHAP,REEXP,_Z,21,_Z,2019,950505687.90,,,,0
FCSA:DF_TRADE_TOT_CHAP_YR(5.1.0),AE,A,AED,FCSC,ANN_CHAP,REEXP,_Z,21,_Z,2020,996635595.48,,,,0
FCSA:DF_TRADE_TOT_CHAP_YR(5.1.0),AE,A,AED,FCSC,ANN_CHAP,REEXP,_Z,21,_Z,2021,1173407383.48,,,,0
FCSA:DF_TRADE_TOT_CHAP_YR(5.1.0),AE,A,AED,FCSC,ANN_CHAP,REEXP,_Z,21,_Z,2022,1577649434.54,,,,0
FCSA:DF_TRADE_TOT_CHAP_YR(5.1.0),AE,A,AED,FCSC,ANN_CHAP,REEXP,_Z,21,_Z,2023,1736399205.62,,,,0
FCSA:DF_TRADE_TOT_CHAP_YR(5.1.0),AE,A,AED,FCSC,ANN_CHAP,REEXP,_Z,21,_Z,2024,2058425599.20,,,,0
FCSA:DF_TRADE_TOT_CHAP_YR(5.1.0),AE,A,AED,FCSC,ANN_CHAP,TTRADE,_Z,35,_Z,2017,634779609.87,,,,0
FCSA:DF_TRADE_TOT_CHAP_YR(5.1.0),AE,A,AED,FCSC,ANN_CHAP,TTRADE,_Z,35,_Z,2018,766442250.04,,,,0
FCSA:DF_TRADE_TOT_CHAP_YR(5.1.0),AE,A,AED,FCSC,ANN_CHAP,TTRADE,_Z,35,_Z,2019,912386352.21,,,,0
FCSA:DF_TRADE_TOT_CHAP_YR(5.1.0),AE,A,AED,FCSC,ANN_CHAP,TTRADE,_Z,35,_Z,2020,916244455.82,,,,0
FCSA:DF_TRADE_TOT_CHAP_YR(5.1.0),AE,A,AED,FCSC,ANN_CHAP,TTRADE,_Z,35,_Z,2021,1004863989.85,,,,0
FCSA:DF_TRADE_TOT_CHAP_YR(5.1.0),AE,A,AED,FCSC,ANN_CHAP,TTRADE,_Z,35,_Z,2022,1355841117.34,,,,0
FCSA:DF_TRADE_TOT_CHAP_YR(5.1.0),AE,A,AED,FCSC,ANN_CHAP,TTRADE,_Z,35,_Z,2023,1452980559.75,,,,0
FCSA:DF_TRADE_TOT_CHAP_YR(5.1.0),AE,A,AED,FCSC,ANN_CHAP,TTRADE,_Z,35,_Z,2024,1621586460.44,,,,0
FCSA:DF_TRADE_TOT_CHAP_YR(5.1.0),AE,A,AED,FCSC,ANN_CHAP,NOEXP,_Z,83,_Z,2017,441853789.93,,,,0
FCSA:DF_TRADE_TOT_CHAP_YR(5.1.0),AE,A,AED,FCSC,ANN_CHAP,NOEXP,_Z,83,_Z,2018,1217161408.85,,,,0
FCSA:DF_TRADE_TOT_CHAP_YR(5.1.0),AE,A,AED,FCSC,ANN_CHAP,NOEXP,_Z,83,_Z,2019,637427266.97,,,,0
FCSA:DF_TRADE_TOT_CHAP_YR(5.1.0),AE,A,AED,FCSC,ANN_CHAP,NOEXP,_Z,83,_Z,2020,587466087.16,,,,0
FCSA:DF_TRADE_TOT_CHAP_YR(5.1.0),AE,A,AED,FCSC,ANN_CHAP,NOEXP,_Z,83,_Z,2021,808719071.24,,,,0
FCSA:DF_TRADE_TOT_CHAP_YR(5.1.0),AE,A,AED,FCSC,ANN_CHAP,NOEXP,_Z,83,_Z,2022,895710445.87,,,,0
FCSA:DF_TRADE_TOT_CHAP_YR(5.1.0),AE,A,AED,FCSC,ANN_CHAP,NOEXP,_Z,83,_Z,2023,785742399.15,,,,0
FCSA:DF_TRADE_TOT_CHAP_YR(5.1.0),AE,A,AED,FCSC,ANN_CHAP,NOEXP,_Z,83,_Z,2024,938474952.18,,,,0
FCSA:DF_TRADE_TOT_CHAP_YR(5.1.0),AE,A,AED,FCSC,ANN_CHAP,TNOEXP,_Z,97,_Z,2017,634057960.76,,,,0
FCSA:DF_TRADE_TOT_CHAP_YR(5.1.0),AE,A,AED,FCSC,ANN_CHAP,TNOEXP,_Z,97,_Z,2018,2426108711.86,,,,0
FCSA:DF_TRADE_TOT_CHAP_YR(5.1.0),AE,A,AED,FCSC,ANN_CHAP,TNOEXP,_Z,97,_Z,2019,3309750742.40,,,,0
FCSA:DF_TRADE_TOT_CHAP_YR(5.1.0),AE,A,AED,FCSC,ANN_CHAP,TNOEXP,_Z,97,_Z,2020,865535361.58,,,,0
FCSA:DF_TRADE_TOT_CHAP_YR(5.1.0),AE,A,AED,FCSC,ANN_CHAP,TNOEXP,_Z,97,_Z,2021,1871919743.78,,,,0
FCSA:DF_TRADE_TOT_CHAP_YR(5.1.0),AE,A,AED,FCSC,ANN_CHAP,TNOEXP,_Z,97,_Z,2022,1087222760.17,,,,0
FCSA:DF_TRADE_TOT_CHAP_YR(5.1.0),AE,A,AED,FCSC,ANN_CHAP,TNOEXP,_Z,97,_Z,2023,3364295052.86,,,,0
FCSA:DF_TRADE_TOT_CHAP_YR(5.1.0),AE,A,AED,FCSC,ANN_CHAP,TNOEXP,_Z,97,_Z,2024,3057738335.42,,,,0
FCSA:DF_TRADE_TOT_CHAP_YR(5.1.0),AE,A,AED,FCSC,ANN_CHAP,REEXP,_Z,6,_Z,2017,4640104.49,,,,0
FCSA:DF_TRADE_TOT_CHAP_YR(5.1.0),AE,A,AED,FCSC,ANN_CHAP,REEXP,_Z,6,_Z,2018,7798246.12,,,,0
FCSA:DF_TRADE_TOT_CHAP_YR(5.1.0),AE,A,AED,FCSC,ANN_CHAP,REEXP,_Z,6,_Z,2019,7168553.62,,,,0
FCSA:DF_TRADE_TOT_CHAP_YR(5.1.0),AE,A,AED,FCSC,ANN_CHAP,REEXP,_Z,6,_Z,2020,7082446.11,,,,0
FCSA:DF_TRADE_TOT_CHAP_YR(5.1.0),AE,A,AED,FCSC,ANN_CHAP,REEXP,_Z,6,_Z,2021,12309460.29,,,,0
FCSA:DF_TRADE_TOT_CHAP_YR(5.1.0),AE,A,AED,FCSC,ANN_CHAP,REEXP,_Z,6,_Z,2022,14335376.93,,,,0
FCSA:DF_TRADE_TOT_CHAP_YR(5.1.0),AE,A,AED,FCSC,ANN_CHAP,REEXP,_Z,6,_Z,2023,11577789.91,,,,0
FCSA:DF_TRADE_TOT_CHAP_YR(5.1.0),AE,A,AED,FCSC,ANN_CHAP,REEXP,_Z,6,_Z,2024,9361349.45,,,,0
FCSA:DF_TRADE_TOT_CHAP_YR(5.1.0),AE,A,AED,FCSC,ANN_CHAP,TTRADE,_Z,48,_Z,2017,6765905567.03,,,,0
FCSA:DF_TRADE_TOT_CHAP_YR(5.1.0),AE,A,AED,FCSC,ANN_CHAP,TTRADE,_Z,48,_Z,2018,8800863151.44,,,,0
FCSA:DF_TRADE_TOT_CHAP_YR(5.1.0),AE,A,AED,FCSC,ANN_CHAP,TTRADE,_Z,48,_Z,2019,9162062073.13,,,,0
FCSA:DF_TRADE_TOT_CHAP_YR(5.1.0),AE,A,AED,FCSC,ANN_CHAP,TTRADE,_Z,48,_Z,2020,11200905598.07,,,,0
FCSA:DF_TRADE_TOT_CHAP_YR(5.1.0),AE,A,AED,FCSC,ANN_CHAP,TTRADE,_Z,48,_Z,2021,10674839296.82,,,,0
FCSA:DF_TRADE_TOT_CHAP_YR(5.1.0),AE,A,AED,FCSC,ANN_CHAP,TTRADE,_Z,48,_Z,2022,13977404883.25,,,,0
FCSA:DF_TRADE_TOT_CHAP_YR(5.1.0),AE,A,AED,FCSC,ANN_CHAP,TTRADE,_Z,48,_Z,2023,12999137746.60,,,,0
FCSA:DF_TRADE_TOT_CHAP_YR(5.1.0),AE,A,AED,FCSC,ANN_CHAP,TTRADE,_Z,48,_Z,2024,13999691243.58,,,,0
FCSA:DF_TRADE_TOT_CHAP_YR(5.1.0),AE,A,AED,FCSC,ANN_CHAP,NOEXP,_Z,40,_Z,2017,147309449.58,,,,0
FCSA:DF_TRADE_TOT_CHAP_YR(5.1.0),AE,A,AED,FCSC,ANN_CHAP,NOEXP,_Z,40,_Z,2018,239246273.43,,,,0
FCSA:DF_TRADE_TOT_CHAP_YR(5.1.0),AE,A,AED,FCSC,ANN_CHAP,NOEXP,_Z,40,_Z,2019,251322043.44,,,,0
FCSA:DF_TRADE_TOT_CHAP_YR(5.1.0),AE,A,AED,FCSC,ANN_CHAP,NOEXP,_Z,40,_Z,2020,227070220.45,,,,0
FCSA:DF_TRADE_TOT_CHAP_YR(5.1.0),AE,A,AED,FCSC,ANN_CHAP,NOEXP,_Z,40,_Z,2021,287469069.70,,,,0
FCSA:DF_TRADE_TOT_CHAP_YR(5.1.0),AE,A,AED,FCSC,ANN_CHAP,NOEXP,_Z,40,_Z,2022,357466573.27,,,,0
FCSA:DF_TRADE_TOT_CHAP_YR(5.1.0),AE,A,AED,FCSC,ANN_CHAP,NOEXP,_Z,40,_Z,2023,426033857.31,,,,0
FCSA:DF_TRADE_TOT_CHAP_YR(5.1.0),AE,A,AED,FCSC,ANN_CHAP,NOEXP,_Z,40,_Z,2024,475050197.01,,,,0
FCSA:DF_TRADE_TOT_CHAP_YR(5.1.0),AE,A,AED,FCSC,ANN_CHAP,TNOEXP,_Z,33,_Z,2017,8626144812.21,,,,0
FCSA:DF_TRADE_TOT_CHAP_YR(5.1.0),AE,A,AED,FCSC,ANN_CHAP,TNOEXP,_Z,33,_Z,2018,12801928119.44,,,,0
FCSA:DF_TRADE_TOT_CHAP_YR(5.1.0),AE,A,AED,FCSC,ANN_CHAP,TNOEXP,_Z,33,_Z,2019,14344735496.76,,,,0
FCSA:DF_TRADE_TOT_CHAP_YR(5.1.0),AE,A,AED,FCSC,ANN_CHAP,TNOEXP,_Z,33,_Z,2020,13377470913.29,,,,0
FCSA:DF_TRADE_TOT_CHAP_YR(5.1.0),AE,A,AED,FCSC,ANN_CHAP,TNOEXP,_Z,33,_Z,2021,16768069512.38,,,,0
FCSA:DF_TRADE_TOT_CHAP_YR(5.1.0),AE,A,AED,FCSC,ANN_CHAP,TNOEXP,_Z,33,_Z,2022,18773312294.62,,,,0
FCSA:DF_TRADE_TOT_CHAP_YR(5.1.0),AE,A,AED,FCSC,ANN_CHAP,TNOEXP,_Z,33,_Z,2023,22510471028.69,,,,0
FCSA:DF_TRADE_TOT_CHAP_YR(5.1.0),AE,A,AED,FCSC,ANN_CHAP,TNOEXP,_Z,33,_Z,2024,27169748596.65,,,,0
FCSA:DF_TRADE_TOT_CHAP_YR(5.1.0),AE,A,AED,FCSC,ANN_CHAP,TNOEXP,_Z,16,_Z,2017,800533408.80,,,,0
FCSA:DF_TRADE_TOT_CHAP_YR(5.1.0),AE,A,AED,FCSC,ANN_CHAP,TNOEXP,_Z,16,_Z,2018,1276063777.17,,,,0
FCSA:DF_TRADE_TOT_CHAP_YR(5.1.0),AE,A,AED,FCSC,ANN_CHAP,TNOEXP,_Z,16,_Z,2019,1558656891.32,,,,0
FCSA:DF_TRADE_TOT_CHAP_YR(5.1.0),AE,A,AED,FCSC,ANN_CHAP,TNOEXP,_Z,16,_Z,2020,1587340692.34,,,,0
FCSA:DF_TRADE_TOT_CHAP_YR(5.1.0),AE,A,AED,FCSC,ANN_CHAP,TNOEXP,_Z,16,_Z,2021,1780458962.10,,,,0
FCSA:DF_TRADE_TOT_CHAP_YR(5.1.0),AE,A,AED,FCSC,ANN_CHAP,TNOEXP,_Z,16,_Z,2022,2133175302.46,,,,0
FCSA:DF_TRADE_TOT_CHAP_YR(5.1.0),AE,A,AED,FCSC,ANN_CHAP,TNOEXP,_Z,16,_Z,2023,2163007930.25,,,,0
FCSA:DF_TRADE_TOT_CHAP_YR(5.1.0),AE,A,AED,FCSC,ANN_CHAP,TNOEXP,_Z,16,_Z,2024,2736338638.84,,,,0
FCSA:DF_TRADE_TOT_CHAP_YR(5.1.0),AE,A,AED,FCSC,ANN_CHAP,TNOEXP,_Z,50,_Z,2017,38539599.73,,,,0
FCSA:DF_TRADE_TOT_CHAP_YR(5.1.0),AE,A,AED,FCSC,ANN_CHAP,TNOEXP,_Z,50,_Z,2018,26969224.27,,,,0
FCSA:DF_TRADE_TOT_CHAP_YR(5.1.0),AE,A,AED,FCSC,ANN_CHAP,TNOEXP,_Z,50,_Z,2019,32917546.99,,,,0
FCSA:DF_TRADE_TOT_CHAP_YR(5.1.0),AE,A,AED,FCSC,ANN_CHAP,TNOEXP,_Z,50,_Z,2020,28667520.23,,,,0
FCSA:DF_TRADE_TOT_CHAP_YR(5.1.0),AE,A,AED,FCSC,ANN_CHAP,TNOEXP,_Z,50,_Z,2021,29118182.86,,,,0
FCSA:DF_TRADE_TOT_CHAP_YR(5.1.0),AE,A,AED,FCSC,ANN_CHAP,TNOEXP,_Z,50,_Z,2022,44397040.22,,,,0
FCSA:DF_TRADE_TOT_CHAP_YR(5.1.0),AE,A,AED,FCSC,ANN_CHAP,TNOEXP,_Z,50,_Z,2023,30477514.18,,,,0
FCSA:DF_TRADE_TOT_CHAP_YR(5.1.0),AE,A,AED,FCSC,ANN_CHAP,TNOEXP,_Z,50,_Z,2024,15168318.01,,,,0
FCSA:DF_TRADE_TOT_CHAP_YR(5.1.0),AE,A,AED,FCSC,ANN_CHAP,TTRADE,_Z,46,_Z,2017,123880725.16,,,,0
FCSA:DF_TRADE_TOT_CHAP_YR(5.1.0),AE,A,AED,FCSC,ANN_CHAP,TTRADE,_Z,46,_Z,2018,121827455.91,,,,0
FCSA:DF_TRADE_TOT_CHAP_YR(5.1.0),AE,A,AED,FCSC,ANN_CHAP,TTRADE,_Z,46,_Z,2019,179477175.62,,,,0
FCSA:DF_TRADE_TOT_CHAP_YR(5.1.0),AE,A,AED,FCSC,ANN_CHAP,TTRADE,_Z,46,_Z,2020,283508067.95,,,,0
FCSA:DF_TRADE_TOT_CHAP_YR(5.1.0),AE,A,AED,FCSC,ANN_CHAP,TTRADE,_Z,46,_Z,2021,355751009.09,,,,0
FCSA:DF_TRADE_TOT_CHAP_YR(5.1.0),AE,A,AED,FCSC,ANN_CHAP,TTRADE,_Z,46,_Z,2022,343598071.87,,,,0
FCSA:DF_TRADE_TOT_CHAP_YR(5.1.0),AE,A,AED,FCSC,ANN_CHAP,TTRADE,_Z,46,_Z,2023,389901607.28,,,,0
FCSA:DF_TRADE_TOT_CHAP_YR(5.1.0),AE,A,AED,FCSC,ANN_CHAP,TTRADE,_Z,46,_Z,2024,368198364.41,,,,0
FCSA:DF_TRADE_TOT_CHAP_YR(5.1.0),AE,A,AED,FCSC,ANN_CHAP,NOEXP,_Z,32,_Z,2017,920492264.78,,,,0
FCSA:DF_TRADE_TOT_CHAP_YR(5.1.0),AE,A,AED,FCSC,ANN_CHAP,NOEXP,_Z,32,_Z,2018,1777161786.12,,,,0
FCSA:DF_TRADE_TOT_CHAP_YR(5.1.0),AE,A,AED,FCSC,ANN_CHAP,NOEXP,_Z,32,_Z,2019,1827433850.29,,,,0
FCSA:DF_TRADE_TOT_CHAP_YR(5.1.0),AE,A,AED,FCSC,ANN_CHAP,NOEXP,_Z,32,_Z,2020,1839475102.56,,,,0
FCSA:DF_TRADE_TOT_CHAP_YR(5.1.0),AE,A,AED,FCSC,ANN_CHAP,NOEXP,_Z,32,_Z,2021,2177832146.28,,,,0
FCSA:DF_TRADE_TOT_CHAP_YR(5.1.0),AE,A,AED,FCSC,ANN_CHAP,NOEXP,_Z,32,_Z,2022,2358598435.36,,,,0
FCSA:DF_TRADE_TOT_CHAP_YR(5.1.0),AE,A,AED,FCSC,ANN_CHAP,NOEXP,_Z,32,_Z,2023,2452104844.63,,,,0
FCSA:DF_TRADE_TOT_CHAP_YR(5.1.0),AE,A,AED,FCSC,ANN_CHAP,NOEXP,_Z,32,_Z,2024,2483766916.02,,,,0
FCSA:DF_TRADE_TOT_CHAP_YR(5.1.0),AE,A,AED,FCSC,ANN_CHAP,NOEXP,_Z,15,_Z,2017,811490943.69,,,,0
FCSA:DF_TRADE_TOT_CHAP_YR(5.1.0),AE,A,AED,FCSC,ANN_CHAP,NOEXP,_Z,15,_Z,2018,1246864701.81,,,,0
FCSA:DF_TRADE_TOT_CHAP_YR(5.1.0),AE,A,AED,FCSC,ANN_CHAP,NOEXP,_Z,15,_Z,2019,1583551131.52,,,,0
FCSA:DF_TRADE_TOT_CHAP_YR(5.1.0),AE,A,AED,FCSC,ANN_CHAP,NOEXP,_Z,15,_Z,2020,2279628350.27,,,,0
FCSA:DF_TRADE_TOT_CHAP_YR(5.1.0),AE,A,AED,FCSC,ANN_CHAP,NOEXP,_Z,15,_Z,2021,3080941022.42,,,,0
FCSA:DF_TRADE_TOT_CHAP_YR(5.1.0),AE,A,AED,FCSC,ANN_CHAP,NOEXP,_Z,15,_Z,2022,4099835519.03,,,,0
FCSA:DF_TRADE_TOT_CHAP_YR(5.1.0),AE,A,AED,FCSC,ANN_CHAP,NOEXP,_Z,15,_Z,2023,3328061981.15,,,,0
FCSA:DF_TRADE_TOT_CHAP_YR(5.1.0),AE,A,AED,FCSC,ANN_CHAP,NOEXP,_Z,15,_Z,2024,3200812586.03,,,,0
FCSA:DF_TRADE_TOT_CHAP_YR(5.1.0),AE,A,AED,FCSC,ANN_CHAP,TNOEXP,_Z,8,_Z,2017,2833294268.05,,,,0
FCSA:DF_TRADE_TOT_CHAP_YR(5.1.0),AE,A,AED,FCSC,ANN_CHAP,TNOEXP,_Z,8,_Z,2018,4403866206.76,,,,0
FCSA:DF_TRADE_TOT_CHAP_YR(5.1.0),AE,A,AED,FCSC,ANN_CHAP,TNOEXP,_Z,8,_Z,2019,4994329723.78,,,,0
FCSA:DF_TRADE_TOT_CHAP_YR(5.1.0),AE,A,AED,FCSC,ANN_CHAP,TNOEXP,_Z,8,_Z,2020,4692471681.51,,,,0
FCSA:DF_TRADE_TOT_CHAP_YR(5.1.0),AE,A,AED,FCSC,ANN_CHAP,TNOEXP,_Z,8,_Z,2021,5524971362.87,,,,0
FCSA:DF_TRADE_TOT_CHAP_YR(5.1.0),AE,A,AED,FCSC,ANN_CHAP,TNOEXP,_Z,8,_Z,2022,6622270986.79,,,,0
FCSA:DF_TRADE_TOT_CHAP_YR(5.1.0),AE,A,AED,FCSC,ANN_CHAP,TNOEXP,_Z,8,_Z,2023,7126328550.24,,,,0
FCSA:DF_TRADE_TOT_CHAP_YR(5.1.0),AE,A,AED,FCSC,ANN_CHAP,TNOEXP,_Z,8,_Z,2024,7687721569.02,,,,0
FCSA:DF_TRADE_TOT_CHAP_YR(5.1.0),AE,A,AED,FCSC,ANN_CHAP,REEXP,_Z,2,_Z,2017,153335584.54,,,,0
FCSA:DF_TRADE_TOT_CHAP_YR(5.1.0),AE,A,AED,FCSC,ANN_CHAP,REEXP,_Z,2,_Z,2018,564014418.05,,,,0
FCSA:DF_TRADE_TOT_CHAP_YR(5.1.0),AE,A,AED,FCSC,ANN_CHAP,REEXP,_Z,2,_Z,2019,1919416202.74,,,,0
FCSA:DF_TRADE_TOT_CHAP_YR(5.1.0),AE,A,AED,FCSC,ANN_CHAP,REEXP,_Z,2,_Z,2020,588245399.22,,,,0
FCSA:DF_TRADE_TOT_CHAP_YR(5.1.0),AE,A,AED,FCSC,ANN_CHAP,REEXP,_Z,2,_Z,2021,965234015.97,,,,0
FCSA:DF_TRADE_TOT_CHAP_YR(5.1.0),AE,A,AED,FCSC,ANN_CHAP,REEXP,_Z,2,_Z,2022,1231821957.82,,,,0
FCSA:DF_TRADE_TOT_CHAP_YR(5.1.0),AE,A,AED,FCSC,ANN_CHAP,REEXP,_Z,2,_Z,2023,1125168149.56,,,,0
FCSA:DF_TRADE_TOT_CHAP_YR(5.1.0),AE,A,AED,FCSC,ANN_CHAP,REEXP,_Z,2,_Z,2024,2115581885.99,,,,0
FCSA:DF_TRADE_TOT_CHAP_YR(5.1.0),AE,A,AED,FCSC,ANN_CHAP,TNOEXP,_Z,59,_Z,2017,129964453.28,,,,0
FCSA:DF_TRADE_TOT_CHAP_YR(5.1.0),AE,A,AED,FCSC,ANN_CHAP,TNOEXP,_Z,59,_Z,2018,129088973.63,,,,0
FCSA:DF_TRADE_TOT_CHAP_YR(5.1.0),AE,A,AED,FCSC,ANN_CHAP,TNOEXP,_Z,59,_Z,2019,148789636.70,,,,0
FCSA:DF_TRADE_TOT_CHAP_YR(5.1.0),AE,A,AED,FCSC,ANN_CHAP,TNOEXP,_Z,59,_Z,2020,147220977.58,,,,0
FCSA:DF_TRADE_TOT_CHAP_YR(5.1.0),AE,A,AED,FCSC,ANN_CHAP,TNOEXP,_Z,59,_Z,2021,213397626.61,,,,0
FCSA:DF_TRADE_TOT_CHAP_YR(5.1.0),AE,A,AED,FCSC,ANN_CHAP,TNOEXP,_Z,59,_Z,2022,281656233.04,,,,0
FCSA:DF_TRADE_TOT_CHAP_YR(5.1.0),AE,A,AED,FCSC,ANN_CHAP,TNOEXP,_Z,59,_Z,2023,235389979.11,,,,0
FCSA:DF_TRADE_TOT_CHAP_YR(5.1.0),AE,A,AED,FCSC,ANN_CHAP,TNOEXP,_Z,59,_Z,2024,198079671.85,,,,0
FCSA:DF_TRADE_TOT_CHAP_YR(5.1.0),AE,A,AED,FCSC,ANN_CHAP,NOEXP,_Z,66,_Z,2017,6131772.55,,,,0
FCSA:DF_TRADE_TOT_CHAP_YR(5.1.0),AE,A,AED,FCSC,ANN_CHAP,NOEXP,_Z,66,_Z,2018,22641684.54,,,,0
FCSA:DF_TRADE_TOT_CHAP_YR(5.1.0),AE,A,AED,FCSC,ANN_CHAP,NOEXP,_Z,66,_Z,2019,20989554.89,,,,0
FCSA:DF_TRADE_TOT_CHAP_YR(5.1.0),AE,A,AED,FCSC,ANN_CHAP,NOEXP,_Z,66,_Z,2020,2152927.45,,,,0
FCSA:DF_TRADE_TOT_CHAP_YR(5.1.0),AE,A,AED,FCSC,ANN_CHAP,NOEXP,_Z,66,_Z,2021,2656097.47,,,,0
FCSA:DF_TRADE_TOT_CHAP_YR(5.1.0),AE,A,AED,FCSC,ANN_CHAP,NOEXP,_Z,66,_Z,2022,5619650.16,,,,0
FCSA:DF_TRADE_TOT_CHAP_YR(5.1.0),AE,A,AED,FCSC,ANN_CHAP,NOEXP,_Z,66,_Z,2023,4326563.96,,,,0
FCSA:DF_TRADE_TOT_CHAP_YR(5.1.0),AE,A,AED,FCSC,ANN_CHAP,NOEXP,_Z,66,_Z,2024,8866625.59,,,,0
FCSA:DF_TRADE_TOT_CHAP_YR(5.1.0),AE,A,AED,FCSC,ANN_CHAP,TNOEXP,_Z,93,_Z,2017,35510814.81,,,,0
FCSA:DF_TRADE_TOT_CHAP_YR(5.1.0),AE,A,AED,FCSC,ANN_CHAP,TNOEXP,_Z,93,_Z,2018,32971069.53,,,,0
FCSA:DF_TRADE_TOT_CHAP_YR(5.1.0),AE,A,AED,FCSC,ANN_CHAP,TNOEXP,_Z,93,_Z,2019,18886735.87,,,,0
FCSA:DF_TRADE_TOT_CHAP_YR(5.1.0),AE,A,AED,FCSC,ANN_CHAP,TNOEXP,_Z,93,_Z,2020,27717927.68,,,,0
FCSA:DF_TRADE_TOT_CHAP_YR(5.1.0),AE,A,AED,FCSC,ANN_CHAP,TNOEXP,_Z,93,_Z,2021,33652811.95,,,,0
FCSA:DF_TRADE_TOT_CHAP_YR(5.1.0),AE,A,AED,FCSC,ANN_CHAP,TNOEXP,_Z,93,_Z,2022,79399085.23,,,,0
FCSA:DF_TRADE_TOT_CHAP_YR(5.1.0),AE,A,AED,FCSC,ANN_CHAP,TNOEXP,_Z,93,_Z,2023,53783489.55,,,,0
FCSA:DF_TRADE_TOT_CHAP_YR(5.1.0),AE,A,AED,FCSC,ANN_CHAP,TNOEXP,_Z,93,_Z,2024,20064425.95,,,,0
FCSA:DF_TRADE_TOT_CHAP_YR(5.1.0),AE,A,AED,FCSC,ANN_CHAP,IMP,_Z,2,_Z,2017,6265149647.71,,,,0
FCSA:DF_TRADE_TOT_CHAP_YR(5.1.0),AE,A,AED,FCSC,ANN_CHAP,IMP,_Z,2,_Z,2018,6868174396.18,,,,0
FCSA:DF_TRADE_TOT_CHAP_YR(5.1.0),AE,A,AED,FCSC,ANN_CHAP,IMP,_Z,2,_Z,2019,8379332832.69,,,,0
FCSA:DF_TRADE_TOT_CHAP_YR(5.1.0),AE,A,AED,FCSC,ANN_CHAP,IMP,_Z,2,_Z,2020,6436359868.02,,,,0
FCSA:DF_TRADE_TOT_CHAP_YR(5.1.0),AE,A,AED,FCSC,ANN_CHAP,IMP,_Z,2,_Z,2021,7456473504.62,,,,0
FCSA:DF_TRADE_TOT_CHAP_YR(5.1.0),AE,A,AED,FCSC,ANN_CHAP,IMP,_Z,2,_Z,2022,10080867293.21,,,,0
FCSA:DF_TRADE_TOT_CHAP_YR(5.1.0),AE,A,AED,FCSC,ANN_CHAP,IMP,_Z,2,_Z,2023,9210460028.41,,,,0
FCSA:DF_TRADE_TOT_CHAP_YR(5.1.0),AE,A,AED,FCSC,ANN_CHAP,IMP,_Z,2,_Z,2024,12280285026.03,,,,0
FCSA:DF_TRADE_TOT_CHAP_YR(5.1.0),AE,A,AED,FCSC,ANN_CHAP,NOEXP,_Z,23,_Z,2017,644592486.04,,,,0
FCSA:DF_TRADE_TOT_CHAP_YR(5.1.0),AE,A,AED,FCSC,ANN_CHAP,NOEXP,_Z,23,_Z,2018,645356932.42,,,,0
FCSA:DF_TRADE_TOT_CHAP_YR(5.1.0),AE,A,AED,FCSC,ANN_CHAP,NOEXP,_Z,23,_Z,2019,846891741.14,,,,0
FCSA:DF_TRADE_TOT_CHAP_YR(5.1.0),AE,A,AED,FCSC,ANN_CHAP,NOEXP,_Z,23,_Z,2020,991450762.36,,,,0
FCSA:DF_TRADE_TOT_CHAP_YR(5.1.0),AE,A,AED,FCSC,ANN_CHAP,NOEXP,_Z,23,_Z,2021,1183518019.21,,,,0
FCSA:DF_TRADE_TOT_CHAP_YR(5.1.0),AE,A,AED,FCSC,ANN_CHAP,NOEXP,_Z,23,_Z,2022,1460650710.15,,,,0
FCSA:DF_TRADE_TOT_CHAP_YR(5.1.0),AE,A,AED,FCSC,ANN_CHAP,NOEXP,_Z,23,_Z,2023,1167342175.29,,,,0
FCSA:DF_TRADE_TOT_CHAP_YR(5.1.0),AE,A,AED,FCSC,ANN_CHAP,NOEXP,_Z,23,_Z,2024,1037545341.08,,,,0
FCSA:DF_TRADE_TOT_CHAP_YR(5.1.0),AE,A,AED,FCSC,ANN_CHAP,IMP,_Z,70,_Z,2017,2804522672.46,,,,0
FCSA:DF_TRADE_TOT_CHAP_YR(5.1.0),AE,A,AED,FCSC,ANN_CHAP,IMP,_Z,70,_Z,2018,2771850034.56,,,,0
FCSA:DF_TRADE_TOT_CHAP_YR(5.1.0),AE,A,AED,FCSC,ANN_CHAP,IMP,_Z,70,_Z,2019,2735800349.10,,,,0
FCSA:DF_TRADE_TOT_CHAP_YR(5.1.0),AE,A,AED,FCSC,ANN_CHAP,IMP,_Z,70,_Z,2020,2258108462.44,,,,0
FCSA:DF_TRADE_TOT_CHAP_YR(5.1.0),AE,A,AED,FCSC,ANN_CHAP,IMP,_Z,70,_Z,2021,2571681677.63,,,,0
FCSA:DF_TRADE_TOT_CHAP_YR(5.1.0),AE,A,AED,FCSC,ANN_CHAP,IMP,_Z,70,_Z,2022,2857592325.69,,,,0
FCSA:DF_TRADE_TOT_CHAP_YR(5.1.0),AE,A,AED,FCSC,ANN_CHAP,IMP,_Z,70,_Z,2023,3161057996.47,,,,0
FCSA:DF_TRADE_TOT_CHAP_YR(5.1.0),AE,A,AED,FCSC,ANN_CHAP,IMP,_Z,70,_Z,2024,3698782693.24,,,,0
FCSA:DF_TRADE_TOT_CHAP_YR(5.1.0),AE,A,AED,FCSC,ANN_CHAP,TTRADE,_Z,39,_Z,2017,36116004782.87,,,,0
FCSA:DF_TRADE_TOT_CHAP_YR(5.1.0),AE,A,AED,FCSC,ANN_CHAP,TTRADE,_Z,39,_Z,2018,38080963469.93,,,,0
FCSA:DF_TRADE_TOT_CHAP_YR(5.1.0),AE,A,AED,FCSC,ANN_CHAP,TTRADE,_Z,39,_Z,2019,39471837066.48,,,,0
FCSA:DF_TRADE_TOT_CHAP_YR(5.1.0),AE,A,AED,FCSC,ANN_CHAP,TTRADE,_Z,39,_Z,2020,41090164563.72,,,,0
FCSA:DF_TRADE_TOT_CHAP_YR(5.1.0),AE,A,AED,FCSC,ANN_CHAP,TTRADE,_Z,39,_Z,2021,56625339118.49,,,,0
FCSA:DF_TRADE_TOT_CHAP_YR(5.1.0),AE,A,AED,FCSC,ANN_CHAP,TTRADE,_Z,39,_Z,2022,61525216930.25,,,,0
FCSA:DF_TRADE_TOT_CHAP_YR(5.1.0),AE,A,AED,FCSC,ANN_CHAP,TTRADE,_Z,39,_Z,2023,51359952521.67,,,,0
FCSA:DF_TRADE_TOT_CHAP_YR(5.1.0),AE,A,AED,FCSC,ANN_CHAP,TTRADE,_Z,39,_Z,2024,49408091093.57,,,,0
FCSA:DF_TRADE_TOT_CHAP_YR(5.1.0),AE,A,AED,FCSC,ANN_CHAP,TTRADE,_Z,56,_Z,2017,786784585.75,,,,0
FCSA:DF_TRADE_TOT_CHAP_YR(5.1.0),AE,A,AED,FCSC,ANN_CHAP,TTRADE,_Z,56,_Z,2018,906915492.80,,,,0
FCSA:DF_TRADE_TOT_CHAP_YR(5.1.0),AE,A,AED,FCSC,ANN_CHAP,TTRADE,_Z,56,_Z,2019,945364601.43,,,,0
FCSA:DF_TRADE_TOT_CHAP_YR(5.1.0),AE,A,AED,FCSC,ANN_CHAP,TTRADE,_Z,56,_Z,2020,1024629671.95,,,,0
FCSA:DF_TRADE_TOT_CHAP_YR(5.1.0),AE,A,AED,FCSC,ANN_CHAP,TTRADE,_Z,56,_Z,2021,1034469517.12,,,,0
FCSA:DF_TRADE_TOT_CHAP_YR(5.1.0),AE,A,AED,FCSC,ANN_CHAP,TTRADE,_Z,56,_Z,2022,1208165584.45,,,,0
FCSA:DF_TRADE_TOT_CHAP_YR(5.1.0),AE,A,AED,FCSC,ANN_CHAP,TTRADE,_Z,56,_Z,2023,1609920494.08,,,,0
FCSA:DF_TRADE_TOT_CHAP_YR(5.1.0),AE,A,AED,FCSC,ANN_CHAP,TTRADE,_Z,56,_Z,2024,1843476605.22,,,,0
FCSA:DF_TRADE_TOT_CHAP_YR(5.1.0),AE,A,AED,FCSC,ANN_CHAP,TNOEXP,_Z,76,_Z,2017,22792964982.70,,,,0
FCSA:DF_TRADE_TOT_CHAP_YR(5.1.0),AE,A,AED,FCSC,ANN_CHAP,TNOEXP,_Z,76,_Z,2018,23430502047.16,,,,0
FCSA:DF_TRADE_TOT_CHAP_YR(5.1.0),AE,A,AED,FCSC,ANN_CHAP,TNOEXP,_Z,76,_Z,2019,20343179160.49,,,,0
FCSA:DF_TRADE_TOT_CHAP_YR(5.1.0),AE,A,AED,FCSC,ANN_CHAP,TNOEXP,_Z,76,_Z,2020,16330641721.70,,,,0
FCSA:DF_TRADE_TOT_CHAP_YR(5.1.0),AE,A,AED,FCSC,ANN_CHAP,TNOEXP,_Z,76,_Z,2021,29929037731.99,,,,0
FCSA:DF_TRADE_TOT_CHAP_YR(5.1.0),AE,A,AED,FCSC,ANN_CHAP,TNOEXP,_Z,76,_Z,2022,30384423057.31,,,,0
FCSA:DF_TRADE_TOT_CHAP_YR(5.1.0),AE,A,AED,FCSC,ANN_CHAP,TNOEXP,_Z,76,_Z,2023,28876764599.69,,,,0
FCSA:DF_TRADE_TOT_CHAP_YR(5.1.0),AE,A,AED,FCSC,ANN_CHAP,TNOEXP,_Z,76,_Z,2024,25863557423.14,,,,0
FCSA:DF_TRADE_TOT_CHAP_YR(5.1.0),AE,A,AED,FCSC,ANN_CHAP,TTRADE,_Z,82,_Z,2017,3908822592.12,,,,0
FCSA:DF_TRADE_TOT_CHAP_YR(5.1.0),AE,A,AED,FCSC,ANN_CHAP,TTRADE,_Z,82,_Z,2018,4052481708.37,,,,0
FCSA:DF_TRADE_TOT_CHAP_YR(5.1.0),AE,A,AED,FCSC,ANN_CHAP,TTRADE,_Z,82,_Z,2019,4340580463.79,,,,0
FCSA:DF_TRADE_TOT_CHAP_YR(5.1.0),AE,A,AED,FCSC,ANN_CHAP,TTRADE,_Z,82,_Z,2020,2972161793.20,,,,0
FCSA:DF_TRADE_TOT_CHAP_YR(5.1.0),AE,A,AED,FCSC,ANN_CHAP,TTRADE,_Z,82,_Z,2021,3501408211.69,,,,0
FCSA:DF_TRADE_TOT_CHAP_YR(5.1.0),AE,A,AED,FCSC,ANN_CHAP,TTRADE,_Z,82,_Z,2022,4117108454.58,,,,0
FCSA:DF_TRADE_TOT_CHAP_YR(5.1.0),AE,A,AED,FCSC,ANN_CHAP,TTRADE,_Z,82,_Z,2023,4525322869.32,,,,0
FCSA:DF_TRADE_TOT_CHAP_YR(5.1.0),AE,A,AED,FCSC,ANN_CHAP,TTRADE,_Z,82,_Z,2024,4519669777.89,,,,0
FCSA:DF_TRADE_TOT_CHAP_YR(5.1.0),AE,A,AED,FCSC,ANN_CHAP,NOEXP,_Z,76,_Z,2017,22421192512.83,,,,0
FCSA:DF_TRADE_TOT_CHAP_YR(5.1.0),AE,A,AED,FCSC,ANN_CHAP,NOEXP,_Z,76,_Z,2018,22886226618.26,,,,0
FCSA:DF_TRADE_TOT_CHAP_YR(5.1.0),AE,A,AED,FCSC,ANN_CHAP,NOEXP,_Z,76,_Z,2019,19898458768.00,,,,0
FCSA:DF_TRADE_TOT_CHAP_YR(5.1.0),AE,A,AED,FCSC,ANN_CHAP,NOEXP,_Z,76,_Z,2020,15892327967.47,,,,0
FCSA:DF_TRADE_TOT_CHAP_YR(5.1.0),AE,A,AED,FCSC,ANN_CHAP,NOEXP,_Z,76,_Z,2021,29241691805.28,,,,0
FCSA:DF_TRADE_TOT_CHAP_YR(5.1.0),AE,A,AED,FCSC,ANN_CHAP,NOEXP,_Z,76,_Z,2022,29481295100.06,,,,0
FCSA:DF_TRADE_TOT_CHAP_YR(5.1.0),AE,A,AED,FCSC,ANN_CHAP,NOEXP,_Z,76,_Z,2023,28202053648.43,,,,0
FCSA:DF_TRADE_TOT_CHAP_YR(5.1.0),AE,A,AED,FCSC,ANN_CHAP,NOEXP,_Z,76,_Z,2024,25093945857.74,,,,0
FCSA:DF_TRADE_TOT_CHAP_YR(5.1.0),AE,A,AED,FCSC,ANN_CHAP,NOEXP,_Z,93,_Z,2017,10462529.54,,,,0
FCSA:DF_TRADE_TOT_CHAP_YR(5.1.0),AE,A,AED,FCSC,ANN_CHAP,NOEXP,_Z,93,_Z,2018,5838998.36,,,,0
FCSA:DF_TRADE_TOT_CHAP_YR(5.1.0),AE,A,AED,FCSC,ANN_CHAP,NOEXP,_Z,93,_Z,2019,5748201.90,,,,0
FCSA:DF_TRADE_TOT_CHAP_YR(5.1.0),AE,A,AED,FCSC,ANN_CHAP,NOEXP,_Z,93,_Z,2020,4708912.70,,,,0
FCSA:DF_TRADE_TOT_CHAP_YR(5.1.0),AE,A,AED,FCSC,ANN_CHAP,NOEXP,_Z,93,_Z,2021,16392476.18,,,,0
FCSA:DF_TRADE_TOT_CHAP_YR(5.1.0),AE,A,AED,FCSC,ANN_CHAP,NOEXP,_Z,93,_Z,2022,24662048.43,,,,0
FCSA:DF_TRADE_TOT_CHAP_YR(5.1.0),AE,A,AED,FCSC,ANN_CHAP,NOEXP,_Z,93,_Z,2023,19978132.02,,,,0
FCSA:DF_TRADE_TOT_CHAP_YR(5.1.0),AE,A,AED,FCSC,ANN_CHAP,NOEXP,_Z,93,_Z,2024,12084918.59,,,,0
FCSA:DF_TRADE_TOT_CHAP_YR(5.1.0),AE,A,AED,FCSC,ANN_CHAP,TTRADE,_Z,86,_Z,2017,529018725.34,,,,0
FCSA:DF_TRADE_TOT_CHAP_YR(5.1.0),AE,A,AED,FCSC,ANN_CHAP,TTRADE,_Z,86,_Z,2018,425021004.70,,,,0
FCSA:DF_TRADE_TOT_CHAP_YR(5.1.0),AE,A,AED,FCSC,ANN_CHAP,TTRADE,_Z,86,_Z,2019,1239837151.18,,,,0
FCSA:DF_TRADE_TOT_CHAP_YR(5.1.0),AE,A,AED,FCSC,ANN_CHAP,TTRADE,_Z,86,_Z,2020,842516418.77,,,,0
FCSA:DF_TRADE_TOT_CHAP_YR(5.1.0),AE,A,AED,FCSC,ANN_CHAP,TTRADE,_Z,86,_Z,2021,404225297.91,,,,0
FCSA:DF_TRADE_TOT_CHAP_YR(5.1.0),AE,A,AED,FCSC,ANN_CHAP,TTRADE,_Z,86,_Z,2022,1012300564.00,,,,0
FCSA:DF_TRADE_TOT_CHAP_YR(5.1.0),AE,A,AED,FCSC,ANN_CHAP,TTRADE,_Z,86,_Z,2023,989394782.76,,,,0
FCSA:DF_TRADE_TOT_CHAP_YR(5.1.0),AE,A,AED,FCSC,ANN_CHAP,TTRADE,_Z,86,_Z,2024,1018352849.52,,,,0
FCSA:DF_TRADE_TOT_CHAP_YR(5.1.0),AE,A,AED,FCSC,ANN_CHAP,REEXP,_Z,85,_Z,2017,82881989463.34,,,,0
FCSA:DF_TRADE_TOT_CHAP_YR(5.1.0),AE,A,AED,FCSC,ANN_CHAP,REEXP,_Z,85,_Z,2018,95423564413.87,,,,0
FCSA:DF_TRADE_TOT_CHAP_YR(5.1.0),AE,A,AED,FCSC,ANN_CHAP,REEXP,_Z,85,_Z,2019,107040876257.21,,,,0
FCSA:DF_TRADE_TOT_CHAP_YR(5.1.0),AE,A,AED,FCSC,ANN_CHAP,REEXP,_Z,85,_Z,2020,100586269143.48,,,,0
FCSA:DF_TRADE_TOT_CHAP_YR(5.1.0),AE,A,AED,FCSC,ANN_CHAP,REEXP,_Z,85,_Z,2021,118626477793.87,,,,0
FCSA:DF_TRADE_TOT_CHAP_YR(5.1.0),AE,A,AED,FCSC,ANN_CHAP,REEXP,_Z,85,_Z,2022,139402908242.88,,,,0
FCSA:DF_TRADE_TOT_CHAP_YR(5.1.0),AE,A,AED,FCSC,ANN_CHAP,REEXP,_Z,85,_Z,2023,147734147786.47,,,,0
FCSA:DF_TRADE_TOT_CHAP_YR(5.1.0),AE,A,AED,FCSC,ANN_CHAP,REEXP,_Z,85,_Z,2024,155398669187.18,,,,0
FCSA:DF_TRADE_TOT_CHAP_YR(5.1.0),AE,A,AED,FCSC,ANN_CHAP,TTRADE,_Z,_T,_Z,2017,1527812637140.41,,,,0
FCSA:DF_TRADE_TOT_CHAP_YR(5.1.0),AE,A,AED,FCSC,ANN_CHAP,TTRADE,_Z,_T,_Z,2018,1536081913746.26,,,,0
FCSA:DF_TRADE_TOT_CHAP_YR(5.1.0),AE,A,AED,FCSC,ANN_CHAP,TTRADE,_Z,_T,_Z,2019,1603498535222.29,,,,0
FCSA:DF_TRADE_TOT_CHAP_YR(5.1.0),AE,A,AED,FCSC,ANN_CHAP,TTRADE,_Z,_T,_Z,2020,1403166775457.36,,,,0
FCSA:DF_TRADE_TOT_CHAP_YR(5.1.0),AE,A,AED,FCSC,ANN_CHAP,TTRADE,_Z,_T,_Z,2021,1786525771005.24,,,,0
FCSA:DF_TRADE_TOT_CHAP_YR(5.1.0),AE,A,AED,FCSC,ANN_CHAP,TTRADE,_Z,_T,_Z,2022,2167098797011.92,,,,0
FCSA:DF_TRADE_TOT_CHAP_YR(5.1.0),AE,A,AED,FCSC,ANN_CHAP,TTRADE,_Z,_T,_Z,2023,2476094220046.60,,,,0
FCSA:DF_TRADE_TOT_CHAP_YR(5.1.0),AE,A,AED,FCSC,ANN_CHAP,TTRADE,_Z,_T,_Z,2024,2800782271721.96,,,,0
FCSA:DF_TRADE_TOT_CHAP_YR(5.1.0),AE,A,AED,FCSC,ANN_CHAP,TTRADE,_Z,73,_Z,2017,26310383634.69,,,,0
FCSA:DF_TRADE_TOT_CHAP_YR(5.1.0),AE,A,AED,FCSC,ANN_CHAP,TTRADE,_Z,73,_Z,2018,32220653278.73,,,,0
FCSA:DF_TRADE_TOT_CHAP_YR(5.1.0),AE,A,AED,FCSC,ANN_CHAP,TTRADE,_Z,73,_Z,2019,30197215136.04,,,,0
FCSA:DF_TRADE_TOT_CHAP_YR(5.1.0),AE,A,AED,FCSC,ANN_CHAP,TTRADE,_Z,73,_Z,2020,26409499787.72,,,,0
FCSA:DF_TRADE_TOT_CHAP_YR(5.1.0),AE,A,AED,FCSC,ANN_CHAP,TTRADE,_Z,73,_Z,2021,26544012016.00,,,,0
FCSA:DF_TRADE_TOT_CHAP_YR(5.1.0),AE,A,AED,FCSC,ANN_CHAP,TTRADE,_Z,73,_Z,2022,34438053838.38,,,,0
FCSA:DF_TRADE_TOT_CHAP_YR(5.1.0),AE,A,AED,FCSC,ANN_CHAP,TTRADE,_Z,73,_Z,2023,39527624899.47,,,,0
FCSA:DF_TRADE_TOT_CHAP_YR(5.1.0),AE,A,AED,FCSC,ANN_CHAP,TTRADE,_Z,73,_Z,2024,44671843241.95,,,,0
FCSA:DF_TRADE_TOT_CHAP_YR(5.1.0),AE,A,AED,FCSC,ANN_CHAP,REEXP,_Z,46,_Z,2017,46181434.88,,,,0
FCSA:DF_TRADE_TOT_CHAP_YR(5.1.0),AE,A,AED,FCSC,ANN_CHAP,REEXP,_Z,46,_Z,2018,46097526.49,,,,0
FCSA:DF_TRADE_TOT_CHAP_YR(5.1.0),AE,A,AED,FCSC,ANN_CHAP,REEXP,_Z,46,_Z,2019,79577659.15,,,,0
FCSA:DF_TRADE_TOT_CHAP_YR(5.1.0),AE,A,AED,FCSC,ANN_CHAP,REEXP,_Z,46,_Z,2020,124171246.59,,,,0
FCSA:DF_TRADE_TOT_CHAP_YR(5.1.0),AE,A,AED,FCSC,ANN_CHAP,REEXP,_Z,46,_Z,2021,169333665.03,,,,0
FCSA:DF_TRADE_TOT_CHAP_YR(5.1.0),AE,A,AED,FCSC,ANN_CHAP,REEXP,_Z,46,_Z,2022,138676224.03,,,,0
FCSA:DF_TRADE_TOT_CHAP_YR(5.1.0),AE,A,AED,FCSC,ANN_CHAP,REEXP,_Z,46,_Z,2023,168556182.14,,,,0
FCSA:DF_TRADE_TOT_CHAP_YR(5.1.0),AE,A,AED,FCSC,ANN_CHAP,REEXP,_Z,46,_Z,2024,149362992.04,,,,0
FCSA:DF_TRADE_TOT_CHAP_YR(5.1.0),AE,A,AED,FCSC,ANN_CHAP,TNOEXP,_Z,38,_Z,2017,1668343809.46,,,,0
FCSA:DF_TRADE_TOT_CHAP_YR(5.1.0),AE,A,AED,FCSC,ANN_CHAP,TNOEXP,_Z,38,_Z,2018,2442429955.19,,,,0
FCSA:DF_TRADE_TOT_CHAP_YR(5.1.0),AE,A,AED,FCSC,ANN_CHAP,TNOEXP,_Z,38,_Z,2019,2699463087.04,,,,0
FCSA:DF_TRADE_TOT_CHAP_YR(5.1.0),AE,A,AED,FCSC,ANN_CHAP,TNOEXP,_Z,38,_Z,2020,2928659876.29,,,,0
FCSA:DF_TRADE_TOT_CHAP_YR(5.1.0),AE,A,AED,FCSC,ANN_CHAP,TNOEXP,_Z,38,_Z,2021,2825879096.67,,,,0
FCSA:DF_TRADE_TOT_CHAP_YR(5.1.0),AE,A,AED,FCSC,ANN_CHAP,TNOEXP,_Z,38,_Z,2022,3795574136.43,,,,0
FCSA:DF_TRADE_TOT_CHAP_YR(5.1.0),AE,A,AED,FCSC,ANN_CHAP,TNOEXP,_Z,38,_Z,2023,4599542627.83,,,,0
FCSA:DF_TRADE_TOT_CHAP_YR(5.1.0),AE,A,AED,FCSC,ANN_CHAP,TNOEXP,_Z,38,_Z,2024,4766533718.94,,,,0
FCSA:DF_TRADE_TOT_CHAP_YR(5.1.0),AE,A,AED,FCSC,ANN_CHAP,REEXP,_Z,63,_Z,2017,1431528795.82,,,,0
FCSA:DF_TRADE_TOT_CHAP_YR(5.1.0),AE,A,AED,FCSC,ANN_CHAP,REEXP,_Z,63,_Z,2018,1436280528.61,,,,0
FCSA:DF_TRADE_TOT_CHAP_YR(5.1.0),AE,A,AED,FCSC,ANN_CHAP,REEXP,_Z,63,_Z,2019,1533087356.33,,,,0
FCSA:DF_TRADE_TOT_CHAP_YR(5.1.0),AE,A,AED,FCSC,ANN_CHAP,REEXP,_Z,63,_Z,2020,1680300977.40,,,,0
FCSA:DF_TRADE_TOT_CHAP_YR(5.1.0),AE,A,AED,FCSC,ANN_CHAP,REEXP,_Z,63,_Z,2021,1995856499.16,,,,0
FCSA:DF_TRADE_TOT_CHAP_YR(5.1.0),AE,A,AED,FCSC,ANN_CHAP,REEXP,_Z,63,_Z,2022,1870607860.39,,,,0
FCSA:DF_TRADE_TOT_CHAP_YR(5.1.0),AE,A,AED,FCSC,ANN_CHAP,REEXP,_Z,63,_Z,2023,1786046155.14,,,,0
FCSA:DF_TRADE_TOT_CHAP_YR(5.1.0),AE,A,AED,FCSC,ANN_CHAP,REEXP,_Z,63,_Z,2024,1945204250.23,,,,0
FCSA:DF_TRADE_TOT_CHAP_YR(5.1.0),AE,A,AED,FCSC,ANN_CHAP,TNOEXP,_Z,25,_Z,2017,3761625929.59,,,,0
FCSA:DF_TRADE_TOT_CHAP_YR(5.1.0),AE,A,AED,FCSC,ANN_CHAP,TNOEXP,_Z,25,_Z,2018,4916164697.89,,,,0
FCSA:DF_TRADE_TOT_CHAP_YR(5.1.0),AE,A,AED,FCSC,ANN_CHAP,TNOEXP,_Z,25,_Z,2019,4632412977.22,,,,0
FCSA:DF_TRADE_TOT_CHAP_YR(5.1.0),AE,A,AED,FCSC,ANN_CHAP,TNOEXP,_Z,25,_Z,2020,3871510863.06,,,,0
FCSA:DF_TRADE_TOT_CHAP_YR(5.1.0),AE,A,AED,FCSC,ANN_CHAP,TNOEXP,_Z,25,_Z,2021,5618632644.38,,,,0
FCSA:DF_TRADE_TOT_CHAP_YR(5.1.0),AE,A,AED,FCSC,ANN_CHAP,TNOEXP,_Z,25,_Z,2022,5706469909.78,,,,0
FCSA:DF_TRADE_TOT_CHAP_YR(5.1.0),AE,A,AED,FCSC,ANN_CHAP,TNOEXP,_Z,25,_Z,2023,5511054109.63,,,,0
FCSA:DF_TRADE_TOT_CHAP_YR(5.1.0),AE,A,AED,FCSC,ANN_CHAP,TNOEXP,_Z,25,_Z,2024,5215228057.21,,,,0
FCSA:DF_TRADE_TOT_CHAP_YR(5.1.0),AE,A,AED,FCSC,ANN_CHAP,REEXP,_Z,59,_Z,2017,104681648.41,,,,0
FCSA:DF_TRADE_TOT_CHAP_YR(5.1.0),AE,A,AED,FCSC,ANN_CHAP,REEXP,_Z,59,_Z,2018,104356736.74,,,,0
FCSA:DF_TRADE_TOT_CHAP_YR(5.1.0),AE,A,AED,FCSC,ANN_CHAP,REEXP,_Z,59,_Z,2019,128154027.70,,,,0
FCSA:DF_TRADE_TOT_CHAP_YR(5.1.0),AE,A,AED,FCSC,ANN_CHAP,REEXP,_Z,59,_Z,2020,120543838.28,,,,0
FCSA:DF_TRADE_TOT_CHAP_YR(5.1.0),AE,A,AED,FCSC,ANN_CHAP,REEXP,_Z,59,_Z,2021,185190728.92,,,,0
FCSA:DF_TRADE_TOT_CHAP_YR(5.1.0),AE,A,AED,FCSC,ANN_CHAP,REEXP,_Z,59,_Z,2022,251972494.61,,,,0
FCSA:DF_TRADE_TOT_CHAP_YR(5.1.0),AE,A,AED,FCSC,ANN_CHAP,REEXP,_Z,59,_Z,2023,194821056.59,,,,0
FCSA:DF_TRADE_TOT_CHAP_YR(5.1.0),AE,A,AED,FCSC,ANN_CHAP,REEXP,_Z,59,_Z,2024,166991916.73,,,,0
FCSA:DF_TRADE_TOT_CHAP_YR(5.1.0),AE,A,AED,FCSC,ANN_CHAP,TNOEXP,_Z,12,_Z,2017,126088275.42,,,,0
FCSA:DF_TRADE_TOT_CHAP_YR(5.1.0),AE,A,AED,FCSC,ANN_CHAP,TNOEXP,_Z,12,_Z,2018,226510621.19,,,,0
FCSA:DF_TRADE_TOT_CHAP_YR(5.1.0),AE,A,AED,FCSC,ANN_CHAP,TNOEXP,_Z,12,_Z,2019,494850129.87,,,,0
FCSA:DF_TRADE_TOT_CHAP_YR(5.1.0),AE,A,AED,FCSC,ANN_CHAP,TNOEXP,_Z,12,_Z,2020,585310478.50,,,,0
FCSA:DF_TRADE_TOT_CHAP_YR(5.1.0),AE,A,AED,FCSC,ANN_CHAP,TNOEXP,_Z,12,_Z,2021,402854688.94,,,,0
FCSA:DF_TRADE_TOT_CHAP_YR(5.1.0),AE,A,AED,FCSC,ANN_CHAP,TNOEXP,_Z,12,_Z,2022,666449531.90,,,,0
FCSA:DF_TRADE_TOT_CHAP_YR(5.1.0),AE,A,AED,FCSC,ANN_CHAP,TNOEXP,_Z,12,_Z,2023,497182076.25,,,,0
FCSA:DF_TRADE_TOT_CHAP_YR(5.1.0),AE,A,AED,FCSC,ANN_CHAP,TNOEXP,_Z,12,_Z,2024,686177658.78,,,,0
FCSA:DF_TRADE_TOT_CHAP_YR(5.1.0),AE,A,AED,FCSC,ANN_CHAP,NOEXP,_Z,11,_Z,2017,138095678.21,,,,0
FCSA:DF_TRADE_TOT_CHAP_YR(5.1.0),AE,A,AED,FCSC,ANN_CHAP,NOEXP,_Z,11,_Z,2018,250992051.97,,,,0
FCSA:DF_TRADE_TOT_CHAP_YR(5.1.0),AE,A,AED,FCSC,ANN_CHAP,NOEXP,_Z,11,_Z,2019,323994705.71,,,,0
FCSA:DF_TRADE_TOT_CHAP_YR(5.1.0),AE,A,AED,FCSC,ANN_CHAP,NOEXP,_Z,11,_Z,2020,299610760.03,,,,0
FCSA:DF_TRADE_TOT_CHAP_YR(5.1.0),AE,A,AED,FCSC,ANN_CHAP,NOEXP,_Z,11,_Z,2021,291213877.40,,,,0
FCSA:DF_TRADE_TOT_CHAP_YR(5.1.0),AE,A,AED,FCSC,ANN_CHAP,NOEXP,_Z,11,_Z,2022,481153279.79,,,,0
FCSA:DF_TRADE_TOT_CHAP_YR(5.1.0),AE,A,AED,FCSC,ANN_CHAP,NOEXP,_Z,11,_Z,2023,600881310.37,,,,0
FCSA:DF_TRADE_TOT_CHAP_YR(5.1.0),AE,A,AED,FCSC,ANN_CHAP,NOEXP,_Z,11,_Z,2024,460868299.71,,,,0
FCSA:DF_TRADE_TOT_CHAP_YR(5.1.0),AE,A,AED,FCSC,ANN_CHAP,REEXP,_Z,89,_Z,2017,659360872.46,,,,0
FCSA:DF_TRADE_TOT_CHAP_YR(5.1.0),AE,A,AED,FCSC,ANN_CHAP,REEXP,_Z,89,_Z,2018,702571048.34,,,,0
FCSA:DF_TRADE_TOT_CHAP_YR(5.1.0),AE,A,AED,FCSC,ANN_CHAP,REEXP,_Z,89,_Z,2019,626765515.64,,,,0
FCSA:DF_TRADE_TOT_CHAP_YR(5.1.0),AE,A,AED,FCSC,ANN_CHAP,REEXP,_Z,89,_Z,2020,843460548.01,,,,0
FCSA:DF_TRADE_TOT_CHAP_YR(5.1.0),AE,A,AED,FCSC,ANN_CHAP,REEXP,_Z,89,_Z,2021,795885634.48,,,,0
FCSA:DF_TRADE_TOT_CHAP_YR(5.1.0),AE,A,AED,FCSC,ANN_CHAP,REEXP,_Z,89,_Z,2022,1494032682.56,,,,0
FCSA:DF_TRADE_TOT_CHAP_YR(5.1.0),AE,A,AED,FCSC,ANN_CHAP,REEXP,_Z,89,_Z,2023,1073464006.69,,,,0
FCSA:DF_TRADE_TOT_CHAP_YR(5.1.0),AE,A,AED,FCSC,ANN_CHAP,REEXP,_Z,89,_Z,2024,1872508261.27,,,,0
FCSA:DF_TRADE_TOT_CHAP_YR(5.1.0),AE,A,AED,FCSC,ANN_CHAP,TNOEXP,_Z,55,_Z,2017,597507497.50,,,,0
FCSA:DF_TRADE_TOT_CHAP_YR(5.1.0),AE,A,AED,FCSC,ANN_CHAP,TNOEXP,_Z,55,_Z,2018,550726200.34,,,,0
FCSA:DF_TRADE_TOT_CHAP_YR(5.1.0),AE,A,AED,FCSC,ANN_CHAP,TNOEXP,_Z,55,_Z,2019,720789526.55,,,,0
FCSA:DF_TRADE_TOT_CHAP_YR(5.1.0),AE,A,AED,FCSC,ANN_CHAP,TNOEXP,_Z,55,_Z,2020,554914999.55,,,,0
FCSA:DF_TRADE_TOT_CHAP_YR(5.1.0),AE,A,AED,FCSC,ANN_CHAP,TNOEXP,_Z,55,_Z,2021,786009423.02,,,,0
FCSA:DF_TRADE_TOT_CHAP_YR(5.1.0),AE,A,AED,FCSC,ANN_CHAP,TNOEXP,_Z,55,_Z,2022,1186198345.77,,,,0
FCSA:DF_TRADE_TOT_CHAP_YR(5.1.0),AE,A,AED,FCSC,ANN_CHAP,TNOEXP,_Z,55,_Z,2023,1081117582.98,,,,0
FCSA:DF_TRADE_TOT_CHAP_YR(5.1.0),AE,A,AED,FCSC,ANN_CHAP,TNOEXP,_Z,55,_Z,2024,1255184037.04,,,,0
FCSA:DF_TRADE_TOT_CHAP_YR(5.1.0),AE,A,AED,FCSC,ANN_CHAP,TTRADE,_Z,90,_Z,2017,20959607212.66,,,,0
FCSA:DF_TRADE_TOT_CHAP_YR(5.1.0),AE,A,AED,FCSC,ANN_CHAP,TTRADE,_Z,90,_Z,2018,21424934332.85,,,,0
FCSA:DF_TRADE_TOT_CHAP_YR(5.1.0),AE,A,AED,FCSC,ANN_CHAP,TTRADE,_Z,90,_Z,2019,23990844807.74,,,,0
FCSA:DF_TRADE_TOT_CHAP_YR(5.1.0),AE,A,AED,FCSC,ANN_CHAP,TTRADE,_Z,90,_Z,2020,21001094104.32,,,,0
FCSA:DF_TRADE_TOT_CHAP_YR(5.1.0),AE,A,AED,FCSC,ANN_CHAP,TTRADE,_Z,90,_Z,2021,21623713717.24,,,,0
FCSA:DF_TRADE_TOT_CHAP_YR(5.1.0),AE,A,AED,FCSC,ANN_CHAP,TTRADE,_Z,90,_Z,2022,24684201679.44,,,,0
FCSA:DF_TRADE_TOT_CHAP_YR(5.1.0),AE,A,AED,FCSC,ANN_CHAP,TTRADE,_Z,90,_Z,2023,30389208249.56,,,,0
FCSA:DF_TRADE_TOT_CHAP_YR(5.1.0),AE,A,AED,FCSC,ANN_CHAP,TTRADE,_Z,90,_Z,2024,33502709429.48,,,,0
FCSA:DF_TRADE_TOT_CHAP_YR(5.1.0),AE,A,AED,FCSC,ANN_CHAP,TNOEXP,_Z,71,_Z,2017,170767119953.76,,,,0
FCSA:DF_TRADE_TOT_CHAP_YR(5.1.0),AE,A,AED,FCSC,ANN_CHAP,TNOEXP,_Z,71,_Z,2018,168484017462.36,,,,0
FCSA:DF_TRADE_TOT_CHAP_YR(5.1.0),AE,A,AED,FCSC,ANN_CHAP,TNOEXP,_Z,71,_Z,2019,175659285834.00,,,,0
FCSA:DF_TRADE_TOT_CHAP_YR(5.1.0),AE,A,AED,FCSC,ANN_CHAP,TNOEXP,_Z,71,_Z,2020,165174474243.08,,,,0
FCSA:DF_TRADE_TOT_CHAP_YR(5.1.0),AE,A,AED,FCSC,ANN_CHAP,TNOEXP,_Z,71,_Z,2021,225498094951.00,,,,0
FCSA:DF_TRADE_TOT_CHAP_YR(5.1.0),AE,A,AED,FCSC,ANN_CHAP,TNOEXP,_Z,71,_Z,2022,262452830801.10,,,,0
FCSA:DF_TRADE_TOT_CHAP_YR(5.1.0),AE,A,AED,FCSC,ANN_CHAP,TNOEXP,_Z,71,_Z,2023,331276501278.94,,,,0
FCSA:DF_TRADE_TOT_CHAP_YR(5.1.0),AE,A,AED,FCSC,ANN_CHAP,TNOEXP,_Z,71,_Z,2024,427450303972.84,,,,0
FCSA:DF_TRADE_TOT_CHAP_YR(5.1.0),AE,A,AED,FCSC,ANN_CHAP,IMP,_Z,73,_Z,2017,17751340726.82,,,,0
FCSA:DF_TRADE_TOT_CHAP_YR(5.1.0),AE,A,AED,FCSC,ANN_CHAP,IMP,_Z,73,_Z,2018,19795649134.32,,,,0
FCSA:DF_TRADE_TOT_CHAP_YR(5.1.0),AE,A,AED,FCSC,ANN_CHAP,IMP,_Z,73,_Z,2019,16338544713.79,,,,0
FCSA:DF_TRADE_TOT_CHAP_YR(5.1.0),AE,A,AED,FCSC,ANN_CHAP,IMP,_Z,73,_Z,2020,13913624073.72,,,,0
FCSA:DF_TRADE_TOT_CHAP_YR(5.1.0),AE,A,AED,FCSC,ANN_CHAP,IMP,_Z,73,_Z,2021,12704515579.59,,,,0
FCSA:DF_TRADE_TOT_CHAP_YR(5.1.0),AE,A,AED,FCSC,ANN_CHAP,IMP,_Z,73,_Z,2022,16767987904.44,,,,0
FCSA:DF_TRADE_TOT_CHAP_YR(5.1.0),AE,A,AED,FCSC,ANN_CHAP,IMP,_Z,73,_Z,2023,21143451744.74,,,,0
FCSA:DF_TRADE_TOT_CHAP_YR(5.1.0),AE,A,AED,FCSC,ANN_CHAP,IMP,_Z,73,_Z,2024,23409831210.64,,,,0
FCSA:DF_TRADE_TOT_CHAP_YR(5.1.0),AE,A,AED,FCSC,ANN_CHAP,REEXP,_Z,49,_Z,2017,703134259.66,,,,0
FCSA:DF_TRADE_TOT_CHAP_YR(5.1.0),AE,A,AED,FCSC,ANN_CHAP,REEXP,_Z,49,_Z,2018,420921281.45,,,,0
FCSA:DF_TRADE_TOT_CHAP_YR(5.1.0),AE,A,AED,FCSC,ANN_CHAP,REEXP,_Z,49,_Z,2019,458077736.78,,,,0
FCSA:DF_TRADE_TOT_CHAP_YR(5.1.0),AE,A,AED,FCSC,ANN_CHAP,REEXP,_Z,49,_Z,2020,363446047.47,,,,0
FCSA:DF_TRADE_TOT_CHAP_YR(5.1.0),AE,A,AED,FCSC,ANN_CHAP,REEXP,_Z,49,_Z,2021,847152710.64,,,,0
FCSA:DF_TRADE_TOT_CHAP_YR(5.1.0),AE,A,AED,FCSC,ANN_CHAP,REEXP,_Z,49,_Z,2022,7631883454.64,,,,0
FCSA:DF_TRADE_TOT_CHAP_YR(5.1.0),AE,A,AED,FCSC,ANN_CHAP,REEXP,_Z,49,_Z,2023,9006175360.23,,,,0
FCSA:DF_TRADE_TOT_CHAP_YR(5.1.0),AE,A,AED,FCSC,ANN_CHAP,REEXP,_Z,49,_Z,2024,5209128177.42,,,,0
FCSA:DF_TRADE_TOT_CHAP_YR(5.1.0),AE,A,AED,FCSC,ANN_CHAP,NOEXP,_Z,45,_Z,2017,31757161.00,,,,0
FCSA:DF_TRADE_TOT_CHAP_YR(5.1.0),AE,A,AED,FCSC,ANN_CHAP,NOEXP,_Z,45,_Z,2018,6251867.83,,,,0
FCSA:DF_TRADE_TOT_CHAP_YR(5.1.0),AE,A,AED,FCSC,ANN_CHAP,NOEXP,_Z,45,_Z,2019,1407495.65,,,,0
FCSA:DF_TRADE_TOT_CHAP_YR(5.1.0),AE,A,AED,FCSC,ANN_CHAP,NOEXP,_Z,45,_Z,2020,6923239.98,,,,0
FCSA:DF_TRADE_TOT_CHAP_YR(5.1.0),AE,A,AED,FCSC,ANN_CHAP,NOEXP,_Z,45,_Z,2021,5565949.70,,,,0
FCSA:DF_TRADE_TOT_CHAP_YR(5.1.0),AE,A,AED,FCSC,ANN_CHAP,NOEXP,_Z,45,_Z,2022,6517472.88,,,,0
FCSA:DF_TRADE_TOT_CHAP_YR(5.1.0),AE,A,AED,FCSC,ANN_CHAP,NOEXP,_Z,45,_Z,2023,10262435.97,,,,0
FCSA:DF_TRADE_TOT_CHAP_YR(5.1.0),AE,A,AED,FCSC,ANN_CHAP,NOEXP,_Z,45,_Z,2024,11296256.40,,,,0
FCSA:DF_TRADE_TOT_CHAP_YR(5.1.0),AE,A,AED,FCSC,ANN_CHAP,TNOEXP,_Z,3,_Z,2017,279931043.81,,,,0
FCSA:DF_TRADE_TOT_CHAP_YR(5.1.0),AE,A,AED,FCSC,ANN_CHAP,TNOEXP,_Z,3,_Z,2018,782161882.03,,,,0
FCSA:DF_TRADE_TOT_CHAP_YR(5.1.0),AE,A,AED,FCSC,ANN_CHAP,TNOEXP,_Z,3,_Z,2019,698994666.86,,,,0
FCSA:DF_TRADE_TOT_CHAP_YR(5.1.0),AE,A,AED,FCSC,ANN_CHAP,TNOEXP,_Z,3,_Z,2020,515114005.53,,,,0
FCSA:DF_TRADE_TOT_CHAP_YR(5.1.0),AE,A,AED,FCSC,ANN_CHAP,TNOEXP,_Z,3,_Z,2021,488335969.89,,,,0
FCSA:DF_TRADE_TOT_CHAP_YR(5.1.0),AE,A,AED,FCSC,ANN_CHAP,TNOEXP,_Z,3,_Z,2022,408549995.45,,,,0
FCSA:DF_TRADE_TOT_CHAP_YR(5.1.0),AE,A,AED,FCSC,ANN_CHAP,TNOEXP,_Z,3,_Z,2023,443818848.49,,,,0
FCSA:DF_TRADE_TOT_CHAP_YR(5.1.0),AE,A,AED,FCSC,ANN_CHAP,TNOEXP,_Z,3,_Z,2024,505731820.33,,,,0
FCSA:DF_TRADE_TOT_CHAP_YR(5.1.0),AE,A,AED,FCSC,ANN_CHAP,TNOEXP,_Z,37,_Z,2017,651127429.86,,,,0
FCSA:DF_TRADE_TOT_CHAP_YR(5.1.0),AE,A,AED,FCSC,ANN_CHAP,TNOEXP,_Z,37,_Z,2018,540372651.33,,,,0
FCSA:DF_TRADE_TOT_CHAP_YR(5.1.0),AE,A,AED,FCSC,ANN_CHAP,TNOEXP,_Z,37,_Z,2019,406005185.38,,,,0
FCSA:DF_TRADE_TOT_CHAP_YR(5.1.0),AE,A,AED,FCSC,ANN_CHAP,TNOEXP,_Z,37,_Z,2020,260142544.65,,,,0
FCSA:DF_TRADE_TOT_CHAP_YR(5.1.0),AE,A,AED,FCSC,ANN_CHAP,TNOEXP,_Z,37,_Z,2021,304649530.21,,,,0
FCSA:DF_TRADE_TOT_CHAP_YR(5.1.0),AE,A,AED,FCSC,ANN_CHAP,TNOEXP,_Z,37,_Z,2022,281178205.97,,,,0
FCSA:DF_TRADE_TOT_CHAP_YR(5.1.0),AE,A,AED,FCSC,ANN_CHAP,TNOEXP,_Z,37,_Z,2023,359872882.05,,,,0
FCSA:DF_TRADE_TOT_CHAP_YR(5.1.0),AE,A,AED,FCSC,ANN_CHAP,TNOEXP,_Z,37,_Z,2024,392445407.19,,,,0
FCSA:DF_TRADE_TOT_CHAP_YR(5.1.0),AE,A,AED,FCSC,ANN_CHAP,REEXP,_Z,16,_Z,2017,178708953.84,,,,0
FCSA:DF_TRADE_TOT_CHAP_YR(5.1.0),AE,A,AED,FCSC,ANN_CHAP,REEXP,_Z,16,_Z,2018,254199838.26,,,,0
FCSA:DF_TRADE_TOT_CHAP_YR(5.1.0),AE,A,AED,FCSC,ANN_CHAP,REEXP,_Z,16,_Z,2019,225411213.82,,,,0
FCSA:DF_TRADE_TOT_CHAP_YR(5.1.0),AE,A,AED,FCSC,ANN_CHAP,REEXP,_Z,16,_Z,2020,171130156.36,,,,0
FCSA:DF_TRADE_TOT_CHAP_YR(5.1.0),AE,A,AED,FCSC,ANN_CHAP,REEXP,_Z,16,_Z,2021,268221622.28,,,,0
FCSA:DF_TRADE_TOT_CHAP_YR(5.1.0),AE,A,AED,FCSC,ANN_CHAP,REEXP,_Z,16,_Z,2022,454566710.74,,,,0
FCSA:DF_TRADE_TOT_CHAP_YR(5.1.0),AE,A,AED,FCSC,ANN_CHAP,REEXP,_Z,16,_Z,2023,395278221.50,,,,0
FCSA:DF_TRADE_TOT_CHAP_YR(5.1.0),AE,A,AED,FCSC,ANN_CHAP,REEXP,_Z,16,_Z,2024,526115427.08,,,,0
FCSA:DF_TRADE_TOT_CHAP_YR(5.1.0),AE,A,AED,FCSC,ANN_CHAP,NOEXP,_Z,79,_Z,2017,187257771.37,,,,0
FCSA:DF_TRADE_TOT_CHAP_YR(5.1.0),AE,A,AED,FCSC,ANN_CHAP,NOEXP,_Z,79,_Z,2018,1286664308.52,,,,0
FCSA:DF_TRADE_TOT_CHAP_YR(5.1.0),AE,A,AED,FCSC,ANN_CHAP,NOEXP,_Z,79,_Z,2019,679438592.65,,,,0
FCSA:DF_TRADE_TOT_CHAP_YR(5.1.0),AE,A,AED,FCSC,ANN_CHAP,NOEXP,_Z,79,_Z,2020,283551177.25,,,,0
FCSA:DF_TRADE_TOT_CHAP_YR(5.1.0),AE,A,AED,FCSC,ANN_CHAP,NOEXP,_Z,79,_Z,2021,197107154.28,,,,0
FCSA:DF_TRADE_TOT_CHAP_YR(5.1.0),AE,A,AED,FCSC,ANN_CHAP,NOEXP,_Z,79,_Z,2022,166969165.70,,,,0
FCSA:DF_TRADE_TOT_CHAP_YR(5.1.0),AE,A,AED,FCSC,ANN_CHAP,NOEXP,_Z,79,_Z,2023,125229969.33,,,,0
FCSA:DF_TRADE_TOT_CHAP_YR(5.1.0),AE,A,AED,FCSC,ANN_CHAP,NOEXP,_Z,79,_Z,2024,143907133.10,,,,0
FCSA:DF_TRADE_TOT_CHAP_YR(5.1.0),AE,A,AED,FCSC,ANN_CHAP,TTRADE,_Z,26,_Z,2017,3259225850.34,,,,0
FCSA:DF_TRADE_TOT_CHAP_YR(5.1.0),AE,A,AED,FCSC,ANN_CHAP,TTRADE,_Z,26,_Z,2018,3566350262.94,,,,0
FCSA:DF_TRADE_TOT_CHAP_YR(5.1.0),AE,A,AED,FCSC,ANN_CHAP,TTRADE,_Z,26,_Z,2019,4072328699.44,,,,0
FCSA:DF_TRADE_TOT_CHAP_YR(5.1.0),AE,A,AED,FCSC,ANN_CHAP,TTRADE,_Z,26,_Z,2020,3569214609.26,,,,0
FCSA:DF_TRADE_TOT_CHAP_YR(5.1.0),AE,A,AED,FCSC,ANN_CHAP,TTRADE,_Z,26,_Z,2021,6155192650.08,,,,0
FCSA:DF_TRADE_TOT_CHAP_YR(5.1.0),AE,A,AED,FCSC,ANN_CHAP,TTRADE,_Z,26,_Z,2022,5830462786.04,,,,0
FCSA:DF_TRADE_TOT_CHAP_YR(5.1.0),AE,A,AED,FCSC,ANN_CHAP,TTRADE,_Z,26,_Z,2023,6909089413.91,,,,0
FCSA:DF_TRADE_TOT_CHAP_YR(5.1.0),AE,A,AED,FCSC,ANN_CHAP,TTRADE,_Z,26,_Z,2024,5678808299.66,,,,0
FCSA:DF_TRADE_TOT_CHAP_YR(5.1.0),AE,A,AED,FCSC,ANN_CHAP,TNOEXP,_Z,19,_Z,2017,1021745514.82,,,,0
FCSA:DF_TRADE_TOT_CHAP_YR(5.1.0),AE,A,AED,FCSC,ANN_CHAP,TNOEXP,_Z,19,_Z,2018,1619808928.10,,,,0
FCSA:DF_TRADE_TOT_CHAP_YR(5.1.0),AE,A,AED,FCSC,ANN_CHAP,TNOEXP,_Z,19,_Z,2019,2018900458.33,,,,0
FCSA:DF_TRADE_TOT_CHAP_YR(5.1.0),AE,A,AED,FCSC,ANN_CHAP,TNOEXP,_Z,19,_Z,2020,2391456220.68,,,,0
FCSA:DF_TRADE_TOT_CHAP_YR(5.1.0),AE,A,AED,FCSC,ANN_CHAP,TNOEXP,_Z,19,_Z,2021,2458371027.68,,,,0
FCSA:DF_TRADE_TOT_CHAP_YR(5.1.0),AE,A,AED,FCSC,ANN_CHAP,TNOEXP,_Z,19,_Z,2022,3040116347.66,,,,0
FCSA:DF_TRADE_TOT_CHAP_YR(5.1.0),AE,A,AED,FCSC,ANN_CHAP,TNOEXP,_Z,19,_Z,2023,3436352796.52,,,,0
FCSA:DF_TRADE_TOT_CHAP_YR(5.1.0),AE,A,AED,FCSC,ANN_CHAP,TNOEXP,_Z,19,_Z,2024,3803377204.88,,,,0
FCSA:DF_TRADE_TOT_CHAP_YR(5.1.0),AE,A,AED,FCSC,ANN_CHAP,TNOEXP,_Z,87,_Z,2017,45200805966.63,,,,0
FCSA:DF_TRADE_TOT_CHAP_YR(5.1.0),AE,A,AED,FCSC,ANN_CHAP,TNOEXP,_Z,87,_Z,2018,47333299256.00,,,,0
FCSA:DF_TRADE_TOT_CHAP_YR(5.1.0),AE,A,AED,FCSC,ANN_CHAP,TNOEXP,_Z,87,_Z,2019,44634381828.08,,,,0
FCSA:DF_TRADE_TOT_CHAP_YR(5.1.0),AE,A,AED,FCSC,ANN_CHAP,TNOEXP,_Z,87,_Z,2020,36907134921.19,,,,0
FCSA:DF_TRADE_TOT_CHAP_YR(5.1.0),AE,A,AED,FCSC,ANN_CHAP,TNOEXP,_Z,87,_Z,2021,42900736589.05,,,,0
FCSA:DF_TRADE_TOT_CHAP_YR(5.1.0),AE,A,AED,FCSC,ANN_CHAP,TNOEXP,_Z,87,_Z,2022,57002148955.82,,,,0
FCSA:DF_TRADE_TOT_CHAP_YR(5.1.0),AE,A,AED,FCSC,ANN_CHAP,TNOEXP,_Z,87,_Z,2023,61708897758.41,,,,0
FCSA:DF_TRADE_TOT_CHAP_YR(5.1.0),AE,A,AED,FCSC,ANN_CHAP,TNOEXP,_Z,87,_Z,2024,70211772044.12,,,,0
FCSA:DF_TRADE_TOT_CHAP_YR(5.1.0),AE,A,AED,FCSC,ANN_CHAP,REEXP,_Z,_T,_Z,2017,400308311809.00,,,,0
FCSA:DF_TRADE_TOT_CHAP_YR(5.1.0),AE,A,AED,FCSC,ANN_CHAP,REEXP,_Z,_T,_Z,2018,431551385546.30,,,,0
FCSA:DF_TRADE_TOT_CHAP_YR(5.1.0),AE,A,AED,FCSC,ANN_CHAP,REEXP,_Z,_T,_Z,2019,457410348985.84,,,,0
FCSA:DF_TRADE_TOT_CHAP_YR(5.1.0),AE,A,AED,FCSC,ANN_CHAP,REEXP,_Z,_T,_Z,2020,363413126829.12,,,,0
FCSA:DF_TRADE_TOT_CHAP_YR(5.1.0),AE,A,AED,FCSC,ANN_CHAP,REEXP,_Z,_T,_Z,2021,463263437853.82,,,,0
FCSA:DF_TRADE_TOT_CHAP_YR(5.1.0),AE,A,AED,FCSC,ANN_CHAP,REEXP,_Z,_T,_Z,2022,582800475071.98,,,,0
FCSA:DF_TRADE_TOT_CHAP_YR(5.1.0),AE,A,AED,FCSC,ANN_CHAP,REEXP,_Z,_T,_Z,2023,616170691335.57,,,,0
FCSA:DF_TRADE_TOT_CHAP_YR(5.1.0),AE,A,AED,FCSC,ANN_CHAP,REEXP,_Z,_T,_Z,2024,625833069054.64,,,,0
FCSA:DF_TRADE_TOT_CHAP_YR(5.1.0),AE,A,AED,FCSC,ANN_CHAP,REEXP,_Z,67,_Z,2017,57763908.96,,,,0
FCSA:DF_TRADE_TOT_CHAP_YR(5.1.0),AE,A,AED,FCSC,ANN_CHAP,REEXP,_Z,67,_Z,2018,65226826.72,,,,0
FCSA:DF_TRADE_TOT_CHAP_YR(5.1.0),AE,A,AED,FCSC,ANN_CHAP,REEXP,_Z,67,_Z,2019,70077107.79,,,,0
FCSA:DF_TRADE_TOT_CHAP_YR(5.1.0),AE,A,AED,FCSC,ANN_CHAP,REEXP,_Z,67,_Z,2020,71557760.00,,,,0
FCSA:DF_TRADE_TOT_CHAP_YR(5.1.0),AE,A,AED,FCSC,ANN_CHAP,REEXP,_Z,67,_Z,2021,69332970.07,,,,0
FCSA:DF_TRADE_TOT_CHAP_YR(5.1.0),AE,A,AED,FCSC,ANN_CHAP,REEXP,_Z,67,_Z,2022,64746125.33,,,,0
FCSA:DF_TRADE_TOT_CHAP_YR(5.1.0),AE,A,AED,FCSC,ANN_CHAP,REEXP,_Z,67,_Z,2023,57238683.62,,,,0
FCSA:DF_TRADE_TOT_CHAP_YR(5.1.0),AE,A,AED,FCSC,ANN_CHAP,REEXP,_Z,67,_Z,2024,80193520.11,,,,0
FCSA:DF_TRADE_TOT_CHAP_YR(5.1.0),AE,A,AED,FCSC,ANN_CHAP,TNOEXP,_Z,4,_Z,2017,1980742025.33,,,,0
FCSA:DF_TRADE_TOT_CHAP_YR(5.1.0),AE,A,AED,FCSC,ANN_CHAP,TNOEXP,_Z,4,_Z,2018,3472925245.03,,,,0
FCSA:DF_TRADE_TOT_CHAP_YR(5.1.0),AE,A,AED,FCSC,ANN_CHAP,TNOEXP,_Z,4,_Z,2019,3628724421.51,,,,0
FCSA:DF_TRADE_TOT_CHAP_YR(5.1.0),AE,A,AED,FCSC,ANN_CHAP,TNOEXP,_Z,4,_Z,2020,3235927315.80,,,,0
FCSA:DF_TRADE_TOT_CHAP_YR(5.1.0),AE,A,AED,FCSC,ANN_CHAP,TNOEXP,_Z,4,_Z,2021,3470883070.61,,,,0
FCSA:DF_TRADE_TOT_CHAP_YR(5.1.0),AE,A,AED,FCSC,ANN_CHAP,TNOEXP,_Z,4,_Z,2022,4223502413.76,,,,0
FCSA:DF_TRADE_TOT_CHAP_YR(5.1.0),AE,A,AED,FCSC,ANN_CHAP,TNOEXP,_Z,4,_Z,2023,4399693879.31,,,,0
FCSA:DF_TRADE_TOT_CHAP_YR(5.1.0),AE,A,AED,FCSC,ANN_CHAP,TNOEXP,_Z,4,_Z,2024,4578197326.92,,,,0
FCSA:DF_TRADE_TOT_CHAP_YR(5.1.0),AE,A,AED,FCSC,ANN_CHAP,IMP,_Z,55,_Z,2017,1437885634.76,,,,0
FCSA:DF_TRADE_TOT_CHAP_YR(5.1.0),AE,A,AED,FCSC,ANN_CHAP,IMP,_Z,55,_Z,2018,1457362631.74,,,,0
FCSA:DF_TRADE_TOT_CHAP_YR(5.1.0),AE,A,AED,FCSC,ANN_CHAP,IMP,_Z,55,_Z,2019,1692170977.41,,,,0
FCSA:DF_TRADE_TOT_CHAP_YR(5.1.0),AE,A,AED,FCSC,ANN_CHAP,IMP,_Z,55,_Z,2020,1435550993.94,,,,0
FCSA:DF_TRADE_TOT_CHAP_YR(5.1.0),AE,A,AED,FCSC,ANN_CHAP,IMP,_Z,55,_Z,2021,1828956544.51,,,,0
FCSA:DF_TRADE_TOT_CHAP_YR(5.1.0),AE,A,AED,FCSC,ANN_CHAP,IMP,_Z,55,_Z,2022,2310053979.93,,,,0
FCSA:DF_TRADE_TOT_CHAP_YR(5.1.0),AE,A,AED,FCSC,ANN_CHAP,IMP,_Z,55,_Z,2023,2547632863.07,,,,0
FCSA:DF_TRADE_TOT_CHAP_YR(5.1.0),AE,A,AED,FCSC,ANN_CHAP,IMP,_Z,55,_Z,2024,3246706327.59,,,,0
FCSA:DF_TRADE_TOT_CHAP_YR(5.1.0),AE,A,AED,FCSC,ANN_CHAP,IMP,_Z,39,_Z,2017,17386465570.35,,,,0
FCSA:DF_TRADE_TOT_CHAP_YR(5.1.0),AE,A,AED,FCSC,ANN_CHAP,IMP,_Z,39,_Z,2018,17919041548.74,,,,0
FCSA:DF_TRADE_TOT_CHAP_YR(5.1.0),AE,A,AED,FCSC,ANN_CHAP,IMP,_Z,39,_Z,2019,17369919837.06,,,,0
FCSA:DF_TRADE_TOT_CHAP_YR(5.1.0),AE,A,AED,FCSC,ANN_CHAP,IMP,_Z,39,_Z,2020,15573107947.99,,,,0
FCSA:DF_TRADE_TOT_CHAP_YR(5.1.0),AE,A,AED,FCSC,ANN_CHAP,IMP,_Z,39,_Z,2021,22591179232.62,,,,0
FCSA:DF_TRADE_TOT_CHAP_YR(5.1.0),AE,A,AED,FCSC,ANN_CHAP,IMP,_Z,39,_Z,2022,25791857148.20,,,,0
FCSA:DF_TRADE_TOT_CHAP_YR(5.1.0),AE,A,AED,FCSC,ANN_CHAP,IMP,_Z,39,_Z,2023,23515695281.61,,,,0
FCSA:DF_TRADE_TOT_CHAP_YR(5.1.0),AE,A,AED,FCSC,ANN_CHAP,IMP,_Z,39,_Z,2024,24478073635.17,,,,0
FCSA:DF_TRADE_TOT_CHAP_YR(5.1.0),AE,A,AED,FCSC,ANN_CHAP,REEXP,_Z,68,_Z,2017,573555338.02,,,,0
FCSA:DF_TRADE_TOT_CHAP_YR(5.1.0),AE,A,AED,FCSC,ANN_CHAP,REEXP,_Z,68,_Z,2018,564136952.83,,,,0
FCSA:DF_TRADE_TOT_CHAP_YR(5.1.0),AE,A,AED,FCSC,ANN_CHAP,REEXP,_Z,68,_Z,2019,511776557.60,,,,0
FCSA:DF_TRADE_TOT_CHAP_YR(5.1.0),AE,A,AED,FCSC,ANN_CHAP,REEXP,_Z,68,_Z,2020,425414968.51,,,,0
FCSA:DF_TRADE_TOT_CHAP_YR(5.1.0),AE,A,AED,FCSC,ANN_CHAP,REEXP,_Z,68,_Z,2021,594973024.87,,,,0
FCSA:DF_TRADE_TOT_CHAP_YR(5.1.0),AE,A,AED,FCSC,ANN_CHAP,REEXP,_Z,68,_Z,2022,657467363.36,,,,0
FCSA:DF_TRADE_TOT_CHAP_YR(5.1.0),AE,A,AED,FCSC,ANN_CHAP,REEXP,_Z,68,_Z,2023,584957298.76,,,,0
FCSA:DF_TRADE_TOT_CHAP_YR(5.1.0),AE,A,AED,FCSC,ANN_CHAP,REEXP,_Z,68,_Z,2024,580227082.19,,,,0
FCSA:DF_TRADE_TOT_CHAP_YR(5.1.0),AE,A,AED,FCSC,ANN_CHAP,NOEXP,_Z,61,_Z,2017,369079113.86,,,,0
FCSA:DF_TRADE_TOT_CHAP_YR(5.1.0),AE,A,AED,FCSC,ANN_CHAP,NOEXP,_Z,61,_Z,2018,555603368.95,,,,0
FCSA:DF_TRADE_TOT_CHAP_YR(5.1.0),AE,A,AED,FCSC,ANN_CHAP,NOEXP,_Z,61,_Z,2019,484213224.19,,,,0
FCSA:DF_TRADE_TOT_CHAP_YR(5.1.0),AE,A,AED,FCSC,ANN_CHAP,NOEXP,_Z,61,_Z,2020,338329909.16,,,,0
FCSA:DF_TRADE_TOT_CHAP_YR(5.1.0),AE,A,AED,FCSC,ANN_CHAP,NOEXP,_Z,61,_Z,2021,436546433.51,,,,0
FCSA:DF_TRADE_TOT_CHAP_YR(5.1.0),AE,A,AED,FCSC,ANN_CHAP,NOEXP,_Z,61,_Z,2022,480111724.55,,,,0
FCSA:DF_TRADE_TOT_CHAP_YR(5.1.0),AE,A,AED,FCSC,ANN_CHAP,NOEXP,_Z,61,_Z,2023,538612765.94,,,,0
FCSA:DF_TRADE_TOT_CHAP_YR(5.1.0),AE,A,AED,FCSC,ANN_CHAP,NOEXP,_Z,61,_Z,2024,474821100.61,,,,0
FCSA:DF_TRADE_TOT_CHAP_YR(5.1.0),AE,A,AED,FCSC,ANN_CHAP,TTRADE,_Z,57,_Z,2017,1404552880.21,,,,0
FCSA:DF_TRADE_TOT_CHAP_YR(5.1.0),AE,A,AED,FCSC,ANN_CHAP,TTRADE,_Z,57,_Z,2018,1555137335.45,,,,0
FCSA:DF_TRADE_TOT_CHAP_YR(5.1.0),AE,A,AED,FCSC,ANN_CHAP,TTRADE,_Z,57,_Z,2019,1415495360.35,,,,0
FCSA:DF_TRADE_TOT_CHAP_YR(5.1.0),AE,A,AED,FCSC,ANN_CHAP,TTRADE,_Z,57,_Z,2020,1261721690.03,,,,0
FCSA:DF_TRADE_TOT_CHAP_YR(5.1.0),AE,A,AED,FCSC,ANN_CHAP,TTRADE,_Z,57,_Z,2021,1941569474.49,,,,0
FCSA:DF_TRADE_TOT_CHAP_YR(5.1.0),AE,A,AED,FCSC,ANN_CHAP,TTRADE,_Z,57,_Z,2022,1727219435.85,,,,0
FCSA:DF_TRADE_TOT_CHAP_YR(5.1.0),AE,A,AED,FCSC,ANN_CHAP,TTRADE,_Z,57,_Z,2023,1741122544.11,,,,0
FCSA:DF_TRADE_TOT_CHAP_YR(5.1.0),AE,A,AED,FCSC,ANN_CHAP,TTRADE,_Z,57,_Z,2024,1891894133.68,,,,0
FCSA:DF_TRADE_TOT_CHAP_YR(5.1.0),AE,A,AED,FCSC,ANN_CHAP,TNOEXP,_Z,69,_Z,2017,1516577540.98,,,,0
FCSA:DF_TRADE_TOT_CHAP_YR(5.1.0),AE,A,AED,FCSC,ANN_CHAP,TNOEXP,_Z,69,_Z,2018,1645701067.39,,,,0
FCSA:DF_TRADE_TOT_CHAP_YR(5.1.0),AE,A,AED,FCSC,ANN_CHAP,TNOEXP,_Z,69,_Z,2019,1647568066.77,,,,0
FCSA:DF_TRADE_TOT_CHAP_YR(5.1.0),AE,A,AED,FCSC,ANN_CHAP,TNOEXP,_Z,69,_Z,2020,1603685258.28,,,,0
FCSA:DF_TRADE_TOT_CHAP_YR(5.1.0),AE,A,AED,FCSC,ANN_CHAP,TNOEXP,_Z,69,_Z,2021,1920775571.77,,,,0
FCSA:DF_TRADE_TOT_CHAP_YR(5.1.0),AE,A,AED,FCSC,ANN_CHAP,TNOEXP,_Z,69,_Z,2022,2171971229.20,,,,0
FCSA:DF_TRADE_TOT_CHAP_YR(5.1.0),AE,A,AED,FCSC,ANN_CHAP,TNOEXP,_Z,69,_Z,2023,2093741755.57,,,,0
FCSA:DF_TRADE_TOT_CHAP_YR(5.1.0),AE,A,AED,FCSC,ANN_CHAP,TNOEXP,_Z,69,_Z,2024,1669779894.49,,,,0
FCSA:DF_TRADE_TOT_CHAP_YR(5.1.0),AE,A,AED,FCSC,ANN_CHAP,TTRADE,_Z,78,_Z,2017,785413021.14,,,,0
FCSA:DF_TRADE_TOT_CHAP_YR(5.1.0),AE,A,AED,FCSC,ANN_CHAP,TTRADE,_Z,78,_Z,2018,836488017.43,,,,0
FCSA:DF_TRADE_TOT_CHAP_YR(5.1.0),AE,A,AED,FCSC,ANN_CHAP,TTRADE,_Z,78,_Z,2019,642146295.74,,,,0
FCSA:DF_TRADE_TOT_CHAP_YR(5.1.0),AE,A,AED,FCSC,ANN_CHAP,TTRADE,_Z,78,_Z,2020,442304217.19,,,,0
FCSA:DF_TRADE_TOT_CHAP_YR(5.1.0),AE,A,AED,FCSC,ANN_CHAP,TTRADE,_Z,78,_Z,2021,605514454.14,,,,0
FCSA:DF_TRADE_TOT_CHAP_YR(5.1.0),AE,A,AED,FCSC,ANN_CHAP,TTRADE,_Z,78,_Z,2022,688989952.71,,,,0
FCSA:DF_TRADE_TOT_CHAP_YR(5.1.0),AE,A,AED,FCSC,ANN_CHAP,TTRADE,_Z,78,_Z,2023,935735959.42,,,,0
FCSA:DF_TRADE_TOT_CHAP_YR(5.1.0),AE,A,AED,FCSC,ANN_CHAP,TTRADE,_Z,78,_Z,2024,991482772.54,,,,0
FCSA:DF_TRADE_TOT_CHAP_YR(5.1.0),AE,A,AED,FCSC,ANN_CHAP,IMP,_Z,42,_Z,2017,4858444089.48,,,,0
FCSA:DF_TRADE_TOT_CHAP_YR(5.1.0),AE,A,AED,FCSC,ANN_CHAP,IMP,_Z,42,_Z,2018,4779596859.80,,,,0
FCSA:DF_TRADE_TOT_CHAP_YR(5.1.0),AE,A,AED,FCSC,ANN_CHAP,IMP,_Z,42,_Z,2019,4668933716.70,,,,0
FCSA:DF_TRADE_TOT_CHAP_YR(5.1.0),AE,A,AED,FCSC,ANN_CHAP,IMP,_Z,42,_Z,2020,3278493742.74,,,,0
FCSA:DF_TRADE_TOT_CHAP_YR(5.1.0),AE,A,AED,FCSC,ANN_CHAP,IMP,_Z,42,_Z,2021,4817269118.69,,,,0
FCSA:DF_TRADE_TOT_CHAP_YR(5.1.0),AE,A,AED,FCSC,ANN_CHAP,IMP,_Z,42,_Z,2022,6535766280.12,,,,0
FCSA:DF_TRADE_TOT_CHAP_YR(5.1.0),AE,A,AED,FCSC,ANN_CHAP,IMP,_Z,42,_Z,2023,7632966351.85,,,,0
FCSA:DF_TRADE_TOT_CHAP_YR(5.1.0),AE,A,AED,FCSC,ANN_CHAP,IMP,_Z,42,_Z,2024,7947879331.65,,,,0
FCSA:DF_TRADE_TOT_CHAP_YR(5.1.0),AE,A,AED,FCSC,ANN_CHAP,TNOEXP,_Z,22,_Z,2017,1766242102.71,,,,0
FCSA:DF_TRADE_TOT_CHAP_YR(5.1.0),AE,A,AED,FCSC,ANN_CHAP,TNOEXP,_Z,22,_Z,2018,2105844339.77,,,,0
FCSA:DF_TRADE_TOT_CHAP_YR(5.1.0),AE,A,AED,FCSC,ANN_CHAP,TNOEXP,_Z,22,_Z,2019,2307796038.79,,,,0
FCSA:DF_TRADE_TOT_CHAP_YR(5.1.0),AE,A,AED,FCSC,ANN_CHAP,TNOEXP,_Z,22,_Z,2020,2204059702.79,,,,0
FCSA:DF_TRADE_TOT_CHAP_YR(5.1.0),AE,A,AED,FCSC,ANN_CHAP,TNOEXP,_Z,22,_Z,2021,2491866398.28,,,,0
FCSA:DF_TRADE_TOT_CHAP_YR(5.1.0),AE,A,AED,FCSC,ANN_CHAP,TNOEXP,_Z,22,_Z,2022,3137399713.92,,,,0
FCSA:DF_TRADE_TOT_CHAP_YR(5.1.0),AE,A,AED,FCSC,ANN_CHAP,TNOEXP,_Z,22,_Z,2023,3104075192.87,,,,0
FCSA:DF_TRADE_TOT_CHAP_YR(5.1.0),AE,A,AED,FCSC,ANN_CHAP,TNOEXP,_Z,22,_Z,2024,2775354155.38,,,,0
FCSA:DF_TRADE_TOT_CHAP_YR(5.1.0),AE,A,AED,FCSC,ANN_CHAP,TTRADE,_Z,91,_Z,2017,9062589734.83,,,,0
FCSA:DF_TRADE_TOT_CHAP_YR(5.1.0),AE,A,AED,FCSC,ANN_CHAP,TTRADE,_Z,91,_Z,2018,9035562369.05,,,,0
FCSA:DF_TRADE_TOT_CHAP_YR(5.1.0),AE,A,AED,FCSC,ANN_CHAP,TTRADE,_Z,91,_Z,2019,9645774226.17,,,,0
FCSA:DF_TRADE_TOT_CHAP_YR(5.1.0),AE,A,AED,FCSC,ANN_CHAP,TTRADE,_Z,91,_Z,2020,7490508858.55,,,,0
FCSA:DF_TRADE_TOT_CHAP_YR(5.1.0),AE,A,AED,FCSC,ANN_CHAP,TTRADE,_Z,91,_Z,2021,11487543959.65,,,,0
FCSA:DF_TRADE_TOT_CHAP_YR(5.1.0),AE,A,AED,FCSC,ANN_CHAP,TTRADE,_Z,91,_Z,2022,13263952906.11,,,,0
FCSA:DF_TRADE_TOT_CHAP_YR(5.1.0),AE,A,AED,FCSC,ANN_CHAP,TTRADE,_Z,91,_Z,2023,15196994691.30,,,,0
FCSA:DF_TRADE_TOT_CHAP_YR(5.1.0),AE,A,AED,FCSC,ANN_CHAP,TTRADE,_Z,91,_Z,2024,14880283384.94,,,,0
FCSA:DF_TRADE_TOT_CHAP_YR(5.1.0),AE,A,AED,FCSC,ANN_CHAP,NOEXP,_Z,25,_Z,2017,3643228692.18,,,,0
FCSA:DF_TRADE_TOT_CHAP_YR(5.1.0),AE,A,AED,FCSC,ANN_CHAP,NOEXP,_Z,25,_Z,2018,4781926772.75,,,,0
FCSA:DF_TRADE_TOT_CHAP_YR(5.1.0),AE,A,AED,FCSC,ANN_CHAP,NOEXP,_Z,25,_Z,2019,4486481643.75,,,,0
FCSA:DF_TRADE_TOT_CHAP_YR(5.1.0),AE,A,AED,FCSC,ANN_CHAP,NOEXP,_Z,25,_Z,2020,3750090595.13,,,,0
FCSA:DF_TRADE_TOT_CHAP_YR(5.1.0),AE,A,AED,FCSC,ANN_CHAP,NOEXP,_Z,25,_Z,2021,5455705323.70,,,,0
FCSA:DF_TRADE_TOT_CHAP_YR(5.1.0),AE,A,AED,FCSC,ANN_CHAP,NOEXP,_Z,25,_Z,2022,5503666766.16,,,,0
FCSA:DF_TRADE_TOT_CHAP_YR(5.1.0),AE,A,AED,FCSC,ANN_CHAP,NOEXP,_Z,25,_Z,2023,5319542498.45,,,,0
FCSA:DF_TRADE_TOT_CHAP_YR(5.1.0),AE,A,AED,FCSC,ANN_CHAP,NOEXP,_Z,25,_Z,2024,4996301672.62,,,,0
FCSA:DF_TRADE_TOT_CHAP_YR(5.1.0),AE,A,AED,FCSC,ANN_CHAP,NOEXP,_Z,98,_Z,2017,293344958.00,,,,0
FCSA:DF_TRADE_TOT_CHAP_YR(5.1.0),AE,A,AED,FCSC,ANN_CHAP,NOEXP,_Z,98,_Z,2018,20660755.03,,,,0
FCSA:DF_TRADE_TOT_CHAP_YR(5.1.0),AE,A,AED,FCSC,ANN_CHAP,NOEXP,_Z,98,_Z,2019,10440285.50,,,,0
FCSA:DF_TRADE_TOT_CHAP_YR(5.1.0),AE,A,AED,FCSC,ANN_CHAP,NOEXP,_Z,98,_Z,2020,9651045.00,,,,0
FCSA:DF_TRADE_TOT_CHAP_YR(5.1.0),AE,A,AED,FCSC,ANN_CHAP,NOEXP,_Z,98,_Z,2021,21679117.00,,,,0
FCSA:DF_TRADE_TOT_CHAP_YR(5.1.0),AE,A,AED,FCSC,ANN_CHAP,NOEXP,_Z,98,_Z,2022,21222039.54,,,,0
FCSA:DF_TRADE_TOT_CHAP_YR(5.1.0),AE,A,AED,FCSC,ANN_CHAP,NOEXP,_Z,98,_Z,2023,13799506.65,,,,0
FCSA:DF_TRADE_TOT_CHAP_YR(5.1.0),AE,A,AED,FCSC,ANN_CHAP,NOEXP,_Z,98,_Z,2024,78476311.76,,,,0
FCSA:DF_TRADE_TOT_CHAP_YR(5.1.0),AE,A,AED,FCSC,ANN_CHAP,IMP,_Z,24,_Z,2017,8473342652.02,,,,0
FCSA:DF_TRADE_TOT_CHAP_YR(5.1.0),AE,A,AED,FCSC,ANN_CHAP,IMP,_Z,24,_Z,2018,5600538894.25,,,,0
FCSA:DF_TRADE_TOT_CHAP_YR(5.1.0),AE,A,AED,FCSC,ANN_CHAP,IMP,_Z,24,_Z,2019,4407001929.03,,,,0
FCSA:DF_TRADE_TOT_CHAP_YR(5.1.0),AE,A,AED,FCSC,ANN_CHAP,IMP,_Z,24,_Z,2020,4712830346.42,,,,0
FCSA:DF_TRADE_TOT_CHAP_YR(5.1.0),AE,A,AED,FCSC,ANN_CHAP,IMP,_Z,24,_Z,2021,4115930628.31,,,,0
FCSA:DF_TRADE_TOT_CHAP_YR(5.1.0),AE,A,AED,FCSC,ANN_CHAP,IMP,_Z,24,_Z,2022,5232014156.84,,,,0
FCSA:DF_TRADE_TOT_CHAP_YR(5.1.0),AE,A,AED,FCSC,ANN_CHAP,IMP,_Z,24,_Z,2023,5990249367.77,,,,0
FCSA:DF_TRADE_TOT_CHAP_YR(5.1.0),AE,A,AED,FCSC,ANN_CHAP,IMP,_Z,24,_Z,2024,11011109736.09,,,,0
FCSA:DF_TRADE_TOT_CHAP_YR(5.1.0),AE,A,AED,FCSC,ANN_CHAP,TTRADE,_Z,44,_Z,2017,5100336346.38,,,,0
FCSA:DF_TRADE_TOT_CHAP_YR(5.1.0),AE,A,AED,FCSC,ANN_CHAP,TTRADE,_Z,44,_Z,2018,5578383841.00,,,,0
FCSA:DF_TRADE_TOT_CHAP_YR(5.1.0),AE,A,AED,FCSC,ANN_CHAP,TTRADE,_Z,44,_Z,2019,4792043338.18,,,,0
FCSA:DF_TRADE_TOT_CHAP_YR(5.1.0),AE,A,AED,FCSC,ANN_CHAP,TTRADE,_Z,44,_Z,2020,3522858748.37,,,,0
FCSA:DF_TRADE_TOT_CHAP_YR(5.1.0),AE,A,AED,FCSC,ANN_CHAP,TTRADE,_Z,44,_Z,2021,4719660872.76,,,,0
FCSA:DF_TRADE_TOT_CHAP_YR(5.1.0),AE,A,AED,FCSC,ANN_CHAP,TTRADE,_Z,44,_Z,2022,5490511289.64,,,,0
FCSA:DF_TRADE_TOT_CHAP_YR(5.1.0),AE,A,AED,FCSC,ANN_CHAP,TTRADE,_Z,44,_Z,2023,5189467119.42,,,,0
FCSA:DF_TRADE_TOT_CHAP_YR(5.1.0),AE,A,AED,FCSC,ANN_CHAP,TTRADE,_Z,44,_Z,2024,5971922580.10,,,,0
FCSA:DF_TRADE_TOT_CHAP_YR(5.1.0),AE,A,AED,FCSC,ANN_CHAP,TTRADE,_Z,5,_Z,2017,23024938.92,,,,0
FCSA:DF_TRADE_TOT_CHAP_YR(5.1.0),AE,A,AED,FCSC,ANN_CHAP,TTRADE,_Z,5,_Z,2018,22034475.87,,,,0
FCSA:DF_TRADE_TOT_CHAP_YR(5.1.0),AE,A,AED,FCSC,ANN_CHAP,TTRADE,_Z,5,_Z,2019,29339856.93,,,,0
FCSA:DF_TRADE_TOT_CHAP_YR(5.1.0),AE,A,AED,FCSC,ANN_CHAP,TTRADE,_Z,5,_Z,2020,29567300.79,,,,0
FCSA:DF_TRADE_TOT_CHAP_YR(5.1.0),AE,A,AED,FCSC,ANN_CHAP,TTRADE,_Z,5,_Z,2021,16722873.54,,,,0
FCSA:DF_TRADE_TOT_CHAP_YR(5.1.0),AE,A,AED,FCSC,ANN_CHAP,TTRADE,_Z,5,_Z,2022,19749062.89,,,,0
FCSA:DF_TRADE_TOT_CHAP_YR(5.1.0),AE,A,AED,FCSC,ANN_CHAP,TTRADE,_Z,5,_Z,2023,25571273.48,,,,0
FCSA:DF_TRADE_TOT_CHAP_YR(5.1.0),AE,A,AED,FCSC,ANN_CHAP,TTRADE,_Z,5,_Z,2024,30587878.60,,,,0
FCSA:DF_TRADE_TOT_CHAP_YR(5.1.0),AE,A,AED,FCSC,ANN_CHAP,NOEXP,_Z,14,_Z,2017,6002.00,,,,0
FCSA:DF_TRADE_TOT_CHAP_YR(5.1.0),AE,A,AED,FCSC,ANN_CHAP,NOEXP,_Z,14,_Z,2018,20239.00,,,,0
FCSA:DF_TRADE_TOT_CHAP_YR(5.1.0),AE,A,AED,FCSC,ANN_CHAP,NOEXP,_Z,14,_Z,2019,740765.00,,,,0
FCSA:DF_TRADE_TOT_CHAP_YR(5.1.0),AE,A,AED,FCSC,ANN_CHAP,NOEXP,_Z,14,_Z,2020,828729.85,,,,0
FCSA:DF_TRADE_TOT_CHAP_YR(5.1.0),AE,A,AED,FCSC,ANN_CHAP,NOEXP,_Z,14,_Z,2021,2100529.75,,,,0
FCSA:DF_TRADE_TOT_CHAP_YR(5.1.0),AE,A,AED,FCSC,ANN_CHAP,NOEXP,_Z,14,_Z,2022,1405823.20,,,,0
FCSA:DF_TRADE_TOT_CHAP_YR(5.1.0),AE,A,AED,FCSC,ANN_CHAP,NOEXP,_Z,14,_Z,2023,1847921.36,,,,0
FCSA:DF_TRADE_TOT_CHAP_YR(5.1.0),AE,A,AED,FCSC,ANN_CHAP,NOEXP,_Z,14,_Z,2024,1629063.06,,,,0
FCSA:DF_TRADE_TOT_CHAP_YR(5.1.0),AE,A,AED,FCSC,ANN_CHAP,IMP,_Z,76,_Z,2017,4236361198.05,,,,0
FCSA:DF_TRADE_TOT_CHAP_YR(5.1.0),AE,A,AED,FCSC,ANN_CHAP,IMP,_Z,76,_Z,2018,4319231303.39,,,,0
FCSA:DF_TRADE_TOT_CHAP_YR(5.1.0),AE,A,AED,FCSC,ANN_CHAP,IMP,_Z,76,_Z,2019,4084619012.23,,,,0
FCSA:DF_TRADE_TOT_CHAP_YR(5.1.0),AE,A,AED,FCSC,ANN_CHAP,IMP,_Z,76,_Z,2020,3736307871.66,,,,0
FCSA:DF_TRADE_TOT_CHAP_YR(5.1.0),AE,A,AED,FCSC,ANN_CHAP,IMP,_Z,76,_Z,2021,5067120633.02,,,,0
FCSA:DF_TRADE_TOT_CHAP_YR(5.1.0),AE,A,AED,FCSC,ANN_CHAP,IMP,_Z,76,_Z,2022,5971245625.66,,,,0
FCSA:DF_TRADE_TOT_CHAP_YR(5.1.0),AE,A,AED,FCSC,ANN_CHAP,IMP,_Z,76,_Z,2023,4907811588.89,,,,0
FCSA:DF_TRADE_TOT_CHAP_YR(5.1.0),AE,A,AED,FCSC,ANN_CHAP,IMP,_Z,76,_Z,2024,6123461889.30,,,,0
FCSA:DF_TRADE_TOT_CHAP_YR(5.1.0),AE,A,AED,FCSC,ANN_CHAP,IMP,_Z,5,_Z,2017,17310808.57,,,,0
FCSA:DF_TRADE_TOT_CHAP_YR(5.1.0),AE,A,AED,FCSC,ANN_CHAP,IMP,_Z,5,_Z,2018,18419764.53,,,,0
FCSA:DF_TRADE_TOT_CHAP_YR(5.1.0),AE,A,AED,FCSC,ANN_CHAP,IMP,_Z,5,_Z,2019,25583073.83,,,,0
FCSA:DF_TRADE_TOT_CHAP_YR(5.1.0),AE,A,AED,FCSC,ANN_CHAP,IMP,_Z,5,_Z,2020,23070333.44,,,,0
FCSA:DF_TRADE_TOT_CHAP_YR(5.1.0),AE,A,AED,FCSC,ANN_CHAP,IMP,_Z,5,_Z,2021,13732240.34,,,,0
FCSA:DF_TRADE_TOT_CHAP_YR(5.1.0),AE,A,AED,FCSC,ANN_CHAP,IMP,_Z,5,_Z,2022,14247372.14,,,,0
FCSA:DF_TRADE_TOT_CHAP_YR(5.1.0),AE,A,AED,FCSC,ANN_CHAP,IMP,_Z,5,_Z,2023,19867412.70,,,,0
FCSA:DF_TRADE_TOT_CHAP_YR(5.1.0),AE,A,AED,FCSC,ANN_CHAP,IMP,_Z,5,_Z,2024,27009196.72,,,,0
FCSA:DF_TRADE_TOT_CHAP_YR(5.1.0),AE,A,AED,FCSC,ANN_CHAP,IMP,_Z,89,_Z,2017,2708179260.18,,,,0
FCSA:DF_TRADE_TOT_CHAP_YR(5.1.0),AE,A,AED,FCSC,ANN_CHAP,IMP,_Z,89,_Z,2018,2195112819.92,,,,0
FCSA:DF_TRADE_TOT_CHAP_YR(5.1.0),AE,A,AED,FCSC,ANN_CHAP,IMP,_Z,89,_Z,2019,1584513551.64,,,,0
FCSA:DF_TRADE_TOT_CHAP_YR(5.1.0),AE,A,AED,FCSC,ANN_CHAP,IMP,_Z,89,_Z,2020,1242524133.50,,,,0
FCSA:DF_TRADE_TOT_CHAP_YR(5.1.0),AE,A,AED,FCSC,ANN_CHAP,IMP,_Z,89,_Z,2021,1291228232.64,,,,0
FCSA:DF_TRADE_TOT_CHAP_YR(5.1.0),AE,A,AED,FCSC,ANN_CHAP,IMP,_Z,89,_Z,2022,2759710948.50,,,,0
FCSA:DF_TRADE_TOT_CHAP_YR(5.1.0),AE,A,AED,FCSC,ANN_CHAP,IMP,_Z,89,_Z,2023,4096235075.47,,,,0
FCSA:DF_TRADE_TOT_CHAP_YR(5.1.0),AE,A,AED,FCSC,ANN_CHAP,IMP,_Z,89,_Z,2024,1539389939.08,,,,0
FCSA:DF_TRADE_TOT_CHAP_YR(5.1.0),AE,A,AED,FCSC,ANN_CHAP,IMP,_Z,86,_Z,2017,231733212.60,,,,0
FCSA:DF_TRADE_TOT_CHAP_YR(5.1.0),AE,A,AED,FCSC,ANN_CHAP,IMP,_Z,86,_Z,2018,224143141.94,,,,0
FCSA:DF_TRADE_TOT_CHAP_YR(5.1.0),AE,A,AED,FCSC,ANN_CHAP,IMP,_Z,86,_Z,2019,1010268831.66,,,,0
FCSA:DF_TRADE_TOT_CHAP_YR(5.1.0),AE,A,AED,FCSC,ANN_CHAP,IMP,_Z,86,_Z,2020,506680278.89,,,,0
FCSA:DF_TRADE_TOT_CHAP_YR(5.1.0),AE,A,AED,FCSC,ANN_CHAP,IMP,_Z,86,_Z,2021,211372604.25,,,,0
FCSA:DF_TRADE_TOT_CHAP_YR(5.1.0),AE,A,AED,FCSC,ANN_CHAP,IMP,_Z,86,_Z,2022,756282016.84,,,,0
FCSA:DF_TRADE_TOT_CHAP_YR(5.1.0),AE,A,AED,FCSC,ANN_CHAP,IMP,_Z,86,_Z,2023,674858348.33,,,,0
FCSA:DF_TRADE_TOT_CHAP_YR(5.1.0),AE,A,AED,FCSC,ANN_CHAP,IMP,_Z,86,_Z,2024,653946357.01,,,,0
FCSA:DF_TRADE_TOT_CHAP_YR(5.1.0),AE,A,AED,FCSC,ANN_CHAP,IMP,_Z,52,_Z,2017,747969470.62,,,,0
FCSA:DF_TRADE_TOT_CHAP_YR(5.1.0),AE,A,AED,FCSC,ANN_CHAP,IMP,_Z,52,_Z,2018,505730916.37,,,,0
FCSA:DF_TRADE_TOT_CHAP_YR(5.1.0),AE,A,AED,FCSC,ANN_CHAP,IMP,_Z,52,_Z,2019,452714162.35,,,,0
FCSA:DF_TRADE_TOT_CHAP_YR(5.1.0),AE,A,AED,FCSC,ANN_CHAP,IMP,_Z,52,_Z,2020,477299620.66,,,,0
FCSA:DF_TRADE_TOT_CHAP_YR(5.1.0),AE,A,AED,FCSC,ANN_CHAP,IMP,_Z,52,_Z,2021,470944018.11,,,,0
FCSA:DF_TRADE_TOT_CHAP_YR(5.1.0),AE,A,AED,FCSC,ANN_CHAP,IMP,_Z,52,_Z,2022,594853821.24,,,,0
FCSA:DF_TRADE_TOT_CHAP_YR(5.1.0),AE,A,AED,FCSC,ANN_CHAP,IMP,_Z,52,_Z,2023,628458280.92,,,,0
FCSA:DF_TRADE_TOT_CHAP_YR(5.1.0),AE,A,AED,FCSC,ANN_CHAP,IMP,_Z,52,_Z,2024,658239396.94,,,,0
FCSA:DF_TRADE_TOT_CHAP_YR(5.1.0),AE,A,AED,FCSC,ANN_CHAP,REEXP,_Z,70,_Z,2017,789754669.50,,,,0
FCSA:DF_TRADE_TOT_CHAP_YR(5.1.0),AE,A,AED,FCSC,ANN_CHAP,REEXP,_Z,70,_Z,2018,741521825.82,,,,0
FCSA:DF_TRADE_TOT_CHAP_YR(5.1.0),AE,A,AED,FCSC,ANN_CHAP,REEXP,_Z,70,_Z,2019,681505887.15,,,,0
FCSA:DF_TRADE_TOT_CHAP_YR(5.1.0),AE,A,AED,FCSC,ANN_CHAP,REEXP,_Z,70,_Z,2020,533501758.65,,,,0
FCSA:DF_TRADE_TOT_CHAP_YR(5.1.0),AE,A,AED,FCSC,ANN_CHAP,REEXP,_Z,70,_Z,2021,718264509.41,,,,0
FCSA:DF_TRADE_TOT_CHAP_YR(5.1.0),AE,A,AED,FCSC,ANN_CHAP,REEXP,_Z,70,_Z,2022,787586953.87,,,,0
FCSA:DF_TRADE_TOT_CHAP_YR(5.1.0),AE,A,AED,FCSC,ANN_CHAP,REEXP,_Z,70,_Z,2023,724661753.77,,,,0
FCSA:DF_TRADE_TOT_CHAP_YR(5.1.0),AE,A,AED,FCSC,ANN_CHAP,REEXP,_Z,70,_Z,2024,675844834.38,,,,0
FCSA:DF_TRADE_TOT_CHAP_YR(5.1.0),AE,A,AED,FCSC,ANN_CHAP,TNOEXP,_Z,84,_Z,2017,59015237339.57,,,,0
FCSA:DF_TRADE_TOT_CHAP_YR(5.1.0),AE,A,AED,FCSC,ANN_CHAP,TNOEXP,_Z,84,_Z,2018,64701188281.68,,,,0
FCSA:DF_TRADE_TOT_CHAP_YR(5.1.0),AE,A,AED,FCSC,ANN_CHAP,TNOEXP,_Z,84,_Z,2019,68494230031.82,,,,0
FCSA:DF_TRADE_TOT_CHAP_YR(5.1.0),AE,A,AED,FCSC,ANN_CHAP,TNOEXP,_Z,84,_Z,2020,60596573016.15,,,,0
FCSA:DF_TRADE_TOT_CHAP_YR(5.1.0),AE,A,AED,FCSC,ANN_CHAP,TNOEXP,_Z,84,_Z,2021,68297756376.97,,,,0
FCSA:DF_TRADE_TOT_CHAP_YR(5.1.0),AE,A,AED,FCSC,ANN_CHAP,TNOEXP,_Z,84,_Z,2022,81064614393.70,,,,0
FCSA:DF_TRADE_TOT_CHAP_YR(5.1.0),AE,A,AED,FCSC,ANN_CHAP,TNOEXP,_Z,84,_Z,2023,89352263250.02,,,,0
FCSA:DF_TRADE_TOT_CHAP_YR(5.1.0),AE,A,AED,FCSC,ANN_CHAP,TNOEXP,_Z,84,_Z,2024,98633300011.35,,,,0
FCSA:DF_TRADE_TOT_CHAP_YR(5.1.0),AE,A,AED,FCSC,ANN_CHAP,TNOEXP,_Z,58,_Z,2017,164162722.82,,,,0
FCSA:DF_TRADE_TOT_CHAP_YR(5.1.0),AE,A,AED,FCSC,ANN_CHAP,TNOEXP,_Z,58,_Z,2018,134940413.27,,,,0
FCSA:DF_TRADE_TOT_CHAP_YR(5.1.0),AE,A,AED,FCSC,ANN_CHAP,TNOEXP,_Z,58,_Z,2019,162004058.70,,,,0
FCSA:DF_TRADE_TOT_CHAP_YR(5.1.0),AE,A,AED,FCSC,ANN_CHAP,TNOEXP,_Z,58,_Z,2020,98250389.73,,,,0
FCSA:DF_TRADE_TOT_CHAP_YR(5.1.0),AE,A,AED,FCSC,ANN_CHAP,TNOEXP,_Z,58,_Z,2021,164503734.90,,,,0
FCSA:DF_TRADE_TOT_CHAP_YR(5.1.0),AE,A,AED,FCSC,ANN_CHAP,TNOEXP,_Z,58,_Z,2022,212292970.15,,,,0
FCSA:DF_TRADE_TOT_CHAP_YR(5.1.0),AE,A,AED,FCSC,ANN_CHAP,TNOEXP,_Z,58,_Z,2023,147664128.28,,,,0
FCSA:DF_TRADE_TOT_CHAP_YR(5.1.0),AE,A,AED,FCSC,ANN_CHAP,TNOEXP,_Z,58,_Z,2024,243800587.37,,,,0
FCSA:DF_TRADE_TOT_CHAP_YR(5.1.0),AE,A,AED,FCSC,ANN_CHAP,REEXP,_Z,10,_Z,2017,1174503069.86,,,,0
FCSA:DF_TRADE_TOT_CHAP_YR(5.1.0),AE,A,AED,FCSC,ANN_CHAP,REEXP,_Z,10,_Z,2018,1130834552.48,,,,0
FCSA:DF_TRADE_TOT_CHAP_YR(5.1.0),AE,A,AED,FCSC,ANN_CHAP,REEXP,_Z,10,_Z,2019,420126268.45,,,,0
FCSA:DF_TRADE_TOT_CHAP_YR(5.1.0),AE,A,AED,FCSC,ANN_CHAP,REEXP,_Z,10,_Z,2020,369190037.89,,,,0
FCSA:DF_TRADE_TOT_CHAP_YR(5.1.0),AE,A,AED,FCSC,ANN_CHAP,REEXP,_Z,10,_Z,2021,390317909.23,,,,0
FCSA:DF_TRADE_TOT_CHAP_YR(5.1.0),AE,A,AED,FCSC,ANN_CHAP,REEXP,_Z,10,_Z,2022,817655464.60,,,,0
FCSA:DF_TRADE_TOT_CHAP_YR(5.1.0),AE,A,AED,FCSC,ANN_CHAP,REEXP,_Z,10,_Z,2023,384124363.48,,,,0
FCSA:DF_TRADE_TOT_CHAP_YR(5.1.0),AE,A,AED,FCSC,ANN_CHAP,REEXP,_Z,10,_Z,2024,378908289.26,,,,0
FCSA:DF_TRADE_TOT_CHAP_YR(5.1.0),AE,A,AED,FCSC,ANN_CHAP,TTRADE,_Z,70,_Z,2017,4877739129.10,,,,0
FCSA:DF_TRADE_TOT_CHAP_YR(5.1.0),AE,A,AED,FCSC,ANN_CHAP,TTRADE,_Z,70,_Z,2018,5186477749.46,,,,0
FCSA:DF_TRADE_TOT_CHAP_YR(5.1.0),AE,A,AED,FCSC,ANN_CHAP,TTRADE,_Z,70,_Z,2019,5161587701.47,,,,0
FCSA:DF_TRADE_TOT_CHAP_YR(5.1.0),AE,A,AED,FCSC,ANN_CHAP,TTRADE,_Z,70,_Z,2020,4079449740.76,,,,0
FCSA:DF_TRADE_TOT_CHAP_YR(5.1.0),AE,A,AED,FCSC,ANN_CHAP,TTRADE,_Z,70,_Z,2021,5125866037.51,,,,0
FCSA:DF_TRADE_TOT_CHAP_YR(5.1.0),AE,A,AED,FCSC,ANN_CHAP,TTRADE,_Z,70,_Z,2022,5706660856.20,,,,0
FCSA:DF_TRADE_TOT_CHAP_YR(5.1.0),AE,A,AED,FCSC,ANN_CHAP,TTRADE,_Z,70,_Z,2023,5833677986.39,,,,0
FCSA:DF_TRADE_TOT_CHAP_YR(5.1.0),AE,A,AED,FCSC,ANN_CHAP,TTRADE,_Z,70,_Z,2024,5703492283.00,,,,0
FCSA:DF_TRADE_TOT_CHAP_YR(5.1.0),AE,A,AED,FCSC,ANN_CHAP,IMP,_Z,68,_Z,2017,3579753948.49,,,,0
FCSA:DF_TRADE_TOT_CHAP_YR(5.1.0),AE,A,AED,FCSC,ANN_CHAP,IMP,_Z,68,_Z,2018,2698175668.46,,,,0
FCSA:DF_TRADE_TOT_CHAP_YR(5.1.0),AE,A,AED,FCSC,ANN_CHAP,IMP,_Z,68,_Z,2019,2625649797.21,,,,0
FCSA:DF_TRADE_TOT_CHAP_YR(5.1.0),AE,A,AED,FCSC,ANN_CHAP,IMP,_Z,68,_Z,2020,2528914849.56,,,,0
FCSA:DF_TRADE_TOT_CHAP_YR(5.1.0),AE,A,AED,FCSC,ANN_CHAP,IMP,_Z,68,_Z,2021,2365607122.24,,,,0
FCSA:DF_TRADE_TOT_CHAP_YR(5.1.0),AE,A,AED,FCSC,ANN_CHAP,IMP,_Z,68,_Z,2022,2488742283.27,,,,0
FCSA:DF_TRADE_TOT_CHAP_YR(5.1.0),AE,A,AED,FCSC,ANN_CHAP,IMP,_Z,68,_Z,2023,2778683635.85,,,,0
FCSA:DF_TRADE_TOT_CHAP_YR(5.1.0),AE,A,AED,FCSC,ANN_CHAP,IMP,_Z,68,_Z,2024,3068436834.44,,,,0
FCSA:DF_TRADE_TOT_CHAP_YR(5.1.0),AE,A,AED,FCSC,ANN_CHAP,REEXP,_Z,13,_Z,2017,95272890.83,,,,0
FCSA:DF_TRADE_TOT_CHAP_YR(5.1.0),AE,A,AED,FCSC,ANN_CHAP,REEXP,_Z,13,_Z,2018,173924504.32,,,,0
FCSA:DF_TRADE_TOT_CHAP_YR(5.1.0),AE,A,AED,FCSC,ANN_CHAP,REEXP,_Z,13,_Z,2019,169724651.60,,,,0
FCSA:DF_TRADE_TOT_CHAP_YR(5.1.0),AE,A,AED,FCSC,ANN_CHAP,REEXP,_Z,13,_Z,2020,200427681.35,,,,0
FCSA:DF_TRADE_TOT_CHAP_YR(5.1.0),AE,A,AED,FCSC,ANN_CHAP,REEXP,_Z,13,_Z,2021,164486745.67,,,,0
FCSA:DF_TRADE_TOT_CHAP_YR(5.1.0),AE,A,AED,FCSC,ANN_CHAP,REEXP,_Z,13,_Z,2022,225723957.75,,,,0
FCSA:DF_TRADE_TOT_CHAP_YR(5.1.0),AE,A,AED,FCSC,ANN_CHAP,REEXP,_Z,13,_Z,2023,148467822.66,,,,0
FCSA:DF_TRADE_TOT_CHAP_YR(5.1.0),AE,A,AED,FCSC,ANN_CHAP,REEXP,_Z,13,_Z,2024,218172071.09,,,,0
FCSA:DF_TRADE_TOT_CHAP_YR(5.1.0),AE,A,AED,FCSC,ANN_CHAP,REEXP,_Z,96,_Z,2017,656789639.43,,,,0
FCSA:DF_TRADE_TOT_CHAP_YR(5.1.0),AE,A,AED,FCSC,ANN_CHAP,REEXP,_Z,96,_Z,2018,886520932.58,,,,0
FCSA:DF_TRADE_TOT_CHAP_YR(5.1.0),AE,A,AED,FCSC,ANN_CHAP,REEXP,_Z,96,_Z,2019,925888966.06,,,,0
FCSA:DF_TRADE_TOT_CHAP_YR(5.1.0),AE,A,AED,FCSC,ANN_CHAP,REEXP,_Z,96,_Z,2020,938645065.65,,,,0
FCSA:DF_TRADE_TOT_CHAP_YR(5.1.0),AE,A,AED,FCSC,ANN_CHAP,REEXP,_Z,96,_Z,2021,1093322736.46,,,,0
FCSA:DF_TRADE_TOT_CHAP_YR(5.1.0),AE,A,AED,FCSC,ANN_CHAP,REEXP,_Z,96,_Z,2022,1545288177.17,,,,0
FCSA:DF_TRADE_TOT_CHAP_YR(5.1.0),AE,A,AED,FCSC,ANN_CHAP,REEXP,_Z,96,_Z,2023,1505405997.71,,,,0
FCSA:DF_TRADE_TOT_CHAP_YR(5.1.0),AE,A,AED,FCSC,ANN_CHAP,REEXP,_Z,96,_Z,2024,1447455813.46,,,,0
FCSA:DF_TRADE_TOT_CHAP_YR(5.1.0),AE,A,AED,FCSC,ANN_CHAP,IMP,_Z,26,_Z,2017,3109700228.91,,,,0
FCSA:DF_TRADE_TOT_CHAP_YR(5.1.0),AE,A,AED,FCSC,ANN_CHAP,IMP,_Z,26,_Z,2018,3449104137.50,,,,0
FCSA:DF_TRADE_TOT_CHAP_YR(5.1.0),AE,A,AED,FCSC,ANN_CHAP,IMP,_Z,26,_Z,2019,3931990413.46,,,,0
FCSA:DF_TRADE_TOT_CHAP_YR(5.1.0),AE,A,AED,FCSC,ANN_CHAP,IMP,_Z,26,_Z,2020,3454379281.79,,,,0
FCSA:DF_TRADE_TOT_CHAP_YR(5.1.0),AE,A,AED,FCSC,ANN_CHAP,IMP,_Z,26,_Z,2021,5897260697.74,,,,0
FCSA:DF_TRADE_TOT_CHAP_YR(5.1.0),AE,A,AED,FCSC,ANN_CHAP,IMP,_Z,26,_Z,2022,5613493058.75,,,,0
FCSA:DF_TRADE_TOT_CHAP_YR(5.1.0),AE,A,AED,FCSC,ANN_CHAP,IMP,_Z,26,_Z,2023,6619957076.22,,,,0
FCSA:DF_TRADE_TOT_CHAP_YR(5.1.0),AE,A,AED,FCSC,ANN_CHAP,IMP,_Z,26,_Z,2024,5402739700.51,,,,0
FCSA:DF_TRADE_TOT_CHAP_YR(5.1.0),AE,A,AED,FCSC,ANN_CHAP,NOEXP,_Z,4,_Z,2017,1104014100.64,,,,0
FCSA:DF_TRADE_TOT_CHAP_YR(5.1.0),AE,A,AED,FCSC,ANN_CHAP,NOEXP,_Z,4,_Z,2018,2243721850.65,,,,0
FCSA:DF_TRADE_TOT_CHAP_YR(5.1.0),AE,A,AED,FCSC,ANN_CHAP,NOEXP,_Z,4,_Z,2019,2004944684.64,,,,0
FCSA:DF_TRADE_TOT_CHAP_YR(5.1.0),AE,A,AED,FCSC,ANN_CHAP,NOEXP,_Z,4,_Z,2020,1681315592.00,,,,0
FCSA:DF_TRADE_TOT_CHAP_YR(5.1.0),AE,A,AED,FCSC,ANN_CHAP,NOEXP,_Z,4,_Z,2021,1730707852.18,,,,0
FCSA:DF_TRADE_TOT_CHAP_YR(5.1.0),AE,A,AED,FCSC,ANN_CHAP,NOEXP,_Z,4,_Z,2022,1646274105.80,,,,0
FCSA:DF_TRADE_TOT_CHAP_YR(5.1.0),AE,A,AED,FCSC,ANN_CHAP,NOEXP,_Z,4,_Z,2023,1627784177.78,,,,0
FCSA:DF_TRADE_TOT_CHAP_YR(5.1.0),AE,A,AED,FCSC,ANN_CHAP,NOEXP,_Z,4,_Z,2024,1862096128.46,,,,0
FCSA:DF_TRADE_TOT_CHAP_YR(5.1.0),AE,A,AED,FCSC,ANN_CHAP,TTRADE,_Z,36,_Z,2017,119950201.82,,,,0
FCSA:DF_TRADE_TOT_CHAP_YR(5.1.0),AE,A,AED,FCSC,ANN_CHAP,TTRADE,_Z,36,_Z,2018,141791054.83,,,,0
FCSA:DF_TRADE_TOT_CHAP_YR(5.1.0),AE,A,AED,FCSC,ANN_CHAP,TTRADE,_Z,36,_Z,2019,158338251.79,,,,0
FCSA:DF_TRADE_TOT_CHAP_YR(5.1.0),AE,A,AED,FCSC,ANN_CHAP,TTRADE,_Z,36,_Z,2020,94563222.04,,,,0
FCSA:DF_TRADE_TOT_CHAP_YR(5.1.0),AE,A,AED,FCSC,ANN_CHAP,TTRADE,_Z,36,_Z,2021,114399661.94,,,,0
FCSA:DF_TRADE_TOT_CHAP_YR(5.1.0),AE,A,AED,FCSC,ANN_CHAP,TTRADE,_Z,36,_Z,2022,216347580.26,,,,0
FCSA:DF_TRADE_TOT_CHAP_YR(5.1.0),AE,A,AED,FCSC,ANN_CHAP,TTRADE,_Z,36,_Z,2023,137320290.35,,,,0
FCSA:DF_TRADE_TOT_CHAP_YR(5.1.0),AE,A,AED,FCSC,ANN_CHAP,TTRADE,_Z,36,_Z,2024,114835423.73,,,,0
FCSA:DF_TRADE_TOT_CHAP_YR(5.1.0),AE,A,AED,FCSC,ANN_CHAP,REEXP,_Z,52,_Z,2017,303002087.81,,,,0
FCSA:DF_TRADE_TOT_CHAP_YR(5.1.0),AE,A,AED,FCSC,ANN_CHAP,REEXP,_Z,52,_Z,2018,196746980.23,,,,0
FCSA:DF_TRADE_TOT_CHAP_YR(5.1.0),AE,A,AED,FCSC,ANN_CHAP,REEXP,_Z,52,_Z,2019,175421927.85,,,,0
FCSA:DF_TRADE_TOT_CHAP_YR(5.1.0),AE,A,AED,FCSC,ANN_CHAP,REEXP,_Z,52,_Z,2020,148890674.61,,,,0
FCSA:DF_TRADE_TOT_CHAP_YR(5.1.0),AE,A,AED,FCSC,ANN_CHAP,REEXP,_Z,52,_Z,2021,186655889.51,,,,0
FCSA:DF_TRADE_TOT_CHAP_YR(5.1.0),AE,A,AED,FCSC,ANN_CHAP,REEXP,_Z,52,_Z,2022,282687757.72,,,,0
FCSA:DF_TRADE_TOT_CHAP_YR(5.1.0),AE,A,AED,FCSC,ANN_CHAP,REEXP,_Z,52,_Z,2023,212112636.11,,,,0
FCSA:DF_TRADE_TOT_CHAP_YR(5.1.0),AE,A,AED,FCSC,ANN_CHAP,REEXP,_Z,52,_Z,2024,368589449.70,,,,0
FCSA:DF_TRADE_TOT_CHAP_YR(5.1.0),AE,A,AED,FCSC,ANN_CHAP,IMP,_Z,8,_Z,2017,8107858996.13,,,,0
FCSA:DF_TRADE_TOT_CHAP_YR(5.1.0),AE,A,AED,FCSC,ANN_CHAP,IMP,_Z,8,_Z,2018,7186839870.47,,,,0
FCSA:DF_TRADE_TOT_CHAP_YR(5.1.0),AE,A,AED,FCSC,ANN_CHAP,IMP,_Z,8,_Z,2019,8678517905.37,,,,0
FCSA:DF_TRADE_TOT_CHAP_YR(5.1.0),AE,A,AED,FCSC,ANN_CHAP,IMP,_Z,8,_Z,2020,7189265504.31,,,,0
FCSA:DF_TRADE_TOT_CHAP_YR(5.1.0),AE,A,AED,FCSC,ANN_CHAP,IMP,_Z,8,_Z,2021,8248156699.48,,,,0
FCSA:DF_TRADE_TOT_CHAP_YR(5.1.0),AE,A,AED,FCSC,ANN_CHAP,IMP,_Z,8,_Z,2022,9327658273.21,,,,0
FCSA:DF_TRADE_TOT_CHAP_YR(5.1.0),AE,A,AED,FCSC,ANN_CHAP,IMP,_Z,8,_Z,2023,9965313819.16,,,,0
FCSA:DF_TRADE_TOT_CHAP_YR(5.1.0),AE,A,AED,FCSC,ANN_CHAP,IMP,_Z,8,_Z,2024,11677840989.54,,,,0
FCSA:DF_TRADE_TOT_CHAP_YR(5.1.0),AE,A,AED,FCSC,ANN_CHAP,TTRADE,_Z,10,_Z,2017,6014754015.97,,,,0
FCSA:DF_TRADE_TOT_CHAP_YR(5.1.0),AE,A,AED,FCSC,ANN_CHAP,TTRADE,_Z,10,_Z,2018,5880407783.90,,,,0
FCSA:DF_TRADE_TOT_CHAP_YR(5.1.0),AE,A,AED,FCSC,ANN_CHAP,TTRADE,_Z,10,_Z,2019,4581253597.09,,,,0
FCSA:DF_TRADE_TOT_CHAP_YR(5.1.0),AE,A,AED,FCSC,ANN_CHAP,TTRADE,_Z,10,_Z,2020,4863290751.22,,,,0
FCSA:DF_TRADE_TOT_CHAP_YR(5.1.0),AE,A,AED,FCSC,ANN_CHAP,TTRADE,_Z,10,_Z,2021,4876776553.93,,,,0
FCSA:DF_TRADE_TOT_CHAP_YR(5.1.0),AE,A,AED,FCSC,ANN_CHAP,TTRADE,_Z,10,_Z,2022,6824672765.02,,,,0
FCSA:DF_TRADE_TOT_CHAP_YR(5.1.0),AE,A,AED,FCSC,ANN_CHAP,TTRADE,_Z,10,_Z,2023,6174576881.07,,,,0
FCSA:DF_TRADE_TOT_CHAP_YR(5.1.0),AE,A,AED,FCSC,ANN_CHAP,TTRADE,_Z,10,_Z,2024,5922038676.58,,,,0
FCSA:DF_TRADE_TOT_CHAP_YR(5.1.0),AE,A,AED,FCSC,ANN_CHAP,TTRADE,_Z,2,_Z,2017,6525163601.69,,,,0
FCSA:DF_TRADE_TOT_CHAP_YR(5.1.0),AE,A,AED,FCSC,ANN_CHAP,TTRADE,_Z,2,_Z,2018,7766800612.57,,,,0
FCSA:DF_TRADE_TOT_CHAP_YR(5.1.0),AE,A,AED,FCSC,ANN_CHAP,TTRADE,_Z,2,_Z,2019,10777221691.60,,,,0
FCSA:DF_TRADE_TOT_CHAP_YR(5.1.0),AE,A,AED,FCSC,ANN_CHAP,TTRADE,_Z,2,_Z,2020,7385444761.01,,,,0
FCSA:DF_TRADE_TOT_CHAP_YR(5.1.0),AE,A,AED,FCSC,ANN_CHAP,TTRADE,_Z,2,_Z,2021,8769642299.02,,,,0
FCSA:DF_TRADE_TOT_CHAP_YR(5.1.0),AE,A,AED,FCSC,ANN_CHAP,TTRADE,_Z,2,_Z,2022,11664412656.47,,,,0
FCSA:DF_TRADE_TOT_CHAP_YR(5.1.0),AE,A,AED,FCSC,ANN_CHAP,TTRADE,_Z,2,_Z,2023,10601958074.89,,,,0
FCSA:DF_TRADE_TOT_CHAP_YR(5.1.0),AE,A,AED,FCSC,ANN_CHAP,TTRADE,_Z,2,_Z,2024,14621275179.03,,,,0
FCSA:DF_TRADE_TOT_CHAP_YR(5.1.0),AE,A,AED,FCSC,ANN_CHAP,NOEXP,_Z,30,_Z,2017,747862178.81,,,,0
FCSA:DF_TRADE_TOT_CHAP_YR(5.1.0),AE,A,AED,FCSC,ANN_CHAP,NOEXP,_Z,30,_Z,2018,1196964396.42,,,,0
FCSA:DF_TRADE_TOT_CHAP_YR(5.1.0),AE,A,AED,FCSC,ANN_CHAP,NOEXP,_Z,30,_Z,2019,649133474.76,,,,0
FCSA:DF_TRADE_TOT_CHAP_YR(5.1.0),AE,A,AED,FCSC,ANN_CHAP,NOEXP,_Z,30,_Z,2020,981911612.15,,,,0
FCSA:DF_TRADE_TOT_CHAP_YR(5.1.0),AE,A,AED,FCSC,ANN_CHAP,NOEXP,_Z,30,_Z,2021,1491975111.81,,,,0
FCSA:DF_TRADE_TOT_CHAP_YR(5.1.0),AE,A,AED,FCSC,ANN_CHAP,NOEXP,_Z,30,_Z,2022,1191302221.45,,,,0
FCSA:DF_TRADE_TOT_CHAP_YR(5.1.0),AE,A,AED,FCSC,ANN_CHAP,NOEXP,_Z,30,_Z,2023,1199424758.28,,,,0
FCSA:DF_TRADE_TOT_CHAP_YR(5.1.0),AE,A,AED,FCSC,ANN_CHAP,NOEXP,_Z,30,_Z,2024,1400936268.47,,,,0
FCSA:DF_TRADE_TOT_CHAP_YR(5.1.0),AE,A,AED,FCSC,ANN_CHAP,REEXP,_Z,31,_Z,2017,101092477.55,,,,0
FCSA:DF_TRADE_TOT_CHAP_YR(5.1.0),AE,A,AED,FCSC,ANN_CHAP,REEXP,_Z,31,_Z,2018,66239031.43,,,,0
FCSA:DF_TRADE_TOT_CHAP_YR(5.1.0),AE,A,AED,FCSC,ANN_CHAP,REEXP,_Z,31,_Z,2019,75560586.39,,,,0
FCSA:DF_TRADE_TOT_CHAP_YR(5.1.0),AE,A,AED,FCSC,ANN_CHAP,REEXP,_Z,31,_Z,2020,36004227.01,,,,0
FCSA:DF_TRADE_TOT_CHAP_YR(5.1.0),AE,A,AED,FCSC,ANN_CHAP,REEXP,_Z,31,_Z,2021,19507862.19,,,,0
FCSA:DF_TRADE_TOT_CHAP_YR(5.1.0),AE,A,AED,FCSC,ANN_CHAP,REEXP,_Z,31,_Z,2022,34579523.41,,,,0
FCSA:DF_TRADE_TOT_CHAP_YR(5.1.0),AE,A,AED,FCSC,ANN_CHAP,REEXP,_Z,31,_Z,2023,34605093.80,,,,0
FCSA:DF_TRADE_TOT_CHAP_YR(5.1.0),AE,A,AED,FCSC,ANN_CHAP,REEXP,_Z,31,_Z,2024,20251051.95,,,,0
FCSA:DF_TRADE_TOT_CHAP_YR(5.1.0),AE,A,AED,FCSC,ANN_CHAP,REEXP,_Z,78,_Z,2017,124502468.76,,,,0
FCSA:DF_TRADE_TOT_CHAP_YR(5.1.0),AE,A,AED,FCSC,ANN_CHAP,REEXP,_Z,78,_Z,2018,102807581.88,,,,0
FCSA:DF_TRADE_TOT_CHAP_YR(5.1.0),AE,A,AED,FCSC,ANN_CHAP,REEXP,_Z,78,_Z,2019,6885028.08,,,,0
FCSA:DF_TRADE_TOT_CHAP_YR(5.1.0),AE,A,AED,FCSC,ANN_CHAP,REEXP,_Z,78,_Z,2020,27797971.58,,,,0
FCSA:DF_TRADE_TOT_CHAP_YR(5.1.0),AE,A,AED,FCSC,ANN_CHAP,REEXP,_Z,78,_Z,2021,4182329.65,,,,0
FCSA:DF_TRADE_TOT_CHAP_YR(5.1.0),AE,A,AED,FCSC,ANN_CHAP,REEXP,_Z,78,_Z,2022,23913345.83,,,,0
FCSA:DF_TRADE_TOT_CHAP_YR(5.1.0),AE,A,AED,FCSC,ANN_CHAP,REEXP,_Z,78,_Z,2023,9752228.44,,,,0
FCSA:DF_TRADE_TOT_CHAP_YR(5.1.0),AE,A,AED,FCSC,ANN_CHAP,REEXP,_Z,78,_Z,2024,9056699.96,,,,0
FCSA:DF_TRADE_TOT_CHAP_YR(5.1.0),AE,A,AED,FCSC,ANN_CHAP,IMP,_Z,34,_Z,2017,3704495229.92,,,,0
FCSA:DF_TRADE_TOT_CHAP_YR(5.1.0),AE,A,AED,FCSC,ANN_CHAP,IMP,_Z,34,_Z,2018,3432275822.62,,,,0
FCSA:DF_TRADE_TOT_CHAP_YR(5.1.0),AE,A,AED,FCSC,ANN_CHAP,IMP,_Z,34,_Z,2019,3553287285.47,,,,0
FCSA:DF_TRADE_TOT_CHAP_YR(5.1.0),AE,A,AED,FCSC,ANN_CHAP,IMP,_Z,34,_Z,2020,3534493569.78,,,,0
FCSA:DF_TRADE_TOT_CHAP_YR(5.1.0),AE,A,AED,FCSC,ANN_CHAP,IMP,_Z,34,_Z,2021,4061677943.66,,,,0
FCSA:DF_TRADE_TOT_CHAP_YR(5.1.0),AE,A,AED,FCSC,ANN_CHAP,IMP,_Z,34,_Z,2022,4655714569.41,,,,0
FCSA:DF_TRADE_TOT_CHAP_YR(5.1.0),AE,A,AED,FCSC,ANN_CHAP,IMP,_Z,34,_Z,2023,4828531463.50,,,,0
FCSA:DF_TRADE_TOT_CHAP_YR(5.1.0),AE,A,AED,FCSC,ANN_CHAP,IMP,_Z,34,_Z,2024,4590664586.40,,,,0
FCSA:DF_TRADE_TOT_CHAP_YR(5.1.0),AE,A,AED,FCSC,ANN_CHAP,NOEXP,_Z,69,_Z,2017,877354628.83,,,,0
FCSA:DF_TRADE_TOT_CHAP_YR(5.1.0),AE,A,AED,FCSC,ANN_CHAP,NOEXP,_Z,69,_Z,2018,1128872160.26,,,,0
FCSA:DF_TRADE_TOT_CHAP_YR(5.1.0),AE,A,AED,FCSC,ANN_CHAP,NOEXP,_Z,69,_Z,2019,1083337662.74,,,,0
FCSA:DF_TRADE_TOT_CHAP_YR(5.1.0),AE,A,AED,FCSC,ANN_CHAP,NOEXP,_Z,69,_Z,2020,1120014517.84,,,,0
FCSA:DF_TRADE_TOT_CHAP_YR(5.1.0),AE,A,AED,FCSC,ANN_CHAP,NOEXP,_Z,69,_Z,2021,1335856100.84,,,,0
FCSA:DF_TRADE_TOT_CHAP_YR(5.1.0),AE,A,AED,FCSC,ANN_CHAP,NOEXP,_Z,69,_Z,2022,1392049632.61,,,,0
FCSA:DF_TRADE_TOT_CHAP_YR(5.1.0),AE,A,AED,FCSC,ANN_CHAP,NOEXP,_Z,69,_Z,2023,1229622803.65,,,,0
FCSA:DF_TRADE_TOT_CHAP_YR(5.1.0),AE,A,AED,FCSC,ANN_CHAP,NOEXP,_Z,69,_Z,2024,1029581648.41,,,,0
FCSA:DF_TRADE_TOT_CHAP_YR(5.1.0),AE,A,AED,FCSC,ANN_CHAP,IMP,_Z,21,_Z,2017,3393156574.16,,,,0
FCSA:DF_TRADE_TOT_CHAP_YR(5.1.0),AE,A,AED,FCSC,ANN_CHAP,IMP,_Z,21,_Z,2018,3421350853.82,,,,0
FCSA:DF_TRADE_TOT_CHAP_YR(5.1.0),AE,A,AED,FCSC,ANN_CHAP,IMP,_Z,21,_Z,2019,3358483577.78,,,,0
FCSA:DF_TRADE_TOT_CHAP_YR(5.1.0),AE,A,AED,FCSC,ANN_CHAP,IMP,_Z,21,_Z,2020,3569810969.25,,,,0
FCSA:DF_TRADE_TOT_CHAP_YR(5.1.0),AE,A,AED,FCSC,ANN_CHAP,IMP,_Z,21,_Z,2021,3964963213.80,,,,0
FCSA:DF_TRADE_TOT_CHAP_YR(5.1.0),AE,A,AED,FCSC,ANN_CHAP,IMP,_Z,21,_Z,2022,4838356418.77,,,,0
FCSA:DF_TRADE_TOT_CHAP_YR(5.1.0),AE,A,AED,FCSC,ANN_CHAP,IMP,_Z,21,_Z,2023,5250810857.64,,,,0
FCSA:DF_TRADE_TOT_CHAP_YR(5.1.0),AE,A,AED,FCSC,ANN_CHAP,IMP,_Z,21,_Z,2024,5749507408.31,,,,0
FCSA:DF_TRADE_TOT_CHAP_YR(5.1.0),AE,A,AED,FCSC,ANN_CHAP,TNOEXP,_Z,66,_Z,2017,14270403.68,,,,0
FCSA:DF_TRADE_TOT_CHAP_YR(5.1.0),AE,A,AED,FCSC,ANN_CHAP,TNOEXP,_Z,66,_Z,2018,29888842.33,,,,0
FCSA:DF_TRADE_TOT_CHAP_YR(5.1.0),AE,A,AED,FCSC,ANN_CHAP,TNOEXP,_Z,66,_Z,2019,31125959.65,,,,0
FCSA:DF_TRADE_TOT_CHAP_YR(5.1.0),AE,A,AED,FCSC,ANN_CHAP,TNOEXP,_Z,66,_Z,2020,10272373.32,,,,0
FCSA:DF_TRADE_TOT_CHAP_YR(5.1.0),AE,A,AED,FCSC,ANN_CHAP,TNOEXP,_Z,66,_Z,2021,12123637.37,,,,0
FCSA:DF_TRADE_TOT_CHAP_YR(5.1.0),AE,A,AED,FCSC,ANN_CHAP,TNOEXP,_Z,66,_Z,2022,18902157.26,,,,0
FCSA:DF_TRADE_TOT_CHAP_YR(5.1.0),AE,A,AED,FCSC,ANN_CHAP,TNOEXP,_Z,66,_Z,2023,19447666.89,,,,0
FCSA:DF_TRADE_TOT_CHAP_YR(5.1.0),AE,A,AED,FCSC,ANN_CHAP,TNOEXP,_Z,66,_Z,2024,20429663.06,,,,0
FCSA:DF_TRADE_TOT_CHAP_YR(5.1.0),AE,A,AED,FCSC,ANN_CHAP,IMP,_Z,60,_Z,2017,463906736.87,,,,0
FCSA:DF_TRADE_TOT_CHAP_YR(5.1.0),AE,A,AED,FCSC,ANN_CHAP,IMP,_Z,60,_Z,2018,386811615.27,,,,0
FCSA:DF_TRADE_TOT_CHAP_YR(5.1.0),AE,A,AED,FCSC,ANN_CHAP,IMP,_Z,60,_Z,2019,460169201.41,,,,0
FCSA:DF_TRADE_TOT_CHAP_YR(5.1.0),AE,A,AED,FCSC,ANN_CHAP,IMP,_Z,60,_Z,2020,345143325.64,,,,0
FCSA:DF_TRADE_TOT_CHAP_YR(5.1.0),AE,A,AED,FCSC,ANN_CHAP,IMP,_Z,60,_Z,2021,511762527.94,,,,0
FCSA:DF_TRADE_TOT_CHAP_YR(5.1.0),AE,A,AED,FCSC,ANN_CHAP,IMP,_Z,60,_Z,2022,762210666.88,,,,0
FCSA:DF_TRADE_TOT_CHAP_YR(5.1.0),AE,A,AED,FCSC,ANN_CHAP,IMP,_Z,60,_Z,2023,538154138.92,,,,0
FCSA:DF_TRADE_TOT_CHAP_YR(5.1.0),AE,A,AED,FCSC,ANN_CHAP,IMP,_Z,60,_Z,2024,1331539578.28,,,,0
FCSA:DF_TRADE_TOT_CHAP_YR(5.1.0),AE,A,AED,FCSC,ANN_CHAP,REEXP,_Z,5,_Z,2017,5179843.58,,,,0
FCSA:DF_TRADE_TOT_CHAP_YR(5.1.0),AE,A,AED,FCSC,ANN_CHAP,REEXP,_Z,5,_Z,2018,3566090.04,,,,0
FCSA:DF_TRADE_TOT_CHAP_YR(5.1.0),AE,A,AED,FCSC,ANN_CHAP,REEXP,_Z,5,_Z,2019,3441157.68,,,,0
FCSA:DF_TRADE_TOT_CHAP_YR(5.1.0),AE,A,AED,FCSC,ANN_CHAP,REEXP,_Z,5,_Z,2020,5158895.81,,,,0
FCSA:DF_TRADE_TOT_CHAP_YR(5.1.0),AE,A,AED,FCSC,ANN_CHAP,REEXP,_Z,5,_Z,2021,2526498.00,,,,0
FCSA:DF_TRADE_TOT_CHAP_YR(5.1.0),AE,A,AED,FCSC,ANN_CHAP,REEXP,_Z,5,_Z,2022,4501696.54,,,,0
FCSA:DF_TRADE_TOT_CHAP_YR(5.1.0),AE,A,AED,FCSC,ANN_CHAP,REEXP,_Z,5,_Z,2023,4585250.68,,,,0
FCSA:DF_TRADE_TOT_CHAP_YR(5.1.0),AE,A,AED,FCSC,ANN_CHAP,REEXP,_Z,5,_Z,2024,2822452.95,,,,0
FCSA:DF_TRADE_TOT_CHAP_YR(5.1.0),AE,A,AED,FCSC,ANN_CHAP,NOEXP,_Z,82,_Z,2017,4387948.09,,,,0
FCSA:DF_TRADE_TOT_CHAP_YR(5.1.0),AE,A,AED,FCSC,ANN_CHAP,NOEXP,_Z,82,_Z,2018,30928929.77,,,,0
FCSA:DF_TRADE_TOT_CHAP_YR(5.1.0),AE,A,AED,FCSC,ANN_CHAP,NOEXP,_Z,82,_Z,2019,24526801.13,,,,0
FCSA:DF_TRADE_TOT_CHAP_YR(5.1.0),AE,A,AED,FCSC,ANN_CHAP,NOEXP,_Z,82,_Z,2020,28024907.60,,,,0
FCSA:DF_TRADE_TOT_CHAP_YR(5.1.0),AE,A,AED,FCSC,ANN_CHAP,NOEXP,_Z,82,_Z,2021,138127203.96,,,,0
FCSA:DF_TRADE_TOT_CHAP_YR(5.1.0),AE,A,AED,FCSC,ANN_CHAP,NOEXP,_Z,82,_Z,2022,271379458.77,,,,0
FCSA:DF_TRADE_TOT_CHAP_YR(5.1.0),AE,A,AED,FCSC,ANN_CHAP,NOEXP,_Z,82,_Z,2023,337138492.06,,,,0
FCSA:DF_TRADE_TOT_CHAP_YR(5.1.0),AE,A,AED,FCSC,ANN_CHAP,NOEXP,_Z,82,_Z,2024,394673209.62,,,,0
FCSA:DF_TRADE_TOT_CHAP_YR(5.1.0),AE,A,AED,FCSC,ANN_CHAP,IMP,_Z,65,_Z,2017,290538281.05,,,,0
FCSA:DF_TRADE_TOT_CHAP_YR(5.1.0),AE,A,AED,FCSC,ANN_CHAP,IMP,_Z,65,_Z,2018,269574226.67,,,,0
FCSA:DF_TRADE_TOT_CHAP_YR(5.1.0),AE,A,AED,FCSC,ANN_CHAP,IMP,_Z,65,_Z,2019,267547610.11,,,,0
FCSA:DF_TRADE_TOT_CHAP_YR(5.1.0),AE,A,AED,FCSC,ANN_CHAP,IMP,_Z,65,_Z,2020,238657387.52,,,,0
FCSA:DF_TRADE_TOT_CHAP_YR(5.1.0),AE,A,AED,FCSC,ANN_CHAP,IMP,_Z,65,_Z,2021,307518478.99,,,,0
FCSA:DF_TRADE_TOT_CHAP_YR(5.1.0),AE,A,AED,FCSC,ANN_CHAP,IMP,_Z,65,_Z,2022,413857122.04,,,,0
FCSA:DF_TRADE_TOT_CHAP_YR(5.1.0),AE,A,AED,FCSC,ANN_CHAP,IMP,_Z,65,_Z,2023,513495152.88,,,,0
FCSA:DF_TRADE_TOT_CHAP_YR(5.1.0),AE,A,AED,FCSC,ANN_CHAP,IMP,_Z,65,_Z,2024,511618604.71,,,,0
FCSA:DF_TRADE_TOT_CHAP_YR(5.1.0),AE,A,AED,FCSC,ANN_CHAP,REEXP,_Z,7,_Z,2017,1037529215.79,,,,0
FCSA:DF_TRADE_TOT_CHAP_YR(5.1.0),AE,A,AED,FCSC,ANN_CHAP,REEXP,_Z,7,_Z,2018,905039075.86,,,,0
FCSA:DF_TRADE_TOT_CHAP_YR(5.1.0),AE,A,AED,FCSC,ANN_CHAP,REEXP,_Z,7,_Z,2019,755712867.35,,,,0
FCSA:DF_TRADE_TOT_CHAP_YR(5.1.0),AE,A,AED,FCSC,ANN_CHAP,REEXP,_Z,7,_Z,2020,1070576050.39,,,,0
FCSA:DF_TRADE_TOT_CHAP_YR(5.1.0),AE,A,AED,FCSC,ANN_CHAP,REEXP,_Z,7,_Z,2021,1186450396.59,,,,0
FCSA:DF_TRADE_TOT_CHAP_YR(5.1.0),AE,A,AED,FCSC,ANN_CHAP,REEXP,_Z,7,_Z,2022,1798631321.34,,,,0
FCSA:DF_TRADE_TOT_CHAP_YR(5.1.0),AE,A,AED,FCSC,ANN_CHAP,REEXP,_Z,7,_Z,2023,1458494720.21,,,,0
FCSA:DF_TRADE_TOT_CHAP_YR(5.1.0),AE,A,AED,FCSC,ANN_CHAP,REEXP,_Z,7,_Z,2024,1747190849.19,,,,0
FCSA:DF_TRADE_TOT_CHAP_YR(5.1.0),AE,A,AED,FCSC,ANN_CHAP,TTRADE,_Z,51,_Z,2017,101059519.56,,,,0
FCSA:DF_TRADE_TOT_CHAP_YR(5.1.0),AE,A,AED,FCSC,ANN_CHAP,TTRADE,_Z,51,_Z,2018,144841689.94,,,,0
FCSA:DF_TRADE_TOT_CHAP_YR(5.1.0),AE,A,AED,FCSC,ANN_CHAP,TTRADE,_Z,51,_Z,2019,211755520.89,,,,0
FCSA:DF_TRADE_TOT_CHAP_YR(5.1.0),AE,A,AED,FCSC,ANN_CHAP,TTRADE,_Z,51,_Z,2020,105017876.08,,,,0
FCSA:DF_TRADE_TOT_CHAP_YR(5.1.0),AE,A,AED,FCSC,ANN_CHAP,TTRADE,_Z,51,_Z,2021,125202282.76,,,,0
FCSA:DF_TRADE_TOT_CHAP_YR(5.1.0),AE,A,AED,FCSC,ANN_CHAP,TTRADE,_Z,51,_Z,2022,152040585.05,,,,0
FCSA:DF_TRADE_TOT_CHAP_YR(5.1.0),AE,A,AED,FCSC,ANN_CHAP,TTRADE,_Z,51,_Z,2023,170602020.93,,,,0
FCSA:DF_TRADE_TOT_CHAP_YR(5.1.0),AE,A,AED,FCSC,ANN_CHAP,TTRADE,_Z,51,_Z,2024,202600891.27,,,,0
FCSA:DF_TRADE_TOT_CHAP_YR(5.1.0),AE,A,AED,FCSC,ANN_CHAP,REEXP,_Z,92,_Z,2017,266093783.59,,,,0
FCSA:DF_TRADE_TOT_CHAP_YR(5.1.0),AE,A,AED,FCSC,ANN_CHAP,REEXP,_Z,92,_Z,2018,242117609.37,,,,0
FCSA:DF_TRADE_TOT_CHAP_YR(5.1.0),AE,A,AED,FCSC,ANN_CHAP,REEXP,_Z,92,_Z,2019,226135343.25,,,,0
FCSA:DF_TRADE_TOT_CHAP_YR(5.1.0),AE,A,AED,FCSC,ANN_CHAP,REEXP,_Z,92,_Z,2020,172187724.39,,,,0
FCSA:DF_TRADE_TOT_CHAP_YR(5.1.0),AE,A,AED,FCSC,ANN_CHAP,REEXP,_Z,92,_Z,2021,280752517.51,,,,0
FCSA:DF_TRADE_TOT_CHAP_YR(5.1.0),AE,A,AED,FCSC,ANN_CHAP,REEXP,_Z,92,_Z,2022,288243782.49,,,,0
FCSA:DF_TRADE_TOT_CHAP_YR(5.1.0),AE,A,AED,FCSC,ANN_CHAP,REEXP,_Z,92,_Z,2023,246060760.70,,,,0
FCSA:DF_TRADE_TOT_CHAP_YR(5.1.0),AE,A,AED,FCSC,ANN_CHAP,REEXP,_Z,92,_Z,2024,271753287.87,,,,0
FCSA:DF_TRADE_TOT_CHAP_YR(5.1.0),AE,A,AED,FCSC,ANN_CHAP,NOEXP,_Z,86,_Z,2017,210506959.55,,,,0
FCSA:DF_TRADE_TOT_CHAP_YR(5.1.0),AE,A,AED,FCSC,ANN_CHAP,NOEXP,_Z,86,_Z,2018,25054678.95,,,,0
FCSA:DF_TRADE_TOT_CHAP_YR(5.1.0),AE,A,AED,FCSC,ANN_CHAP,NOEXP,_Z,86,_Z,2019,36829093.86,,,,0
FCSA:DF_TRADE_TOT_CHAP_YR(5.1.0),AE,A,AED,FCSC,ANN_CHAP,NOEXP,_Z,86,_Z,2020,40090895.16,,,,0
FCSA:DF_TRADE_TOT_CHAP_YR(5.1.0),AE,A,AED,FCSC,ANN_CHAP,NOEXP,_Z,86,_Z,2021,43023861.26,,,,0
FCSA:DF_TRADE_TOT_CHAP_YR(5.1.0),AE,A,AED,FCSC,ANN_CHAP,NOEXP,_Z,86,_Z,2022,94711236.04,,,,0
FCSA:DF_TRADE_TOT_CHAP_YR(5.1.0),AE,A,AED,FCSC,ANN_CHAP,NOEXP,_Z,86,_Z,2023,131841947.68,,,,0
FCSA:DF_TRADE_TOT_CHAP_YR(5.1.0),AE,A,AED,FCSC,ANN_CHAP,NOEXP,_Z,86,_Z,2024,179318675.72,,,,0
FCSA:DF_TRADE_TOT_CHAP_YR(5.1.0),AE,A,AED,FCSC,ANN_CHAP,REEXP,_Z,58,_Z,2017,140937520.08,,,,0
FCSA:DF_TRADE_TOT_CHAP_YR(5.1.0),AE,A,AED,FCSC,ANN_CHAP,REEXP,_Z,58,_Z,2018,110750118.64,,,,0
FCSA:DF_TRADE_TOT_CHAP_YR(5.1.0),AE,A,AED,FCSC,ANN_CHAP,REEXP,_Z,58,_Z,2019,137396667.49,,,,0
FCSA:DF_TRADE_TOT_CHAP_YR(5.1.0),AE,A,AED,FCSC,ANN_CHAP,REEXP,_Z,58,_Z,2020,76180648.67,,,,0
FCSA:DF_TRADE_TOT_CHAP_YR(5.1.0),AE,A,AED,FCSC,ANN_CHAP,REEXP,_Z,58,_Z,2021,140444170.02,,,,0
FCSA:DF_TRADE_TOT_CHAP_YR(5.1.0),AE,A,AED,FCSC,ANN_CHAP,REEXP,_Z,58,_Z,2022,192582222.67,,,,0
FCSA:DF_TRADE_TOT_CHAP_YR(5.1.0),AE,A,AED,FCSC,ANN_CHAP,REEXP,_Z,58,_Z,2023,132702185.07,,,,0
FCSA:DF_TRADE_TOT_CHAP_YR(5.1.0),AE,A,AED,FCSC,ANN_CHAP,REEXP,_Z,58,_Z,2024,226144779.87,,,,0
FCSA:DF_TRADE_TOT_CHAP_YR(5.1.0),AE,A,AED,FCSC,ANN_CHAP,NOEXP,_Z,35,_Z,2017,47459565.67,,,,0
FCSA:DF_TRADE_TOT_CHAP_YR(5.1.0),AE,A,AED,FCSC,ANN_CHAP,NOEXP,_Z,35,_Z,2018,98920273.67,,,,0
FCSA:DF_TRADE_TOT_CHAP_YR(5.1.0),AE,A,AED,FCSC,ANN_CHAP,NOEXP,_Z,35,_Z,2019,114767749.15,,,,0
FCSA:DF_TRADE_TOT_CHAP_YR(5.1.0),AE,A,AED,FCSC,ANN_CHAP,NOEXP,_Z,35,_Z,2020,118262547.09,,,,0
FCSA:DF_TRADE_TOT_CHAP_YR(5.1.0),AE,A,AED,FCSC,ANN_CHAP,NOEXP,_Z,35,_Z,2021,162552989.76,,,,0
FCSA:DF_TRADE_TOT_CHAP_YR(5.1.0),AE,A,AED,FCSC,ANN_CHAP,NOEXP,_Z,35,_Z,2022,220334948.64,,,,0
FCSA:DF_TRADE_TOT_CHAP_YR(5.1.0),AE,A,AED,FCSC,ANN_CHAP,NOEXP,_Z,35,_Z,2023,223657004.15,,,,0
FCSA:DF_TRADE_TOT_CHAP_YR(5.1.0),AE,A,AED,FCSC,ANN_CHAP,NOEXP,_Z,35,_Z,2024,244743191.02,,,,0
FCSA:DF_TRADE_TOT_CHAP_YR(5.1.0),AE,A,AED,FCSC,ANN_CHAP,NOEXP,_Z,18,_Z,2017,680917575.20,,,,0
FCSA:DF_TRADE_TOT_CHAP_YR(5.1.0),AE,A,AED,FCSC,ANN_CHAP,NOEXP,_Z,18,_Z,2018,981934641.07,,,,0
FCSA:DF_TRADE_TOT_CHAP_YR(5.1.0),AE,A,AED,FCSC,ANN_CHAP,NOEXP,_Z,18,_Z,2019,786015247.76,,,,0
FCSA:DF_TRADE_TOT_CHAP_YR(5.1.0),AE,A,AED,FCSC,ANN_CHAP,NOEXP,_Z,18,_Z,2020,686150821.19,,,,0
FCSA:DF_TRADE_TOT_CHAP_YR(5.1.0),AE,A,AED,FCSC,ANN_CHAP,NOEXP,_Z,18,_Z,2021,666676220.64,,,,0
FCSA:DF_TRADE_TOT_CHAP_YR(5.1.0),AE,A,AED,FCSC,ANN_CHAP,NOEXP,_Z,18,_Z,2022,973478061.67,,,,0
FCSA:DF_TRADE_TOT_CHAP_YR(5.1.0),AE,A,AED,FCSC,ANN_CHAP,NOEXP,_Z,18,_Z,2023,685754590.03,,,,0
FCSA:DF_TRADE_TOT_CHAP_YR(5.1.0),AE,A,AED,FCSC,ANN_CHAP,NOEXP,_Z,18,_Z,2024,716882813.88,,,,0
FCSA:DF_TRADE_TOT_CHAP_YR(5.1.0),AE,A,AED,FCSC,ANN_CHAP,REEXP,_Z,41,_Z,2017,63567987.72,,,,0
FCSA:DF_TRADE_TOT_CHAP_YR(5.1.0),AE,A,AED,FCSC,ANN_CHAP,REEXP,_Z,41,_Z,2018,70383012.35,,,,0
FCSA:DF_TRADE_TOT_CHAP_YR(5.1.0),AE,A,AED,FCSC,ANN_CHAP,REEXP,_Z,41,_Z,2019,32261712.71,,,,0
FCSA:DF_TRADE_TOT_CHAP_YR(5.1.0),AE,A,AED,FCSC,ANN_CHAP,REEXP,_Z,41,_Z,2020,12876585.66,,,,0
FCSA:DF_TRADE_TOT_CHAP_YR(5.1.0),AE,A,AED,FCSC,ANN_CHAP,REEXP,_Z,41,_Z,2021,6617689.42,,,,0
FCSA:DF_TRADE_TOT_CHAP_YR(5.1.0),AE,A,AED,FCSC,ANN_CHAP,REEXP,_Z,41,_Z,2022,17639186.33,,,,0
FCSA:DF_TRADE_TOT_CHAP_YR(5.1.0),AE,A,AED,FCSC,ANN_CHAP,REEXP,_Z,41,_Z,2023,17106073.96,,,,0
FCSA:DF_TRADE_TOT_CHAP_YR(5.1.0),AE,A,AED,FCSC,ANN_CHAP,REEXP,_Z,41,_Z,2024,17995909.70,,,,0
FCSA:DF_TRADE_TOT_CHAP_YR(5.1.0),AE,A,AED,FCSC,ANN_CHAP,REEXP,_Z,94,_Z,2017,2193346115.26,,,,0
FCSA:DF_TRADE_TOT_CHAP_YR(5.1.0),AE,A,AED,FCSC,ANN_CHAP,REEXP,_Z,94,_Z,2018,2370141052.08,,,,0
FCSA:DF_TRADE_TOT_CHAP_YR(5.1.0),AE,A,AED,FCSC,ANN_CHAP,REEXP,_Z,94,_Z,2019,2458224467.29,,,,0
FCSA:DF_TRADE_TOT_CHAP_YR(5.1.0),AE,A,AED,FCSC,ANN_CHAP,REEXP,_Z,94,_Z,2020,2250836596.36,,,,0
FCSA:DF_TRADE_TOT_CHAP_YR(5.1.0),AE,A,AED,FCSC,ANN_CHAP,REEXP,_Z,94,_Z,2021,3247110506.45,,,,0
FCSA:DF_TRADE_TOT_CHAP_YR(5.1.0),AE,A,AED,FCSC,ANN_CHAP,REEXP,_Z,94,_Z,2022,3669730610.65,,,,0
FCSA:DF_TRADE_TOT_CHAP_YR(5.1.0),AE,A,AED,FCSC,ANN_CHAP,REEXP,_Z,94,_Z,2023,3000432860.45,,,,0
FCSA:DF_TRADE_TOT_CHAP_YR(5.1.0),AE,A,AED,FCSC,ANN_CHAP,REEXP,_Z,94,_Z,2024,2861303856.43,,,,0
FCSA:DF_TRADE_TOT_CHAP_YR(5.1.0),AE,A,AED,FCSC,ANN_CHAP,REEXP,_Z,60,_Z,2017,190987046.53,,,,0
FCSA:DF_TRADE_TOT_CHAP_YR(5.1.0),AE,A,AED,FCSC,ANN_CHAP,REEXP,_Z,60,_Z,2018,170607996.25,,,,0
FCSA:DF_TRADE_TOT_CHAP_YR(5.1.0),AE,A,AED,FCSC,ANN_CHAP,REEXP,_Z,60,_Z,2019,256194723.01,,,,0
FCSA:DF_TRADE_TOT_CHAP_YR(5.1.0),AE,A,AED,FCSC,ANN_CHAP,REEXP,_Z,60,_Z,2020,205867277.22,,,,0
FCSA:DF_TRADE_TOT_CHAP_YR(5.1.0),AE,A,AED,FCSC,ANN_CHAP,REEXP,_Z,60,_Z,2021,315763302.76,,,,0
FCSA:DF_TRADE_TOT_CHAP_YR(5.1.0),AE,A,AED,FCSC,ANN_CHAP,REEXP,_Z,60,_Z,2022,519087032.03,,,,0
FCSA:DF_TRADE_TOT_CHAP_YR(5.1.0),AE,A,AED,FCSC,ANN_CHAP,REEXP,_Z,60,_Z,2023,325239698.25,,,,0
FCSA:DF_TRADE_TOT_CHAP_YR(5.1.0),AE,A,AED,FCSC,ANN_CHAP,REEXP,_Z,60,_Z,2024,1211831921.23,,,,0
FCSA:DF_TRADE_TOT_CHAP_YR(5.1.0),AE,A,AED,FCSC,ANN_CHAP,IMP,_Z,63,_Z,2017,2058062057.85,,,,0
FCSA:DF_TRADE_TOT_CHAP_YR(5.1.0),AE,A,AED,FCSC,ANN_CHAP,IMP,_Z,63,_Z,2018,1948900332.77,,,,0
FCSA:DF_TRADE_TOT_CHAP_YR(5.1.0),AE,A,AED,FCSC,ANN_CHAP,IMP,_Z,63,_Z,2019,2152331196.70,,,,0
FCSA:DF_TRADE_TOT_CHAP_YR(5.1.0),AE,A,AED,FCSC,ANN_CHAP,IMP,_Z,63,_Z,2020,2941058296.25,,,,0
FCSA:DF_TRADE_TOT_CHAP_YR(5.1.0),AE,A,AED,FCSC,ANN_CHAP,IMP,_Z,63,_Z,2021,2574990963.44,,,,0
FCSA:DF_TRADE_TOT_CHAP_YR(5.1.0),AE,A,AED,FCSC,ANN_CHAP,IMP,_Z,63,_Z,2022,2771408482.06,,,,0
FCSA:DF_TRADE_TOT_CHAP_YR(5.1.0),AE,A,AED,FCSC,ANN_CHAP,IMP,_Z,63,_Z,2023,2981977940.52,,,,0
FCSA:DF_TRADE_TOT_CHAP_YR(5.1.0),AE,A,AED,FCSC,ANN_CHAP,IMP,_Z,63,_Z,2024,3105671044.18,,,,0
FCSA:DF_TRADE_TOT_CHAP_YR(5.1.0),AE,A,AED,FCSC,ANN_CHAP,IMP,_Z,80,_Z,2017,42651293.90,,,,0
FCSA:DF_TRADE_TOT_CHAP_YR(5.1.0),AE,A,AED,FCSC,ANN_CHAP,IMP,_Z,80,_Z,2018,34713457.36,,,,0
FCSA:DF_TRADE_TOT_CHAP_YR(5.1.0),AE,A,AED,FCSC,ANN_CHAP,IMP,_Z,80,_Z,2019,40828420.65,,,,0
FCSA:DF_TRADE_TOT_CHAP_YR(5.1.0),AE,A,AED,FCSC,ANN_CHAP,IMP,_Z,80,_Z,2020,33374773.82,,,,0
FCSA:DF_TRADE_TOT_CHAP_YR(5.1.0),AE,A,AED,FCSC,ANN_CHAP,IMP,_Z,80,_Z,2021,61287685.68,,,,0
FCSA:DF_TRADE_TOT_CHAP_YR(5.1.0),AE,A,AED,FCSC,ANN_CHAP,IMP,_Z,80,_Z,2022,55230198.42,,,,0
FCSA:DF_TRADE_TOT_CHAP_YR(5.1.0),AE,A,AED,FCSC,ANN_CHAP,IMP,_Z,80,_Z,2023,94042220.43,,,,0
FCSA:DF_TRADE_TOT_CHAP_YR(5.1.0),AE,A,AED,FCSC,ANN_CHAP,IMP,_Z,80,_Z,2024,85428476.43,,,,0
FCSA:DF_TRADE_TOT_CHAP_YR(5.1.0),AE,A,AED,FCSC,ANN_CHAP,REEXP,_Z,73,_Z,2017,3687109627.28,,,,0
FCSA:DF_TRADE_TOT_CHAP_YR(5.1.0),AE,A,AED,FCSC,ANN_CHAP,REEXP,_Z,73,_Z,2018,4961112939.28,,,,0
FCSA:DF_TRADE_TOT_CHAP_YR(5.1.0),AE,A,AED,FCSC,ANN_CHAP,REEXP,_Z,73,_Z,2019,5191027732.43,,,,0
FCSA:DF_TRADE_TOT_CHAP_YR(5.1.0),AE,A,AED,FCSC,ANN_CHAP,REEXP,_Z,73,_Z,2020,3999531278.68,,,,0
FCSA:DF_TRADE_TOT_CHAP_YR(5.1.0),AE,A,AED,FCSC,ANN_CHAP,REEXP,_Z,73,_Z,2021,4524890924.01,,,,0
FCSA:DF_TRADE_TOT_CHAP_YR(5.1.0),AE,A,AED,FCSC,ANN_CHAP,REEXP,_Z,73,_Z,2022,5827930075.72,,,,0
FCSA:DF_TRADE_TOT_CHAP_YR(5.1.0),AE,A,AED,FCSC,ANN_CHAP,REEXP,_Z,73,_Z,2023,6481598339.46,,,,0
FCSA:DF_TRADE_TOT_CHAP_YR(5.1.0),AE,A,AED,FCSC,ANN_CHAP,REEXP,_Z,73,_Z,2024,6755981484.24,,,,0
FCSA:DF_TRADE_TOT_CHAP_YR(5.1.0),AE,A,AED,FCSC,ANN_CHAP,TTRADE,_Z,87,_Z,2017,125910255100.45,,,,0
FCSA:DF_TRADE_TOT_CHAP_YR(5.1.0),AE,A,AED,FCSC,ANN_CHAP,TTRADE,_Z,87,_Z,2018,122480598561.21,,,,0
FCSA:DF_TRADE_TOT_CHAP_YR(5.1.0),AE,A,AED,FCSC,ANN_CHAP,TTRADE,_Z,87,_Z,2019,115253582548.98,,,,0
FCSA:DF_TRADE_TOT_CHAP_YR(5.1.0),AE,A,AED,FCSC,ANN_CHAP,TTRADE,_Z,87,_Z,2020,92860640947.75,,,,0
FCSA:DF_TRADE_TOT_CHAP_YR(5.1.0),AE,A,AED,FCSC,ANN_CHAP,TTRADE,_Z,87,_Z,2021,110537719458.39,,,,0
FCSA:DF_TRADE_TOT_CHAP_YR(5.1.0),AE,A,AED,FCSC,ANN_CHAP,TTRADE,_Z,87,_Z,2022,144549113089.49,,,,0
FCSA:DF_TRADE_TOT_CHAP_YR(5.1.0),AE,A,AED,FCSC,ANN_CHAP,TTRADE,_Z,87,_Z,2023,185345496719.61,,,,0
FCSA:DF_TRADE_TOT_CHAP_YR(5.1.0),AE,A,AED,FCSC,ANN_CHAP,TTRADE,_Z,87,_Z,2024,210259725940.59,,,,0
FCSA:DF_TRADE_TOT_CHAP_YR(5.1.0),AE,A,AED,FCSC,ANN_CHAP,IMP,_Z,16,_Z,2017,921696169.90,,,,0
FCSA:DF_TRADE_TOT_CHAP_YR(5.1.0),AE,A,AED,FCSC,ANN_CHAP,IMP,_Z,16,_Z,2018,820819032.74,,,,0
FCSA:DF_TRADE_TOT_CHAP_YR(5.1.0),AE,A,AED,FCSC,ANN_CHAP,IMP,_Z,16,_Z,2019,816016464.54,,,,0
FCSA:DF_TRADE_TOT_CHAP_YR(5.1.0),AE,A,AED,FCSC,ANN_CHAP,IMP,_Z,16,_Z,2020,806746424.66,,,,0
FCSA:DF_TRADE_TOT_CHAP_YR(5.1.0),AE,A,AED,FCSC,ANN_CHAP,IMP,_Z,16,_Z,2021,897007067.35,,,,0
FCSA:DF_TRADE_TOT_CHAP_YR(5.1.0),AE,A,AED,FCSC,ANN_CHAP,IMP,_Z,16,_Z,2022,1083358933.13,,,,0
FCSA:DF_TRADE_TOT_CHAP_YR(5.1.0),AE,A,AED,FCSC,ANN_CHAP,IMP,_Z,16,_Z,2023,1108869439.83,,,,0
FCSA:DF_TRADE_TOT_CHAP_YR(5.1.0),AE,A,AED,FCSC,ANN_CHAP,IMP,_Z,16,_Z,2024,1400983044.75,,,,0
FCSA:DF_TRADE_TOT_CHAP_YR(5.1.0),AE,A,AED,FCSC,ANN_CHAP,NOEXP,_Z,1,_Z,2017,69851088.48,,,,0
FCSA:DF_TRADE_TOT_CHAP_YR(5.1.0),AE,A,AED,FCSC,ANN_CHAP,NOEXP,_Z,1,_Z,2018,97221066.91,,,,0
FCSA:DF_TRADE_TOT_CHAP_YR(5.1.0),AE,A,AED,FCSC,ANN_CHAP,NOEXP,_Z,1,_Z,2019,120898408.07,,,,0
FCSA:DF_TRADE_TOT_CHAP_YR(5.1.0),AE,A,AED,FCSC,ANN_CHAP,NOEXP,_Z,1,_Z,2020,119389457.02,,,,0
FCSA:DF_TRADE_TOT_CHAP_YR(5.1.0),AE,A,AED,FCSC,ANN_CHAP,NOEXP,_Z,1,_Z,2021,79236242.42,,,,0
FCSA:DF_TRADE_TOT_CHAP_YR(5.1.0),AE,A,AED,FCSC,ANN_CHAP,NOEXP,_Z,1,_Z,2022,116144098.59,,,,0
FCSA:DF_TRADE_TOT_CHAP_YR(5.1.0),AE,A,AED,FCSC,ANN_CHAP,NOEXP,_Z,1,_Z,2023,317478578.07,,,,0
FCSA:DF_TRADE_TOT_CHAP_YR(5.1.0),AE,A,AED,FCSC,ANN_CHAP,NOEXP,_Z,1,_Z,2024,197267867.80,,,,0
FCSA:DF_TRADE_TOT_CHAP_YR(5.1.0),AE,A,AED,FCSC,ANN_CHAP,REEXP,_Z,88,_Z,2017,11042583681.45,,,,0
FCSA:DF_TRADE_TOT_CHAP_YR(5.1.0),AE,A,AED,FCSC,ANN_CHAP,REEXP,_Z,88,_Z,2018,14588413886.19,,,,0
FCSA:DF_TRADE_TOT_CHAP_YR(5.1.0),AE,A,AED,FCSC,ANN_CHAP,REEXP,_Z,88,_Z,2019,10782080859.90,,,,0
FCSA:DF_TRADE_TOT_CHAP_YR(5.1.0),AE,A,AED,FCSC,ANN_CHAP,REEXP,_Z,88,_Z,2020,6653352645.90,,,,0
FCSA:DF_TRADE_TOT_CHAP_YR(5.1.0),AE,A,AED,FCSC,ANN_CHAP,REEXP,_Z,88,_Z,2021,7128215601.60,,,,0
FCSA:DF_TRADE_TOT_CHAP_YR(5.1.0),AE,A,AED,FCSC,ANN_CHAP,REEXP,_Z,88,_Z,2022,10255486002.19,,,,0
FCSA:DF_TRADE_TOT_CHAP_YR(5.1.0),AE,A,AED,FCSC,ANN_CHAP,REEXP,_Z,88,_Z,2023,14480245160.30,,,,0
FCSA:DF_TRADE_TOT_CHAP_YR(5.1.0),AE,A,AED,FCSC,ANN_CHAP,REEXP,_Z,88,_Z,2024,18802422034.86,,,,0
FCSA:DF_TRADE_TOT_CHAP_YR(5.1.0),AE,A,AED,FCSC,ANN_CHAP,TNOEXP,_Z,28,_Z,2017,970262720.94,,,,0
FCSA:DF_TRADE_TOT_CHAP_YR(5.1.0),AE,A,AED,FCSC,ANN_CHAP,TNOEXP,_Z,28,_Z,2018,777543415.05,,,,0
FCSA:DF_TRADE_TOT_CHAP_YR(5.1.0),AE,A,AED,FCSC,ANN_CHAP,TNOEXP,_Z,28,_Z,2019,829286317.44,,,,0
FCSA:DF_TRADE_TOT_CHAP_YR(5.1.0),AE,A,AED,FCSC,ANN_CHAP,TNOEXP,_Z,28,_Z,2020,802061673.86,,,,0
FCSA:DF_TRADE_TOT_CHAP_YR(5.1.0),AE,A,AED,FCSC,ANN_CHAP,TNOEXP,_Z,28,_Z,2021,962897225.84,,,,0
FCSA:DF_TRADE_TOT_CHAP_YR(5.1.0),AE,A,AED,FCSC,ANN_CHAP,TNOEXP,_Z,28,_Z,2022,1158897507.57,,,,0
FCSA:DF_TRADE_TOT_CHAP_YR(5.1.0),AE,A,AED,FCSC,ANN_CHAP,TNOEXP,_Z,28,_Z,2023,1501862185.55,,,,0
FCSA:DF_TRADE_TOT_CHAP_YR(5.1.0),AE,A,AED,FCSC,ANN_CHAP,TNOEXP,_Z,28,_Z,2024,1258496711.32,,,,0
FCSA:DF_TRADE_TOT_CHAP_YR(5.1.0),AE,A,AED,FCSC,ANN_CHAP,IMP,_Z,33,_Z,2017,12147047988.55,,,,0
FCSA:DF_TRADE_TOT_CHAP_YR(5.1.0),AE,A,AED,FCSC,ANN_CHAP,IMP,_Z,33,_Z,2018,11709230730.52,,,,0
FCSA:DF_TRADE_TOT_CHAP_YR(5.1.0),AE,A,AED,FCSC,ANN_CHAP,IMP,_Z,33,_Z,2019,11690840315.12,,,,0
FCSA:DF_TRADE_TOT_CHAP_YR(5.1.0),AE,A,AED,FCSC,ANN_CHAP,IMP,_Z,33,_Z,2020,9348184613.77,,,,0
FCSA:DF_TRADE_TOT_CHAP_YR(5.1.0),AE,A,AED,FCSC,ANN_CHAP,IMP,_Z,33,_Z,2021,11492920716.69,,,,0
FCSA:DF_TRADE_TOT_CHAP_YR(5.1.0),AE,A,AED,FCSC,ANN_CHAP,IMP,_Z,33,_Z,2022,14284109667.87,,,,0
FCSA:DF_TRADE_TOT_CHAP_YR(5.1.0),AE,A,AED,FCSC,ANN_CHAP,IMP,_Z,33,_Z,2023,16962135171.52,,,,0
FCSA:DF_TRADE_TOT_CHAP_YR(5.1.0),AE,A,AED,FCSC,ANN_CHAP,IMP,_Z,33,_Z,2024,18777411644.79,,,,0
FCSA:DF_TRADE_TOT_CHAP_YR(5.1.0),AE,A,AED,FCSC,ANN_CHAP,TNOEXP,_Z,13,_Z,2017,184414021.88,,,,0
FCSA:DF_TRADE_TOT_CHAP_YR(5.1.0),AE,A,AED,FCSC,ANN_CHAP,TNOEXP,_Z,13,_Z,2018,275038789.53,,,,0
FCSA:DF_TRADE_TOT_CHAP_YR(5.1.0),AE,A,AED,FCSC,ANN_CHAP,TNOEXP,_Z,13,_Z,2019,226822389.76,,,,0
FCSA:DF_TRADE_TOT_CHAP_YR(5.1.0),AE,A,AED,FCSC,ANN_CHAP,TNOEXP,_Z,13,_Z,2020,244277177.78,,,,0
FCSA:DF_TRADE_TOT_CHAP_YR(5.1.0),AE,A,AED,FCSC,ANN_CHAP,TNOEXP,_Z,13,_Z,2021,189296730.25,,,,0
FCSA:DF_TRADE_TOT_CHAP_YR(5.1.0),AE,A,AED,FCSC,ANN_CHAP,TNOEXP,_Z,13,_Z,2022,287631532.89,,,,0
FCSA:DF_TRADE_TOT_CHAP_YR(5.1.0),AE,A,AED,FCSC,ANN_CHAP,TNOEXP,_Z,13,_Z,2023,198950043.49,,,,0
FCSA:DF_TRADE_TOT_CHAP_YR(5.1.0),AE,A,AED,FCSC,ANN_CHAP,TNOEXP,_Z,13,_Z,2024,272258349.51,,,,0
FCSA:DF_TRADE_TOT_CHAP_YR(5.1.0),AE,A,AED,FCSC,ANN_CHAP,REEXP,_Z,75,_Z,2017,412837820.19,,,,0
FCSA:DF_TRADE_TOT_CHAP_YR(5.1.0),AE,A,AED,FCSC,ANN_CHAP,REEXP,_Z,75,_Z,2018,282695964.66,,,,0
FCSA:DF_TRADE_TOT_CHAP_YR(5.1.0),AE,A,AED,FCSC,ANN_CHAP,REEXP,_Z,75,_Z,2019,705181061.65,,,,0
FCSA:DF_TRADE_TOT_CHAP_YR(5.1.0),AE,A,AED,FCSC,ANN_CHAP,REEXP,_Z,75,_Z,2020,122358354.76,,,,0
FCSA:DF_TRADE_TOT_CHAP_YR(5.1.0),AE,A,AED,FCSC,ANN_CHAP,REEXP,_Z,75,_Z,2021,2146703559.43,,,,0
FCSA:DF_TRADE_TOT_CHAP_YR(5.1.0),AE,A,AED,FCSC,ANN_CHAP,REEXP,_Z,75,_Z,2022,856710039.71,,,,0
FCSA:DF_TRADE_TOT_CHAP_YR(5.1.0),AE,A,AED,FCSC,ANN_CHAP,REEXP,_Z,75,_Z,2023,283564526.50,,,,0
FCSA:DF_TRADE_TOT_CHAP_YR(5.1.0),AE,A,AED,FCSC,ANN_CHAP,REEXP,_Z,75,_Z,2024,276073128.51,,,,0
FCSA:DF_TRADE_TOT_CHAP_YR(5.1.0),AE,A,AED,FCSC,ANN_CHAP,REEXP,_Z,45,_Z,2017,62399845.48,,,,0
FCSA:DF_TRADE_TOT_CHAP_YR(5.1.0),AE,A,AED,FCSC,ANN_CHAP,REEXP,_Z,45,_Z,2018,59887020.53,,,,0
FCSA:DF_TRADE_TOT_CHAP_YR(5.1.0),AE,A,AED,FCSC,ANN_CHAP,REEXP,_Z,45,_Z,2019,73528566.18,,,,0
FCSA:DF_TRADE_TOT_CHAP_YR(5.1.0),AE,A,AED,FCSC,ANN_CHAP,REEXP,_Z,45,_Z,2020,82324696.93,,,,0
FCSA:DF_TRADE_TOT_CHAP_YR(5.1.0),AE,A,AED,FCSC,ANN_CHAP,REEXP,_Z,45,_Z,2021,117276451.35,,,,0
FCSA:DF_TRADE_TOT_CHAP_YR(5.1.0),AE,A,AED,FCSC,ANN_CHAP,REEXP,_Z,45,_Z,2022,123605995.29,,,,0
FCSA:DF_TRADE_TOT_CHAP_YR(5.1.0),AE,A,AED,FCSC,ANN_CHAP,REEXP,_Z,45,_Z,2023,138451186.12,,,,0
FCSA:DF_TRADE_TOT_CHAP_YR(5.1.0),AE,A,AED,FCSC,ANN_CHAP,REEXP,_Z,45,_Z,2024,105622408.42,,,,0
FCSA:DF_TRADE_TOT_CHAP_YR(5.1.0),AE,A,AED,FCSC,ANN_CHAP,REEXP,_Z,28,_Z,2017,735122446.58,,,,0
FCSA:DF_TRADE_TOT_CHAP_YR(5.1.0),AE,A,AED,FCSC,ANN_CHAP,REEXP,_Z,28,_Z,2018,388303768.77,,,,0
FCSA:DF_TRADE_TOT_CHAP_YR(5.1.0),AE,A,AED,FCSC,ANN_CHAP,REEXP,_Z,28,_Z,2019,522421386.45,,,,0
FCSA:DF_TRADE_TOT_CHAP_YR(5.1.0),AE,A,AED,FCSC,ANN_CHAP,REEXP,_Z,28,_Z,2020,537440107.26,,,,0
FCSA:DF_TRADE_TOT_CHAP_YR(5.1.0),AE,A,AED,FCSC,ANN_CHAP,REEXP,_Z,28,_Z,2021,471119369.86,,,,0
FCSA:DF_TRADE_TOT_CHAP_YR(5.1.0),AE,A,AED,FCSC,ANN_CHAP,REEXP,_Z,28,_Z,2022,647588420.48,,,,0
FCSA:DF_TRADE_TOT_CHAP_YR(5.1.0),AE,A,AED,FCSC,ANN_CHAP,REEXP,_Z,28,_Z,2023,652827343.92,,,,0
FCSA:DF_TRADE_TOT_CHAP_YR(5.1.0),AE,A,AED,FCSC,ANN_CHAP,REEXP,_Z,28,_Z,2024,609162114.42,,,,0
FCSA:DF_TRADE_TOT_CHAP_YR(5.1.0),AE,A,AED,FCSC,ANN_CHAP,IMP,_Z,18,_Z,2017,2056340766.19,,,,0
FCSA:DF_TRADE_TOT_CHAP_YR(5.1.0),AE,A,AED,FCSC,ANN_CHAP,IMP,_Z,18,_Z,2018,2607799835.45,,,,0
FCSA:DF_TRADE_TOT_CHAP_YR(5.1.0),AE,A,AED,FCSC,ANN_CHAP,IMP,_Z,18,_Z,2019,2739946511.39,,,,0
FCSA:DF_TRADE_TOT_CHAP_YR(5.1.0),AE,A,AED,FCSC,ANN_CHAP,IMP,_Z,18,_Z,2020,2061832992.59,,,,0
FCSA:DF_TRADE_TOT_CHAP_YR(5.1.0),AE,A,AED,FCSC,ANN_CHAP,IMP,_Z,18,_Z,2021,2014169702.88,,,,0
FCSA:DF_TRADE_TOT_CHAP_YR(5.1.0),AE,A,AED,FCSC,ANN_CHAP,IMP,_Z,18,_Z,2022,2312166365.38,,,,0
FCSA:DF_TRADE_TOT_CHAP_YR(5.1.0),AE,A,AED,FCSC,ANN_CHAP,IMP,_Z,18,_Z,2023,2428595360.71,,,,0
FCSA:DF_TRADE_TOT_CHAP_YR(5.1.0),AE,A,AED,FCSC,ANN_CHAP,IMP,_Z,18,_Z,2024,2872677965.17,,,,0
FCSA:DF_TRADE_TOT_CHAP_YR(5.1.0),AE,A,AED,FCSC,ANN_CHAP,TTRADE,_Z,4,_Z,2017,8651816171.16,,,,0
FCSA:DF_TRADE_TOT_CHAP_YR(5.1.0),AE,A,AED,FCSC,ANN_CHAP,TTRADE,_Z,4,_Z,2018,10270818329.26,,,,0
FCSA:DF_TRADE_TOT_CHAP_YR(5.1.0),AE,A,AED,FCSC,ANN_CHAP,TTRADE,_Z,4,_Z,2019,9968592492.48,,,,0
FCSA:DF_TRADE_TOT_CHAP_YR(5.1.0),AE,A,AED,FCSC,ANN_CHAP,TTRADE,_Z,4,_Z,2020,9651795915.86,,,,0
FCSA:DF_TRADE_TOT_CHAP_YR(5.1.0),AE,A,AED,FCSC,ANN_CHAP,TTRADE,_Z,4,_Z,2021,9824552890.19,,,,0
FCSA:DF_TRADE_TOT_CHAP_YR(5.1.0),AE,A,AED,FCSC,ANN_CHAP,TTRADE,_Z,4,_Z,2022,12283009617.57,,,,0
FCSA:DF_TRADE_TOT_CHAP_YR(5.1.0),AE,A,AED,FCSC,ANN_CHAP,TTRADE,_Z,4,_Z,2023,12412056425.26,,,,0
FCSA:DF_TRADE_TOT_CHAP_YR(5.1.0),AE,A,AED,FCSC,ANN_CHAP,TTRADE,_Z,4,_Z,2024,14644690560.57,,,,0
FCSA:DF_TRADE_TOT_CHAP_YR(5.1.0),AE,A,AED,FCSC,ANN_CHAP,REEXP,_Z,11,_Z,2017,61443467.95,,,,0
FCSA:DF_TRADE_TOT_CHAP_YR(5.1.0),AE,A,AED,FCSC,ANN_CHAP,REEXP,_Z,11,_Z,2018,66583091.39,,,,0
FCSA:DF_TRADE_TOT_CHAP_YR(5.1.0),AE,A,AED,FCSC,ANN_CHAP,REEXP,_Z,11,_Z,2019,90870654.39,,,,0
FCSA:DF_TRADE_TOT_CHAP_YR(5.1.0),AE,A,AED,FCSC,ANN_CHAP,REEXP,_Z,11,_Z,2020,60849781.64,,,,0
FCSA:DF_TRADE_TOT_CHAP_YR(5.1.0),AE,A,AED,FCSC,ANN_CHAP,REEXP,_Z,11,_Z,2021,69495980.80,,,,0
FCSA:DF_TRADE_TOT_CHAP_YR(5.1.0),AE,A,AED,FCSC,ANN_CHAP,REEXP,_Z,11,_Z,2022,76566667.18,,,,0
FCSA:DF_TRADE_TOT_CHAP_YR(5.1.0),AE,A,AED,FCSC,ANN_CHAP,REEXP,_Z,11,_Z,2023,74282431.50,,,,0
FCSA:DF_TRADE_TOT_CHAP_YR(5.1.0),AE,A,AED,FCSC,ANN_CHAP,REEXP,_Z,11,_Z,2024,80671308.21,,,,0
FCSA:DF_TRADE_TOT_CHAP_YR(5.1.0),AE,A,AED,FCSC,ANN_CHAP,TNOEXP,_Z,24,_Z,2017,18755035586.29,,,,0
FCSA:DF_TRADE_TOT_CHAP_YR(5.1.0),AE,A,AED,FCSC,ANN_CHAP,TNOEXP,_Z,24,_Z,2018,16639435483.64,,,,0
FCSA:DF_TRADE_TOT_CHAP_YR(5.1.0),AE,A,AED,FCSC,ANN_CHAP,TNOEXP,_Z,24,_Z,2019,17085152942.74,,,,0
FCSA:DF_TRADE_TOT_CHAP_YR(5.1.0),AE,A,AED,FCSC,ANN_CHAP,TNOEXP,_Z,24,_Z,2020,15981289659.37,,,,0
FCSA:DF_TRADE_TOT_CHAP_YR(5.1.0),AE,A,AED,FCSC,ANN_CHAP,TNOEXP,_Z,24,_Z,2021,17883047393.00,,,,0
FCSA:DF_TRADE_TOT_CHAP_YR(5.1.0),AE,A,AED,FCSC,ANN_CHAP,TNOEXP,_Z,24,_Z,2022,21343614941.80,,,,0
FCSA:DF_TRADE_TOT_CHAP_YR(5.1.0),AE,A,AED,FCSC,ANN_CHAP,TNOEXP,_Z,24,_Z,2023,24272262870.40,,,,0
FCSA:DF_TRADE_TOT_CHAP_YR(5.1.0),AE,A,AED,FCSC,ANN_CHAP,TNOEXP,_Z,24,_Z,2024,29667554301.92,,,,0
FCSA:DF_TRADE_TOT_CHAP_YR(5.1.0),AE,A,AED,FCSC,ANN_CHAP,TTRADE,_Z,72,_Z,2017,20800616082.22,,,,0
FCSA:DF_TRADE_TOT_CHAP_YR(5.1.0),AE,A,AED,FCSC,ANN_CHAP,TTRADE,_Z,72,_Z,2018,26096008195.97,,,,0
FCSA:DF_TRADE_TOT_CHAP_YR(5.1.0),AE,A,AED,FCSC,ANN_CHAP,TTRADE,_Z,72,_Z,2019,26108306646.86,,,,0
FCSA:DF_TRADE_TOT_CHAP_YR(5.1.0),AE,A,AED,FCSC,ANN_CHAP,TTRADE,_Z,72,_Z,2020,22030100411.35,,,,0
FCSA:DF_TRADE_TOT_CHAP_YR(5.1.0),AE,A,AED,FCSC,ANN_CHAP,TTRADE,_Z,72,_Z,2021,35680060065.58,,,,0
FCSA:DF_TRADE_TOT_CHAP_YR(5.1.0),AE,A,AED,FCSC,ANN_CHAP,TTRADE,_Z,72,_Z,2022,37370674791.26,,,,0
FCSA:DF_TRADE_TOT_CHAP_YR(5.1.0),AE,A,AED,FCSC,ANN_CHAP,TTRADE,_Z,72,_Z,2023,35786772203.90,,,,0
FCSA:DF_TRADE_TOT_CHAP_YR(5.1.0),AE,A,AED,FCSC,ANN_CHAP,TTRADE,_Z,72,_Z,2024,33305801720.10,,,,0
FCSA:DF_TRADE_TOT_CHAP_YR(5.1.0),AE,A,AED,FCSC,ANN_CHAP,TTRADE,_Z,30,_Z,2017,17960433252.49,,,,0
FCSA:DF_TRADE_TOT_CHAP_YR(5.1.0),AE,A,AED,FCSC,ANN_CHAP,TTRADE,_Z,30,_Z,2018,19786871110.71,,,,0
FCSA:DF_TRADE_TOT_CHAP_YR(5.1.0),AE,A,AED,FCSC,ANN_CHAP,TTRADE,_Z,30,_Z,2019,19165129982.47,,,,0
FCSA:DF_TRADE_TOT_CHAP_YR(5.1.0),AE,A,AED,FCSC,ANN_CHAP,TTRADE,_Z,30,_Z,2020,21991614329.60,,,,0
FCSA:DF_TRADE_TOT_CHAP_YR(5.1.0),AE,A,AED,FCSC,ANN_CHAP,TTRADE,_Z,30,_Z,2021,32681290595.65,,,,0
FCSA:DF_TRADE_TOT_CHAP_YR(5.1.0),AE,A,AED,FCSC,ANN_CHAP,TTRADE,_Z,30,_Z,2022,28131345437.59,,,,0
FCSA:DF_TRADE_TOT_CHAP_YR(5.1.0),AE,A,AED,FCSC,ANN_CHAP,TTRADE,_Z,30,_Z,2023,29554210978.02,,,,0
FCSA:DF_TRADE_TOT_CHAP_YR(5.1.0),AE,A,AED,FCSC,ANN_CHAP,TTRADE,_Z,30,_Z,2024,31317030370.25,,,,0
FCSA:DF_TRADE_TOT_CHAP_YR(5.1.0),AE,A,AED,FCSC,ANN_CHAP,IMP,_Z,44,_Z,2017,4448870292.26,,,,0
FCSA:DF_TRADE_TOT_CHAP_YR(5.1.0),AE,A,AED,FCSC,ANN_CHAP,IMP,_Z,44,_Z,2018,4681237128.16,,,,0
FCSA:DF_TRADE_TOT_CHAP_YR(5.1.0),AE,A,AED,FCSC,ANN_CHAP,IMP,_Z,44,_Z,2019,3796447064.51,,,,0
FCSA:DF_TRADE_TOT_CHAP_YR(5.1.0),AE,A,AED,FCSC,ANN_CHAP,IMP,_Z,44,_Z,2020,2864507271.01,,,,0
FCSA:DF_TRADE_TOT_CHAP_YR(5.1.0),AE,A,AED,FCSC,ANN_CHAP,IMP,_Z,44,_Z,2021,3731314378.06,,,,0
FCSA:DF_TRADE_TOT_CHAP_YR(5.1.0),AE,A,AED,FCSC,ANN_CHAP,IMP,_Z,44,_Z,2022,4301500502.33,,,,0
FCSA:DF_TRADE_TOT_CHAP_YR(5.1.0),AE,A,AED,FCSC,ANN_CHAP,IMP,_Z,44,_Z,2023,4267679860.47,,,,0
FCSA:DF_TRADE_TOT_CHAP_YR(5.1.0),AE,A,AED,FCSC,ANN_CHAP,IMP,_Z,44,_Z,2024,4998271822.85,,,,0
FCSA:DF_TRADE_TOT_CHAP_YR(5.1.0),AE,A,AED,FCSC,ANN_CHAP,NOEXP,_Z,92,_Z,2017,697794.00,,,,0
FCSA:DF_TRADE_TOT_CHAP_YR(5.1.0),AE,A,AED,FCSC,ANN_CHAP,NOEXP,_Z,92,_Z,2018,87849.86,,,,0
FCSA:DF_TRADE_TOT_CHAP_YR(5.1.0),AE,A,AED,FCSC,ANN_CHAP,NOEXP,_Z,92,_Z,2019,59396.71,,,,0
FCSA:DF_TRADE_TOT_CHAP_YR(5.1.0),AE,A,AED,FCSC,ANN_CHAP,NOEXP,_Z,92,_Z,2020,185380.69,,,,0
FCSA:DF_TRADE_TOT_CHAP_YR(5.1.0),AE,A,AED,FCSC,ANN_CHAP,NOEXP,_Z,92,_Z,2021,29338.51,,,,0
FCSA:DF_TRADE_TOT_CHAP_YR(5.1.0),AE,A,AED,FCSC,ANN_CHAP,NOEXP,_Z,92,_Z,2022,283982.97,,,,0
FCSA:DF_TRADE_TOT_CHAP_YR(5.1.0),AE,A,AED,FCSC,ANN_CHAP,NOEXP,_Z,92,_Z,2023,333443.63,,,,0
FCSA:DF_TRADE_TOT_CHAP_YR(5.1.0),AE,A,AED,FCSC,ANN_CHAP,NOEXP,_Z,92,_Z,2024,399802.72,,,,0
FCSA:DF_TRADE_TOT_CHAP_YR(5.1.0),AE,A,AED,FCSC,ANN_CHAP,TNOEXP,_Z,17,_Z,2017,3809392072.28,,,,0
FCSA:DF_TRADE_TOT_CHAP_YR(5.1.0),AE,A,AED,FCSC,ANN_CHAP,TNOEXP,_Z,17,_Z,2018,1837843577.34,,,,0
FCSA:DF_TRADE_TOT_CHAP_YR(5.1.0),AE,A,AED,FCSC,ANN_CHAP,TNOEXP,_Z,17,_Z,2019,1109841881.26,,,,0
FCSA:DF_TRADE_TOT_CHAP_YR(5.1.0),AE,A,AED,FCSC,ANN_CHAP,TNOEXP,_Z,17,_Z,2020,2743231008.29,,,,0
FCSA:DF_TRADE_TOT_CHAP_YR(5.1.0),AE,A,AED,FCSC,ANN_CHAP,TNOEXP,_Z,17,_Z,2021,3143268267.54,,,,0
FCSA:DF_TRADE_TOT_CHAP_YR(5.1.0),AE,A,AED,FCSC,ANN_CHAP,TNOEXP,_Z,17,_Z,2022,2456376148.13,,,,0
FCSA:DF_TRADE_TOT_CHAP_YR(5.1.0),AE,A,AED,FCSC,ANN_CHAP,TNOEXP,_Z,17,_Z,2023,2892450952.73,,,,0
FCSA:DF_TRADE_TOT_CHAP_YR(5.1.0),AE,A,AED,FCSC,ANN_CHAP,TNOEXP,_Z,17,_Z,2024,4131970648.51,,,,0
FCSA:DF_TRADE_TOT_CHAP_YR(5.1.0),AE,A,AED,FCSC,ANN_CHAP,TNOEXP,_Z,34,_Z,2017,1644864049.78,,,,0
FCSA:DF_TRADE_TOT_CHAP_YR(5.1.0),AE,A,AED,FCSC,ANN_CHAP,TNOEXP,_Z,34,_Z,2018,2436966420.91,,,,0
FCSA:DF_TRADE_TOT_CHAP_YR(5.1.0),AE,A,AED,FCSC,ANN_CHAP,TNOEXP,_Z,34,_Z,2019,2707895274.71,,,,0
FCSA:DF_TRADE_TOT_CHAP_YR(5.1.0),AE,A,AED,FCSC,ANN_CHAP,TNOEXP,_Z,34,_Z,2020,3114983891.20,,,,0
FCSA:DF_TRADE_TOT_CHAP_YR(5.1.0),AE,A,AED,FCSC,ANN_CHAP,TNOEXP,_Z,34,_Z,2021,3685839902.62,,,,0
FCSA:DF_TRADE_TOT_CHAP_YR(5.1.0),AE,A,AED,FCSC,ANN_CHAP,TNOEXP,_Z,34,_Z,2022,3093663701.04,,,,0
FCSA:DF_TRADE_TOT_CHAP_YR(5.1.0),AE,A,AED,FCSC,ANN_CHAP,TNOEXP,_Z,34,_Z,2023,2949093939.83,,,,0
FCSA:DF_TRADE_TOT_CHAP_YR(5.1.0),AE,A,AED,FCSC,ANN_CHAP,TNOEXP,_Z,34,_Z,2024,2996353387.97,,,,0
FCSA:DF_TRADE_TOT_CHAP_YR(5.1.0),AE,A,AED,FCSC,ANN_CHAP,TTRADE,_Z,81,_Z,2017,242855679.28,,,,0
FCSA:DF_TRADE_TOT_CHAP_YR(5.1.0),AE,A,AED,FCSC,ANN_CHAP,TTRADE,_Z,81,_Z,2018,252059037.30,,,,0
FCSA:DF_TRADE_TOT_CHAP_YR(5.1.0),AE,A,AED,FCSC,ANN_CHAP,TTRADE,_Z,81,_Z,2019,331666337.09,,,,0
FCSA:DF_TRADE_TOT_CHAP_YR(5.1.0),AE,A,AED,FCSC,ANN_CHAP,TTRADE,_Z,81,_Z,2020,201200040.18,,,,0
FCSA:DF_TRADE_TOT_CHAP_YR(5.1.0),AE,A,AED,FCSC,ANN_CHAP,TTRADE,_Z,81,_Z,2021,361725761.81,,,,0
FCSA:DF_TRADE_TOT_CHAP_YR(5.1.0),AE,A,AED,FCSC,ANN_CHAP,TTRADE,_Z,81,_Z,2022,624377234.41,,,,0
FCSA:DF_TRADE_TOT_CHAP_YR(5.1.0),AE,A,AED,FCSC,ANN_CHAP,TTRADE,_Z,81,_Z,2023,362599963.36,,,,0
FCSA:DF_TRADE_TOT_CHAP_YR(5.1.0),AE,A,AED,FCSC,ANN_CHAP,TTRADE,_Z,81,_Z,2024,448575080.84,,,,0
FCSA:DF_TRADE_TOT_CHAP_YR(5.1.0),AE,A,AED,FCSC,ANN_CHAP,TTRADE,_Z,98,_Z,2017,612067136.11,,,,0
FCSA:DF_TRADE_TOT_CHAP_YR(5.1.0),AE,A,AED,FCSC,ANN_CHAP,TTRADE,_Z,98,_Z,2018,290186564.57,,,,0
FCSA:DF_TRADE_TOT_CHAP_YR(5.1.0),AE,A,AED,FCSC,ANN_CHAP,TTRADE,_Z,98,_Z,2019,274580663.06,,,,0
FCSA:DF_TRADE_TOT_CHAP_YR(5.1.0),AE,A,AED,FCSC,ANN_CHAP,TTRADE,_Z,98,_Z,2020,167887844.18,,,,0
FCSA:DF_TRADE_TOT_CHAP_YR(5.1.0),AE,A,AED,FCSC,ANN_CHAP,TTRADE,_Z,98,_Z,2021,183182098.88,,,,0
FCSA:DF_TRADE_TOT_CHAP_YR(5.1.0),AE,A,AED,FCSC,ANN_CHAP,TTRADE,_Z,98,_Z,2022,237533958.55,,,,0
FCSA:DF_TRADE_TOT_CHAP_YR(5.1.0),AE,A,AED,FCSC,ANN_CHAP,TTRADE,_Z,98,_Z,2023,174911163.90,,,,0
FCSA:DF_TRADE_TOT_CHAP_YR(5.1.0),AE,A,AED,FCSC,ANN_CHAP,TTRADE,_Z,98,_Z,2024,246906823.40,,,,0
FCSA:DF_TRADE_TOT_CHAP_YR(5.1.0),AE,A,AED,FCSC,ANN_CHAP,TNOEXP,_Z,7,_Z,2017,1184515023.28,,,,0
FCSA:DF_TRADE_TOT_CHAP_YR(5.1.0),AE,A,AED,FCSC,ANN_CHAP,TNOEXP,_Z,7,_Z,2018,1312460157.86,,,,0
FCSA:DF_TRADE_TOT_CHAP_YR(5.1.0),AE,A,AED,FCSC,ANN_CHAP,TNOEXP,_Z,7,_Z,2019,1347556591.82,,,,0
FCSA:DF_TRADE_TOT_CHAP_YR(5.1.0),AE,A,AED,FCSC,ANN_CHAP,TNOEXP,_Z,7,_Z,2020,1821341949.19,,,,0
FCSA:DF_TRADE_TOT_CHAP_YR(5.1.0),AE,A,AED,FCSC,ANN_CHAP,TNOEXP,_Z,7,_Z,2021,2085885055.95,,,,0
FCSA:DF_TRADE_TOT_CHAP_YR(5.1.0),AE,A,AED,FCSC,ANN_CHAP,TNOEXP,_Z,7,_Z,2022,2934538945.31,,,,0
FCSA:DF_TRADE_TOT_CHAP_YR(5.1.0),AE,A,AED,FCSC,ANN_CHAP,TNOEXP,_Z,7,_Z,2023,2601235778.52,,,,0
FCSA:DF_TRADE_TOT_CHAP_YR(5.1.0),AE,A,AED,FCSC,ANN_CHAP,TNOEXP,_Z,7,_Z,2024,2936010391.16,,,,0
FCSA:DF_TRADE_TOT_CHAP_YR(5.1.0),AE,A,AED,FCSC,ANN_CHAP,TNOEXP,_Z,60,_Z,2017,202453905.39,,,,0
FCSA:DF_TRADE_TOT_CHAP_YR(5.1.0),AE,A,AED,FCSC,ANN_CHAP,TNOEXP,_Z,60,_Z,2018,189222482.27,,,,0
FCSA:DF_TRADE_TOT_CHAP_YR(5.1.0),AE,A,AED,FCSC,ANN_CHAP,TNOEXP,_Z,60,_Z,2019,268225057.62,,,,0
FCSA:DF_TRADE_TOT_CHAP_YR(5.1.0),AE,A,AED,FCSC,ANN_CHAP,TNOEXP,_Z,60,_Z,2020,207497288.07,,,,0
FCSA:DF_TRADE_TOT_CHAP_YR(5.1.0),AE,A,AED,FCSC,ANN_CHAP,TNOEXP,_Z,60,_Z,2021,320300990.84,,,,0
FCSA:DF_TRADE_TOT_CHAP_YR(5.1.0),AE,A,AED,FCSC,ANN_CHAP,TNOEXP,_Z,60,_Z,2022,522314606.20,,,,0
FCSA:DF_TRADE_TOT_CHAP_YR(5.1.0),AE,A,AED,FCSC,ANN_CHAP,TNOEXP,_Z,60,_Z,2023,330916109.55,,,,0
FCSA:DF_TRADE_TOT_CHAP_YR(5.1.0),AE,A,AED,FCSC,ANN_CHAP,TNOEXP,_Z,60,_Z,2024,1332561052.99,,,,0
FCSA:DF_TRADE_TOT_CHAP_YR(5.1.0),AE,A,AED,FCSC,ANN_CHAP,REEXP,_Z,54,_Z,2017,3420792637.94,,,,0
FCSA:DF_TRADE_TOT_CHAP_YR(5.1.0),AE,A,AED,FCSC,ANN_CHAP,REEXP,_Z,54,_Z,2018,2337417662.15,,,,0
FCSA:DF_TRADE_TOT_CHAP_YR(5.1.0),AE,A,AED,FCSC,ANN_CHAP,REEXP,_Z,54,_Z,2019,2239716254.57,,,,0
FCSA:DF_TRADE_TOT_CHAP_YR(5.1.0),AE,A,AED,FCSC,ANN_CHAP,REEXP,_Z,54,_Z,2020,1214626396.77,,,,0
FCSA:DF_TRADE_TOT_CHAP_YR(5.1.0),AE,A,AED,FCSC,ANN_CHAP,REEXP,_Z,54,_Z,2021,1848474699.89,,,,0
FCSA:DF_TRADE_TOT_CHAP_YR(5.1.0),AE,A,AED,FCSC,ANN_CHAP,REEXP,_Z,54,_Z,2022,2973566978.37,,,,0
FCSA:DF_TRADE_TOT_CHAP_YR(5.1.0),AE,A,AED,FCSC,ANN_CHAP,REEXP,_Z,54,_Z,2023,2237960806.94,,,,0
FCSA:DF_TRADE_TOT_CHAP_YR(5.1.0),AE,A,AED,FCSC,ANN_CHAP,REEXP,_Z,54,_Z,2024,2179351366.97,,,,0
FCSA:DF_TRADE_TOT_CHAP_YR(5.1.0),AE,A,AED,FCSC,ANN_CHAP,NOEXP,_Z,33,_Z,2017,1524197662.82,,,,0
FCSA:DF_TRADE_TOT_CHAP_YR(5.1.0),AE,A,AED,FCSC,ANN_CHAP,NOEXP,_Z,33,_Z,2018,3600082333.17,,,,0
FCSA:DF_TRADE_TOT_CHAP_YR(5.1.0),AE,A,AED,FCSC,ANN_CHAP,NOEXP,_Z,33,_Z,2019,4335307472.49,,,,0
FCSA:DF_TRADE_TOT_CHAP_YR(5.1.0),AE,A,AED,FCSC,ANN_CHAP,NOEXP,_Z,33,_Z,2020,3927656962.37,,,,0
FCSA:DF_TRADE_TOT_CHAP_YR(5.1.0),AE,A,AED,FCSC,ANN_CHAP,NOEXP,_Z,33,_Z,2021,4789238821.49,,,,0
FCSA:DF_TRADE_TOT_CHAP_YR(5.1.0),AE,A,AED,FCSC,ANN_CHAP,NOEXP,_Z,33,_Z,2022,5921781351.46,,,,0
FCSA:DF_TRADE_TOT_CHAP_YR(5.1.0),AE,A,AED,FCSC,ANN_CHAP,NOEXP,_Z,33,_Z,2023,7841311604.09,,,,0
FCSA:DF_TRADE_TOT_CHAP_YR(5.1.0),AE,A,AED,FCSC,ANN_CHAP,NOEXP,_Z,33,_Z,2024,11221773420.87,,,,0
FCSA:DF_TRADE_TOT_CHAP_YR(5.1.0),AE,A,AED,FCSC,ANN_CHAP,TTRADE,_Z,13,_Z,2017,487901335.78,,,,0
FCSA:DF_TRADE_TOT_CHAP_YR(5.1.0),AE,A,AED,FCSC,ANN_CHAP,TTRADE,_Z,13,_Z,2018,549864340.39,,,,0
FCSA:DF_TRADE_TOT_CHAP_YR(5.1.0),AE,A,AED,FCSC,ANN_CHAP,TTRADE,_Z,13,_Z,2019,456905125.21,,,,0
FCSA:DF_TRADE_TOT_CHAP_YR(5.1.0),AE,A,AED,FCSC,ANN_CHAP,TTRADE,_Z,13,_Z,2020,510431950.46,,,,0
FCSA:DF_TRADE_TOT_CHAP_YR(5.1.0),AE,A,AED,FCSC,ANN_CHAP,TTRADE,_Z,13,_Z,2021,335691868.48,,,,0
FCSA:DF_TRADE_TOT_CHAP_YR(5.1.0),AE,A,AED,FCSC,ANN_CHAP,TTRADE,_Z,13,_Z,2022,510701556.26,,,,0
FCSA:DF_TRADE_TOT_CHAP_YR(5.1.0),AE,A,AED,FCSC,ANN_CHAP,TTRADE,_Z,13,_Z,2023,418173803.47,,,,0
FCSA:DF_TRADE_TOT_CHAP_YR(5.1.0),AE,A,AED,FCSC,ANN_CHAP,TTRADE,_Z,13,_Z,2024,523220854.87,,,,0
FCSA:DF_TRADE_TOT_CHAP_YR(5.1.0),AE,A,AED,FCSC,ANN_CHAP,IMP,_Z,54,_Z,2017,2911159199.93,,,,0
FCSA:DF_TRADE_TOT_CHAP_YR(5.1.0),AE,A,AED,FCSC,ANN_CHAP,IMP,_Z,54,_Z,2018,2440275663.85,,,,0
FCSA:DF_TRADE_TOT_CHAP_YR(5.1.0),AE,A,AED,FCSC,ANN_CHAP,IMP,_Z,54,_Z,2019,2704948039.38,,,,0
FCSA:DF_TRADE_TOT_CHAP_YR(5.1.0),AE,A,AED,FCSC,ANN_CHAP,IMP,_Z,54,_Z,2020,1687066383.37,,,,0
FCSA:DF_TRADE_TOT_CHAP_YR(5.1.0),AE,A,AED,FCSC,ANN_CHAP,IMP,_Z,54,_Z,2021,2686112165.62,,,,0
FCSA:DF_TRADE_TOT_CHAP_YR(5.1.0),AE,A,AED,FCSC,ANN_CHAP,IMP,_Z,54,_Z,2022,3405784560.73,,,,0
FCSA:DF_TRADE_TOT_CHAP_YR(5.1.0),AE,A,AED,FCSC,ANN_CHAP,IMP,_Z,54,_Z,2023,3536948785.79,,,,0
FCSA:DF_TRADE_TOT_CHAP_YR(5.1.0),AE,A,AED,FCSC,ANN_CHAP,IMP,_Z,54,_Z,2024,3460632853.06,,,,0
FCSA:DF_TRADE_TOT_CHAP_YR(5.1.0),AE,A,AED,FCSC,ANN_CHAP,TTRADE,_Z,55,_Z,2017,2035393132.26,,,,0
FCSA:DF_TRADE_TOT_CHAP_YR(5.1.0),AE,A,AED,FCSC,ANN_CHAP,TTRADE,_Z,55,_Z,2018,2008088832.08,,,,0
FCSA:DF_TRADE_TOT_CHAP_YR(5.1.0),AE,A,AED,FCSC,ANN_CHAP,TTRADE,_Z,55,_Z,2019,2412960503.96,,,,0
FCSA:DF_TRADE_TOT_CHAP_YR(5.1.0),AE,A,AED,FCSC,ANN_CHAP,TTRADE,_Z,55,_Z,2020,1990465993.49,,,,0
FCSA:DF_TRADE_TOT_CHAP_YR(5.1.0),AE,A,AED,FCSC,ANN_CHAP,TTRADE,_Z,55,_Z,2021,2614965967.53,,,,0
FCSA:DF_TRADE_TOT_CHAP_YR(5.1.0),AE,A,AED,FCSC,ANN_CHAP,TTRADE,_Z,55,_Z,2022,3496252325.70,,,,0
FCSA:DF_TRADE_TOT_CHAP_YR(5.1.0),AE,A,AED,FCSC,ANN_CHAP,TTRADE,_Z,55,_Z,2023,3628750446.05,,,,0
FCSA:DF_TRADE_TOT_CHAP_YR(5.1.0),AE,A,AED,FCSC,ANN_CHAP,TTRADE,_Z,55,_Z,2024,4501890364.63,,,,0
FCSA:DF_TRADE_TOT_CHAP_YR(5.1.0),AE,A,AED,FCSC,ANN_CHAP,IMP,_Z,27,_Z,2017,34392017693.84,,,,0
FCSA:DF_TRADE_TOT_CHAP_YR(5.1.0),AE,A,AED,FCSC,ANN_CHAP,IMP,_Z,27,_Z,2018,56656684803.00,,,,0
FCSA:DF_TRADE_TOT_CHAP_YR(5.1.0),AE,A,AED,FCSC,ANN_CHAP,IMP,_Z,27,_Z,2019,60483871363.90,,,,0
FCSA:DF_TRADE_TOT_CHAP_YR(5.1.0),AE,A,AED,FCSC,ANN_CHAP,IMP,_Z,27,_Z,2020,39524221921.36,,,,0
FCSA:DF_TRADE_TOT_CHAP_YR(5.1.0),AE,A,AED,FCSC,ANN_CHAP,IMP,_Z,27,_Z,2021,45801510381.07,,,,0
FCSA:DF_TRADE_TOT_CHAP_YR(5.1.0),AE,A,AED,FCSC,ANN_CHAP,IMP,_Z,27,_Z,2022,75619530924.21,,,,0
FCSA:DF_TRADE_TOT_CHAP_YR(5.1.0),AE,A,AED,FCSC,ANN_CHAP,IMP,_Z,27,_Z,2023,78068826606.23,,,,0
FCSA:DF_TRADE_TOT_CHAP_YR(5.1.0),AE,A,AED,FCSC,ANN_CHAP,IMP,_Z,27,_Z,2024,100503576030.08,,,,0
FCSA:DF_TRADE_TOT_CHAP_YR(5.1.0),AE,A,AED,FCSC,ANN_CHAP,IMP,_Z,84,_Z,2017,114210585830.24,,,,0
FCSA:DF_TRADE_TOT_CHAP_YR(5.1.0),AE,A,AED,FCSC,ANN_CHAP,IMP,_Z,84,_Z,2018,105055857047.75,,,,0
FCSA:DF_TRADE_TOT_CHAP_YR(5.1.0),AE,A,AED,FCSC,ANN_CHAP,IMP,_Z,84,_Z,2019,103336475948.29,,,,0
FCSA:DF_TRADE_TOT_CHAP_YR(5.1.0),AE,A,AED,FCSC,ANN_CHAP,IMP,_Z,84,_Z,2020,99724327700.59,,,,0
FCSA:DF_TRADE_TOT_CHAP_YR(5.1.0),AE,A,AED,FCSC,ANN_CHAP,IMP,_Z,84,_Z,2021,105049251447.59,,,,0
FCSA:DF_TRADE_TOT_CHAP_YR(5.1.0),AE,A,AED,FCSC,ANN_CHAP,IMP,_Z,84,_Z,2022,127261546886.65,,,,0
FCSA:DF_TRADE_TOT_CHAP_YR(5.1.0),AE,A,AED,FCSC,ANN_CHAP,IMP,_Z,84,_Z,2023,149994759874.20,,,,0
FCSA:DF_TRADE_TOT_CHAP_YR(5.1.0),AE,A,AED,FCSC,ANN_CHAP,IMP,_Z,84,_Z,2024,170649180299.41,,,,0
FCSA:DF_TRADE_TOT_CHAP_YR(5.1.0),AE,A,AED,FCSC,ANN_CHAP,NOEXP,_Z,80,_Z,2017,58060093.89,,,,0
FCSA:DF_TRADE_TOT_CHAP_YR(5.1.0),AE,A,AED,FCSC,ANN_CHAP,NOEXP,_Z,80,_Z,2018,74924236.79,,,,0
FCSA:DF_TRADE_TOT_CHAP_YR(5.1.0),AE,A,AED,FCSC,ANN_CHAP,NOEXP,_Z,80,_Z,2019,112803915.10,,,,0
FCSA:DF_TRADE_TOT_CHAP_YR(5.1.0),AE,A,AED,FCSC,ANN_CHAP,NOEXP,_Z,80,_Z,2020,57049800.50,,,,0
FCSA:DF_TRADE_TOT_CHAP_YR(5.1.0),AE,A,AED,FCSC,ANN_CHAP,NOEXP,_Z,80,_Z,2021,86358375.45,,,,0
FCSA:DF_TRADE_TOT_CHAP_YR(5.1.0),AE,A,AED,FCSC,ANN_CHAP,NOEXP,_Z,80,_Z,2022,71259048.33,,,,0
FCSA:DF_TRADE_TOT_CHAP_YR(5.1.0),AE,A,AED,FCSC,ANN_CHAP,NOEXP,_Z,80,_Z,2023,135778595.06,,,,0
FCSA:DF_TRADE_TOT_CHAP_YR(5.1.0),AE,A,AED,FCSC,ANN_CHAP,NOEXP,_Z,80,_Z,2024,196937871.23,,,,0
FCSA:DF_TRADE_TOT_CHAP_YR(5.1.0),AE,A,AED,FCSC,ANN_CHAP,IMP,_Z,71,_Z,2017,201008514447.35,,,,0
FCSA:DF_TRADE_TOT_CHAP_YR(5.1.0),AE,A,AED,FCSC,ANN_CHAP,IMP,_Z,71,_Z,2018,198877940472.68,,,,0
FCSA:DF_TRADE_TOT_CHAP_YR(5.1.0),AE,A,AED,FCSC,ANN_CHAP,IMP,_Z,71,_Z,2019,215131533784.07,,,,0
FCSA:DF_TRADE_TOT_CHAP_YR(5.1.0),AE,A,AED,FCSC,ANN_CHAP,IMP,_Z,71,_Z,2020,192698466724.22,,,,0
FCSA:DF_TRADE_TOT_CHAP_YR(5.1.0),AE,A,AED,FCSC,ANN_CHAP,IMP,_Z,71,_Z,2021,271481524639.35,,,,0
FCSA:DF_TRADE_TOT_CHAP_YR(5.1.0),AE,A,AED,FCSC,ANN_CHAP,IMP,_Z,71,_Z,2022,336335098665.77,,,,0
FCSA:DF_TRADE_TOT_CHAP_YR(5.1.0),AE,A,AED,FCSC,ANN_CHAP,IMP,_Z,71,_Z,2023,421900234754.78,,,,0
FCSA:DF_TRADE_TOT_CHAP_YR(5.1.0),AE,A,AED,FCSC,ANN_CHAP,IMP,_Z,71,_Z,2024,523106509043.95,,,,0
FCSA:DF_TRADE_TOT_CHAP_YR(5.1.0),AE,A,AED,FCSC,ANN_CHAP,TNOEXP,_Z,68,_Z,2017,1110324720.17,,,,0
FCSA:DF_TRADE_TOT_CHAP_YR(5.1.0),AE,A,AED,FCSC,ANN_CHAP,TNOEXP,_Z,68,_Z,2018,1490978227.98,,,,0
FCSA:DF_TRADE_TOT_CHAP_YR(5.1.0),AE,A,AED,FCSC,ANN_CHAP,TNOEXP,_Z,68,_Z,2019,1082406110.31,,,,0
FCSA:DF_TRADE_TOT_CHAP_YR(5.1.0),AE,A,AED,FCSC,ANN_CHAP,TNOEXP,_Z,68,_Z,2020,911511319.61,,,,0
FCSA:DF_TRADE_TOT_CHAP_YR(5.1.0),AE,A,AED,FCSC,ANN_CHAP,TNOEXP,_Z,68,_Z,2021,1085270741.79,,,,0
FCSA:DF_TRADE_TOT_CHAP_YR(5.1.0),AE,A,AED,FCSC,ANN_CHAP,TNOEXP,_Z,68,_Z,2022,1193353793.23,,,,0
FCSA:DF_TRADE_TOT_CHAP_YR(5.1.0),AE,A,AED,FCSC,ANN_CHAP,TNOEXP,_Z,68,_Z,2023,1392450822.26,,,,0
FCSA:DF_TRADE_TOT_CHAP_YR(5.1.0),AE,A,AED,FCSC,ANN_CHAP,TNOEXP,_Z,68,_Z,2024,1827035516.52,,,,0
FCSA:DF_TRADE_TOT_CHAP_YR(5.1.0),AE,A,AED,FCSC,ANN_CHAP,TNOEXP,_Z,85,_Z,2017,86747483375.88,,,,0
FCSA:DF_TRADE_TOT_CHAP_YR(5.1.0),AE,A,AED,FCSC,ANN_CHAP,TNOEXP,_Z,85,_Z,2018,100335868383.87,,,,0
FCSA:DF_TRADE_TOT_CHAP_YR(5.1.0),AE,A,AED,FCSC,ANN_CHAP,TNOEXP,_Z,85,_Z,2019,111977058208.09,,,,0
FCSA:DF_TRADE_TOT_CHAP_YR(5.1.0),AE,A,AED,FCSC,ANN_CHAP,TNOEXP,_Z,85,_Z,2020,104935458498.69,,,,0
FCSA:DF_TRADE_TOT_CHAP_YR(5.1.0),AE,A,AED,FCSC,ANN_CHAP,TNOEXP,_Z,85,_Z,2021,124961089936.55,,,,0
FCSA:DF_TRADE_TOT_CHAP_YR(5.1.0),AE,A,AED,FCSC,ANN_CHAP,TNOEXP,_Z,85,_Z,2022,146241244898.33,,,,0
FCSA:DF_TRADE_TOT_CHAP_YR(5.1.0),AE,A,AED,FCSC,ANN_CHAP,TNOEXP,_Z,85,_Z,2023,155255631656.36,,,,0
FCSA:DF_TRADE_TOT_CHAP_YR(5.1.0),AE,A,AED,FCSC,ANN_CHAP,TNOEXP,_Z,85,_Z,2024,163329756839.54,,,,0
FCSA:DF_TRADE_TOT_CHAP_YR(5.1.0),AE,A,AED,FCSC,ANN_CHAP,TTRADE,_Z,60,_Z,2017,666360642.26,,,,0
FCSA:DF_TRADE_TOT_CHAP_YR(5.1.0),AE,A,AED,FCSC,ANN_CHAP,TTRADE,_Z,60,_Z,2018,576034097.54,,,,0
FCSA:DF_TRADE_TOT_CHAP_YR(5.1.0),AE,A,AED,FCSC,ANN_CHAP,TTRADE,_Z,60,_Z,2019,728394259.03,,,,0
FCSA:DF_TRADE_TOT_CHAP_YR(5.1.0),AE,A,AED,FCSC,ANN_CHAP,TTRADE,_Z,60,_Z,2020,552640613.71,,,,0
FCSA:DF_TRADE_TOT_CHAP_YR(5.1.0),AE,A,AED,FCSC,ANN_CHAP,TTRADE,_Z,60,_Z,2021,832063518.78,,,,0
FCSA:DF_TRADE_TOT_CHAP_YR(5.1.0),AE,A,AED,FCSC,ANN_CHAP,TTRADE,_Z,60,_Z,2022,1284525273.08,,,,0
FCSA:DF_TRADE_TOT_CHAP_YR(5.1.0),AE,A,AED,FCSC,ANN_CHAP,TTRADE,_Z,60,_Z,2023,869070248.47,,,,0
FCSA:DF_TRADE_TOT_CHAP_YR(5.1.0),AE,A,AED,FCSC,ANN_CHAP,TTRADE,_Z,60,_Z,2024,2664100631.27,,,,0
FCSA:DF_TRADE_TOT_CHAP_YR(5.1.0),AE,A,AED,FCSC,ANN_CHAP,TNOEXP,_Z,81,_Z,2017,36128053.61,,,,0
FCSA:DF_TRADE_TOT_CHAP_YR(5.1.0),AE,A,AED,FCSC,ANN_CHAP,TNOEXP,_Z,81,_Z,2018,31253480.56,,,,0
FCSA:DF_TRADE_TOT_CHAP_YR(5.1.0),AE,A,AED,FCSC,ANN_CHAP,TNOEXP,_Z,81,_Z,2019,38825742.06,,,,0
FCSA:DF_TRADE_TOT_CHAP_YR(5.1.0),AE,A,AED,FCSC,ANN_CHAP,TNOEXP,_Z,81,_Z,2020,21342576.09,,,,0
FCSA:DF_TRADE_TOT_CHAP_YR(5.1.0),AE,A,AED,FCSC,ANN_CHAP,TNOEXP,_Z,81,_Z,2021,46973500.82,,,,0
FCSA:DF_TRADE_TOT_CHAP_YR(5.1.0),AE,A,AED,FCSC,ANN_CHAP,TNOEXP,_Z,81,_Z,2022,69293257.83,,,,0
FCSA:DF_TRADE_TOT_CHAP_YR(5.1.0),AE,A,AED,FCSC,ANN_CHAP,TNOEXP,_Z,81,_Z,2023,66535022.69,,,,0
FCSA:DF_TRADE_TOT_CHAP_YR(5.1.0),AE,A,AED,FCSC,ANN_CHAP,TNOEXP,_Z,81,_Z,2024,74769455.91,,,,0
FCSA:DF_TRADE_TOT_CHAP_YR(5.1.0),AE,A,AED,FCSC,ANN_CHAP,IMP,_Z,6,_Z,2017,258472778.02,,,,0
FCSA:DF_TRADE_TOT_CHAP_YR(5.1.0),AE,A,AED,FCSC,ANN_CHAP,IMP,_Z,6,_Z,2018,291424636.85,,,,0
FCSA:DF_TRADE_TOT_CHAP_YR(5.1.0),AE,A,AED,FCSC,ANN_CHAP,IMP,_Z,6,_Z,2019,295478960.71,,,,0
FCSA:DF_TRADE_TOT_CHAP_YR(5.1.0),AE,A,AED,FCSC,ANN_CHAP,IMP,_Z,6,_Z,2020,293327103.53,,,,0
FCSA:DF_TRADE_TOT_CHAP_YR(5.1.0),AE,A,AED,FCSC,ANN_CHAP,IMP,_Z,6,_Z,2021,396276958.66,,,,0
FCSA:DF_TRADE_TOT_CHAP_YR(5.1.0),AE,A,AED,FCSC,ANN_CHAP,IMP,_Z,6,_Z,2022,426888358.40,,,,0
FCSA:DF_TRADE_TOT_CHAP_YR(5.1.0),AE,A,AED,FCSC,ANN_CHAP,IMP,_Z,6,_Z,2023,494596295.99,,,,0
FCSA:DF_TRADE_TOT_CHAP_YR(5.1.0),AE,A,AED,FCSC,ANN_CHAP,IMP,_Z,6,_Z,2024,547245570.81,,,,0
FCSA:DF_TRADE_TOT_CHAP_YR(5.1.0),AE,A,AED,FCSC,ANN_CHAP,REEXP,_Z,20,_Z,2017,284740448.05,,,,0
FCSA:DF_TRADE_TOT_CHAP_YR(5.1.0),AE,A,AED,FCSC,ANN_CHAP,REEXP,_Z,20,_Z,2018,384874387.34,,,,0
FCSA:DF_TRADE_TOT_CHAP_YR(5.1.0),AE,A,AED,FCSC,ANN_CHAP,REEXP,_Z,20,_Z,2019,378886469.13,,,,0
FCSA:DF_TRADE_TOT_CHAP_YR(5.1.0),AE,A,AED,FCSC,ANN_CHAP,REEXP,_Z,20,_Z,2020,269779133.93,,,,0
FCSA:DF_TRADE_TOT_CHAP_YR(5.1.0),AE,A,AED,FCSC,ANN_CHAP,REEXP,_Z,20,_Z,2021,312441136.68,,,,0
FCSA:DF_TRADE_TOT_CHAP_YR(5.1.0),AE,A,AED,FCSC,ANN_CHAP,REEXP,_Z,20,_Z,2022,511056682.61,,,,0
FCSA:DF_TRADE_TOT_CHAP_YR(5.1.0),AE,A,AED,FCSC,ANN_CHAP,REEXP,_Z,20,_Z,2023,574756570.67,,,,0
FCSA:DF_TRADE_TOT_CHAP_YR(5.1.0),AE,A,AED,FCSC,ANN_CHAP,REEXP,_Z,20,_Z,2024,654365100.46,,,,0
FCSA:DF_TRADE_TOT_CHAP_YR(5.1.0),AE,A,AED,FCSC,ANN_CHAP,REEXP,_Z,33,_Z,2017,7101947149.39,,,,0
FCSA:DF_TRADE_TOT_CHAP_YR(5.1.0),AE,A,AED,FCSC,ANN_CHAP,REEXP,_Z,33,_Z,2018,9201845786.27,,,,0
FCSA:DF_TRADE_TOT_CHAP_YR(5.1.0),AE,A,AED,FCSC,ANN_CHAP,REEXP,_Z,33,_Z,2019,10009428024.27,,,,0
FCSA:DF_TRADE_TOT_CHAP_YR(5.1.0),AE,A,AED,FCSC,ANN_CHAP,REEXP,_Z,33,_Z,2020,9449813950.92,,,,0
FCSA:DF_TRADE_TOT_CHAP_YR(5.1.0),AE,A,AED,FCSC,ANN_CHAP,REEXP,_Z,33,_Z,2021,11978830690.89,,,,0
FCSA:DF_TRADE_TOT_CHAP_YR(5.1.0),AE,A,AED,FCSC,ANN_CHAP,REEXP,_Z,33,_Z,2022,12851530943.16,,,,0
FCSA:DF_TRADE_TOT_CHAP_YR(5.1.0),AE,A,AED,FCSC,ANN_CHAP,REEXP,_Z,33,_Z,2023,14669159424.60,,,,0
FCSA:DF_TRADE_TOT_CHAP_YR(5.1.0),AE,A,AED,FCSC,ANN_CHAP,REEXP,_Z,33,_Z,2024,15947975175.78,,,,0
FCSA:DF_TRADE_TOT_CHAP_YR(5.1.0),AE,A,AED,FCSC,ANN_CHAP,NOEXP,_Z,54,_Z,2017,510612579.51,,,,0
FCSA:DF_TRADE_TOT_CHAP_YR(5.1.0),AE,A,AED,FCSC,ANN_CHAP,NOEXP,_Z,54,_Z,2018,608739456.34,,,,0
FCSA:DF_TRADE_TOT_CHAP_YR(5.1.0),AE,A,AED,FCSC,ANN_CHAP,NOEXP,_Z,54,_Z,2019,563384762.35,,,,0
FCSA:DF_TRADE_TOT_CHAP_YR(5.1.0),AE,A,AED,FCSC,ANN_CHAP,NOEXP,_Z,54,_Z,2020,468827353.99,,,,0
FCSA:DF_TRADE_TOT_CHAP_YR(5.1.0),AE,A,AED,FCSC,ANN_CHAP,NOEXP,_Z,54,_Z,2021,572447911.13,,,,0
FCSA:DF_TRADE_TOT_CHAP_YR(5.1.0),AE,A,AED,FCSC,ANN_CHAP,NOEXP,_Z,54,_Z,2022,456575983.03,,,,0
FCSA:DF_TRADE_TOT_CHAP_YR(5.1.0),AE,A,AED,FCSC,ANN_CHAP,NOEXP,_Z,54,_Z,2023,347715133.19,,,,0
FCSA:DF_TRADE_TOT_CHAP_YR(5.1.0),AE,A,AED,FCSC,ANN_CHAP,NOEXP,_Z,54,_Z,2024,382177378.74,,,,0
FCSA:DF_TRADE_TOT_CHAP_YR(5.1.0),AE,A,AED,FCSC,ANN_CHAP,TTRADE,_Z,34,_Z,2017,5349359279.70,,,,0
FCSA:DF_TRADE_TOT_CHAP_YR(5.1.0),AE,A,AED,FCSC,ANN_CHAP,TTRADE,_Z,34,_Z,2018,5869242243.53,,,,0
FCSA:DF_TRADE_TOT_CHAP_YR(5.1.0),AE,A,AED,FCSC,ANN_CHAP,TTRADE,_Z,34,_Z,2019,6261182560.18,,,,0
FCSA:DF_TRADE_TOT_CHAP_YR(5.1.0),AE,A,AED,FCSC,ANN_CHAP,TTRADE,_Z,34,_Z,2020,6649477460.98,,,,0
FCSA:DF_TRADE_TOT_CHAP_YR(5.1.0),AE,A,AED,FCSC,ANN_CHAP,TTRADE,_Z,34,_Z,2021,7747517846.28,,,,0
FCSA:DF_TRADE_TOT_CHAP_YR(5.1.0),AE,A,AED,FCSC,ANN_CHAP,TTRADE,_Z,34,_Z,2022,7749378270.45,,,,0
FCSA:DF_TRADE_TOT_CHAP_YR(5.1.0),AE,A,AED,FCSC,ANN_CHAP,TTRADE,_Z,34,_Z,2023,7777625403.33,,,,0
FCSA:DF_TRADE_TOT_CHAP_YR(5.1.0),AE,A,AED,FCSC,ANN_CHAP,TTRADE,_Z,34,_Z,2024,7587017974.37,,,,0
FCSA:DF_TRADE_TOT_CHAP_YR(5.1.0),AE,A,AED,FCSC,ANN_CHAP,TNOEXP,_Z,88,_Z,2017,11774741565.48,,,,0
FCSA:DF_TRADE_TOT_CHAP_YR(5.1.0),AE,A,AED,FCSC,ANN_CHAP,TNOEXP,_Z,88,_Z,2018,15388129114.84,,,,0
FCSA:DF_TRADE_TOT_CHAP_YR(5.1.0),AE,A,AED,FCSC,ANN_CHAP,TNOEXP,_Z,88,_Z,2019,11237330484.65,,,,0
FCSA:DF_TRADE_TOT_CHAP_YR(5.1.0),AE,A,AED,FCSC,ANN_CHAP,TNOEXP,_Z,88,_Z,2020,7007660909.35,,,,0
FCSA:DF_TRADE_TOT_CHAP_YR(5.1.0),AE,A,AED,FCSC,ANN_CHAP,TNOEXP,_Z,88,_Z,2021,7402044045.73,,,,0
FCSA:DF_TRADE_TOT_CHAP_YR(5.1.0),AE,A,AED,FCSC,ANN_CHAP,TNOEXP,_Z,88,_Z,2022,10677278026.72,,,,0
FCSA:DF_TRADE_TOT_CHAP_YR(5.1.0),AE,A,AED,FCSC,ANN_CHAP,TNOEXP,_Z,88,_Z,2023,14923707577.03,,,,0
FCSA:DF_TRADE_TOT_CHAP_YR(5.1.0),AE,A,AED,FCSC,ANN_CHAP,TNOEXP,_Z,88,_Z,2024,19495993460.61,,,,0
FCSA:DF_TRADE_TOT_CHAP_YR(5.1.0),AE,A,AED,FCSC,ANN_CHAP,TTRADE,_Z,76,_Z,2017,27029326180.75,,,,0
FCSA:DF_TRADE_TOT_CHAP_YR(5.1.0),AE,A,AED,FCSC,ANN_CHAP,TTRADE,_Z,76,_Z,2018,27749733350.55,,,,0
FCSA:DF_TRADE_TOT_CHAP_YR(5.1.0),AE,A,AED,FCSC,ANN_CHAP,TTRADE,_Z,76,_Z,2019,24427798172.72,,,,0
FCSA:DF_TRADE_TOT_CHAP_YR(5.1.0),AE,A,AED,FCSC,ANN_CHAP,TTRADE,_Z,76,_Z,2020,20066949593.36,,,,0
FCSA:DF_TRADE_TOT_CHAP_YR(5.1.0),AE,A,AED,FCSC,ANN_CHAP,TTRADE,_Z,76,_Z,2021,34996158365.01,,,,0
FCSA:DF_TRADE_TOT_CHAP_YR(5.1.0),AE,A,AED,FCSC,ANN_CHAP,TTRADE,_Z,76,_Z,2022,36355668682.97,,,,0
FCSA:DF_TRADE_TOT_CHAP_YR(5.1.0),AE,A,AED,FCSC,ANN_CHAP,TTRADE,_Z,76,_Z,2023,33784576188.58,,,,0
FCSA:DF_TRADE_TOT_CHAP_YR(5.1.0),AE,A,AED,FCSC,ANN_CHAP,TTRADE,_Z,76,_Z,2024,31987019312.44,,,,0
FCSA:DF_TRADE_TOT_CHAP_YR(5.1.0),AE,A,AED,FCSC,ANN_CHAP,TNOEXP,_Z,54,_Z,2017,3931405217.45,,,,0
FCSA:DF_TRADE_TOT_CHAP_YR(5.1.0),AE,A,AED,FCSC,ANN_CHAP,TNOEXP,_Z,54,_Z,2018,2946157118.49,,,,0
FCSA:DF_TRADE_TOT_CHAP_YR(5.1.0),AE,A,AED,FCSC,ANN_CHAP,TNOEXP,_Z,54,_Z,2019,2803101016.92,,,,0
FCSA:DF_TRADE_TOT_CHAP_YR(5.1.0),AE,A,AED,FCSC,ANN_CHAP,TNOEXP,_Z,54,_Z,2020,1683453750.76,,,,0
FCSA:DF_TRADE_TOT_CHAP_YR(5.1.0),AE,A,AED,FCSC,ANN_CHAP,TNOEXP,_Z,54,_Z,2021,2420922611.02,,,,0
FCSA:DF_TRADE_TOT_CHAP_YR(5.1.0),AE,A,AED,FCSC,ANN_CHAP,TNOEXP,_Z,54,_Z,2022,3430142961.40,,,,0
FCSA:DF_TRADE_TOT_CHAP_YR(5.1.0),AE,A,AED,FCSC,ANN_CHAP,TNOEXP,_Z,54,_Z,2023,2585675940.13,,,,0
FCSA:DF_TRADE_TOT_CHAP_YR(5.1.0),AE,A,AED,FCSC,ANN_CHAP,TNOEXP,_Z,54,_Z,2024,2561528745.71,,,,0
FCSA:DF_TRADE_TOT_CHAP_YR(5.1.0),AE,A,AED,FCSC,ANN_CHAP,TTRADE,_Z,8,_Z,2017,10941153264.18,,,,0
FCSA:DF_TRADE_TOT_CHAP_YR(5.1.0),AE,A,AED,FCSC,ANN_CHAP,TTRADE,_Z,8,_Z,2018,11590706077.23,,,,0
FCSA:DF_TRADE_TOT_CHAP_YR(5.1.0),AE,A,AED,FCSC,ANN_CHAP,TTRADE,_Z,8,_Z,2019,13672847629.15,,,,0
FCSA:DF_TRADE_TOT_CHAP_YR(5.1.0),AE,A,AED,FCSC,ANN_CHAP,TTRADE,_Z,8,_Z,2020,11881737185.82,,,,0
FCSA:DF_TRADE_TOT_CHAP_YR(5.1.0),AE,A,AED,FCSC,ANN_CHAP,TTRADE,_Z,8,_Z,2021,13773128062.35,,,,0
FCSA:DF_TRADE_TOT_CHAP_YR(5.1.0),AE,A,AED,FCSC,ANN_CHAP,TTRADE,_Z,8,_Z,2022,15949929260.00,,,,0
FCSA:DF_TRADE_TOT_CHAP_YR(5.1.0),AE,A,AED,FCSC,ANN_CHAP,TTRADE,_Z,8,_Z,2023,17091642369.40,,,,0
FCSA:DF_TRADE_TOT_CHAP_YR(5.1.0),AE,A,AED,FCSC,ANN_CHAP,TTRADE,_Z,8,_Z,2024,19365562558.56,,,,0
FCSA:DF_TRADE_TOT_CHAP_YR(5.1.0),AE,A,AED,FCSC,ANN_CHAP,IMP,_Z,90,_Z,2017,12997117291.75,,,,0
FCSA:DF_TRADE_TOT_CHAP_YR(5.1.0),AE,A,AED,FCSC,ANN_CHAP,IMP,_Z,90,_Z,2018,12979534414.58,,,,0
FCSA:DF_TRADE_TOT_CHAP_YR(5.1.0),AE,A,AED,FCSC,ANN_CHAP,IMP,_Z,90,_Z,2019,15090947824.55,,,,0
FCSA:DF_TRADE_TOT_CHAP_YR(5.1.0),AE,A,AED,FCSC,ANN_CHAP,IMP,_Z,90,_Z,2020,13940925998.99,,,,0
FCSA:DF_TRADE_TOT_CHAP_YR(5.1.0),AE,A,AED,FCSC,ANN_CHAP,IMP,_Z,90,_Z,2021,14076717180.92,,,,0
FCSA:DF_TRADE_TOT_CHAP_YR(5.1.0),AE,A,AED,FCSC,ANN_CHAP,IMP,_Z,90,_Z,2022,15410640105.55,,,,0
FCSA:DF_TRADE_TOT_CHAP_YR(5.1.0),AE,A,AED,FCSC,ANN_CHAP,IMP,_Z,90,_Z,2023,19442345658.99,,,,0
FCSA:DF_TRADE_TOT_CHAP_YR(5.1.0),AE,A,AED,FCSC,ANN_CHAP,IMP,_Z,90,_Z,2024,21209641026.96,,,,0
FCSA:DF_TRADE_TOT_CHAP_YR(5.1.0),AE,A,AED,FCSC,ANN_CHAP,REEXP,_Z,32,_Z,2017,664519310.68,,,,0
FCSA:DF_TRADE_TOT_CHAP_YR(5.1.0),AE,A,AED,FCSC,ANN_CHAP,REEXP,_Z,32,_Z,2018,590712224.71,,,,0
FCSA:DF_TRADE_TOT_CHAP_YR(5.1.0),AE,A,AED,FCSC,ANN_CHAP,REEXP,_Z,32,_Z,2019,565048101.20,,,,0
FCSA:DF_TRADE_TOT_CHAP_YR(5.1.0),AE,A,AED,FCSC,ANN_CHAP,REEXP,_Z,32,_Z,2020,535315098.70,,,,0
FCSA:DF_TRADE_TOT_CHAP_YR(5.1.0),AE,A,AED,FCSC,ANN_CHAP,REEXP,_Z,32,_Z,2021,638693477.05,,,,0
FCSA:DF_TRADE_TOT_CHAP_YR(5.1.0),AE,A,AED,FCSC,ANN_CHAP,REEXP,_Z,32,_Z,2022,756346796.25,,,,0
FCSA:DF_TRADE_TOT_CHAP_YR(5.1.0),AE,A,AED,FCSC,ANN_CHAP,REEXP,_Z,32,_Z,2023,729774040.80,,,,0
FCSA:DF_TRADE_TOT_CHAP_YR(5.1.0),AE,A,AED,FCSC,ANN_CHAP,REEXP,_Z,32,_Z,2024,787309572.84,,,,0
FCSA:DF_TRADE_TOT_CHAP_YR(5.1.0),AE,A,AED,FCSC,ANN_CHAP,REEXP,_Z,66,_Z,2017,8138631.13,,,,0
FCSA:DF_TRADE_TOT_CHAP_YR(5.1.0),AE,A,AED,FCSC,ANN_CHAP,REEXP,_Z,66,_Z,2018,7247157.79,,,,0
FCSA:DF_TRADE_TOT_CHAP_YR(5.1.0),AE,A,AED,FCSC,ANN_CHAP,REEXP,_Z,66,_Z,2019,10136404.76,,,,0
FCSA:DF_TRADE_TOT_CHAP_YR(5.1.0),AE,A,AED,FCSC,ANN_CHAP,REEXP,_Z,66,_Z,2020,8119445.87,,,,0
FCSA:DF_TRADE_TOT_CHAP_YR(5.1.0),AE,A,AED,FCSC,ANN_CHAP,REEXP,_Z,66,_Z,2021,9467539.90,,,,0
FCSA:DF_TRADE_TOT_CHAP_YR(5.1.0),AE,A,AED,FCSC,ANN_CHAP,REEXP,_Z,66,_Z,2022,13282507.10,,,,0
FCSA:DF_TRADE_TOT_CHAP_YR(5.1.0),AE,A,AED,FCSC,ANN_CHAP,REEXP,_Z,66,_Z,2023,15121102.93,,,,0
FCSA:DF_TRADE_TOT_CHAP_YR(5.1.0),AE,A,AED,FCSC,ANN_CHAP,REEXP,_Z,66,_Z,2024,11563037.47,,,,0
FCSA:DF_TRADE_TOT_CHAP_YR(5.1.0),AE,A,AED,FCSC,ANN_CHAP,IMP,_Z,22,_Z,2017,4223334383.39,,,,0
FCSA:DF_TRADE_TOT_CHAP_YR(5.1.0),AE,A,AED,FCSC,ANN_CHAP,IMP,_Z,22,_Z,2018,3967998720.10,,,,0
FCSA:DF_TRADE_TOT_CHAP_YR(5.1.0),AE,A,AED,FCSC,ANN_CHAP,IMP,_Z,22,_Z,2019,4202617843.21,,,,0
FCSA:DF_TRADE_TOT_CHAP_YR(5.1.0),AE,A,AED,FCSC,ANN_CHAP,IMP,_Z,22,_Z,2020,2808074232.92,,,,0
FCSA:DF_TRADE_TOT_CHAP_YR(5.1.0),AE,A,AED,FCSC,ANN_CHAP,IMP,_Z,22,_Z,2021,3815107838.00,,,,0
FCSA:DF_TRADE_TOT_CHAP_YR(5.1.0),AE,A,AED,FCSC,ANN_CHAP,IMP,_Z,22,_Z,2022,6045535983.31,,,,0
FCSA:DF_TRADE_TOT_CHAP_YR(5.1.0),AE,A,AED,FCSC,ANN_CHAP,IMP,_Z,22,_Z,2023,6285483967.82,,,,0
FCSA:DF_TRADE_TOT_CHAP_YR(5.1.0),AE,A,AED,FCSC,ANN_CHAP,IMP,_Z,22,_Z,2024,6902558787.83,,,,0
FCSA:DF_TRADE_TOT_CHAP_YR(5.1.0),AE,A,AED,FCSC,ANN_CHAP,NOEXP,_Z,44,_Z,2017,108816557.65,,,,0
FCSA:DF_TRADE_TOT_CHAP_YR(5.1.0),AE,A,AED,FCSC,ANN_CHAP,NOEXP,_Z,44,_Z,2018,198132927.78,,,,0
FCSA:DF_TRADE_TOT_CHAP_YR(5.1.0),AE,A,AED,FCSC,ANN_CHAP,NOEXP,_Z,44,_Z,2019,385565171.88,,,,0
FCSA:DF_TRADE_TOT_CHAP_YR(5.1.0),AE,A,AED,FCSC,ANN_CHAP,NOEXP,_Z,44,_Z,2020,134599713.70,,,,0
FCSA:DF_TRADE_TOT_CHAP_YR(5.1.0),AE,A,AED,FCSC,ANN_CHAP,NOEXP,_Z,44,_Z,2021,205636228.66,,,,0
FCSA:DF_TRADE_TOT_CHAP_YR(5.1.0),AE,A,AED,FCSC,ANN_CHAP,NOEXP,_Z,44,_Z,2022,257596298.90,,,,0
FCSA:DF_TRADE_TOT_CHAP_YR(5.1.0),AE,A,AED,FCSC,ANN_CHAP,NOEXP,_Z,44,_Z,2023,192823360.94,,,,0
FCSA:DF_TRADE_TOT_CHAP_YR(5.1.0),AE,A,AED,FCSC,ANN_CHAP,NOEXP,_Z,44,_Z,2024,265224750.94,,,,0
FCSA:DF_TRADE_TOT_CHAP_YR(5.1.0),AE,A,AED,FCSC,ANN_CHAP,TTRADE,_Z,24,_Z,2017,27228378238.31,,,,0
FCSA:DF_TRADE_TOT_CHAP_YR(5.1.0),AE,A,AED,FCSC,ANN_CHAP,TTRADE,_Z,24,_Z,2018,22239974377.89,,,,0
FCSA:DF_TRADE_TOT_CHAP_YR(5.1.0),AE,A,AED,FCSC,ANN_CHAP,TTRADE,_Z,24,_Z,2019,21492154871.77,,,,0
FCSA:DF_TRADE_TOT_CHAP_YR(5.1.0),AE,A,AED,FCSC,ANN_CHAP,TTRADE,_Z,24,_Z,2020,20694120005.79,,,,0
FCSA:DF_TRADE_TOT_CHAP_YR(5.1.0),AE,A,AED,FCSC,ANN_CHAP,TTRADE,_Z,24,_Z,2021,21998978021.31,,,,0
FCSA:DF_TRADE_TOT_CHAP_YR(5.1.0),AE,A,AED,FCSC,ANN_CHAP,TTRADE,_Z,24,_Z,2022,26575629098.64,,,,0
FCSA:DF_TRADE_TOT_CHAP_YR(5.1.0),AE,A,AED,FCSC,ANN_CHAP,TTRADE,_Z,24,_Z,2023,30262512238.17,,,,0
FCSA:DF_TRADE_TOT_CHAP_YR(5.1.0),AE,A,AED,FCSC,ANN_CHAP,TTRADE,_Z,24,_Z,2024,40678664038.01,,,,0
FCSA:DF_TRADE_TOT_CHAP_YR(5.1.0),AE,A,AED,FCSC,ANN_CHAP,NOEXP,_Z,60,_Z,2017,11466858.86,,,,0
FCSA:DF_TRADE_TOT_CHAP_YR(5.1.0),AE,A,AED,FCSC,ANN_CHAP,NOEXP,_Z,60,_Z,2018,18614486.02,,,,0
FCSA:DF_TRADE_TOT_CHAP_YR(5.1.0),AE,A,AED,FCSC,ANN_CHAP,NOEXP,_Z,60,_Z,2019,12030334.61,,,,0
FCSA:DF_TRADE_TOT_CHAP_YR(5.1.0),AE,A,AED,FCSC,ANN_CHAP,NOEXP,_Z,60,_Z,2020,1630010.85,,,,0
FCSA:DF_TRADE_TOT_CHAP_YR(5.1.0),AE,A,AED,FCSC,ANN_CHAP,NOEXP,_Z,60,_Z,2021,4537688.08,,,,0
FCSA:DF_TRADE_TOT_CHAP_YR(5.1.0),AE,A,AED,FCSC,ANN_CHAP,NOEXP,_Z,60,_Z,2022,3227574.17,,,,0
FCSA:DF_TRADE_TOT_CHAP_YR(5.1.0),AE,A,AED,FCSC,ANN_CHAP,NOEXP,_Z,60,_Z,2023,5676411.30,,,,0
FCSA:DF_TRADE_TOT_CHAP_YR(5.1.0),AE,A,AED,FCSC,ANN_CHAP,NOEXP,_Z,60,_Z,2024,120729131.76,,,,0
FCSA:DF_TRADE_TOT_CHAP_YR(5.1.0),AE,A,AED,FCSC,ANN_CHAP,TNOEXP,_Z,21,_Z,2017,1784671526.26,,,,0
FCSA:DF_TRADE_TOT_CHAP_YR(5.1.0),AE,A,AED,FCSC,ANN_CHAP,TNOEXP,_Z,21,_Z,2018,2378112294.86,,,,0
FCSA:DF_TRADE_TOT_CHAP_YR(5.1.0),AE,A,AED,FCSC,ANN_CHAP,TNOEXP,_Z,21,_Z,2019,2409546547.75,,,,0
FCSA:DF_TRADE_TOT_CHAP_YR(5.1.0),AE,A,AED,FCSC,ANN_CHAP,TNOEXP,_Z,21,_Z,2020,2616813481.33,,,,0
FCSA:DF_TRADE_TOT_CHAP_YR(5.1.0),AE,A,AED,FCSC,ANN_CHAP,TNOEXP,_Z,21,_Z,2021,2767005316.45,,,,0
FCSA:DF_TRADE_TOT_CHAP_YR(5.1.0),AE,A,AED,FCSC,ANN_CHAP,TNOEXP,_Z,21,_Z,2022,3193697564.19,,,,0
FCSA:DF_TRADE_TOT_CHAP_YR(5.1.0),AE,A,AED,FCSC,ANN_CHAP,TNOEXP,_Z,21,_Z,2023,3778855926.55,,,,0
FCSA:DF_TRADE_TOT_CHAP_YR(5.1.0),AE,A,AED,FCSC,ANN_CHAP,TNOEXP,_Z,21,_Z,2024,4291990422.24,,,,0
FCSA:DF_TRADE_TOT_CHAP_YR(5.1.0),AE,A,AED,FCSC,ANN_CHAP,REEXP,_Z,14,_Z,2017,7173248.77,,,,0
FCSA:DF_TRADE_TOT_CHAP_YR(5.1.0),AE,A,AED,FCSC,ANN_CHAP,REEXP,_Z,14,_Z,2018,10014822.60,,,,0
FCSA:DF_TRADE_TOT_CHAP_YR(5.1.0),AE,A,AED,FCSC,ANN_CHAP,REEXP,_Z,14,_Z,2019,14594402.11,,,,0
FCSA:DF_TRADE_TOT_CHAP_YR(5.1.0),AE,A,AED,FCSC,ANN_CHAP,REEXP,_Z,14,_Z,2020,14661913.00,,,,0
FCSA:DF_TRADE_TOT_CHAP_YR(5.1.0),AE,A,AED,FCSC,ANN_CHAP,REEXP,_Z,14,_Z,2021,15460513.72,,,,0
FCSA:DF_TRADE_TOT_CHAP_YR(5.1.0),AE,A,AED,FCSC,ANN_CHAP,REEXP,_Z,14,_Z,2022,9866816.41,,,,0
FCSA:DF_TRADE_TOT_CHAP_YR(5.1.0),AE,A,AED,FCSC,ANN_CHAP,REEXP,_Z,14,_Z,2023,10656667.93,,,,0
FCSA:DF_TRADE_TOT_CHAP_YR(5.1.0),AE,A,AED,FCSC,ANN_CHAP,REEXP,_Z,14,_Z,2024,9920907.11,,,,0
FCSA:DF_TRADE_TOT_CHAP_YR(5.1.0),AE,A,AED,FCSC,ANN_CHAP,TNOEXP,_Z,20,_Z,2017,1151036339.93,,,,0
FCSA:DF_TRADE_TOT_CHAP_YR(5.1.0),AE,A,AED,FCSC,ANN_CHAP,TNOEXP,_Z,20,_Z,2018,1310606890.17,,,,0
FCSA:DF_TRADE_TOT_CHAP_YR(5.1.0),AE,A,AED,FCSC,ANN_CHAP,TNOEXP,_Z,20,_Z,2019,1473969613.94,,,,0
FCSA:DF_TRADE_TOT_CHAP_YR(5.1.0),AE,A,AED,FCSC,ANN_CHAP,TNOEXP,_Z,20,_Z,2020,1261850334.71,,,,0
FCSA:DF_TRADE_TOT_CHAP_YR(5.1.0),AE,A,AED,FCSC,ANN_CHAP,TNOEXP,_Z,20,_Z,2021,1363179188.54,,,,0
FCSA:DF_TRADE_TOT_CHAP_YR(5.1.0),AE,A,AED,FCSC,ANN_CHAP,TNOEXP,_Z,20,_Z,2022,1750966266.76,,,,0
FCSA:DF_TRADE_TOT_CHAP_YR(5.1.0),AE,A,AED,FCSC,ANN_CHAP,TNOEXP,_Z,20,_Z,2023,1983712257.04,,,,0
FCSA:DF_TRADE_TOT_CHAP_YR(5.1.0),AE,A,AED,FCSC,ANN_CHAP,TNOEXP,_Z,20,_Z,2024,2141630997.50,,,,0
FCSA:DF_TRADE_TOT_CHAP_YR(5.1.0),AE,A,AED,FCSC,ANN_CHAP,REEXP,_Z,82,_Z,2017,1174651576.52,,,,0
FCSA:DF_TRADE_TOT_CHAP_YR(5.1.0),AE,A,AED,FCSC,ANN_CHAP,REEXP,_Z,82,_Z,2018,1622295703.22,,,,0
FCSA:DF_TRADE_TOT_CHAP_YR(5.1.0),AE,A,AED,FCSC,ANN_CHAP,REEXP,_Z,82,_Z,2019,1712099215.46,,,,0
FCSA:DF_TRADE_TOT_CHAP_YR(5.1.0),AE,A,AED,FCSC,ANN_CHAP,REEXP,_Z,82,_Z,2020,1166528359.64,,,,0
FCSA:DF_TRADE_TOT_CHAP_YR(5.1.0),AE,A,AED,FCSC,ANN_CHAP,REEXP,_Z,82,_Z,2021,1343673473.22,,,,0
FCSA:DF_TRADE_TOT_CHAP_YR(5.1.0),AE,A,AED,FCSC,ANN_CHAP,REEXP,_Z,82,_Z,2022,1560599680.38,,,,0
FCSA:DF_TRADE_TOT_CHAP_YR(5.1.0),AE,A,AED,FCSC,ANN_CHAP,REEXP,_Z,82,_Z,2023,1521977083.52,,,,0
FCSA:DF_TRADE_TOT_CHAP_YR(5.1.0),AE,A,AED,FCSC,ANN_CHAP,REEXP,_Z,82,_Z,2024,1559527790.95,,,,0
FCSA:DF_TRADE_TOT_CHAP_YR(5.1.0),AE,A,AED,FCSC,ANN_CHAP,TTRADE,_Z,61,_Z,2017,15687743200.77,,,,0
FCSA:DF_TRADE_TOT_CHAP_YR(5.1.0),AE,A,AED,FCSC,ANN_CHAP,TTRADE,_Z,61,_Z,2018,14851253886.58,,,,0
FCSA:DF_TRADE_TOT_CHAP_YR(5.1.0),AE,A,AED,FCSC,ANN_CHAP,TTRADE,_Z,61,_Z,2019,14636362753.71,,,,0
FCSA:DF_TRADE_TOT_CHAP_YR(5.1.0),AE,A,AED,FCSC,ANN_CHAP,TTRADE,_Z,61,_Z,2020,11568487531.84,,,,0
FCSA:DF_TRADE_TOT_CHAP_YR(5.1.0),AE,A,AED,FCSC,ANN_CHAP,TTRADE,_Z,61,_Z,2021,16902558915.46,,,,0
FCSA:DF_TRADE_TOT_CHAP_YR(5.1.0),AE,A,AED,FCSC,ANN_CHAP,TTRADE,_Z,61,_Z,2022,20589868587.96,,,,0
FCSA:DF_TRADE_TOT_CHAP_YR(5.1.0),AE,A,AED,FCSC,ANN_CHAP,TTRADE,_Z,61,_Z,2023,21529146735.10,,,,0
FCSA:DF_TRADE_TOT_CHAP_YR(5.1.0),AE,A,AED,FCSC,ANN_CHAP,TTRADE,_Z,61,_Z,2024,22742592800.20,,,,0
FCSA:DF_TRADE_TOT_CHAP_YR(5.1.0),AE,A,AED,FCSC,ANN_CHAP,NOEXP,_Z,8,_Z,2017,472907751.12,,,,0
FCSA:DF_TRADE_TOT_CHAP_YR(5.1.0),AE,A,AED,FCSC,ANN_CHAP,NOEXP,_Z,8,_Z,2018,662291150.23,,,,0
FCSA:DF_TRADE_TOT_CHAP_YR(5.1.0),AE,A,AED,FCSC,ANN_CHAP,NOEXP,_Z,8,_Z,2019,707670511.62,,,,0
FCSA:DF_TRADE_TOT_CHAP_YR(5.1.0),AE,A,AED,FCSC,ANN_CHAP,NOEXP,_Z,8,_Z,2020,741629970.05,,,,0
FCSA:DF_TRADE_TOT_CHAP_YR(5.1.0),AE,A,AED,FCSC,ANN_CHAP,NOEXP,_Z,8,_Z,2021,965791123.80,,,,0
FCSA:DF_TRADE_TOT_CHAP_YR(5.1.0),AE,A,AED,FCSC,ANN_CHAP,NOEXP,_Z,8,_Z,2022,1066963902.68,,,,0
FCSA:DF_TRADE_TOT_CHAP_YR(5.1.0),AE,A,AED,FCSC,ANN_CHAP,NOEXP,_Z,8,_Z,2023,1268169988.68,,,,0
FCSA:DF_TRADE_TOT_CHAP_YR(5.1.0),AE,A,AED,FCSC,ANN_CHAP,NOEXP,_Z,8,_Z,2024,1481797245.13,,,,0
FCSA:DF_TRADE_TOT_CHAP_YR(5.1.0),AE,A,AED,FCSC,ANN_CHAP,TNOEXP,_Z,39,_Z,2017,18729539212.52,,,,0
FCSA:DF_TRADE_TOT_CHAP_YR(5.1.0),AE,A,AED,FCSC,ANN_CHAP,TNOEXP,_Z,39,_Z,2018,20161921921.19,,,,0
FCSA:DF_TRADE_TOT_CHAP_YR(5.1.0),AE,A,AED,FCSC,ANN_CHAP,TNOEXP,_Z,39,_Z,2019,22101917229.42,,,,0
FCSA:DF_TRADE_TOT_CHAP_YR(5.1.0),AE,A,AED,FCSC,ANN_CHAP,TNOEXP,_Z,39,_Z,2020,25517056615.73,,,,0
FCSA:DF_TRADE_TOT_CHAP_YR(5.1.0),AE,A,AED,FCSC,ANN_CHAP,TNOEXP,_Z,39,_Z,2021,34034159885.87,,,,0
FCSA:DF_TRADE_TOT_CHAP_YR(5.1.0),AE,A,AED,FCSC,ANN_CHAP,TNOEXP,_Z,39,_Z,2022,35733359782.05,,,,0
FCSA:DF_TRADE_TOT_CHAP_YR(5.1.0),AE,A,AED,FCSC,ANN_CHAP,TNOEXP,_Z,39,_Z,2023,27844257240.06,,,,0
FCSA:DF_TRADE_TOT_CHAP_YR(5.1.0),AE,A,AED,FCSC,ANN_CHAP,TNOEXP,_Z,39,_Z,2024,24930017458.40,,,,0
FCSA:DF_TRADE_TOT_CHAP_YR(5.1.0),AE,A,AED,FCSC,ANN_CHAP,IMP,_Z,59,_Z,2017,412463740.63,,,,0
FCSA:DF_TRADE_TOT_CHAP_YR(5.1.0),AE,A,AED,FCSC,ANN_CHAP,IMP,_Z,59,_Z,2018,402251266.23,,,,0
FCSA:DF_TRADE_TOT_CHAP_YR(5.1.0),AE,A,AED,FCSC,ANN_CHAP,IMP,_Z,59,_Z,2019,424691876.66,,,,0
FCSA:DF_TRADE_TOT_CHAP_YR(5.1.0),AE,A,AED,FCSC,ANN_CHAP,IMP,_Z,59,_Z,2020,389118261.15,,,,0
FCSA:DF_TRADE_TOT_CHAP_YR(5.1.0),AE,A,AED,FCSC,ANN_CHAP,IMP,_Z,59,_Z,2021,470153321.99,,,,0
FCSA:DF_TRADE_TOT_CHAP_YR(5.1.0),AE,A,AED,FCSC,ANN_CHAP,IMP,_Z,59,_Z,2022,638306826.69,,,,0
FCSA:DF_TRADE_TOT_CHAP_YR(5.1.0),AE,A,AED,FCSC,ANN_CHAP,IMP,_Z,59,_Z,2023,647780314.44,,,,0
FCSA:DF_TRADE_TOT_CHAP_YR(5.1.0),AE,A,AED,FCSC,ANN_CHAP,IMP,_Z,59,_Z,2024,628563188.12,,,,0
FCSA:DF_TRADE_TOT_CHAP_YR(5.1.0),AE,A,AED,FCSC,ANN_CHAP,IMP,_Z,93,_Z,2017,542138278.81,,,,0
FCSA:DF_TRADE_TOT_CHAP_YR(5.1.0),AE,A,AED,FCSC,ANN_CHAP,IMP,_Z,93,_Z,2018,89024054.45,,,,0
FCSA:DF_TRADE_TOT_CHAP_YR(5.1.0),AE,A,AED,FCSC,ANN_CHAP,IMP,_Z,93,_Z,2019,48285994.60,,,,0
FCSA:DF_TRADE_TOT_CHAP_YR(5.1.0),AE,A,AED,FCSC,ANN_CHAP,IMP,_Z,93,_Z,2020,76554275.09,,,,0
FCSA:DF_TRADE_TOT_CHAP_YR(5.1.0),AE,A,AED,FCSC,ANN_CHAP,IMP,_Z,93,_Z,2021,55827268.48,,,,0
FCSA:DF_TRADE_TOT_CHAP_YR(5.1.0),AE,A,AED,FCSC,ANN_CHAP,IMP,_Z,93,_Z,2022,172021160.13,,,,0
FCSA:DF_TRADE_TOT_CHAP_YR(5.1.0),AE,A,AED,FCSC,ANN_CHAP,IMP,_Z,93,_Z,2023,135684982.24,,,,0
FCSA:DF_TRADE_TOT_CHAP_YR(5.1.0),AE,A,AED,FCSC,ANN_CHAP,IMP,_Z,93,_Z,2024,152796038.28,,,,0
FCSA:DF_TRADE_TOT_CHAP_YR(5.1.0),AE,A,AED,FCSC,ANN_CHAP,TNOEXP,_Z,86,_Z,2017,297285512.74,,,,0
FCSA:DF_TRADE_TOT_CHAP_YR(5.1.0),AE,A,AED,FCSC,ANN_CHAP,TNOEXP,_Z,86,_Z,2018,200877862.76,,,,0
FCSA:DF_TRADE_TOT_CHAP_YR(5.1.0),AE,A,AED,FCSC,ANN_CHAP,TNOEXP,_Z,86,_Z,2019,229568319.52,,,,0
FCSA:DF_TRADE_TOT_CHAP_YR(5.1.0),AE,A,AED,FCSC,ANN_CHAP,TNOEXP,_Z,86,_Z,2020,335836139.88,,,,0
FCSA:DF_TRADE_TOT_CHAP_YR(5.1.0),AE,A,AED,FCSC,ANN_CHAP,TNOEXP,_Z,86,_Z,2021,192852693.66,,,,0
FCSA:DF_TRADE_TOT_CHAP_YR(5.1.0),AE,A,AED,FCSC,ANN_CHAP,TNOEXP,_Z,86,_Z,2022,256018547.16,,,,0
FCSA:DF_TRADE_TOT_CHAP_YR(5.1.0),AE,A,AED,FCSC,ANN_CHAP,TNOEXP,_Z,86,_Z,2023,314536434.43,,,,0
FCSA:DF_TRADE_TOT_CHAP_YR(5.1.0),AE,A,AED,FCSC,ANN_CHAP,TNOEXP,_Z,86,_Z,2024,364406492.51,,,,0
FCSA:DF_TRADE_TOT_CHAP_YR(5.1.0),AE,A,AED,FCSC,ANN_CHAP,TTRADE,_Z,9,_Z,2017,4093287383.91,,,,0
FCSA:DF_TRADE_TOT_CHAP_YR(5.1.0),AE,A,AED,FCSC,ANN_CHAP,TTRADE,_Z,9,_Z,2018,4603649544.42,,,,0
FCSA:DF_TRADE_TOT_CHAP_YR(5.1.0),AE,A,AED,FCSC,ANN_CHAP,TTRADE,_Z,9,_Z,2019,4766442893.04,,,,0
FCSA:DF_TRADE_TOT_CHAP_YR(5.1.0),AE,A,AED,FCSC,ANN_CHAP,TTRADE,_Z,9,_Z,2020,5335372370.27,,,,0
FCSA:DF_TRADE_TOT_CHAP_YR(5.1.0),AE,A,AED,FCSC,ANN_CHAP,TTRADE,_Z,9,_Z,2021,5952926399.95,,,,0
FCSA:DF_TRADE_TOT_CHAP_YR(5.1.0),AE,A,AED,FCSC,ANN_CHAP,TTRADE,_Z,9,_Z,2022,7542863277.58,,,,0
FCSA:DF_TRADE_TOT_CHAP_YR(5.1.0),AE,A,AED,FCSC,ANN_CHAP,TTRADE,_Z,9,_Z,2023,7873685797.85,,,,0
FCSA:DF_TRADE_TOT_CHAP_YR(5.1.0),AE,A,AED,FCSC,ANN_CHAP,TTRADE,_Z,9,_Z,2024,10252865028.23,,,,0
FCSA:DF_TRADE_TOT_CHAP_YR(5.1.0),AE,A,AED,FCSC,ANN_CHAP,TNOEXP,_Z,2,_Z,2017,260013953.98,,,,0
FCSA:DF_TRADE_TOT_CHAP_YR(5.1.0),AE,A,AED,FCSC,ANN_CHAP,TNOEXP,_Z,2,_Z,2018,898626216.39,,,,0
FCSA:DF_TRADE_TOT_CHAP_YR(5.1.0),AE,A,AED,FCSC,ANN_CHAP,TNOEXP,_Z,2,_Z,2019,2397888858.91,,,,0
FCSA:DF_TRADE_TOT_CHAP_YR(5.1.0),AE,A,AED,FCSC,ANN_CHAP,TNOEXP,_Z,2,_Z,2020,949084892.99,,,,0
FCSA:DF_TRADE_TOT_CHAP_YR(5.1.0),AE,A,AED,FCSC,ANN_CHAP,TNOEXP,_Z,2,_Z,2021,1313168794.40,,,,0
FCSA:DF_TRADE_TOT_CHAP_YR(5.1.0),AE,A,AED,FCSC,ANN_CHAP,TNOEXP,_Z,2,_Z,2022,1583545363.26,,,,0
FCSA:DF_TRADE_TOT_CHAP_YR(5.1.0),AE,A,AED,FCSC,ANN_CHAP,TNOEXP,_Z,2,_Z,2023,1391498046.48,,,,0
FCSA:DF_TRADE_TOT_CHAP_YR(5.1.0),AE,A,AED,FCSC,ANN_CHAP,TNOEXP,_Z,2,_Z,2024,2340990153.00,,,,0
FCSA:DF_TRADE_TOT_CHAP_YR(5.1.0),AE,A,AED,FCSC,ANN_CHAP,TTRADE,_Z,22,_Z,2017,5989576486.10,,,,0
FCSA:DF_TRADE_TOT_CHAP_YR(5.1.0),AE,A,AED,FCSC,ANN_CHAP,TTRADE,_Z,22,_Z,2018,6073843059.87,,,,0
FCSA:DF_TRADE_TOT_CHAP_YR(5.1.0),AE,A,AED,FCSC,ANN_CHAP,TTRADE,_Z,22,_Z,2019,6510413882.00,,,,0
FCSA:DF_TRADE_TOT_CHAP_YR(5.1.0),AE,A,AED,FCSC,ANN_CHAP,TTRADE,_Z,22,_Z,2020,5012133935.71,,,,0
FCSA:DF_TRADE_TOT_CHAP_YR(5.1.0),AE,A,AED,FCSC,ANN_CHAP,TTRADE,_Z,22,_Z,2021,6306974236.28,,,,0
FCSA:DF_TRADE_TOT_CHAP_YR(5.1.0),AE,A,AED,FCSC,ANN_CHAP,TTRADE,_Z,22,_Z,2022,9182935697.23,,,,0
FCSA:DF_TRADE_TOT_CHAP_YR(5.1.0),AE,A,AED,FCSC,ANN_CHAP,TTRADE,_Z,22,_Z,2023,9389559160.69,,,,0
FCSA:DF_TRADE_TOT_CHAP_YR(5.1.0),AE,A,AED,FCSC,ANN_CHAP,TTRADE,_Z,22,_Z,2024,9677912943.21,,,,0
FCSA:DF_TRADE_TOT_CHAP_YR(5.1.0),AE,A,AED,FCSC,ANN_CHAP,IMP,_Z,7,_Z,2017,4928507345.38,,,,0
FCSA:DF_TRADE_TOT_CHAP_YR(5.1.0),AE,A,AED,FCSC,ANN_CHAP,IMP,_Z,7,_Z,2018,3574551410.38,,,,0
FCSA:DF_TRADE_TOT_CHAP_YR(5.1.0),AE,A,AED,FCSC,ANN_CHAP,IMP,_Z,7,_Z,2019,3472464458.98,,,,0
FCSA:DF_TRADE_TOT_CHAP_YR(5.1.0),AE,A,AED,FCSC,ANN_CHAP,IMP,_Z,7,_Z,2020,3734125847.53,,,,0
FCSA:DF_TRADE_TOT_CHAP_YR(5.1.0),AE,A,AED,FCSC,ANN_CHAP,IMP,_Z,7,_Z,2021,4041166145.62,,,,0
FCSA:DF_TRADE_TOT_CHAP_YR(5.1.0),AE,A,AED,FCSC,ANN_CHAP,IMP,_Z,7,_Z,2022,5074574642.34,,,,0
FCSA:DF_TRADE_TOT_CHAP_YR(5.1.0),AE,A,AED,FCSC,ANN_CHAP,IMP,_Z,7,_Z,2023,4965544379.55,,,,0
FCSA:DF_TRADE_TOT_CHAP_YR(5.1.0),AE,A,AED,FCSC,ANN_CHAP,IMP,_Z,7,_Z,2024,5457187589.79,,,,0
FCSA:DF_TRADE_TOT_CHAP_YR(5.1.0),AE,A,AED,FCSC,ANN_CHAP,NOEXP,_Z,94,_Z,2017,733873113.47,,,,0
FCSA:DF_TRADE_TOT_CHAP_YR(5.1.0),AE,A,AED,FCSC,ANN_CHAP,NOEXP,_Z,94,_Z,2018,1114966064.11,,,,0
FCSA:DF_TRADE_TOT_CHAP_YR(5.1.0),AE,A,AED,FCSC,ANN_CHAP,NOEXP,_Z,94,_Z,2019,1035653077.08,,,,0
FCSA:DF_TRADE_TOT_CHAP_YR(5.1.0),AE,A,AED,FCSC,ANN_CHAP,NOEXP,_Z,94,_Z,2020,1080971386.74,,,,0
FCSA:DF_TRADE_TOT_CHAP_YR(5.1.0),AE,A,AED,FCSC,ANN_CHAP,NOEXP,_Z,94,_Z,2021,1819995519.09,,,,0
FCSA:DF_TRADE_TOT_CHAP_YR(5.1.0),AE,A,AED,FCSC,ANN_CHAP,NOEXP,_Z,94,_Z,2022,2154631464.78,,,,0
FCSA:DF_TRADE_TOT_CHAP_YR(5.1.0),AE,A,AED,FCSC,ANN_CHAP,NOEXP,_Z,94,_Z,2023,3519997262.03,,,,0
FCSA:DF_TRADE_TOT_CHAP_YR(5.1.0),AE,A,AED,FCSC,ANN_CHAP,NOEXP,_Z,94,_Z,2024,2705954879.44,,,,0
FCSA:DF_TRADE_TOT_CHAP_YR(5.1.0),AE,A,AED,FCSC,ANN_CHAP,IMP,_Z,74,_Z,2017,8564561896.63,,,,0
FCSA:DF_TRADE_TOT_CHAP_YR(5.1.0),AE,A,AED,FCSC,ANN_CHAP,IMP,_Z,74,_Z,2018,12019463748.22,,,,0
FCSA:DF_TRADE_TOT_CHAP_YR(5.1.0),AE,A,AED,FCSC,ANN_CHAP,IMP,_Z,74,_Z,2019,11391110199.89,,,,0
FCSA:DF_TRADE_TOT_CHAP_YR(5.1.0),AE,A,AED,FCSC,ANN_CHAP,IMP,_Z,74,_Z,2020,10375712293.60,,,,0
FCSA:DF_TRADE_TOT_CHAP_YR(5.1.0),AE,A,AED,FCSC,ANN_CHAP,IMP,_Z,74,_Z,2021,14026449632.25,,,,0
FCSA:DF_TRADE_TOT_CHAP_YR(5.1.0),AE,A,AED,FCSC,ANN_CHAP,IMP,_Z,74,_Z,2022,14951639528.78,,,,0
FCSA:DF_TRADE_TOT_CHAP_YR(5.1.0),AE,A,AED,FCSC,ANN_CHAP,IMP,_Z,74,_Z,2023,15238415890.70,,,,0
FCSA:DF_TRADE_TOT_CHAP_YR(5.1.0),AE,A,AED,FCSC,ANN_CHAP,IMP,_Z,74,_Z,2024,18006624281.39,,,,0
FCSA:DF_TRADE_TOT_CHAP_YR(5.1.0),AE,A,AED,FCSC,ANN_CHAP,NOEXP,_Z,81,_Z,2017,18609103.87,,,,0
FCSA:DF_TRADE_TOT_CHAP_YR(5.1.0),AE,A,AED,FCSC,ANN_CHAP,NOEXP,_Z,81,_Z,2018,3304640.88,,,,0
FCSA:DF_TRADE_TOT_CHAP_YR(5.1.0),AE,A,AED,FCSC,ANN_CHAP,NOEXP,_Z,81,_Z,2019,14609603.24,,,,0
FCSA:DF_TRADE_TOT_CHAP_YR(5.1.0),AE,A,AED,FCSC,ANN_CHAP,NOEXP,_Z,81,_Z,2020,2671371.40,,,,0
FCSA:DF_TRADE_TOT_CHAP_YR(5.1.0),AE,A,AED,FCSC,ANN_CHAP,NOEXP,_Z,81,_Z,2021,13229359.03,,,,0
FCSA:DF_TRADE_TOT_CHAP_YR(5.1.0),AE,A,AED,FCSC,ANN_CHAP,NOEXP,_Z,81,_Z,2022,9645158.95,,,,0
FCSA:DF_TRADE_TOT_CHAP_YR(5.1.0),AE,A,AED,FCSC,ANN_CHAP,NOEXP,_Z,81,_Z,2023,12646346.93,,,,0
FCSA:DF_TRADE_TOT_CHAP_YR(5.1.0),AE,A,AED,FCSC,ANN_CHAP,NOEXP,_Z,81,_Z,2024,17011925.53,,,,0
FCSA:DF_TRADE_TOT_CHAP_YR(5.1.0),AE,A,AED,FCSC,ANN_CHAP,REEXP,_Z,19,_Z,2017,312618758.40,,,,0
FCSA:DF_TRADE_TOT_CHAP_YR(5.1.0),AE,A,AED,FCSC,ANN_CHAP,REEXP,_Z,19,_Z,2018,353452655.91,,,,0
FCSA:DF_TRADE_TOT_CHAP_YR(5.1.0),AE,A,AED,FCSC,ANN_CHAP,REEXP,_Z,19,_Z,2019,481109332.29,,,,0
FCSA:DF_TRADE_TOT_CHAP_YR(5.1.0),AE,A,AED,FCSC,ANN_CHAP,REEXP,_Z,19,_Z,2020,522302758.22,,,,0
FCSA:DF_TRADE_TOT_CHAP_YR(5.1.0),AE,A,AED,FCSC,ANN_CHAP,REEXP,_Z,19,_Z,2021,566520677.40,,,,0
FCSA:DF_TRADE_TOT_CHAP_YR(5.1.0),AE,A,AED,FCSC,ANN_CHAP,REEXP,_Z,19,_Z,2022,829090376.56,,,,0
FCSA:DF_TRADE_TOT_CHAP_YR(5.1.0),AE,A,AED,FCSC,ANN_CHAP,REEXP,_Z,19,_Z,2023,1017497225.26,,,,0
FCSA:DF_TRADE_TOT_CHAP_YR(5.1.0),AE,A,AED,FCSC,ANN_CHAP,REEXP,_Z,19,_Z,2024,1115416437.47,,,,0
FCSA:DF_TRADE_TOT_CHAP_YR(5.1.0),AE,A,AED,FCSC,ANN_CHAP,TNOEXP,_Z,41,_Z,2017,76278192.16,,,,0
FCSA:DF_TRADE_TOT_CHAP_YR(5.1.0),AE,A,AED,FCSC,ANN_CHAP,TNOEXP,_Z,41,_Z,2018,85556557.09,,,,0
FCSA:DF_TRADE_TOT_CHAP_YR(5.1.0),AE,A,AED,FCSC,ANN_CHAP,TNOEXP,_Z,41,_Z,2019,64139698.10,,,,0
FCSA:DF_TRADE_TOT_CHAP_YR(5.1.0),AE,A,AED,FCSC,ANN_CHAP,TNOEXP,_Z,41,_Z,2020,33352510.79,,,,0
FCSA:DF_TRADE_TOT_CHAP_YR(5.1.0),AE,A,AED,FCSC,ANN_CHAP,TNOEXP,_Z,41,_Z,2021,20015791.98,,,,0
FCSA:DF_TRADE_TOT_CHAP_YR(5.1.0),AE,A,AED,FCSC,ANN_CHAP,TNOEXP,_Z,41,_Z,2022,23014483.98,,,,0
FCSA:DF_TRADE_TOT_CHAP_YR(5.1.0),AE,A,AED,FCSC,ANN_CHAP,TNOEXP,_Z,41,_Z,2023,26621159.56,,,,0
FCSA:DF_TRADE_TOT_CHAP_YR(5.1.0),AE,A,AED,FCSC,ANN_CHAP,TNOEXP,_Z,41,_Z,2024,24694285.08,,,,0
FCSA:DF_TRADE_TOT_CHAP_YR(5.1.0),AE,A,AED,FCSC,ANN_CHAP,IMP,_Z,69,_Z,2017,2084916282.26,,,,0
FCSA:DF_TRADE_TOT_CHAP_YR(5.1.0),AE,A,AED,FCSC,ANN_CHAP,IMP,_Z,69,_Z,2018,1883717624.06,,,,0
FCSA:DF_TRADE_TOT_CHAP_YR(5.1.0),AE,A,AED,FCSC,ANN_CHAP,IMP,_Z,69,_Z,2019,2025751588.72,,,,0
FCSA:DF_TRADE_TOT_CHAP_YR(5.1.0),AE,A,AED,FCSC,ANN_CHAP,IMP,_Z,69,_Z,2020,1784905454.13,,,,0
FCSA:DF_TRADE_TOT_CHAP_YR(5.1.0),AE,A,AED,FCSC,ANN_CHAP,IMP,_Z,69,_Z,2021,2159652367.50,,,,0
FCSA:DF_TRADE_TOT_CHAP_YR(5.1.0),AE,A,AED,FCSC,ANN_CHAP,IMP,_Z,69,_Z,2022,2405822930.14,,,,0
FCSA:DF_TRADE_TOT_CHAP_YR(5.1.0),AE,A,AED,FCSC,ANN_CHAP,IMP,_Z,69,_Z,2023,2549465466.24,,,,0
FCSA:DF_TRADE_TOT_CHAP_YR(5.1.0),AE,A,AED,FCSC,ANN_CHAP,IMP,_Z,69,_Z,2024,2765465187.56,,,,0
FCSA:DF_TRADE_TOT_CHAP_YR(5.1.0),AE,A,AED,FCSC,ANN_CHAP,NOEXP,_Z,91,_Z,2017,9389759.03,,,,0
FCSA:DF_TRADE_TOT_CHAP_YR(5.1.0),AE,A,AED,FCSC,ANN_CHAP,NOEXP,_Z,91,_Z,2018,73750982.53,,,,0
FCSA:DF_TRADE_TOT_CHAP_YR(5.1.0),AE,A,AED,FCSC,ANN_CHAP,NOEXP,_Z,91,_Z,2019,79551630.86,,,,0
FCSA:DF_TRADE_TOT_CHAP_YR(5.1.0),AE,A,AED,FCSC,ANN_CHAP,NOEXP,_Z,91,_Z,2020,68400449.13,,,,0
FCSA:DF_TRADE_TOT_CHAP_YR(5.1.0),AE,A,AED,FCSC,ANN_CHAP,NOEXP,_Z,91,_Z,2021,55037730.97,,,,0
FCSA:DF_TRADE_TOT_CHAP_YR(5.1.0),AE,A,AED,FCSC,ANN_CHAP,NOEXP,_Z,91,_Z,2022,31413702.10,,,,0
FCSA:DF_TRADE_TOT_CHAP_YR(5.1.0),AE,A,AED,FCSC,ANN_CHAP,NOEXP,_Z,91,_Z,2023,39795700.34,,,,0
FCSA:DF_TRADE_TOT_CHAP_YR(5.1.0),AE,A,AED,FCSC,ANN_CHAP,NOEXP,_Z,91,_Z,2024,36260509.33,,,,0
FCSA:DF_TRADE_TOT_CHAP_YR(5.1.0),AE,A,AED,FCSC,ANN_CHAP,TTRADE,_Z,97,_Z,2017,2896385963.47,,,,0
FCSA:DF_TRADE_TOT_CHAP_YR(5.1.0),AE,A,AED,FCSC,ANN_CHAP,TTRADE,_Z,97,_Z,2018,7020751895.94,,,,0
FCSA:DF_TRADE_TOT_CHAP_YR(5.1.0),AE,A,AED,FCSC,ANN_CHAP,TTRADE,_Z,97,_Z,2019,10602677257.73,,,,0
FCSA:DF_TRADE_TOT_CHAP_YR(5.1.0),AE,A,AED,FCSC,ANN_CHAP,TTRADE,_Z,97,_Z,2020,2659460944.95,,,,0
FCSA:DF_TRADE_TOT_CHAP_YR(5.1.0),AE,A,AED,FCSC,ANN_CHAP,TTRADE,_Z,97,_Z,2021,5279248316.90,,,,0
FCSA:DF_TRADE_TOT_CHAP_YR(5.1.0),AE,A,AED,FCSC,ANN_CHAP,TTRADE,_Z,97,_Z,2022,2141461472.00,,,,0
FCSA:DF_TRADE_TOT_CHAP_YR(5.1.0),AE,A,AED,FCSC,ANN_CHAP,TTRADE,_Z,97,_Z,2023,6996832127.85,,,,0
FCSA:DF_TRADE_TOT_CHAP_YR(5.1.0),AE,A,AED,FCSC,ANN_CHAP,TTRADE,_Z,97,_Z,2024,5504421624.21,,,,0
FCSA:DF_TRADE_TOT_CHAP_YR(5.1.0),AE,A,AED,FCSC,ANN_CHAP,REEXP,_Z,79,_Z,2017,170535745.85,,,,0
FCSA:DF_TRADE_TOT_CHAP_YR(5.1.0),AE,A,AED,FCSC,ANN_CHAP,REEXP,_Z,79,_Z,2018,309973080.00,,,,0
FCSA:DF_TRADE_TOT_CHAP_YR(5.1.0),AE,A,AED,FCSC,ANN_CHAP,REEXP,_Z,79,_Z,2019,438373280.40,,,,0
FCSA:DF_TRADE_TOT_CHAP_YR(5.1.0),AE,A,AED,FCSC,ANN_CHAP,REEXP,_Z,79,_Z,2020,402412033.72,,,,0
FCSA:DF_TRADE_TOT_CHAP_YR(5.1.0),AE,A,AED,FCSC,ANN_CHAP,REEXP,_Z,79,_Z,2021,390859512.62,,,,0
FCSA:DF_TRADE_TOT_CHAP_YR(5.1.0),AE,A,AED,FCSC,ANN_CHAP,REEXP,_Z,79,_Z,2022,717320668.09,,,,0
FCSA:DF_TRADE_TOT_CHAP_YR(5.1.0),AE,A,AED,FCSC,ANN_CHAP,REEXP,_Z,79,_Z,2023,517296561.40,,,,0
FCSA:DF_TRADE_TOT_CHAP_YR(5.1.0),AE,A,AED,FCSC,ANN_CHAP,REEXP,_Z,79,_Z,2024,416195907.20,,,,0
FCSA:DF_TRADE_TOT_CHAP_YR(5.1.0),AE,A,AED,FCSC,ANN_CHAP,REEXP,_Z,87,_Z,2017,43987368883.91,,,,0
FCSA:DF_TRADE_TOT_CHAP_YR(5.1.0),AE,A,AED,FCSC,ANN_CHAP,REEXP,_Z,87,_Z,2018,45596978621.37,,,,0
FCSA:DF_TRADE_TOT_CHAP_YR(5.1.0),AE,A,AED,FCSC,ANN_CHAP,REEXP,_Z,87,_Z,2019,43202114722.89,,,,0
FCSA:DF_TRADE_TOT_CHAP_YR(5.1.0),AE,A,AED,FCSC,ANN_CHAP,REEXP,_Z,87,_Z,2020,35523505892.25,,,,0
FCSA:DF_TRADE_TOT_CHAP_YR(5.1.0),AE,A,AED,FCSC,ANN_CHAP,REEXP,_Z,87,_Z,2021,41923635316.02,,,,0
FCSA:DF_TRADE_TOT_CHAP_YR(5.1.0),AE,A,AED,FCSC,ANN_CHAP,REEXP,_Z,87,_Z,2022,55740230837.69,,,,0
FCSA:DF_TRADE_TOT_CHAP_YR(5.1.0),AE,A,AED,FCSC,ANN_CHAP,REEXP,_Z,87,_Z,2023,59681552289.39,,,,0
FCSA:DF_TRADE_TOT_CHAP_YR(5.1.0),AE,A,AED,FCSC,ANN_CHAP,REEXP,_Z,87,_Z,2024,67653424221.43,,,,0
FCSA:DF_TRADE_TOT_CHAP_YR(5.1.0),AE,A,AED,FCSC,ANN_CHAP,NOEXP,_Z,65,_Z,2017,4255461.77,,,,0
FCSA:DF_TRADE_TOT_CHAP_YR(5.1.0),AE,A,AED,FCSC,ANN_CHAP,NOEXP,_Z,65,_Z,2018,3944686.22,,,,0
FCSA:DF_TRADE_TOT_CHAP_YR(5.1.0),AE,A,AED,FCSC,ANN_CHAP,NOEXP,_Z,65,_Z,2019,5058358.78,,,,0
FCSA:DF_TRADE_TOT_CHAP_YR(5.1.0),AE,A,AED,FCSC,ANN_CHAP,NOEXP,_Z,65,_Z,2020,3255746.97,,,,0
FCSA:DF_TRADE_TOT_CHAP_YR(5.1.0),AE,A,AED,FCSC,ANN_CHAP,NOEXP,_Z,65,_Z,2021,5572831.92,,,,0
FCSA:DF_TRADE_TOT_CHAP_YR(5.1.0),AE,A,AED,FCSC,ANN_CHAP,NOEXP,_Z,65,_Z,2022,6769317.08,,,,0
FCSA:DF_TRADE_TOT_CHAP_YR(5.1.0),AE,A,AED,FCSC,ANN_CHAP,NOEXP,_Z,65,_Z,2023,16087867.28,,,,0
FCSA:DF_TRADE_TOT_CHAP_YR(5.1.0),AE,A,AED,FCSC,ANN_CHAP,NOEXP,_Z,65,_Z,2024,15921222.10,,,,0
FCSA:DF_TRADE_TOT_CHAP_YR(5.1.0),AE,A,AED,FCSC,ANN_CHAP,TTRADE,_Z,71,_Z,2017,371775634401.11,,,,0
FCSA:DF_TRADE_TOT_CHAP_YR(5.1.0),AE,A,AED,FCSC,ANN_CHAP,TTRADE,_Z,71,_Z,2018,367361957935.04,,,,0
FCSA:DF_TRADE_TOT_CHAP_YR(5.1.0),AE,A,AED,FCSC,ANN_CHAP,TTRADE,_Z,71,_Z,2019,390790819618.07,,,,0
FCSA:DF_TRADE_TOT_CHAP_YR(5.1.0),AE,A,AED,FCSC,ANN_CHAP,TTRADE,_Z,71,_Z,2020,357872940967.30,,,,0
FCSA:DF_TRADE_TOT_CHAP_YR(5.1.0),AE,A,AED,FCSC,ANN_CHAP,TTRADE,_Z,71,_Z,2021,496979619590.35,,,,0
FCSA:DF_TRADE_TOT_CHAP_YR(5.1.0),AE,A,AED,FCSC,ANN_CHAP,TTRADE,_Z,71,_Z,2022,598787929466.87,,,,0
FCSA:DF_TRADE_TOT_CHAP_YR(5.1.0),AE,A,AED,FCSC,ANN_CHAP,TTRADE,_Z,71,_Z,2023,753176736033.72,,,,0
FCSA:DF_TRADE_TOT_CHAP_YR(5.1.0),AE,A,AED,FCSC,ANN_CHAP,TTRADE,_Z,71,_Z,2024,950556813016.79,,,,0
FCSA:DF_TRADE_TOT_CHAP_YR(5.1.0),AE,A,AED,FCSC,ANN_CHAP,NOEXP,_Z,_T,_Z,2017,181038540119.15,,,,0
FCSA:DF_TRADE_TOT_CHAP_YR(5.1.0),AE,A,AED,FCSC,ANN_CHAP,NOEXP,_Z,_T,_Z,2018,206049506791.36,,,,0
FCSA:DF_TRADE_TOT_CHAP_YR(5.1.0),AE,A,AED,FCSC,ANN_CHAP,NOEXP,_Z,_T,_Z,2019,231236670448.82,,,,0
FCSA:DF_TRADE_TOT_CHAP_YR(5.1.0),AE,A,AED,FCSC,ANN_CHAP,NOEXP,_Z,_T,_Z,2020,254641584757.23,,,,0
FCSA:DF_TRADE_TOT_CHAP_YR(5.1.0),AE,A,AED,FCSC,ANN_CHAP,NOEXP,_Z,_T,_Z,2021,331628849514.61,,,,0
FCSA:DF_TRADE_TOT_CHAP_YR(5.1.0),AE,A,AED,FCSC,ANN_CHAP,NOEXP,_Z,_T,_Z,2022,368344358091.00,,,,0
FCSA:DF_TRADE_TOT_CHAP_YR(5.1.0),AE,A,AED,FCSC,ANN_CHAP,NOEXP,_Z,_T,_Z,2023,420893862573.63,,,,0
FCSA:DF_TRADE_TOT_CHAP_YR(5.1.0),AE,A,AED,FCSC,ANN_CHAP,NOEXP,_Z,_T,_Z,2024,541886836993.57,,,,0
FCSA:DF_TRADE_TOT_CHAP_YR(5.1.0),AE,A,AED,FCSC,ANN_CHAP,IMP,_Z,43,_Z,2017,68199878.25,,,,0
FCSA:DF_TRADE_TOT_CHAP_YR(5.1.0),AE,A,AED,FCSC,ANN_CHAP,IMP,_Z,43,_Z,2018,76472078.62,,,,0
FCSA:DF_TRADE_TOT_CHAP_YR(5.1.0),AE,A,AED,FCSC,ANN_CHAP,IMP,_Z,43,_Z,2019,70548659.66,,,,0
FCSA:DF_TRADE_TOT_CHAP_YR(5.1.0),AE,A,AED,FCSC,ANN_CHAP,IMP,_Z,43,_Z,2020,31066720.96,,,,0
FCSA:DF_TRADE_TOT_CHAP_YR(5.1.0),AE,A,AED,FCSC,ANN_CHAP,IMP,_Z,43,_Z,2021,57748733.72,,,,0
FCSA:DF_TRADE_TOT_CHAP_YR(5.1.0),AE,A,AED,FCSC,ANN_CHAP,IMP,_Z,43,_Z,2022,72030887.09,,,,0
FCSA:DF_TRADE_TOT_CHAP_YR(5.1.0),AE,A,AED,FCSC,ANN_CHAP,IMP,_Z,43,_Z,2023,89906510.85,,,,0
FCSA:DF_TRADE_TOT_CHAP_YR(5.1.0),AE,A,AED,FCSC,ANN_CHAP,IMP,_Z,43,_Z,2024,81232837.60,,,,0
FCSA:DF_TRADE_TOT_CHAP_YR(5.1.0),AE,A,AED,FCSC,ANN_CHAP,NOEXP,_Z,73,_Z,2017,4871933280.59,,,,0
FCSA:DF_TRADE_TOT_CHAP_YR(5.1.0),AE,A,AED,FCSC,ANN_CHAP,NOEXP,_Z,73,_Z,2018,7463891205.13,,,,0
FCSA:DF_TRADE_TOT_CHAP_YR(5.1.0),AE,A,AED,FCSC,ANN_CHAP,NOEXP,_Z,73,_Z,2019,8667642689.82,,,,0
FCSA:DF_TRADE_TOT_CHAP_YR(5.1.0),AE,A,AED,FCSC,ANN_CHAP,NOEXP,_Z,73,_Z,2020,8496344435.32,,,,0
FCSA:DF_TRADE_TOT_CHAP_YR(5.1.0),AE,A,AED,FCSC,ANN_CHAP,NOEXP,_Z,73,_Z,2021,9314605512.40,,,,0
FCSA:DF_TRADE_TOT_CHAP_YR(5.1.0),AE,A,AED,FCSC,ANN_CHAP,NOEXP,_Z,73,_Z,2022,11842135858.22,,,,0
FCSA:DF_TRADE_TOT_CHAP_YR(5.1.0),AE,A,AED,FCSC,ANN_CHAP,NOEXP,_Z,73,_Z,2023,11902574815.27,,,,0
FCSA:DF_TRADE_TOT_CHAP_YR(5.1.0),AE,A,AED,FCSC,ANN_CHAP,NOEXP,_Z,73,_Z,2024,14506030547.07,,,,0
FCSA:DF_TRADE_TOT_CHAP_YR(5.1.0),AE,A,AED,FCSC,ANN_CHAP,REEXP,_Z,27,_Z,2017,13863257424.40,,,,0
FCSA:DF_TRADE_TOT_CHAP_YR(5.1.0),AE,A,AED,FCSC,ANN_CHAP,REEXP,_Z,27,_Z,2018,10071749457.62,,,,0
FCSA:DF_TRADE_TOT_CHAP_YR(5.1.0),AE,A,AED,FCSC,ANN_CHAP,REEXP,_Z,27,_Z,2019,24850541479.66,,,,0
FCSA:DF_TRADE_TOT_CHAP_YR(5.1.0),AE,A,AED,FCSC,ANN_CHAP,REEXP,_Z,27,_Z,2020,15527540994.63,,,,0
FCSA:DF_TRADE_TOT_CHAP_YR(5.1.0),AE,A,AED,FCSC,ANN_CHAP,REEXP,_Z,27,_Z,2021,19262498350.38,,,,0
FCSA:DF_TRADE_TOT_CHAP_YR(5.1.0),AE,A,AED,FCSC,ANN_CHAP,REEXP,_Z,27,_Z,2022,32578255129.44,,,,0
FCSA:DF_TRADE_TOT_CHAP_YR(5.1.0),AE,A,AED,FCSC,ANN_CHAP,REEXP,_Z,27,_Z,2023,25846630687.70,,,,0
FCSA:DF_TRADE_TOT_CHAP_YR(5.1.0),AE,A,AED,FCSC,ANN_CHAP,REEXP,_Z,27,_Z,2024,19704092081.87,,,,0
FCSA:DF_TRADE_TOT_CHAP_YR(5.1.0),AE,A,AED,FCSC,ANN_CHAP,NOEXP,_Z,5,_Z,2017,534286.77,,,,0
FCSA:DF_TRADE_TOT_CHAP_YR(5.1.0),AE,A,AED,FCSC,ANN_CHAP,NOEXP,_Z,5,_Z,2018,48621.30,,,,0
FCSA:DF_TRADE_TOT_CHAP_YR(5.1.0),AE,A,AED,FCSC,ANN_CHAP,NOEXP,_Z,5,_Z,2019,315625.42,,,,0
FCSA:DF_TRADE_TOT_CHAP_YR(5.1.0),AE,A,AED,FCSC,ANN_CHAP,NOEXP,_Z,5,_Z,2020,1338071.54,,,,0
FCSA:DF_TRADE_TOT_CHAP_YR(5.1.0),AE,A,AED,FCSC,ANN_CHAP,NOEXP,_Z,5,_Z,2021,464135.20,,,,0
FCSA:DF_TRADE_TOT_CHAP_YR(5.1.0),AE,A,AED,FCSC,ANN_CHAP,NOEXP,_Z,5,_Z,2022,999994.21,,,,0
FCSA:DF_TRADE_TOT_CHAP_YR(5.1.0),AE,A,AED,FCSC,ANN_CHAP,NOEXP,_Z,5,_Z,2023,1118610.10,,,,0
FCSA:DF_TRADE_TOT_CHAP_YR(5.1.0),AE,A,AED,FCSC,ANN_CHAP,NOEXP,_Z,5,_Z,2024,756228.93,,,,0
FCSA:DF_TRADE_TOT_CHAP_YR(5.1.0),AE,A,AED,FCSC,ANN_CHAP,REEXP,_Z,95,_Z,2017,1866919875.04,,,,0
FCSA:DF_TRADE_TOT_CHAP_YR(5.1.0),AE,A,AED,FCSC,ANN_CHAP,REEXP,_Z,95,_Z,2018,1960834979.31,,,,0
FCSA:DF_TRADE_TOT_CHAP_YR(5.1.0),AE,A,AED,FCSC,ANN_CHAP,REEXP,_Z,95,_Z,2019,1643885444.17,,,,0
FCSA:DF_TRADE_TOT_CHAP_YR(5.1.0),AE,A,AED,FCSC,ANN_CHAP,REEXP,_Z,95,_Z,2020,1602070575.39,,,,0
FCSA:DF_TRADE_TOT_CHAP_YR(5.1.0),AE,A,AED,FCSC,ANN_CHAP,REEXP,_Z,95,_Z,2021,2081953963.24,,,,0
FCSA:DF_TRADE_TOT_CHAP_YR(5.1.0),AE,A,AED,FCSC,ANN_CHAP,REEXP,_Z,95,_Z,2022,2978727319.73,,,,0
FCSA:DF_TRADE_TOT_CHAP_YR(5.1.0),AE,A,AED,FCSC,ANN_CHAP,REEXP,_Z,95,_Z,2023,3103827298.88,,,,0
FCSA:DF_TRADE_TOT_CHAP_YR(5.1.0),AE,A,AED,FCSC,ANN_CHAP,REEXP,_Z,95,_Z,2024,3661093525.19,,,,0
FCSA:DF_TRADE_TOT_CHAP_YR(5.1.0),AE,A,AED,FCSC,ANN_CHAP,TNOEXP,_Z,49,_Z,2017,3324729294.30,,,,0
FCSA:DF_TRADE_TOT_CHAP_YR(5.1.0),AE,A,AED,FCSC,ANN_CHAP,TNOEXP,_Z,49,_Z,2018,2473092109.80,,,,0
FCSA:DF_TRADE_TOT_CHAP_YR(5.1.0),AE,A,AED,FCSC,ANN_CHAP,TNOEXP,_Z,49,_Z,2019,2051141853.00,,,,0
FCSA:DF_TRADE_TOT_CHAP_YR(5.1.0),AE,A,AED,FCSC,ANN_CHAP,TNOEXP,_Z,49,_Z,2020,2020854457.27,,,,0
FCSA:DF_TRADE_TOT_CHAP_YR(5.1.0),AE,A,AED,FCSC,ANN_CHAP,TNOEXP,_Z,49,_Z,2021,2567491900.98,,,,0
FCSA:DF_TRADE_TOT_CHAP_YR(5.1.0),AE,A,AED,FCSC,ANN_CHAP,TNOEXP,_Z,49,_Z,2022,14611986728.96,,,,0
FCSA:DF_TRADE_TOT_CHAP_YR(5.1.0),AE,A,AED,FCSC,ANN_CHAP,TNOEXP,_Z,49,_Z,2023,12694673635.12,,,,0
FCSA:DF_TRADE_TOT_CHAP_YR(5.1.0),AE,A,AED,FCSC,ANN_CHAP,TNOEXP,_Z,49,_Z,2024,15991517364.89,,,,0
FCSA:DF_TRADE_TOT_CHAP_YR(5.1.0),AE,A,AED,FCSC,ANN_CHAP,REEXP,_Z,53,_Z,2017,24350594.00,,,,0
FCSA:DF_TRADE_TOT_CHAP_YR(5.1.0),AE,A,AED,FCSC,ANN_CHAP,REEXP,_Z,53,_Z,2018,19813714.09,,,,0
FCSA:DF_TRADE_TOT_CHAP_YR(5.1.0),AE,A,AED,FCSC,ANN_CHAP,REEXP,_Z,53,_Z,2019,14739021.03,,,,0
FCSA:DF_TRADE_TOT_CHAP_YR(5.1.0),AE,A,AED,FCSC,ANN_CHAP,REEXP,_Z,53,_Z,2020,11519728.32,,,,0
FCSA:DF_TRADE_TOT_CHAP_YR(5.1.0),AE,A,AED,FCSC,ANN_CHAP,REEXP,_Z,53,_Z,2021,20946202.78,,,,0
FCSA:DF_TRADE_TOT_CHAP_YR(5.1.0),AE,A,AED,FCSC,ANN_CHAP,REEXP,_Z,53,_Z,2022,19689738.96,,,,0
FCSA:DF_TRADE_TOT_CHAP_YR(5.1.0),AE,A,AED,FCSC,ANN_CHAP,REEXP,_Z,53,_Z,2023,13433257.28,,,,0
FCSA:DF_TRADE_TOT_CHAP_YR(5.1.0),AE,A,AED,FCSC,ANN_CHAP,REEXP,_Z,53,_Z,2024,8502533.48,,,,0
FCSA:DF_TRADE_TOT_CHAP_YR(5.1.0),AE,A,AED,FCSC,ANN_CHAP,NOEXP,_Z,47,_Z,2017,358497010.50,,,,0
FCSA:DF_TRADE_TOT_CHAP_YR(5.1.0),AE,A,AED,FCSC,ANN_CHAP,NOEXP,_Z,47,_Z,2018,299630331.08,,,,0
FCSA:DF_TRADE_TOT_CHAP_YR(5.1.0),AE,A,AED,FCSC,ANN_CHAP,NOEXP,_Z,47,_Z,2019,238897033.64,,,,0
FCSA:DF_TRADE_TOT_CHAP_YR(5.1.0),AE,A,AED,FCSC,ANN_CHAP,NOEXP,_Z,47,_Z,2020,145979996.31,,,,0
FCSA:DF_TRADE_TOT_CHAP_YR(5.1.0),AE,A,AED,FCSC,ANN_CHAP,NOEXP,_Z,47,_Z,2021,353568127.84,,,,0
FCSA:DF_TRADE_TOT_CHAP_YR(5.1.0),AE,A,AED,FCSC,ANN_CHAP,NOEXP,_Z,47,_Z,2022,449868869.96,,,,0
FCSA:DF_TRADE_TOT_CHAP_YR(5.1.0),AE,A,AED,FCSC,ANN_CHAP,NOEXP,_Z,47,_Z,2023,242324187.20,,,,0
FCSA:DF_TRADE_TOT_CHAP_YR(5.1.0),AE,A,AED,FCSC,ANN_CHAP,NOEXP,_Z,47,_Z,2024,293986775.97,,,,0
FCSA:DF_TRADE_TOT_CHAP_YR(5.1.0),AE,A,AED,FCSC,ANN_CHAP,TTRADE,_Z,14,_Z,2017,24979618.49,,,,0
FCSA:DF_TRADE_TOT_CHAP_YR(5.1.0),AE,A,AED,FCSC,ANN_CHAP,TTRADE,_Z,14,_Z,2018,29192776.81,,,,0
FCSA:DF_TRADE_TOT_CHAP_YR(5.1.0),AE,A,AED,FCSC,ANN_CHAP,TTRADE,_Z,14,_Z,2019,36037700.81,,,,0
FCSA:DF_TRADE_TOT_CHAP_YR(5.1.0),AE,A,AED,FCSC,ANN_CHAP,TTRADE,_Z,14,_Z,2020,38037268.44,,,,0
FCSA:DF_TRADE_TOT_CHAP_YR(5.1.0),AE,A,AED,FCSC,ANN_CHAP,TTRADE,_Z,14,_Z,2021,39800920.85,,,,0
FCSA:DF_TRADE_TOT_CHAP_YR(5.1.0),AE,A,AED,FCSC,ANN_CHAP,TTRADE,_Z,14,_Z,2022,33079666.47,,,,0
FCSA:DF_TRADE_TOT_CHAP_YR(5.1.0),AE,A,AED,FCSC,ANN_CHAP,TTRADE,_Z,14,_Z,2023,30879496.85,,,,0
FCSA:DF_TRADE_TOT_CHAP_YR(5.1.0),AE,A,AED,FCSC,ANN_CHAP,TTRADE,_Z,14,_Z,2024,34115503.20,,,,0
FCSA:DF_TRADE_TOT_CHAP_YR(5.1.0),AE,A,AED,FCSC,ANN_CHAP,TNOEXP,_Z,75,_Z,2017,456231795.15,,,,0
FCSA:DF_TRADE_TOT_CHAP_YR(5.1.0),AE,A,AED,FCSC,ANN_CHAP,TNOEXP,_Z,75,_Z,2018,363279219.15,,,,0
FCSA:DF_TRADE_TOT_CHAP_YR(5.1.0),AE,A,AED,FCSC,ANN_CHAP,TNOEXP,_Z,75,_Z,2019,1850129635.76,,,,0
FCSA:DF_TRADE_TOT_CHAP_YR(5.1.0),AE,A,AED,FCSC,ANN_CHAP,TNOEXP,_Z,75,_Z,2020,2393779471.99,,,,0
FCSA:DF_TRADE_TOT_CHAP_YR(5.1.0),AE,A,AED,FCSC,ANN_CHAP,TNOEXP,_Z,75,_Z,2021,7105502741.00,,,,0
FCSA:DF_TRADE_TOT_CHAP_YR(5.1.0),AE,A,AED,FCSC,ANN_CHAP,TNOEXP,_Z,75,_Z,2022,5570682377.88,,,,0
FCSA:DF_TRADE_TOT_CHAP_YR(5.1.0),AE,A,AED,FCSC,ANN_CHAP,TNOEXP,_Z,75,_Z,2023,564374330.22,,,,0
FCSA:DF_TRADE_TOT_CHAP_YR(5.1.0),AE,A,AED,FCSC,ANN_CHAP,TNOEXP,_Z,75,_Z,2024,524926643.65,,,,0
FCSA:DF_TRADE_TOT_CHAP_YR(5.1.0),AE,A,AED,FCSC,ANN_CHAP,IMP,_Z,12,_Z,2017,3453335641.40,,,,0
FCSA:DF_TRADE_TOT_CHAP_YR(5.1.0),AE,A,AED,FCSC,ANN_CHAP,IMP,_Z,12,_Z,2018,3429505533.14,,,,0
FCSA:DF_TRADE_TOT_CHAP_YR(5.1.0),AE,A,AED,FCSC,ANN_CHAP,IMP,_Z,12,_Z,2019,3680726384.93,,,,0
FCSA:DF_TRADE_TOT_CHAP_YR(5.1.0),AE,A,AED,FCSC,ANN_CHAP,IMP,_Z,12,_Z,2020,4121172594.24,,,,0
FCSA:DF_TRADE_TOT_CHAP_YR(5.1.0),AE,A,AED,FCSC,ANN_CHAP,IMP,_Z,12,_Z,2021,4651365260.09,,,,0
FCSA:DF_TRADE_TOT_CHAP_YR(5.1.0),AE,A,AED,FCSC,ANN_CHAP,IMP,_Z,12,_Z,2022,6309461241.10,,,,0
FCSA:DF_TRADE_TOT_CHAP_YR(5.1.0),AE,A,AED,FCSC,ANN_CHAP,IMP,_Z,12,_Z,2023,4651639041.18,,,,0
FCSA:DF_TRADE_TOT_CHAP_YR(5.1.0),AE,A,AED,FCSC,ANN_CHAP,IMP,_Z,12,_Z,2024,3980612646.04,,,,0
FCSA:DF_TRADE_TOT_CHAP_YR(5.1.0),AE,A,AED,FCSC,ANN_CHAP,TTRADE,_Z,40,_Z,2017,12250359056.80,,,,0
FCSA:DF_TRADE_TOT_CHAP_YR(5.1.0),AE,A,AED,FCSC,ANN_CHAP,TTRADE,_Z,40,_Z,2018,11470631952.25,,,,0
FCSA:DF_TRADE_TOT_CHAP_YR(5.1.0),AE,A,AED,FCSC,ANN_CHAP,TTRADE,_Z,40,_Z,2019,12872921469.13,,,,0
FCSA:DF_TRADE_TOT_CHAP_YR(5.1.0),AE,A,AED,FCSC,ANN_CHAP,TTRADE,_Z,40,_Z,2020,10969887431.70,,,,0
FCSA:DF_TRADE_TOT_CHAP_YR(5.1.0),AE,A,AED,FCSC,ANN_CHAP,TTRADE,_Z,40,_Z,2021,12810130721.78,,,,0
FCSA:DF_TRADE_TOT_CHAP_YR(5.1.0),AE,A,AED,FCSC,ANN_CHAP,TTRADE,_Z,40,_Z,2022,14243908031.87,,,,0
FCSA:DF_TRADE_TOT_CHAP_YR(5.1.0),AE,A,AED,FCSC,ANN_CHAP,TTRADE,_Z,40,_Z,2023,15023633045.61,,,,0
FCSA:DF_TRADE_TOT_CHAP_YR(5.1.0),AE,A,AED,FCSC,ANN_CHAP,TTRADE,_Z,40,_Z,2024,15502315677.82,,,,0
FCSA:DF_TRADE_TOT_CHAP_YR(5.1.0),AE,A,AED,FCSC,ANN_CHAP,IMP,_Z,25,_Z,2017,1750131800.44,,,,0
FCSA:DF_TRADE_TOT_CHAP_YR(5.1.0),AE,A,AED,FCSC,ANN_CHAP,IMP,_Z,25,_Z,2018,1698562792.84,,,,0
FCSA:DF_TRADE_TOT_CHAP_YR(5.1.0),AE,A,AED,FCSC,ANN_CHAP,IMP,_Z,25,_Z,2019,1530336144.54,,,,0
FCSA:DF_TRADE_TOT_CHAP_YR(5.1.0),AE,A,AED,FCSC,ANN_CHAP,IMP,_Z,25,_Z,2020,1286941672.44,,,,0
FCSA:DF_TRADE_TOT_CHAP_YR(5.1.0),AE,A,AED,FCSC,ANN_CHAP,IMP,_Z,25,_Z,2021,1291488557.16,,,,0
FCSA:DF_TRADE_TOT_CHAP_YR(5.1.0),AE,A,AED,FCSC,ANN_CHAP,IMP,_Z,25,_Z,2022,1459208299.91,,,,0
FCSA:DF_TRADE_TOT_CHAP_YR(5.1.0),AE,A,AED,FCSC,ANN_CHAP,IMP,_Z,25,_Z,2023,1623412764.30,,,,0
FCSA:DF_TRADE_TOT_CHAP_YR(5.1.0),AE,A,AED,FCSC,ANN_CHAP,IMP,_Z,25,_Z,2024,1759836258.14,,,,0
FCSA:DF_TRADE_TOT_CHAP_YR(5.1.0),AE,A,AED,FCSC,ANN_CHAP,REEXP,_Z,1,_Z,2017,87990162.65,,,,0
FCSA:DF_TRADE_TOT_CHAP_YR(5.1.0),AE,A,AED,FCSC,ANN_CHAP,REEXP,_Z,1,_Z,2018,234977182.34,,,,0
FCSA:DF_TRADE_TOT_CHAP_YR(5.1.0),AE,A,AED,FCSC,ANN_CHAP,REEXP,_Z,1,_Z,2019,86086308.51,,,,0
FCSA:DF_TRADE_TOT_CHAP_YR(5.1.0),AE,A,AED,FCSC,ANN_CHAP,REEXP,_Z,1,_Z,2020,36341868.88,,,,0
FCSA:DF_TRADE_TOT_CHAP_YR(5.1.0),AE,A,AED,FCSC,ANN_CHAP,REEXP,_Z,1,_Z,2021,31286373.26,,,,0
FCSA:DF_TRADE_TOT_CHAP_YR(5.1.0),AE,A,AED,FCSC,ANN_CHAP,REEXP,_Z,1,_Z,2022,143584564.22,,,,0
FCSA:DF_TRADE_TOT_CHAP_YR(5.1.0),AE,A,AED,FCSC,ANN_CHAP,REEXP,_Z,1,_Z,2023,123401505.73,,,,0
FCSA:DF_TRADE_TOT_CHAP_YR(5.1.0),AE,A,AED,FCSC,ANN_CHAP,REEXP,_Z,1,_Z,2024,31391686.41,,,,0
FCSA:DF_TRADE_TOT_CHAP_YR(5.1.0),AE,A,AED,FCSC,ANN_CHAP,IMP,_Z,38,_Z,2017,4836610596.65,,,,0
FCSA:DF_TRADE_TOT_CHAP_YR(5.1.0),AE,A,AED,FCSC,ANN_CHAP,IMP,_Z,38,_Z,2018,5149376209.83,,,,0
FCSA:DF_TRADE_TOT_CHAP_YR(5.1.0),AE,A,AED,FCSC,ANN_CHAP,IMP,_Z,38,_Z,2019,5573619482.16,,,,0
FCSA:DF_TRADE_TOT_CHAP_YR(5.1.0),AE,A,AED,FCSC,ANN_CHAP,IMP,_Z,38,_Z,2020,6336938967.66,,,,0
FCSA:DF_TRADE_TOT_CHAP_YR(5.1.0),AE,A,AED,FCSC,ANN_CHAP,IMP,_Z,38,_Z,2021,6530061415.03,,,,0
FCSA:DF_TRADE_TOT_CHAP_YR(5.1.0),AE,A,AED,FCSC,ANN_CHAP,IMP,_Z,38,_Z,2022,8458324814.10,,,,0
FCSA:DF_TRADE_TOT_CHAP_YR(5.1.0),AE,A,AED,FCSC,ANN_CHAP,IMP,_Z,38,_Z,2023,9781419662.80,,,,0
FCSA:DF_TRADE_TOT_CHAP_YR(5.1.0),AE,A,AED,FCSC,ANN_CHAP,IMP,_Z,38,_Z,2024,9291447477.17,,,,0
FCSA:DF_TRADE_TOT_CHAP_YR(5.1.0),AE,A,AED,FCSC,ANN_CHAP,TTRADE,_Z,66,_Z,2017,60990685.21,,,,0
FCSA:DF_TRADE_TOT_CHAP_YR(5.1.0),AE,A,AED,FCSC,ANN_CHAP,TTRADE,_Z,66,_Z,2018,68434865.05,,,,0
FCSA:DF_TRADE_TOT_CHAP_YR(5.1.0),AE,A,AED,FCSC,ANN_CHAP,TTRADE,_Z,66,_Z,2019,65324435.80,,,,0
FCSA:DF_TRADE_TOT_CHAP_YR(5.1.0),AE,A,AED,FCSC,ANN_CHAP,TTRADE,_Z,66,_Z,2020,42507039.58,,,,0
FCSA:DF_TRADE_TOT_CHAP_YR(5.1.0),AE,A,AED,FCSC,ANN_CHAP,TTRADE,_Z,66,_Z,2021,50693471.76,,,,0
FCSA:DF_TRADE_TOT_CHAP_YR(5.1.0),AE,A,AED,FCSC,ANN_CHAP,TTRADE,_Z,66,_Z,2022,66889754.59,,,,0
FCSA:DF_TRADE_TOT_CHAP_YR(5.1.0),AE,A,AED,FCSC,ANN_CHAP,TTRADE,_Z,66,_Z,2023,70152087.91,,,,0
FCSA:DF_TRADE_TOT_CHAP_YR(5.1.0),AE,A,AED,FCSC,ANN_CHAP,TTRADE,_Z,66,_Z,2024,74271836.63,,,,0
FCSA:DF_TRADE_TOT_CHAP_YR(5.1.0),AE,A,AED,FCSC,ANN_CHAP,TTRADE,_Z,45,_Z,2017,234600777.10,,,,0
FCSA:DF_TRADE_TOT_CHAP_YR(5.1.0),AE,A,AED,FCSC,ANN_CHAP,TTRADE,_Z,45,_Z,2018,79424079.70,,,,0
FCSA:DF_TRADE_TOT_CHAP_YR(5.1.0),AE,A,AED,FCSC,ANN_CHAP,TTRADE,_Z,45,_Z,2019,92343934.36,,,,0
FCSA:DF_TRADE_TOT_CHAP_YR(5.1.0),AE,A,AED,FCSC,ANN_CHAP,TTRADE,_Z,45,_Z,2020,113635391.81,,,,0
FCSA:DF_TRADE_TOT_CHAP_YR(5.1.0),AE,A,AED,FCSC,ANN_CHAP,TTRADE,_Z,45,_Z,2021,145053761.67,,,,0
FCSA:DF_TRADE_TOT_CHAP_YR(5.1.0),AE,A,AED,FCSC,ANN_CHAP,TTRADE,_Z,45,_Z,2022,152856619.76,,,,0
FCSA:DF_TRADE_TOT_CHAP_YR(5.1.0),AE,A,AED,FCSC,ANN_CHAP,TTRADE,_Z,45,_Z,2023,188463221.57,,,,0
FCSA:DF_TRADE_TOT_CHAP_YR(5.1.0),AE,A,AED,FCSC,ANN_CHAP,TTRADE,_Z,45,_Z,2024,160016291.41,,,,0
FCSA:DF_TRADE_TOT_CHAP_YR(5.1.0),AE,A,AED,FCSC,ANN_CHAP,IMP,_Z,64,_Z,2017,7472201393.64,,,,0
FCSA:DF_TRADE_TOT_CHAP_YR(5.1.0),AE,A,AED,FCSC,ANN_CHAP,IMP,_Z,64,_Z,2018,6743847899.06,,,,0
FCSA:DF_TRADE_TOT_CHAP_YR(5.1.0),AE,A,AED,FCSC,ANN_CHAP,IMP,_Z,64,_Z,2019,7389697987.40,,,,0
FCSA:DF_TRADE_TOT_CHAP_YR(5.1.0),AE,A,AED,FCSC,ANN_CHAP,IMP,_Z,64,_Z,2020,5304275000.31,,,,0
FCSA:DF_TRADE_TOT_CHAP_YR(5.1.0),AE,A,AED,FCSC,ANN_CHAP,IMP,_Z,64,_Z,2021,7196194141.62,,,,0
FCSA:DF_TRADE_TOT_CHAP_YR(5.1.0),AE,A,AED,FCSC,ANN_CHAP,IMP,_Z,64,_Z,2022,10028692804.55,,,,0
FCSA:DF_TRADE_TOT_CHAP_YR(5.1.0),AE,A,AED,FCSC,ANN_CHAP,IMP,_Z,64,_Z,2023,11665850251.47,,,,0
FCSA:DF_TRADE_TOT_CHAP_YR(5.1.0),AE,A,AED,FCSC,ANN_CHAP,IMP,_Z,64,_Z,2024,11696447456.03,,,,0
FCSA:DF_TRADE_TOT_CHAP_YR(5.1.0),AE,A,AED,FCSC,ANN_CHAP,TNOEXP,_Z,70,_Z,2017,2073216456.64,,,,0
FCSA:DF_TRADE_TOT_CHAP_YR(5.1.0),AE,A,AED,FCSC,ANN_CHAP,TNOEXP,_Z,70,_Z,2018,2414627714.90,,,,0
FCSA:DF_TRADE_TOT_CHAP_YR(5.1.0),AE,A,AED,FCSC,ANN_CHAP,TNOEXP,_Z,70,_Z,2019,2425787352.37,,,,0
FCSA:DF_TRADE_TOT_CHAP_YR(5.1.0),AE,A,AED,FCSC,ANN_CHAP,TNOEXP,_Z,70,_Z,2020,1821341278.32,,,,0
FCSA:DF_TRADE_TOT_CHAP_YR(5.1.0),AE,A,AED,FCSC,ANN_CHAP,TNOEXP,_Z,70,_Z,2021,2554184359.88,,,,0
FCSA:DF_TRADE_TOT_CHAP_YR(5.1.0),AE,A,AED,FCSC,ANN_CHAP,TNOEXP,_Z,70,_Z,2022,2849068530.51,,,,0
FCSA:DF_TRADE_TOT_CHAP_YR(5.1.0),AE,A,AED,FCSC,ANN_CHAP,TNOEXP,_Z,70,_Z,2023,2672619989.92,,,,0
FCSA:DF_TRADE_TOT_CHAP_YR(5.1.0),AE,A,AED,FCSC,ANN_CHAP,TNOEXP,_Z,70,_Z,2024,2004709589.76,,,,0
FCSA:DF_TRADE_TOT_CHAP_YR(5.1.0),AE,A,AED,FCSC,ANN_CHAP,REEXP,_Z,48,_Z,2017,622942405.55,,,,0
FCSA:DF_TRADE_TOT_CHAP_YR(5.1.0),AE,A,AED,FCSC,ANN_CHAP,REEXP,_Z,48,_Z,2018,939809537.52,,,,0
FCSA:DF_TRADE_TOT_CHAP_YR(5.1.0),AE,A,AED,FCSC,ANN_CHAP,REEXP,_Z,48,_Z,2019,1166766357.63,,,,0
FCSA:DF_TRADE_TOT_CHAP_YR(5.1.0),AE,A,AED,FCSC,ANN_CHAP,REEXP,_Z,48,_Z,2020,3234580438.28,,,,0
FCSA:DF_TRADE_TOT_CHAP_YR(5.1.0),AE,A,AED,FCSC,ANN_CHAP,REEXP,_Z,48,_Z,2021,1529130817.50,,,,0
FCSA:DF_TRADE_TOT_CHAP_YR(5.1.0),AE,A,AED,FCSC,ANN_CHAP,REEXP,_Z,48,_Z,2022,1808716948.71,,,,0
FCSA:DF_TRADE_TOT_CHAP_YR(5.1.0),AE,A,AED,FCSC,ANN_CHAP,REEXP,_Z,48,_Z,2023,1724428488.94,,,,0
FCSA:DF_TRADE_TOT_CHAP_YR(5.1.0),AE,A,AED,FCSC,ANN_CHAP,REEXP,_Z,48,_Z,2024,1582281396.19,,,,0
FCSA:DF_TRADE_TOT_CHAP_YR(5.1.0),AE,A,AED,FCSC,ANN_CHAP,NOEXP,_Z,39,_Z,2017,14980306055.13,,,,0
FCSA:DF_TRADE_TOT_CHAP_YR(5.1.0),AE,A,AED,FCSC,ANN_CHAP,NOEXP,_Z,39,_Z,2018,15613610090.10,,,,0
FCSA:DF_TRADE_TOT_CHAP_YR(5.1.0),AE,A,AED,FCSC,ANN_CHAP,NOEXP,_Z,39,_Z,2019,17046268502.48,,,,0
FCSA:DF_TRADE_TOT_CHAP_YR(5.1.0),AE,A,AED,FCSC,ANN_CHAP,NOEXP,_Z,39,_Z,2020,20590292408.03,,,,0
FCSA:DF_TRADE_TOT_CHAP_YR(5.1.0),AE,A,AED,FCSC,ANN_CHAP,NOEXP,_Z,39,_Z,2021,25578565442.96,,,,0
FCSA:DF_TRADE_TOT_CHAP_YR(5.1.0),AE,A,AED,FCSC,ANN_CHAP,NOEXP,_Z,39,_Z,2022,26551105528.52,,,,0
FCSA:DF_TRADE_TOT_CHAP_YR(5.1.0),AE,A,AED,FCSC,ANN_CHAP,NOEXP,_Z,39,_Z,2023,20009418403.55,,,,0
FCSA:DF_TRADE_TOT_CHAP_YR(5.1.0),AE,A,AED,FCSC,ANN_CHAP,NOEXP,_Z,39,_Z,2024,17251502839.38,,,,0
FCSA:DF_TRADE_TOT_CHAP_YR(5.1.0),AE,A,AED,FCSC,ANN_CHAP,NOEXP,_Z,52,_Z,2017,20850015.48,,,,0
FCSA:DF_TRADE_TOT_CHAP_YR(5.1.0),AE,A,AED,FCSC,ANN_CHAP,NOEXP,_Z,52,_Z,2018,7898359.49,,,,0
FCSA:DF_TRADE_TOT_CHAP_YR(5.1.0),AE,A,AED,FCSC,ANN_CHAP,NOEXP,_Z,52,_Z,2019,7372183.04,,,,0
FCSA:DF_TRADE_TOT_CHAP_YR(5.1.0),AE,A,AED,FCSC,ANN_CHAP,NOEXP,_Z,52,_Z,2020,8704143.32,,,,0
FCSA:DF_TRADE_TOT_CHAP_YR(5.1.0),AE,A,AED,FCSC,ANN_CHAP,NOEXP,_Z,52,_Z,2021,16429570.89,,,,0
FCSA:DF_TRADE_TOT_CHAP_YR(5.1.0),AE,A,AED,FCSC,ANN_CHAP,NOEXP,_Z,52,_Z,2022,7717163.97,,,,0
FCSA:DF_TRADE_TOT_CHAP_YR(5.1.0),AE,A,AED,FCSC,ANN_CHAP,NOEXP,_Z,52,_Z,2023,8778682.82,,,,0
FCSA:DF_TRADE_TOT_CHAP_YR(5.1.0),AE,A,AED,FCSC,ANN_CHAP,NOEXP,_Z,52,_Z,2024,10392517.92,,,,0
FCSA:DF_TRADE_TOT_CHAP_YR(5.1.0),AE,A,AED,FCSC,ANN_CHAP,IMP,_Z,17,_Z,2017,4996725550.35,,,,0
FCSA:DF_TRADE_TOT_CHAP_YR(5.1.0),AE,A,AED,FCSC,ANN_CHAP,IMP,_Z,17,_Z,2018,2803472652.51,,,,0
FCSA:DF_TRADE_TOT_CHAP_YR(5.1.0),AE,A,AED,FCSC,ANN_CHAP,IMP,_Z,17,_Z,2019,2030390575.07,,,,0
FCSA:DF_TRADE_TOT_CHAP_YR(5.1.0),AE,A,AED,FCSC,ANN_CHAP,IMP,_Z,17,_Z,2020,2239645988.10,,,,0
FCSA:DF_TRADE_TOT_CHAP_YR(5.1.0),AE,A,AED,FCSC,ANN_CHAP,IMP,_Z,17,_Z,2021,3120719926.71,,,,0
FCSA:DF_TRADE_TOT_CHAP_YR(5.1.0),AE,A,AED,FCSC,ANN_CHAP,IMP,_Z,17,_Z,2022,3153244692.53,,,,0
FCSA:DF_TRADE_TOT_CHAP_YR(5.1.0),AE,A,AED,FCSC,ANN_CHAP,IMP,_Z,17,_Z,2023,3972309764.16,,,,0
FCSA:DF_TRADE_TOT_CHAP_YR(5.1.0),AE,A,AED,FCSC,ANN_CHAP,IMP,_Z,17,_Z,2024,5004907472.12,,,,0
FCSA:DF_TRADE_TOT_CHAP_YR(5.1.0),AE,A,AED,FCSC,ANN_CHAP,REEXP,_Z,74,_Z,2017,287280548.87,,,,0
FCSA:DF_TRADE_TOT_CHAP_YR(5.1.0),AE,A,AED,FCSC,ANN_CHAP,REEXP,_Z,74,_Z,2018,562649526.47,,,,0
FCSA:DF_TRADE_TOT_CHAP_YR(5.1.0),AE,A,AED,FCSC,ANN_CHAP,REEXP,_Z,74,_Z,2019,536175444.76,,,,0
FCSA:DF_TRADE_TOT_CHAP_YR(5.1.0),AE,A,AED,FCSC,ANN_CHAP,REEXP,_Z,74,_Z,2020,428715707.70,,,,0
FCSA:DF_TRADE_TOT_CHAP_YR(5.1.0),AE,A,AED,FCSC,ANN_CHAP,REEXP,_Z,74,_Z,2021,537014765.21,,,,0
FCSA:DF_TRADE_TOT_CHAP_YR(5.1.0),AE,A,AED,FCSC,ANN_CHAP,REEXP,_Z,74,_Z,2022,735710409.82,,,,0
FCSA:DF_TRADE_TOT_CHAP_YR(5.1.0),AE,A,AED,FCSC,ANN_CHAP,REEXP,_Z,74,_Z,2023,911013745.24,,,,0
FCSA:DF_TRADE_TOT_CHAP_YR(5.1.0),AE,A,AED,FCSC,ANN_CHAP,REEXP,_Z,74,_Z,2024,1391500028.60,,,,0
FCSA:DF_TRADE_TOT_CHAP_YR(5.1.0),AE,A,AED,FCSC,ANN_CHAP,NOEXP,_Z,13,_Z,2017,89141131.05,,,,0
FCSA:DF_TRADE_TOT_CHAP_YR(5.1.0),AE,A,AED,FCSC,ANN_CHAP,NOEXP,_Z,13,_Z,2018,101114285.21,,,,0
FCSA:DF_TRADE_TOT_CHAP_YR(5.1.0),AE,A,AED,FCSC,ANN_CHAP,NOEXP,_Z,13,_Z,2019,57097738.16,,,,0
FCSA:DF_TRADE_TOT_CHAP_YR(5.1.0),AE,A,AED,FCSC,ANN_CHAP,NOEXP,_Z,13,_Z,2020,43849496.43,,,,0
FCSA:DF_TRADE_TOT_CHAP_YR(5.1.0),AE,A,AED,FCSC,ANN_CHAP,NOEXP,_Z,13,_Z,2021,24809984.58,,,,0
FCSA:DF_TRADE_TOT_CHAP_YR(5.1.0),AE,A,AED,FCSC,ANN_CHAP,NOEXP,_Z,13,_Z,2022,61907575.14,,,,0
FCSA:DF_TRADE_TOT_CHAP_YR(5.1.0),AE,A,AED,FCSC,ANN_CHAP,NOEXP,_Z,13,_Z,2023,50482220.83,,,,0
FCSA:DF_TRADE_TOT_CHAP_YR(5.1.0),AE,A,AED,FCSC,ANN_CHAP,NOEXP,_Z,13,_Z,2024,54086278.42,,,,0
FCSA:DF_TRADE_TOT_CHAP_YR(5.1.0),AE,A,AED,FCSC,ANN_CHAP,TNOEXP,_Z,96,_Z,2017,692971386.25,,,,0
FCSA:DF_TRADE_TOT_CHAP_YR(5.1.0),AE,A,AED,FCSC,ANN_CHAP,TNOEXP,_Z,96,_Z,2018,917673645.17,,,,0
FCSA:DF_TRADE_TOT_CHAP_YR(5.1.0),AE,A,AED,FCSC,ANN_CHAP,TNOEXP,_Z,96,_Z,2019,943547500.68,,,,0
FCSA:DF_TRADE_TOT_CHAP_YR(5.1.0),AE,A,AED,FCSC,ANN_CHAP,TNOEXP,_Z,96,_Z,2020,957257963.86,,,,0
FCSA:DF_TRADE_TOT_CHAP_YR(5.1.0),AE,A,AED,FCSC,ANN_CHAP,TNOEXP,_Z,96,_Z,2021,1114605128.81,,,,0
FCSA:DF_TRADE_TOT_CHAP_YR(5.1.0),AE,A,AED,FCSC,ANN_CHAP,TNOEXP,_Z,96,_Z,2022,1637520371.34,,,,0
FCSA:DF_TRADE_TOT_CHAP_YR(5.1.0),AE,A,AED,FCSC,ANN_CHAP,TNOEXP,_Z,96,_Z,2023,1571153433.41,,,,0
FCSA:DF_TRADE_TOT_CHAP_YR(5.1.0),AE,A,AED,FCSC,ANN_CHAP,TNOEXP,_Z,96,_Z,2024,1531141313.94,,,,0
FCSA:DF_TRADE_TOT_CHAP_YR(5.1.0),AE,A,AED,FCSC,ANN_CHAP,TTRADE,_Z,19,_Z,2017,4278637494.30,,,,0
FCSA:DF_TRADE_TOT_CHAP_YR(5.1.0),AE,A,AED,FCSC,ANN_CHAP,TTRADE,_Z,19,_Z,2018,4764288364.26,,,,0
FCSA:DF_TRADE_TOT_CHAP_YR(5.1.0),AE,A,AED,FCSC,ANN_CHAP,TTRADE,_Z,19,_Z,2019,5493483190.04,,,,0
FCSA:DF_TRADE_TOT_CHAP_YR(5.1.0),AE,A,AED,FCSC,ANN_CHAP,TTRADE,_Z,19,_Z,2020,5992927547.59,,,,0
FCSA:DF_TRADE_TOT_CHAP_YR(5.1.0),AE,A,AED,FCSC,ANN_CHAP,TTRADE,_Z,19,_Z,2021,6171105736.90,,,,0
FCSA:DF_TRADE_TOT_CHAP_YR(5.1.0),AE,A,AED,FCSC,ANN_CHAP,TTRADE,_Z,19,_Z,2022,7375774535.45,,,,0
FCSA:DF_TRADE_TOT_CHAP_YR(5.1.0),AE,A,AED,FCSC,ANN_CHAP,TTRADE,_Z,19,_Z,2023,8362063379.94,,,,0
FCSA:DF_TRADE_TOT_CHAP_YR(5.1.0),AE,A,AED,FCSC,ANN_CHAP,TTRADE,_Z,19,_Z,2024,9189361991.84,,,,0
FCSA:DF_TRADE_TOT_CHAP_YR(5.1.0),AE,A,AED,FCSC,ANN_CHAP,REEXP,_Z,61,_Z,2017,5142996188.59,,,,0
FCSA:DF_TRADE_TOT_CHAP_YR(5.1.0),AE,A,AED,FCSC,ANN_CHAP,REEXP,_Z,61,_Z,2018,5366597624.62,,,,0
FCSA:DF_TRADE_TOT_CHAP_YR(5.1.0),AE,A,AED,FCSC,ANN_CHAP,REEXP,_Z,61,_Z,2019,5542617741.95,,,,0
FCSA:DF_TRADE_TOT_CHAP_YR(5.1.0),AE,A,AED,FCSC,ANN_CHAP,REEXP,_Z,61,_Z,2020,4367737368.31,,,,0
FCSA:DF_TRADE_TOT_CHAP_YR(5.1.0),AE,A,AED,FCSC,ANN_CHAP,REEXP,_Z,61,_Z,2021,6476092482.64,,,,0
FCSA:DF_TRADE_TOT_CHAP_YR(5.1.0),AE,A,AED,FCSC,ANN_CHAP,REEXP,_Z,61,_Z,2022,7706661562.60,,,,0
FCSA:DF_TRADE_TOT_CHAP_YR(5.1.0),AE,A,AED,FCSC,ANN_CHAP,REEXP,_Z,61,_Z,2023,8279968542.03,,,,0
FCSA:DF_TRADE_TOT_CHAP_YR(5.1.0),AE,A,AED,FCSC,ANN_CHAP,REEXP,_Z,61,_Z,2024,8986095607.82,,,,0
FCSA:DF_TRADE_TOT_CHAP_YR(5.1.0),AE,A,AED,FCSC,ANN_CHAP,NOEXP,_Z,26,_Z,2017,114939201.35,,,,0
FCSA:DF_TRADE_TOT_CHAP_YR(5.1.0),AE,A,AED,FCSC,ANN_CHAP,NOEXP,_Z,26,_Z,2018,85414774.64,,,,0
FCSA:DF_TRADE_TOT_CHAP_YR(5.1.0),AE,A,AED,FCSC,ANN_CHAP,NOEXP,_Z,26,_Z,2019,95443568.29,,,,0
FCSA:DF_TRADE_TOT_CHAP_YR(5.1.0),AE,A,AED,FCSC,ANN_CHAP,NOEXP,_Z,26,_Z,2020,84494640.77,,,,0
FCSA:DF_TRADE_TOT_CHAP_YR(5.1.0),AE,A,AED,FCSC,ANN_CHAP,NOEXP,_Z,26,_Z,2021,214263902.70,,,,0
FCSA:DF_TRADE_TOT_CHAP_YR(5.1.0),AE,A,AED,FCSC,ANN_CHAP,NOEXP,_Z,26,_Z,2022,135910283.16,,,,0
FCSA:DF_TRADE_TOT_CHAP_YR(5.1.0),AE,A,AED,FCSC,ANN_CHAP,NOEXP,_Z,26,_Z,2023,198351853.30,,,,0
FCSA:DF_TRADE_TOT_CHAP_YR(5.1.0),AE,A,AED,FCSC,ANN_CHAP,NOEXP,_Z,26,_Z,2024,234805597.27,,,,0
